[2026-06-24T03:43:03.256+0000] {manager.py:469} INFO - Processing files using up to 2 processes at a time 
[2026-06-24T03:43:03.256+0000] {manager.py:470} INFO - Process each file at most once every 30 seconds
[2026-06-24T03:43:03.257+0000] {manager.py:471} INFO - Checking for new files in /opt/airflow/dags every 300 seconds
[2026-06-24T03:43:03.257+0000] {manager.py:738} INFO - Searching for files in /opt/airflow/dags
[2026-06-24T03:43:03.261+0000] {manager.py:741} INFO - There are 2 files in /opt/airflow/dags
[2026-06-24T03:43:03.375+0000] {manager.py:879} INFO - 
================================================================================
DAG File Processing Stats

File Path                                   PID  Runtime      # DAGs    # Errors  Last Runtime    Last Run
----------------------------------------  -----  ---------  --------  ----------  --------------  ----------
/opt/airflow/dags/weekly_training_dag.py    183  0.06s             0           0
/opt/airflow/dags/review_timeout_dag.py     180  0.07s             0           0
================================================================================
[2026-06-24T03:43:34.072+0000] {manager.py:879} INFO - 
================================================================================
DAG File Processing Stats

File Path                                   PID  Runtime      # DAGs    # Errors  Last Runtime    Last Run
----------------------------------------  -----  ---------  --------  ----------  --------------  -------------------
/opt/airflow/dags/weekly_training_dag.py    192  0.01s             1           0  0.47s           2026-06-24T03:43:03
/opt/airflow/dags/review_timeout_dag.py     191  0.03s             1           0  0.48s           2026-06-24T03:43:03
================================================================================
[2026-06-24T03:44:04.328+0000] {manager.py:879} INFO - 
================================================================================
DAG File Processing Stats

File Path                                 PID    Runtime      # DAGs    # Errors  Last Runtime    Last Run
----------------------------------------  -----  ---------  --------  ----------  --------------  -------------------
/opt/airflow/dags/weekly_training_dag.py                           1           0  0.47s           2026-06-24T03:43:34
/opt/airflow/dags/review_timeout_dag.py                            1           0  0.50s           2026-06-24T03:43:34
================================================================================
[2026-06-24T03:44:34.684+0000] {manager.py:879} INFO - 
================================================================================
DAG File Processing Stats

File Path                                 PID    Runtime      # DAGs    # Errors  Last Runtime    Last Run
----------------------------------------  -----  ---------  --------  ----------  --------------  -------------------
/opt/airflow/dags/weekly_training_dag.py                           1           0  0.17s           2026-06-24T03:44:05
/opt/airflow/dags/review_timeout_dag.py                            1           0  0.20s           2026-06-24T03:44:05
================================================================================
[2026-06-24T03:45:05.329+0000] {manager.py:879} INFO - 
================================================================================
DAG File Processing Stats

File Path                                 PID    Runtime      # DAGs    # Errors  Last Runtime    Last Run
----------------------------------------  -----  ---------  --------  ----------  --------------  -------------------
/opt/airflow/dags/weekly_training_dag.py                           1           0  0.12s           2026-06-24T03:44:35
/opt/airflow/dags/review_timeout_dag.py                            1           0  0.15s           2026-06-24T03:44:35
================================================================================
[2026-06-24T03:45:35.846+0000] {manager.py:879} INFO - 
================================================================================
DAG File Processing Stats

File Path                                 PID    Runtime      # DAGs    # Errors  Last Runtime    Last Run
----------------------------------------  -----  ---------  --------  ----------  --------------  -------------------
/opt/airflow/dags/weekly_training_dag.py                           1           0  0.16s           2026-06-24T03:45:06
/opt/airflow/dags/review_timeout_dag.py                            1           0  0.19s           2026-06-24T03:45:06
================================================================================
[2026-06-24T03:46:06.207+0000] {manager.py:879} INFO - 
================================================================================
DAG File Processing Stats

File Path                                 PID    Runtime      # DAGs    # Errors  Last Runtime    Last Run
----------------------------------------  -----  ---------  --------  ----------  --------------  -------------------
/opt/airflow/dags/weekly_training_dag.py                           1           0  0.13s           2026-06-24T03:45:37
/opt/airflow/dags/review_timeout_dag.py                            1           0  0.14s           2026-06-24T03:45:37
================================================================================
[2026-06-24T03:46:36.487+0000] {manager.py:879} INFO - 
================================================================================
DAG File Processing Stats

File Path                                 PID    Runtime      # DAGs    # Errors  Last Runtime    Last Run
----------------------------------------  -----  ---------  --------  ----------  --------------  -------------------
/opt/airflow/dags/weekly_training_dag.py                           1           0  0.13s           2026-06-24T03:46:07
/opt/airflow/dags/review_timeout_dag.py                            1           0  0.15s           2026-06-24T03:46:07
================================================================================
[2026-06-24T03:47:06.862+0000] {manager.py:879} INFO - 
================================================================================
DAG File Processing Stats

File Path                                 PID    Runtime      # DAGs    # Errors  Last Runtime    Last Run
----------------------------------------  -----  ---------  --------  ----------  --------------  -------------------
/opt/airflow/dags/weekly_training_dag.py                           1           0  0.25s           2026-06-24T03:46:37
/opt/airflow/dags/review_timeout_dag.py                            1           0  0.28s           2026-06-24T03:46:37
================================================================================
[2026-06-24T03:47:37.212+0000] {manager.py:879} INFO - 
================================================================================
DAG File Processing Stats

File Path                                 PID    Runtime      # DAGs    # Errors  Last Runtime    Last Run
----------------------------------------  -----  ---------  --------  ----------  --------------  -------------------
/opt/airflow/dags/weekly_training_dag.py                           1           0  0.13s           2026-06-24T03:47:08
/opt/airflow/dags/review_timeout_dag.py                            1           0  0.15s           2026-06-24T03:47:08
================================================================================
[2026-06-24T03:48:03.469+0000] {manager.py:738} INFO - Searching for files in /opt/airflow/dags
[2026-06-24T03:48:03.479+0000] {manager.py:741} INFO - There are 2 files in /opt/airflow/dags
[2026-06-24T03:48:07.630+0000] {manager.py:879} INFO - 
================================================================================
DAG File Processing Stats

File Path                                 PID    Runtime      # DAGs    # Errors  Last Runtime    Last Run
----------------------------------------  -----  ---------  --------  ----------  --------------  -------------------
/opt/airflow/dags/weekly_training_dag.py                           1           0  0.12s           2026-06-24T03:47:38
/opt/airflow/dags/review_timeout_dag.py                            1           0  0.14s           2026-06-24T03:47:38
================================================================================
[2026-06-24T03:48:38.052+0000] {manager.py:879} INFO - 
================================================================================
DAG File Processing Stats

File Path                                 PID    Runtime      # DAGs    # Errors  Last Runtime    Last Run
----------------------------------------  -----  ---------  --------  ----------  --------------  -------------------
/opt/airflow/dags/weekly_training_dag.py                           1           0  0.17s           2026-06-24T03:48:08
/opt/airflow/dags/review_timeout_dag.py                            1           0  0.20s           2026-06-24T03:48:08
================================================================================
[2026-06-24T03:49:08.777+0000] {manager.py:879} INFO - 
================================================================================
DAG File Processing Stats

File Path                                 PID    Runtime      # DAGs    # Errors  Last Runtime    Last Run
----------------------------------------  -----  ---------  --------  ----------  --------------  -------------------
/opt/airflow/dags/weekly_training_dag.py                           1           0  0.99s           2026-06-24T03:48:40
/opt/airflow/dags/review_timeout_dag.py                            1           0  1.05s           2026-06-24T03:48:40
================================================================================
[2026-06-24T03:49:39.727+0000] {manager.py:879} INFO - 
================================================================================
DAG File Processing Stats

File Path                                 PID    Runtime      # DAGs    # Errors  Last Runtime    Last Run
----------------------------------------  -----  ---------  --------  ----------  --------------  -------------------
/opt/airflow/dags/weekly_training_dag.py                           1           0  0.25s           2026-06-24T03:49:11
/opt/airflow/dags/review_timeout_dag.py                            1           0  0.41s           2026-06-24T03:49:11
================================================================================
[2026-06-24T03:50:10.230+0000] {manager.py:879} INFO - 
================================================================================
DAG File Processing Stats

File Path                                 PID    Runtime      # DAGs    # Errors  Last Runtime    Last Run
----------------------------------------  -----  ---------  --------  ----------  --------------  -------------------
/opt/airflow/dags/weekly_training_dag.py                           1           0  0.44s           2026-06-24T03:49:42
/opt/airflow/dags/review_timeout_dag.py                            1           0  0.50s           2026-06-24T03:49:42
================================================================================
[2026-06-24T03:50:41.121+0000] {manager.py:879} INFO - 
================================================================================
DAG File Processing Stats

File Path                                 PID    Runtime      # DAGs    # Errors  Last Runtime    Last Run
----------------------------------------  -----  ---------  --------  ----------  --------------  -------------------
/opt/airflow/dags/weekly_training_dag.py                           1           0  0.15s           2026-06-24T03:50:12
/opt/airflow/dags/review_timeout_dag.py                            1           0  0.17s           2026-06-24T03:50:12
================================================================================
[2026-06-24T03:51:11.584+0000] {manager.py:879} INFO - 
================================================================================
DAG File Processing Stats

File Path                                 PID    Runtime      # DAGs    # Errors  Last Runtime    Last Run
----------------------------------------  -----  ---------  --------  ----------  --------------  -------------------
/opt/airflow/dags/weekly_training_dag.py                           1           0  0.13s           2026-06-24T03:50:43
/opt/airflow/dags/review_timeout_dag.py                            1           0  0.16s           2026-06-24T03:50:43
================================================================================
[2026-06-24T03:51:42.069+0000] {manager.py:879} INFO - 
================================================================================
DAG File Processing Stats

File Path                                 PID    Runtime      # DAGs    # Errors  Last Runtime    Last Run
----------------------------------------  -----  ---------  --------  ----------  --------------  -------------------
/opt/airflow/dags/weekly_training_dag.py                           1           0  0.20s           2026-06-24T03:51:13
/opt/airflow/dags/review_timeout_dag.py                            1           0  0.23s           2026-06-24T03:51:13
================================================================================
[2026-06-24T03:52:12.226+0000] {manager.py:879} INFO - 
================================================================================
DAG File Processing Stats

File Path                                 PID    Runtime      # DAGs    # Errors  Last Runtime    Last Run
----------------------------------------  -----  ---------  --------  ----------  --------------  -------------------
/opt/airflow/dags/weekly_training_dag.py                           1           0  0.14s           2026-06-24T03:51:44
/opt/airflow/dags/review_timeout_dag.py                            1           0  0.16s           2026-06-24T03:51:44
================================================================================
[2026-06-24T03:52:42.777+0000] {manager.py:879} INFO - 
================================================================================
DAG File Processing Stats

File Path                                 PID    Runtime      # DAGs    # Errors  Last Runtime    Last Run
----------------------------------------  -----  ---------  --------  ----------  --------------  -------------------
/opt/airflow/dags/weekly_training_dag.py                           1           0  0.34s           2026-06-24T03:52:14
/opt/airflow/dags/review_timeout_dag.py                            1           0  0.42s           2026-06-24T03:52:14
================================================================================
[2026-06-24T03:53:04.369+0000] {manager.py:738} INFO - Searching for files in /opt/airflow/dags
[2026-06-24T03:53:04.380+0000] {manager.py:741} INFO - There are 2 files in /opt/airflow/dags
[2026-06-24T03:53:13.458+0000] {manager.py:879} INFO - 
================================================================================
DAG File Processing Stats

File Path                                 PID    Runtime      # DAGs    # Errors  Last Runtime    Last Run
----------------------------------------  -----  ---------  --------  ----------  --------------  -------------------
/opt/airflow/dags/weekly_training_dag.py                           1           0  0.13s           2026-06-24T03:52:45
/opt/airflow/dags/review_timeout_dag.py                            1           0  0.16s           2026-06-24T03:52:45
================================================================================
[2026-06-24T03:53:43.714+0000] {manager.py:879} INFO - 
================================================================================
DAG File Processing Stats

File Path                                 PID    Runtime      # DAGs    # Errors  Last Runtime    Last Run
----------------------------------------  -----  ---------  --------  ----------  --------------  -------------------
/opt/airflow/dags/weekly_training_dag.py                           1           0  0.11s           2026-06-24T03:53:15
/opt/airflow/dags/review_timeout_dag.py                            1           0  0.13s           2026-06-24T03:53:15
================================================================================
[2026-06-24T03:54:14.067+0000] {manager.py:879} INFO - 
================================================================================
DAG File Processing Stats

File Path                                 PID    Runtime      # DAGs    # Errors  Last Runtime    Last Run
----------------------------------------  -----  ---------  --------  ----------  --------------  -------------------
/opt/airflow/dags/weekly_training_dag.py                           1           0  0.12s           2026-06-24T03:53:45
/opt/airflow/dags/review_timeout_dag.py                            1           0  0.14s           2026-06-24T03:53:45
================================================================================
[2026-06-24T03:54:44.475+0000] {manager.py:879} INFO - 
================================================================================
DAG File Processing Stats

File Path                                 PID    Runtime      # DAGs    # Errors  Last Runtime    Last Run
----------------------------------------  -----  ---------  --------  ----------  --------------  -------------------
/opt/airflow/dags/weekly_training_dag.py                           1           0  0.17s           2026-06-24T03:54:16
/opt/airflow/dags/review_timeout_dag.py                            1           0  0.18s           2026-06-24T03:54:16
================================================================================
[2026-06-24T03:55:14.897+0000] {manager.py:879} INFO - 
================================================================================
DAG File Processing Stats

File Path                                 PID    Runtime      # DAGs    # Errors  Last Runtime    Last Run
----------------------------------------  -----  ---------  --------  ----------  --------------  -------------------
/opt/airflow/dags/weekly_training_dag.py                           1           0  0.13s           2026-06-24T03:54:46
/opt/airflow/dags/review_timeout_dag.py                            1           0  0.15s           2026-06-24T03:54:46
================================================================================
[2026-06-24T03:55:45.367+0000] {manager.py:879} INFO - 
================================================================================
DAG File Processing Stats

File Path                                 PID    Runtime      # DAGs    # Errors  Last Runtime    Last Run
----------------------------------------  -----  ---------  --------  ----------  --------------  -------------------
/opt/airflow/dags/weekly_training_dag.py                           1           0  0.18s           2026-06-24T03:55:17
/opt/airflow/dags/review_timeout_dag.py                            1           0  0.24s           2026-06-24T03:55:17
================================================================================
[2026-06-24T03:56:15.883+0000] {manager.py:879} INFO - 
================================================================================
DAG File Processing Stats

File Path                                 PID    Runtime      # DAGs    # Errors  Last Runtime    Last Run
----------------------------------------  -----  ---------  --------  ----------  --------------  -------------------
/opt/airflow/dags/weekly_training_dag.py                           1           0  0.22s           2026-06-24T03:55:47
/opt/airflow/dags/review_timeout_dag.py                            1           0  0.25s           2026-06-24T03:55:47
================================================================================
[2026-06-24T03:56:46.256+0000] {manager.py:879} INFO - 
================================================================================
DAG File Processing Stats

File Path                                 PID    Runtime      # DAGs    # Errors  Last Runtime    Last Run
----------------------------------------  -----  ---------  --------  ----------  --------------  -------------------
/opt/airflow/dags/weekly_training_dag.py                           1           0  0.12s           2026-06-24T03:56:18
/opt/airflow/dags/review_timeout_dag.py                            1           0  0.13s           2026-06-24T03:56:18
================================================================================
[2026-06-24T03:57:16.534+0000] {manager.py:879} INFO - 
================================================================================
DAG File Processing Stats

File Path                                 PID    Runtime      # DAGs    # Errors  Last Runtime    Last Run
----------------------------------------  -----  ---------  --------  ----------  --------------  -------------------
/opt/airflow/dags/weekly_training_dag.py                           1           0  0.12s           2026-06-24T03:56:48
/opt/airflow/dags/review_timeout_dag.py                            1           0  0.14s           2026-06-24T03:56:48
================================================================================
[2026-06-24T03:57:46.873+0000] {manager.py:879} INFO - 
================================================================================
DAG File Processing Stats

File Path                                 PID    Runtime      # DAGs    # Errors  Last Runtime    Last Run
----------------------------------------  -----  ---------  --------  ----------  --------------  -------------------
/opt/airflow/dags/weekly_training_dag.py                           1           0  0.14s           2026-06-24T03:57:18
/opt/airflow/dags/review_timeout_dag.py                            1           0  0.17s           2026-06-24T03:57:18
================================================================================
[2026-06-24T03:58:05.089+0000] {manager.py:738} INFO - Searching for files in /opt/airflow/dags
[2026-06-24T03:58:05.098+0000] {manager.py:741} INFO - There are 2 files in /opt/airflow/dags
[2026-06-24T03:58:17.237+0000] {manager.py:879} INFO - 
================================================================================
DAG File Processing Stats

File Path                                 PID    Runtime      # DAGs    # Errors  Last Runtime    Last Run
----------------------------------------  -----  ---------  --------  ----------  --------------  -------------------
/opt/airflow/dags/weekly_training_dag.py                           1           0  0.17s           2026-06-24T03:57:49
/opt/airflow/dags/review_timeout_dag.py                            1           0  0.18s           2026-06-24T03:57:49
================================================================================
[2026-06-24T03:59:35.062+0000] {manager.py:469} INFO - Processing files using up to 2 processes at a time 
[2026-06-24T03:59:35.063+0000] {manager.py:470} INFO - Process each file at most once every 30 seconds
[2026-06-24T03:59:35.066+0000] {manager.py:471} INFO - Checking for new files in /opt/airflow/dags every 300 seconds
[2026-06-24T03:59:35.066+0000] {manager.py:738} INFO - Searching for files in /opt/airflow/dags
[2026-06-24T03:59:35.098+0000] {manager.py:741} INFO - There are 2 files in /opt/airflow/dags
[2026-06-24T03:59:35.336+0000] {manager.py:879} INFO - 
================================================================================
DAG File Processing Stats

File Path                                   PID  Runtime      # DAGs    # Errors  Last Runtime    Last Run
----------------------------------------  -----  ---------  --------  ----------  --------------  ----------
/opt/airflow/dags/weekly_training_dag.py    184  0.10s             0           0
/opt/airflow/dags/review_timeout_dag.py     181  0.13s             0           0
================================================================================
[2026-06-24T04:00:05.540+0000] {manager.py:879} INFO - 
================================================================================
DAG File Processing Stats

File Path                                 PID    Runtime      # DAGs    # Errors  Last Runtime    Last Run
----------------------------------------  -----  ---------  --------  ----------  --------------  -------------------
/opt/airflow/dags/weekly_training_dag.py                           1           0  0.49s           2026-06-24T03:59:35
/opt/airflow/dags/review_timeout_dag.py                            1           0  0.52s           2026-06-24T03:59:35
================================================================================
[2026-06-24T04:00:36.427+0000] {manager.py:879} INFO - 
================================================================================
DAG File Processing Stats

File Path                                   PID  Runtime      # DAGs    # Errors  Last Runtime    Last Run
----------------------------------------  -----  ---------  --------  ----------  --------------  -------------------
/opt/airflow/dags/weekly_training_dag.py    203  0.00s             1           0  0.12s           2026-06-24T04:00:06
/opt/airflow/dags/review_timeout_dag.py     201  0.03s             1           0  0.14s           2026-06-24T04:00:06
================================================================================
[2026-06-24T04:01:06.915+0000] {manager.py:879} INFO - 
================================================================================
DAG File Processing Stats

File Path                                   PID  Runtime      # DAGs    # Errors  Last Runtime    Last Run
----------------------------------------  -----  ---------  --------  ----------  --------------  -------------------
/opt/airflow/dags/weekly_training_dag.py    214  0.04s             1           0  0.24s           2026-06-24T04:00:36
/opt/airflow/dags/review_timeout_dag.py     211  0.15s             1           0  0.26s           2026-06-24T04:00:36
================================================================================
[2026-06-24T04:01:37.948+0000] {manager.py:879} INFO - 
================================================================================
DAG File Processing Stats

File Path                                   PID  Runtime      # DAGs    # Errors  Last Runtime    Last Run
----------------------------------------  -----  ---------  --------  ----------  --------------  -------------------
/opt/airflow/dags/weekly_training_dag.py    224  0.01s             1           0  0.32s           2026-06-24T04:01:07
/opt/airflow/dags/review_timeout_dag.py     221  0.05s             1           0  0.43s           2026-06-24T04:01:07
================================================================================
[2026-06-24T04:02:08.870+0000] {manager.py:879} INFO - 
================================================================================
DAG File Processing Stats

File Path                                   PID  Runtime      # DAGs    # Errors  Last Runtime    Last Run
----------------------------------------  -----  ---------  --------  ----------  --------------  -------------------
/opt/airflow/dags/weekly_training_dag.py    233  0.01s             1           0  0.21s           2026-06-24T04:01:38
/opt/airflow/dags/review_timeout_dag.py     231  0.07s             1           0  0.25s           2026-06-24T04:01:38
================================================================================
[2026-06-24T04:03:09.665+0000] {manager.py:469} INFO - Processing files using up to 2 processes at a time 
[2026-06-24T04:03:09.666+0000] {manager.py:470} INFO - Process each file at most once every 30 seconds
[2026-06-24T04:03:09.667+0000] {manager.py:471} INFO - Checking for new files in /opt/airflow/dags every 300 seconds
[2026-06-24T04:03:09.667+0000] {manager.py:738} INFO - Searching for files in /opt/airflow/dags
[2026-06-24T04:03:09.685+0000] {manager.py:741} INFO - There are 2 files in /opt/airflow/dags
[2026-06-24T04:03:09.889+0000] {manager.py:879} INFO - 
================================================================================
DAG File Processing Stats

File Path                                   PID  Runtime      # DAGs    # Errors  Last Runtime    Last Run
----------------------------------------  -----  ---------  --------  ----------  --------------  ----------
/opt/airflow/dags/weekly_training_dag.py    184  0.08s             0           0
/opt/airflow/dags/review_timeout_dag.py     181  0.10s             0           0
================================================================================
[2026-06-24T04:03:40.858+0000] {manager.py:879} INFO - 
================================================================================
DAG File Processing Stats

File Path                                   PID  Runtime      # DAGs    # Errors  Last Runtime    Last Run
----------------------------------------  -----  ---------  --------  ----------  --------------  -------------------
/opt/airflow/dags/weekly_training_dag.py    194  0.01s             1           0  0.64s           2026-06-24T04:03:10
/opt/airflow/dags/review_timeout_dag.py     191  0.03s             1           0  0.61s           2026-06-24T04:03:10
================================================================================
[2026-06-24T04:04:11.324+0000] {manager.py:879} INFO - 
================================================================================
DAG File Processing Stats

File Path                                   PID  Runtime      # DAGs    # Errors  Last Runtime    Last Run
----------------------------------------  -----  ---------  --------  ----------  --------------  -------------------
/opt/airflow/dags/weekly_training_dag.py    204  0.01s             1           0  0.18s           2026-06-24T04:03:41
/opt/airflow/dags/review_timeout_dag.py     201  0.05s             1           0  0.20s           2026-06-24T04:03:41
================================================================================
[2026-06-24T04:04:41.655+0000] {manager.py:879} INFO - 
================================================================================
DAG File Processing Stats

File Path                                   PID  Runtime      # DAGs    # Errors  Last Runtime    Last Run
----------------------------------------  -----  ---------  --------  ----------  --------------  -------------------
/opt/airflow/dags/weekly_training_dag.py    214  0.01s             1           0  0.22s           2026-06-24T04:04:11
/opt/airflow/dags/review_timeout_dag.py     211  0.07s             1           0  0.26s           2026-06-24T04:04:11
================================================================================
[2026-06-24T04:05:12.026+0000] {manager.py:879} INFO - 
================================================================================
DAG File Processing Stats

File Path                                   PID  Runtime      # DAGs    # Errors  Last Runtime    Last Run
----------------------------------------  -----  ---------  --------  ----------  --------------  -------------------
/opt/airflow/dags/weekly_training_dag.py    223  0.01s             1           0  0.25s           2026-06-24T04:04:41
/opt/airflow/dags/review_timeout_dag.py     221  0.03s             1           0  0.32s           2026-06-24T04:04:41
================================================================================
[2026-06-24T04:05:42.499+0000] {manager.py:879} INFO - 
================================================================================
DAG File Processing Stats

File Path                                   PID  Runtime      # DAGs    # Errors  Last Runtime    Last Run
----------------------------------------  -----  ---------  --------  ----------  --------------  -------------------
/opt/airflow/dags/weekly_training_dag.py    233  0.00s             1           0  0.34s           2026-06-24T04:05:12
/opt/airflow/dags/review_timeout_dag.py     231  0.03s             1           0  0.36s           2026-06-24T04:05:12
================================================================================
[2026-06-24T04:06:13.359+0000] {manager.py:879} INFO - 
================================================================================
DAG File Processing Stats

File Path                                   PID  Runtime      # DAGs    # Errors  Last Runtime    Last Run
----------------------------------------  -----  ---------  --------  ----------  --------------  -------------------
/opt/airflow/dags/weekly_training_dag.py    243  0.00s             1           0  0.39s           2026-06-24T04:05:42
/opt/airflow/dags/review_timeout_dag.py     241  0.02s             1           0  0.41s           2026-06-24T04:05:42
================================================================================
[2026-06-24T04:06:43.867+0000] {manager.py:879} INFO - 
================================================================================
DAG File Processing Stats

File Path                                   PID  Runtime      # DAGs    # Errors  Last Runtime    Last Run
----------------------------------------  -----  ---------  --------  ----------  --------------  -------------------
/opt/airflow/dags/weekly_training_dag.py    254  0.01s             1           0  0.16s           2026-06-24T04:06:13
/opt/airflow/dags/review_timeout_dag.py     251  0.10s             1           0  0.18s           2026-06-24T04:06:13
================================================================================
[2026-06-24T04:07:14.242+0000] {manager.py:879} INFO - 
================================================================================
DAG File Processing Stats

File Path                                   PID  Runtime      # DAGs    # Errors  Last Runtime    Last Run
----------------------------------------  -----  ---------  --------  ----------  --------------  -------------------
/opt/airflow/dags/weekly_training_dag.py    263  0.01s             1           0  0.26s           2026-06-24T04:06:44
/opt/airflow/dags/review_timeout_dag.py     261  0.03s             1           0  0.35s           2026-06-24T04:06:44
================================================================================
[2026-06-24T04:07:44.597+0000] {manager.py:879} INFO - 
================================================================================
DAG File Processing Stats

File Path                                   PID  Runtime      # DAGs    # Errors  Last Runtime    Last Run
----------------------------------------  -----  ---------  --------  ----------  --------------  -------------------
/opt/airflow/dags/weekly_training_dag.py    274  0.01s             1           0  0.14s           2026-06-24T04:07:14
/opt/airflow/dags/review_timeout_dag.py     271  0.03s             1           0  0.17s           2026-06-24T04:07:14
================================================================================
[2026-06-24T04:08:10.213+0000] {manager.py:738} INFO - Searching for files in /opt/airflow/dags
[2026-06-24T04:08:10.219+0000] {manager.py:741} INFO - There are 2 files in /opt/airflow/dags
[2026-06-24T04:08:15.428+0000] {manager.py:879} INFO - 
================================================================================
DAG File Processing Stats

File Path                                   PID  Runtime      # DAGs    # Errors  Last Runtime    Last Run
----------------------------------------  -----  ---------  --------  ----------  --------------  -------------------
/opt/airflow/dags/weekly_training_dag.py    284  0.00s             1           0  0.26s           2026-06-24T04:07:44
/opt/airflow/dags/review_timeout_dag.py     281  0.03s             1           0  0.28s           2026-06-24T04:07:44
================================================================================
[2026-06-24T04:08:45.826+0000] {manager.py:879} INFO - 
================================================================================
DAG File Processing Stats

File Path                                   PID  Runtime      # DAGs    # Errors  Last Runtime    Last Run
----------------------------------------  -----  ---------  --------  ----------  --------------  -------------------
/opt/airflow/dags/weekly_training_dag.py    294  0.00s             1           0  0.18s           2026-06-24T04:08:15
/opt/airflow/dags/review_timeout_dag.py     291  0.02s             1           0  0.20s           2026-06-24T04:08:15
================================================================================
[2026-06-24T04:09:16.025+0000] {manager.py:879} INFO - 
================================================================================
DAG File Processing Stats

File Path                                   PID  Runtime      # DAGs    # Errors  Last Runtime    Last Run
----------------------------------------  -----  ---------  --------  ----------  --------------  -------------------
/opt/airflow/dags/weekly_training_dag.py    303  0.00s             1           0  0.12s           2026-06-24T04:08:45
/opt/airflow/dags/review_timeout_dag.py     301  0.02s             1           0  0.14s           2026-06-24T04:08:45
================================================================================
[2026-06-24T04:09:46.320+0000] {manager.py:879} INFO - 
================================================================================
DAG File Processing Stats

File Path                                   PID  Runtime      # DAGs    # Errors  Last Runtime    Last Run
----------------------------------------  -----  ---------  --------  ----------  --------------  -------------------
/opt/airflow/dags/weekly_training_dag.py    314  0.00s             1           0  0.16s           2026-06-24T04:09:16
/opt/airflow/dags/review_timeout_dag.py     311  0.02s             1           0  0.17s           2026-06-24T04:09:16
================================================================================
[2026-06-24T04:10:17.156+0000] {manager.py:879} INFO - 
================================================================================
DAG File Processing Stats

File Path                                   PID  Runtime      # DAGs    # Errors  Last Runtime    Last Run
----------------------------------------  -----  ---------  --------  ----------  --------------  -------------------
/opt/airflow/dags/weekly_training_dag.py    324  0.01s             1           0  0.18s           2026-06-24T04:09:46
/opt/airflow/dags/review_timeout_dag.py     321  0.06s             1           0  0.20s           2026-06-24T04:09:46
================================================================================
[2026-06-24T04:10:48.008+0000] {manager.py:879} INFO - 
================================================================================
DAG File Processing Stats

File Path                                   PID  Runtime      # DAGs    # Errors  Last Runtime    Last Run
----------------------------------------  -----  ---------  --------  ----------  --------------  -------------------
/opt/airflow/dags/weekly_training_dag.py    334  0.01s             1           0  0.30s           2026-06-24T04:10:17
/opt/airflow/dags/review_timeout_dag.py     331  0.05s             1           0  0.35s           2026-06-24T04:10:17
================================================================================
[2026-06-24T04:11:18.075+0000] {manager.py:879} INFO - 
================================================================================
DAG File Processing Stats

File Path                                 PID    Runtime      # DAGs    # Errors  Last Runtime    Last Run
----------------------------------------  -----  ---------  --------  ----------  --------------  -------------------
/opt/airflow/dags/weekly_training_dag.py                           1           0  1.85s           2026-06-24T04:10:49
/opt/airflow/dags/review_timeout_dag.py                            1           0  1.89s           2026-06-24T04:10:49
================================================================================
[2026-06-24T04:11:48.590+0000] {manager.py:879} INFO - 
================================================================================
DAG File Processing Stats

File Path                                 PID    Runtime      # DAGs    # Errors  Last Runtime    Last Run
----------------------------------------  -----  ---------  --------  ----------  --------------  -------------------
/opt/airflow/dags/weekly_training_dag.py                           1           0  0.17s           2026-06-24T04:11:20
/opt/airflow/dags/review_timeout_dag.py                            1           0  0.18s           2026-06-24T04:11:20
================================================================================
[2026-06-24T04:12:19.134+0000] {manager.py:879} INFO - 
================================================================================
DAG File Processing Stats

File Path                                 PID    Runtime      # DAGs    # Errors  Last Runtime    Last Run
----------------------------------------  -----  ---------  --------  ----------  --------------  -------------------
/opt/airflow/dags/weekly_training_dag.py                           1           0  0.20s           2026-06-24T04:11:50
/opt/airflow/dags/review_timeout_dag.py                            1           0  0.22s           2026-06-24T04:11:50
================================================================================
[2026-06-24T04:12:49.887+0000] {manager.py:879} INFO - 
================================================================================
DAG File Processing Stats

File Path                                 PID    Runtime      # DAGs    # Errors  Last Runtime    Last Run
----------------------------------------  -----  ---------  --------  ----------  --------------  -------------------
/opt/airflow/dags/weekly_training_dag.py                           1           0  0.93s           2026-06-24T04:12:22
/opt/airflow/dags/review_timeout_dag.py                            1           0  1.00s           2026-06-24T04:12:22
================================================================================
[2026-06-24T04:13:10.949+0000] {manager.py:738} INFO - Searching for files in /opt/airflow/dags
[2026-06-24T04:13:10.983+0000] {manager.py:741} INFO - There are 2 files in /opt/airflow/dags
[2026-06-24T04:13:20.479+0000] {manager.py:879} INFO - 
================================================================================
DAG File Processing Stats

File Path                                 PID    Runtime      # DAGs    # Errors  Last Runtime    Last Run
----------------------------------------  -----  ---------  --------  ----------  --------------  -------------------
/opt/airflow/dags/weekly_training_dag.py                           1           0  0.82s           2026-06-24T04:12:53
/opt/airflow/dags/review_timeout_dag.py                            1           0  0.84s           2026-06-24T04:12:53
================================================================================
[2026-06-24T04:13:50.661+0000] {manager.py:879} INFO - 
================================================================================
DAG File Processing Stats

File Path                                 PID    Runtime      # DAGs    # Errors  Last Runtime    Last Run
----------------------------------------  -----  ---------  --------  ----------  --------------  -------------------
/opt/airflow/dags/weekly_training_dag.py                           1           0  0.37s           2026-06-24T04:13:24
/opt/airflow/dags/review_timeout_dag.py                            1           0  0.41s           2026-06-24T04:13:24
================================================================================
[2026-06-24T04:14:21.430+0000] {manager.py:879} INFO - 
================================================================================
DAG File Processing Stats

File Path                                 PID    Runtime      # DAGs    # Errors  Last Runtime    Last Run
----------------------------------------  -----  ---------  --------  ----------  --------------  -------------------
/opt/airflow/dags/weekly_training_dag.py                           1           0  0.78s           2026-06-24T04:13:55
/opt/airflow/dags/review_timeout_dag.py                            1           0  0.92s           2026-06-24T04:13:55
================================================================================
[2026-06-24T04:14:52.318+0000] {manager.py:879} INFO - 
================================================================================
DAG File Processing Stats

File Path                                 PID    Runtime      # DAGs    # Errors  Last Runtime    Last Run
----------------------------------------  -----  ---------  --------  ----------  --------------  -------------------
/opt/airflow/dags/weekly_training_dag.py                           1           0  0.37s           2026-06-24T04:14:26
/opt/airflow/dags/review_timeout_dag.py                            1           0  0.39s           2026-06-24T04:14:26
================================================================================
[2026-06-24T04:15:22.997+0000] {manager.py:879} INFO - 
================================================================================
DAG File Processing Stats

File Path                                 PID    Runtime      # DAGs    # Errors  Last Runtime    Last Run
----------------------------------------  -----  ---------  --------  ----------  --------------  -------------------
/opt/airflow/dags/weekly_training_dag.py                           1           0  0.65s           2026-06-24T04:14:58
/opt/airflow/dags/review_timeout_dag.py                            1           0  0.69s           2026-06-24T04:14:58
================================================================================
[2026-06-24T04:15:53.305+0000] {manager.py:879} INFO - 
================================================================================
DAG File Processing Stats

File Path                                 PID    Runtime      # DAGs    # Errors  Last Runtime    Last Run
----------------------------------------  -----  ---------  --------  ----------  --------------  -------------------
/opt/airflow/dags/weekly_training_dag.py                           1           0  1.73s           2026-06-24T04:15:29
/opt/airflow/dags/review_timeout_dag.py                            1           0  1.84s           2026-06-24T04:15:29
================================================================================
[2026-06-24T04:16:23.852+0000] {manager.py:879} INFO - 
================================================================================
DAG File Processing Stats

File Path                                 PID    Runtime      # DAGs    # Errors  Last Runtime    Last Run
----------------------------------------  -----  ---------  --------  ----------  --------------  -------------------
/opt/airflow/dags/weekly_training_dag.py                           1           0  0.47s           2026-06-24T04:16:01
/opt/airflow/dags/review_timeout_dag.py                            1           0  0.56s           2026-06-24T04:16:01
================================================================================
[2026-06-24T04:16:54.559+0000] {manager.py:879} INFO - 
================================================================================
DAG File Processing Stats

File Path                                 PID    Runtime      # DAGs    # Errors  Last Runtime    Last Run
----------------------------------------  -----  ---------  --------  ----------  --------------  -------------------
/opt/airflow/dags/weekly_training_dag.py                           1           0  0.53s           2026-06-24T04:16:33
/opt/airflow/dags/review_timeout_dag.py                            1           0  0.62s           2026-06-24T04:16:33
================================================================================
[2026-06-24T04:17:24.721+0000] {manager.py:879} INFO - 
================================================================================
DAG File Processing Stats

File Path                                 PID    Runtime      # DAGs    # Errors  Last Runtime    Last Run
----------------------------------------  -----  ---------  --------  ----------  --------------  -------------------
/opt/airflow/dags/weekly_training_dag.py                           1           0  0.85s           2026-06-24T04:17:04
/opt/airflow/dags/review_timeout_dag.py                            1           0  0.90s           2026-06-24T04:17:04
================================================================================
[2026-06-24T04:17:55.202+0000] {manager.py:879} INFO - 
================================================================================
DAG File Processing Stats

File Path                                 PID    Runtime      # DAGs    # Errors  Last Runtime    Last Run
----------------------------------------  -----  ---------  --------  ----------  --------------  -------------------
/opt/airflow/dags/weekly_training_dag.py                           1           0  0.47s           2026-06-24T04:17:35
/opt/airflow/dags/review_timeout_dag.py                            1           0  0.54s           2026-06-24T04:17:35
================================================================================
[2026-06-24T04:18:11.426+0000] {manager.py:738} INFO - Searching for files in /opt/airflow/dags
[2026-06-24T04:18:11.443+0000] {manager.py:741} INFO - There are 2 files in /opt/airflow/dags
[2026-06-24T04:18:25.569+0000] {manager.py:879} INFO - 
================================================================================
DAG File Processing Stats

File Path                                 PID    Runtime      # DAGs    # Errors  Last Runtime    Last Run
----------------------------------------  -----  ---------  --------  ----------  --------------  -------------------
/opt/airflow/dags/weekly_training_dag.py                           1           0  0.24s           2026-06-24T04:18:06
/opt/airflow/dags/review_timeout_dag.py                            1           0  0.25s           2026-06-24T04:18:06
================================================================================
[2026-06-24T04:18:56.151+0000] {manager.py:879} INFO - 
================================================================================
DAG File Processing Stats

File Path                                 PID    Runtime      # DAGs    # Errors  Last Runtime    Last Run
----------------------------------------  -----  ---------  --------  ----------  --------------  -------------------
/opt/airflow/dags/weekly_training_dag.py                           1           0  0.13s           2026-06-24T04:18:36
/opt/airflow/dags/review_timeout_dag.py                            1           0  0.14s           2026-06-24T04:18:36
================================================================================
[2026-06-24T04:19:26.733+0000] {manager.py:879} INFO - 
================================================================================
DAG File Processing Stats

File Path                                 PID    Runtime      # DAGs    # Errors  Last Runtime    Last Run
----------------------------------------  -----  ---------  --------  ----------  --------------  -------------------
/opt/airflow/dags/weekly_training_dag.py                           1           0  0.23s           2026-06-24T04:19:07
/opt/airflow/dags/review_timeout_dag.py                            1           0  0.27s           2026-06-24T04:19:07
================================================================================
[2026-06-24T04:19:57.046+0000] {manager.py:879} INFO - 
================================================================================
DAG File Processing Stats

File Path                                 PID    Runtime      # DAGs    # Errors  Last Runtime    Last Run
----------------------------------------  -----  ---------  --------  ----------  --------------  -------------------
/opt/airflow/dags/weekly_training_dag.py                           1           0  0.17s           2026-06-24T04:19:38
/opt/airflow/dags/review_timeout_dag.py                            1           0  0.20s           2026-06-24T04:19:38
================================================================================
[2026-06-24T04:20:27.386+0000] {manager.py:879} INFO - 
================================================================================
DAG File Processing Stats

File Path                                 PID    Runtime      # DAGs    # Errors  Last Runtime    Last Run
----------------------------------------  -----  ---------  --------  ----------  --------------  -------------------
/opt/airflow/dags/weekly_training_dag.py                           1           0  0.20s           2026-06-24T04:20:08
/opt/airflow/dags/review_timeout_dag.py                            1           0  0.22s           2026-06-24T04:20:08
================================================================================
[2026-06-24T04:20:58.362+0000] {manager.py:879} INFO - 
================================================================================
DAG File Processing Stats

File Path                                 PID    Runtime      # DAGs    # Errors  Last Runtime    Last Run
----------------------------------------  -----  ---------  --------  ----------  --------------  -------------------
/opt/airflow/dags/weekly_training_dag.py                           1           0  0.23s           2026-06-24T04:20:39
/opt/airflow/dags/review_timeout_dag.py                            1           0  0.28s           2026-06-24T04:20:39
================================================================================
[2026-06-24T04:21:29.181+0000] {manager.py:879} INFO - 
================================================================================
DAG File Processing Stats

File Path                                 PID    Runtime      # DAGs    # Errors  Last Runtime    Last Run
----------------------------------------  -----  ---------  --------  ----------  --------------  -------------------
/opt/airflow/dags/weekly_training_dag.py                           1           0  0.29s           2026-06-24T04:21:09
/opt/airflow/dags/review_timeout_dag.py                            1           0  0.32s           2026-06-24T04:21:09
================================================================================
[2026-06-24T04:21:59.534+0000] {manager.py:879} INFO - 
================================================================================
DAG File Processing Stats

File Path                                 PID    Runtime      # DAGs    # Errors  Last Runtime    Last Run
----------------------------------------  -----  ---------  --------  ----------  --------------  -------------------
/opt/airflow/dags/weekly_training_dag.py                           1           0  0.27s           2026-06-24T04:21:40
/opt/airflow/dags/review_timeout_dag.py                            1           0  0.30s           2026-06-24T04:21:40
================================================================================
[2026-06-24T04:22:29.963+0000] {manager.py:879} INFO - 
================================================================================
DAG File Processing Stats

File Path                                 PID    Runtime      # DAGs    # Errors  Last Runtime    Last Run
----------------------------------------  -----  ---------  --------  ----------  --------------  -------------------
/opt/airflow/dags/weekly_training_dag.py                           1           0  0.06s           2026-06-24T04:22:10
/opt/airflow/dags/review_timeout_dag.py                            1           0  0.14s           2026-06-24T04:22:10
================================================================================
[2026-06-24T04:23:00.299+0000] {manager.py:879} INFO - 
================================================================================
DAG File Processing Stats

File Path                                 PID    Runtime      # DAGs    # Errors  Last Runtime    Last Run
----------------------------------------  -----  ---------  --------  ----------  --------------  -------------------
/opt/airflow/dags/weekly_training_dag.py                           1           0  0.21s           2026-06-24T04:22:41
/opt/airflow/dags/review_timeout_dag.py                            1           0  0.24s           2026-06-24T04:22:41
================================================================================
[2026-06-24T04:23:11.478+0000] {manager.py:738} INFO - Searching for files in /opt/airflow/dags
[2026-06-24T04:23:11.488+0000] {manager.py:741} INFO - There are 2 files in /opt/airflow/dags
[2026-06-24T04:23:30.684+0000] {manager.py:879} INFO - 
================================================================================
DAG File Processing Stats

File Path                                 PID    Runtime      # DAGs    # Errors  Last Runtime    Last Run
----------------------------------------  -----  ---------  --------  ----------  --------------  -------------------
/opt/airflow/dags/weekly_training_dag.py                           1           0  0.24s           2026-06-24T04:23:11
/opt/airflow/dags/review_timeout_dag.py                            1           0  0.26s           2026-06-24T04:23:11
================================================================================
[2026-06-24T04:24:01.174+0000] {manager.py:879} INFO - 
================================================================================
DAG File Processing Stats

File Path                                 PID    Runtime      # DAGs    # Errors  Last Runtime    Last Run
----------------------------------------  -----  ---------  --------  ----------  --------------  -------------------
/opt/airflow/dags/weekly_training_dag.py                           1           0  0.18s           2026-06-24T04:23:41
/opt/airflow/dags/review_timeout_dag.py                            1           0  0.19s           2026-06-24T04:23:41
================================================================================
[2026-06-24T04:24:31.632+0000] {manager.py:879} INFO - 
================================================================================
DAG File Processing Stats

File Path                                 PID    Runtime      # DAGs    # Errors  Last Runtime    Last Run
----------------------------------------  -----  ---------  --------  ----------  --------------  -------------------
/opt/airflow/dags/weekly_training_dag.py                           1           0  0.17s           2026-06-24T04:24:12
/opt/airflow/dags/review_timeout_dag.py                            1           0  0.21s           2026-06-24T04:24:12
================================================================================
[2026-06-24T04:25:02.056+0000] {manager.py:879} INFO - 
================================================================================
DAG File Processing Stats

File Path                                 PID    Runtime      # DAGs    # Errors  Last Runtime    Last Run
----------------------------------------  -----  ---------  --------  ----------  --------------  -------------------
/opt/airflow/dags/weekly_training_dag.py                           1           0  0.15s           2026-06-24T04:24:42
/opt/airflow/dags/review_timeout_dag.py                            1           0  0.17s           2026-06-24T04:24:42
================================================================================
[2026-06-24T04:25:32.517+0000] {manager.py:879} INFO - 
================================================================================
DAG File Processing Stats

File Path                                 PID    Runtime      # DAGs    # Errors  Last Runtime    Last Run
----------------------------------------  -----  ---------  --------  ----------  --------------  -------------------
/opt/airflow/dags/weekly_training_dag.py                           1           0  0.15s           2026-06-24T04:25:13
/opt/airflow/dags/review_timeout_dag.py                            1           0  0.18s           2026-06-24T04:25:13
================================================================================
[2026-06-24T04:26:02.866+0000] {manager.py:879} INFO - 
================================================================================
DAG File Processing Stats

File Path                                 PID    Runtime      # DAGs    # Errors  Last Runtime    Last Run
----------------------------------------  -----  ---------  --------  ----------  --------------  -------------------
/opt/airflow/dags/weekly_training_dag.py                           1           0  0.33s           2026-06-24T04:25:44
/opt/airflow/dags/review_timeout_dag.py                            1           0  0.36s           2026-06-24T04:25:44
================================================================================
[2026-06-24T04:26:33.413+0000] {manager.py:879} INFO - 
================================================================================
DAG File Processing Stats

File Path                                 PID    Runtime      # DAGs    # Errors  Last Runtime    Last Run
----------------------------------------  -----  ---------  --------  ----------  --------------  -------------------
/opt/airflow/dags/weekly_training_dag.py                           1           0  0.21s           2026-06-24T04:26:14
/opt/airflow/dags/review_timeout_dag.py                            1           0  0.24s           2026-06-24T04:26:14
================================================================================
[2026-06-24T04:27:03.777+0000] {manager.py:879} INFO - 
================================================================================
DAG File Processing Stats

File Path                                 PID    Runtime      # DAGs    # Errors  Last Runtime    Last Run
----------------------------------------  -----  ---------  --------  ----------  --------------  -------------------
/opt/airflow/dags/weekly_training_dag.py                           1           0  0.16s           2026-06-24T04:26:44
/opt/airflow/dags/review_timeout_dag.py                            1           0  0.18s           2026-06-24T04:26:44
================================================================================
[2026-06-24T08:48:35.198+0000] {manager.py:738} INFO - Searching for files in /opt/airflow/dags
[2026-06-24T08:48:35.562+0000] {manager.py:741} INFO - There are 2 files in /opt/airflow/dags
[2026-06-24T08:48:36.169+0000] {manager.py:1201} ERROR - Processor for /opt/airflow/dags/review_timeout_dag.py with PID 651 started at 2026-06-24T04:27:14.932842+00:00 has timed out, killing it.
[2026-06-24T08:48:36.314+0000] {manager.py:1201} ERROR - Processor for /opt/airflow/dags/weekly_training_dag.py with PID 654 started at 2026-06-24T04:27:14.962658+00:00 has timed out, killing it.
[2026-06-24T08:48:36.454+0000] {manager.py:879} INFO - 
================================================================================
DAG File Processing Stats

File Path                                 PID    Runtime      # DAGs    # Errors  Last Runtime    Last Run
----------------------------------------  -----  ---------  --------  ----------  --------------  -------------------
/opt/airflow/dags/weekly_training_dag.py                           0           1  15681.21s       2026-06-24T08:48:36
/opt/airflow/dags/review_timeout_dag.py                            0           1  15681.24s       2026-06-24T08:48:36
================================================================================
[2026-06-24T08:49:06.934+0000] {manager.py:879} INFO - 
================================================================================
DAG File Processing Stats

File Path                                   PID  Runtime      # DAGs    # Errors  Last Runtime    Last Run
----------------------------------------  -----  ---------  --------  ----------  --------------  -------------------
/opt/airflow/dags/weekly_training_dag.py    662  0.01s             0           1  15681.21s       2026-06-24T08:48:36
/opt/airflow/dags/review_timeout_dag.py     659  0.07s             0           1  15681.24s       2026-06-24T08:48:36
================================================================================
[2026-06-24T08:49:37.907+0000] {manager.py:879} INFO - 
================================================================================
DAG File Processing Stats

File Path                                   PID  Runtime      # DAGs    # Errors  Last Runtime    Last Run
----------------------------------------  -----  ---------  --------  ----------  --------------  -------------------
/opt/airflow/dags/weekly_training_dag.py    670  0.02s             1           0  0.22s           2026-06-24T08:49:07
/opt/airflow/dags/review_timeout_dag.py     669  0.12s             1           0  0.28s           2026-06-24T08:49:07
================================================================================
[2026-06-24T08:50:08.436+0000] {manager.py:879} INFO - 
================================================================================
DAG File Processing Stats

File Path                                 PID    Runtime      # DAGs    # Errors  Last Runtime    Last Run
----------------------------------------  -----  ---------  --------  ----------  --------------  -------------------
/opt/airflow/dags/weekly_training_dag.py                           1           0  2.24s           2026-06-24T08:49:40
/opt/airflow/dags/review_timeout_dag.py                            1           0  2.33s           2026-06-24T08:49:40
================================================================================
[2026-06-24T08:50:38.719+0000] {manager.py:879} INFO - 
================================================================================
DAG File Processing Stats

File Path                                 PID    Runtime      # DAGs    # Errors  Last Runtime    Last Run
----------------------------------------  -----  ---------  --------  ----------  --------------  -------------------
/opt/airflow/dags/weekly_training_dag.py                           1           0  0.32s           2026-06-24T08:50:10
/opt/airflow/dags/review_timeout_dag.py                            1           0  0.35s           2026-06-24T08:50:10
================================================================================
[2026-06-24T08:51:09.024+0000] {manager.py:879} INFO - 
================================================================================
DAG File Processing Stats

File Path                                 PID    Runtime      # DAGs    # Errors  Last Runtime    Last Run
----------------------------------------  -----  ---------  --------  ----------  --------------  -------------------
/opt/airflow/dags/weekly_training_dag.py                           1           0  0.32s           2026-06-24T08:50:41
/opt/airflow/dags/review_timeout_dag.py                            1           0  0.35s           2026-06-24T08:50:41
================================================================================
[2026-06-24T08:51:39.589+0000] {manager.py:879} INFO - 
================================================================================
DAG File Processing Stats

File Path                                 PID    Runtime      # DAGs    # Errors  Last Runtime    Last Run
----------------------------------------  -----  ---------  --------  ----------  --------------  -------------------
/opt/airflow/dags/weekly_training_dag.py                           1           0  1.25s           2026-06-24T08:51:13
/opt/airflow/dags/review_timeout_dag.py                            1           0  1.31s           2026-06-24T08:51:13
================================================================================
[2026-06-24T08:52:09.893+0000] {manager.py:879} INFO - 
================================================================================
DAG File Processing Stats

File Path                                 PID    Runtime      # DAGs    # Errors  Last Runtime    Last Run
----------------------------------------  -----  ---------  --------  ----------  --------------  -------------------
/opt/airflow/dags/weekly_training_dag.py                           1           0  0.18s           2026-06-24T08:51:43
/opt/airflow/dags/review_timeout_dag.py                            1           0  0.20s           2026-06-24T08:51:43
================================================================================
[2026-06-24T08:52:40.233+0000] {manager.py:879} INFO - 
================================================================================
DAG File Processing Stats

File Path                                 PID    Runtime      # DAGs    # Errors  Last Runtime    Last Run
----------------------------------------  -----  ---------  --------  ----------  --------------  -------------------
/opt/airflow/dags/weekly_training_dag.py                           1           0  0.20s           2026-06-24T08:52:14
/opt/airflow/dags/review_timeout_dag.py                            1           0  0.22s           2026-06-24T08:52:14
================================================================================
[2026-06-24T08:53:10.521+0000] {manager.py:879} INFO - 
================================================================================
DAG File Processing Stats

File Path                                 PID    Runtime      # DAGs    # Errors  Last Runtime    Last Run
----------------------------------------  -----  ---------  --------  ----------  --------------  -------------------
/opt/airflow/dags/weekly_training_dag.py                           1           0  0.20s           2026-06-24T08:52:44
/opt/airflow/dags/review_timeout_dag.py                            1           0  0.21s           2026-06-24T08:52:44
================================================================================
[2026-06-24T08:53:35.859+0000] {manager.py:738} INFO - Searching for files in /opt/airflow/dags
[2026-06-24T08:53:35.880+0000] {manager.py:741} INFO - There are 2 files in /opt/airflow/dags
[2026-06-24T08:53:40.955+0000] {manager.py:879} INFO - 
================================================================================
DAG File Processing Stats

File Path                                 PID    Runtime      # DAGs    # Errors  Last Runtime    Last Run
----------------------------------------  -----  ---------  --------  ----------  --------------  -------------------
/opt/airflow/dags/weekly_training_dag.py                           1           0  0.21s           2026-06-24T08:53:14
/opt/airflow/dags/review_timeout_dag.py                            1           0  0.22s           2026-06-24T08:53:14
================================================================================
[2026-06-24T08:54:11.249+0000] {manager.py:879} INFO - 
================================================================================
DAG File Processing Stats

File Path                                 PID    Runtime      # DAGs    # Errors  Last Runtime    Last Run
----------------------------------------  -----  ---------  --------  ----------  --------------  -------------------
/opt/airflow/dags/weekly_training_dag.py                           1           0  0.27s           2026-06-24T08:53:45
/opt/airflow/dags/review_timeout_dag.py                            1           0  0.29s           2026-06-24T08:53:45
================================================================================
[2026-06-24T08:54:41.715+0000] {manager.py:879} INFO - 
================================================================================
DAG File Processing Stats

File Path                                 PID    Runtime      # DAGs    # Errors  Last Runtime    Last Run
----------------------------------------  -----  ---------  --------  ----------  --------------  -------------------
/opt/airflow/dags/weekly_training_dag.py                           1           0  0.09s           2026-06-24T08:54:15
/opt/airflow/dags/review_timeout_dag.py                            1           0  0.17s           2026-06-24T08:54:15
================================================================================
[2026-06-24T08:55:12.009+0000] {manager.py:879} INFO - 
================================================================================
DAG File Processing Stats

File Path                                 PID    Runtime      # DAGs    # Errors  Last Runtime    Last Run
----------------------------------------  -----  ---------  --------  ----------  --------------  -------------------
/opt/airflow/dags/weekly_training_dag.py                           1           0  0.24s           2026-06-24T08:54:46
/opt/airflow/dags/review_timeout_dag.py                            1           0  0.27s           2026-06-24T08:54:46
================================================================================
[2026-06-24T08:55:43.676+0000] {manager.py:879} INFO - 
================================================================================
DAG File Processing Stats

File Path                                 PID    Runtime      # DAGs    # Errors  Last Runtime    Last Run
----------------------------------------  -----  ---------  --------  ----------  --------------  -------------------
/opt/airflow/dags/weekly_training_dag.py                           1           0  0.47s           2026-06-24T08:55:16
/opt/airflow/dags/review_timeout_dag.py                            1           0  0.52s           2026-06-24T08:55:16
================================================================================
[2026-06-24T08:56:13.753+0000] {manager.py:879} INFO - 
================================================================================
DAG File Processing Stats

File Path                                 PID    Runtime      # DAGs    # Errors  Last Runtime    Last Run
----------------------------------------  -----  ---------  --------  ----------  --------------  -------------------
/opt/airflow/dags/weekly_training_dag.py                           1           0  9.78s           2026-06-24T08:55:57
/opt/airflow/dags/review_timeout_dag.py                            1           0  10.33s          2026-06-24T08:55:57
================================================================================
[2026-06-24T08:56:44.295+0000] {manager.py:879} INFO - 
================================================================================
DAG File Processing Stats

File Path                                 PID    Runtime      # DAGs    # Errors  Last Runtime    Last Run
----------------------------------------  -----  ---------  --------  ----------  --------------  -------------------
/opt/airflow/dags/weekly_training_dag.py                           1           0  0.30s           2026-06-24T08:56:28
/opt/airflow/dags/review_timeout_dag.py                            1           0  0.34s           2026-06-24T08:56:28
================================================================================
[2026-06-24T08:57:14.571+0000] {manager.py:879} INFO - 
================================================================================
DAG File Processing Stats

File Path                                 PID    Runtime      # DAGs    # Errors  Last Runtime    Last Run
----------------------------------------  -----  ---------  --------  ----------  --------------  -------------------
/opt/airflow/dags/weekly_training_dag.py                           1           0  3.61s           2026-06-24T08:57:02
/opt/airflow/dags/review_timeout_dag.py                            1           0  3.55s           2026-06-24T08:57:02
================================================================================
[2026-06-24T08:57:44.769+0000] {manager.py:879} INFO - 
================================================================================
DAG File Processing Stats

File Path                                 PID    Runtime      # DAGs    # Errors  Last Runtime    Last Run
----------------------------------------  -----  ---------  --------  ----------  --------------  -------------------
/opt/airflow/dags/weekly_training_dag.py                           1           0  1.43s           2026-06-24T08:57:35
/opt/airflow/dags/review_timeout_dag.py                            1           0  2.57s           2026-06-24T08:57:35
================================================================================
[2026-06-24T08:58:15.174+0000] {manager.py:879} INFO - 
================================================================================
DAG File Processing Stats

File Path                                 PID    Runtime      # DAGs    # Errors  Last Runtime    Last Run
----------------------------------------  -----  ---------  --------  ----------  --------------  -------------------
/opt/airflow/dags/weekly_training_dag.py                           1           0  0.55s           2026-06-24T08:58:06
/opt/airflow/dags/review_timeout_dag.py                            1           0  0.61s           2026-06-24T08:58:06
================================================================================
[2026-06-24T08:58:36.270+0000] {manager.py:738} INFO - Searching for files in /opt/airflow/dags
[2026-06-24T08:58:36.299+0000] {manager.py:741} INFO - There are 2 files in /opt/airflow/dags
[2026-06-24T08:58:45.352+0000] {manager.py:879} INFO - 
================================================================================
DAG File Processing Stats

File Path                                 PID    Runtime      # DAGs    # Errors  Last Runtime    Last Run
----------------------------------------  -----  ---------  --------  ----------  --------------  -------------------
/opt/airflow/dags/weekly_training_dag.py                           1           0  0.29s           2026-06-24T08:58:37
/opt/airflow/dags/review_timeout_dag.py                            1           0  0.34s           2026-06-24T08:58:37
================================================================================
[2026-06-24T08:59:15.543+0000] {manager.py:879} INFO - 
================================================================================
DAG File Processing Stats

File Path                                 PID    Runtime      # DAGs    # Errors  Last Runtime    Last Run
----------------------------------------  -----  ---------  --------  ----------  --------------  -------------------
/opt/airflow/dags/weekly_training_dag.py                           1           0  0.60s           2026-06-24T08:59:08
/opt/airflow/dags/review_timeout_dag.py                            1           0  0.66s           2026-06-24T08:59:08
================================================================================
[2026-06-24T08:59:46.035+0000] {manager.py:879} INFO - 
================================================================================
DAG File Processing Stats

File Path                                 PID    Runtime      # DAGs    # Errors  Last Runtime    Last Run
----------------------------------------  -----  ---------  --------  ----------  --------------  -------------------
/opt/airflow/dags/weekly_training_dag.py                           1           0  0.61s           2026-06-24T08:59:39
/opt/airflow/dags/review_timeout_dag.py                            1           0  0.65s           2026-06-24T08:59:39
================================================================================
[2026-06-24T09:00:16.901+0000] {manager.py:879} INFO - 
================================================================================
DAG File Processing Stats

File Path                                 PID    Runtime      # DAGs    # Errors  Last Runtime    Last Run
----------------------------------------  -----  ---------  --------  ----------  --------------  -------------------
/opt/airflow/dags/weekly_training_dag.py                           1           0  0.19s           2026-06-24T09:00:10
/opt/airflow/dags/review_timeout_dag.py                            1           0  0.21s           2026-06-24T09:00:10
================================================================================
[2026-06-24T09:00:47.170+0000] {manager.py:879} INFO - 
================================================================================
DAG File Processing Stats

File Path                                 PID    Runtime      # DAGs    # Errors  Last Runtime    Last Run
----------------------------------------  -----  ---------  --------  ----------  --------------  -------------------
/opt/airflow/dags/weekly_training_dag.py                           1           0  0.20s           2026-06-24T09:00:41
/opt/airflow/dags/review_timeout_dag.py                            1           0  0.21s           2026-06-24T09:00:41
================================================================================
[2026-06-24T09:01:17.566+0000] {manager.py:879} INFO - 
================================================================================
DAG File Processing Stats

File Path                                 PID    Runtime      # DAGs    # Errors  Last Runtime    Last Run
----------------------------------------  -----  ---------  --------  ----------  --------------  -------------------
/opt/airflow/dags/weekly_training_dag.py                           1           0  0.10s           2026-06-24T09:01:11
/opt/airflow/dags/review_timeout_dag.py                            1           0  0.19s           2026-06-24T09:01:11
================================================================================
[2026-06-24T09:01:47.812+0000] {manager.py:879} INFO - 
================================================================================
DAG File Processing Stats

File Path                                 PID    Runtime      # DAGs    # Errors  Last Runtime    Last Run
----------------------------------------  -----  ---------  --------  ----------  --------------  -------------------
/opt/airflow/dags/weekly_training_dag.py                           1           0  0.26s           2026-06-24T09:01:42
/opt/airflow/dags/review_timeout_dag.py                            1           0  0.27s           2026-06-24T09:01:42
================================================================================
[2026-06-24T09:02:17.956+0000] {manager.py:879} INFO - 
================================================================================
DAG File Processing Stats

File Path                                 PID    Runtime      # DAGs    # Errors  Last Runtime    Last Run
----------------------------------------  -----  ---------  --------  ----------  --------------  -------------------
/opt/airflow/dags/weekly_training_dag.py                           1           0  0.99s           2026-06-24T09:02:15
/opt/airflow/dags/review_timeout_dag.py                            1           0  1.16s           2026-06-24T09:02:15
================================================================================
[2026-06-24T09:02:48.252+0000] {manager.py:879} INFO - 
================================================================================
DAG File Processing Stats

File Path                                 PID    Runtime      # DAGs    # Errors  Last Runtime    Last Run
----------------------------------------  -----  ---------  --------  ----------  --------------  -------------------
/opt/airflow/dags/weekly_training_dag.py                           1           0  0.28s           2026-06-24T09:02:46
/opt/airflow/dags/review_timeout_dag.py                            1           0  0.30s           2026-06-24T09:02:46
================================================================================
[2026-06-24T09:03:19.013+0000] {manager.py:879} INFO - 
================================================================================
DAG File Processing Stats

File Path                                   PID  Runtime      # DAGs    # Errors  Last Runtime    Last Run
----------------------------------------  -----  ---------  --------  ----------  --------------  -------------------
/opt/airflow/dags/weekly_training_dag.py    932  1.07s             1           0  0.28s           2026-06-24T09:02:46
/opt/airflow/dags/review_timeout_dag.py     929  2.09s             1           0  0.30s           2026-06-24T09:02:46
================================================================================
[2026-06-24T09:03:36.939+0000] {manager.py:738} INFO - Searching for files in /opt/airflow/dags
[2026-06-24T09:03:36.949+0000] {manager.py:741} INFO - There are 2 files in /opt/airflow/dags
[2026-06-24T09:03:49.125+0000] {manager.py:879} INFO - 
================================================================================
DAG File Processing Stats

File Path                                 PID    Runtime      # DAGs    # Errors  Last Runtime    Last Run
----------------------------------------  -----  ---------  --------  ----------  --------------  -------------------
/opt/airflow/dags/weekly_training_dag.py                           1           0  1.31s           2026-06-24T09:03:19
/opt/airflow/dags/review_timeout_dag.py                            1           0  2.32s           2026-06-24T09:03:19
================================================================================
[2026-06-24T09:04:19.755+0000] {manager.py:879} INFO - 
================================================================================
DAG File Processing Stats

File Path                                 PID    Runtime      # DAGs    # Errors  Last Runtime    Last Run
----------------------------------------  -----  ---------  --------  ----------  --------------  -------------------
/opt/airflow/dags/weekly_training_dag.py                           1           0  0.32s           2026-06-24T09:03:50
/opt/airflow/dags/review_timeout_dag.py                            1           0  0.35s           2026-06-24T09:03:50
================================================================================
[2026-06-24T09:04:49.941+0000] {manager.py:879} INFO - 
================================================================================
DAG File Processing Stats

File Path                                 PID    Runtime      # DAGs    # Errors  Last Runtime    Last Run
----------------------------------------  -----  ---------  --------  ----------  --------------  -------------------
/opt/airflow/dags/weekly_training_dag.py                           1           0  0.36s           2026-06-24T09:04:21
/opt/airflow/dags/review_timeout_dag.py                            1           0  0.43s           2026-06-24T09:04:21
================================================================================
[2026-06-24T09:05:19.983+0000] {manager.py:879} INFO - 
================================================================================
DAG File Processing Stats

File Path                                 PID    Runtime      # DAGs    # Errors  Last Runtime    Last Run
----------------------------------------  -----  ---------  --------  ----------  --------------  -------------------
/opt/airflow/dags/weekly_training_dag.py                           1           0  0.19s           2026-06-24T09:04:51
/opt/airflow/dags/review_timeout_dag.py                            1           0  0.22s           2026-06-24T09:04:51
================================================================================
[2026-06-24T09:05:50.124+0000] {manager.py:879} INFO - 
================================================================================
DAG File Processing Stats

File Path                                 PID    Runtime      # DAGs    # Errors  Last Runtime    Last Run
----------------------------------------  -----  ---------  --------  ----------  --------------  -------------------
/opt/airflow/dags/weekly_training_dag.py                           1           0  0.93s           2026-06-24T09:05:23
/opt/airflow/dags/review_timeout_dag.py                            1           0  1.03s           2026-06-24T09:05:23
================================================================================
[2026-06-24T09:06:20.391+0000] {manager.py:879} INFO - 
================================================================================
DAG File Processing Stats

File Path                                 PID    Runtime      # DAGs    # Errors  Last Runtime    Last Run
----------------------------------------  -----  ---------  --------  ----------  --------------  -------------------
/opt/airflow/dags/weekly_training_dag.py                           1           0  0.22s           2026-06-24T09:05:53
/opt/airflow/dags/review_timeout_dag.py                            1           0  0.25s           2026-06-24T09:05:53
================================================================================
[2026-06-24T09:06:50.858+0000] {manager.py:879} INFO - 
================================================================================
DAG File Processing Stats

File Path                                 PID    Runtime      # DAGs    # Errors  Last Runtime    Last Run
----------------------------------------  -----  ---------  --------  ----------  --------------  -------------------
/opt/airflow/dags/weekly_training_dag.py                           1           0  0.23s           2026-06-24T09:06:23
/opt/airflow/dags/review_timeout_dag.py                            1           0  0.25s           2026-06-24T09:06:23
================================================================================
[2026-06-24T09:07:21.182+0000] {manager.py:879} INFO - 
================================================================================
DAG File Processing Stats

File Path                                 PID    Runtime      # DAGs    # Errors  Last Runtime    Last Run
----------------------------------------  -----  ---------  --------  ----------  --------------  -------------------
/opt/airflow/dags/weekly_training_dag.py                           1           0  0.22s           2026-06-24T09:06:54
/opt/airflow/dags/review_timeout_dag.py                            1           0  0.25s           2026-06-24T09:06:54
================================================================================
[2026-06-24T09:07:51.620+0000] {manager.py:879} INFO - 
================================================================================
DAG File Processing Stats

File Path                                 PID    Runtime      # DAGs    # Errors  Last Runtime    Last Run
----------------------------------------  -----  ---------  --------  ----------  --------------  -------------------
/opt/airflow/dags/weekly_training_dag.py                           1           0  0.18s           2026-06-24T09:07:24
/opt/airflow/dags/review_timeout_dag.py                            1           0  0.21s           2026-06-24T09:07:24
================================================================================
[2026-06-24T09:08:22.405+0000] {manager.py:879} INFO - 
================================================================================
DAG File Processing Stats

File Path                                 PID    Runtime      # DAGs    # Errors  Last Runtime    Last Run
----------------------------------------  -----  ---------  --------  ----------  --------------  -------------------
/opt/airflow/dags/weekly_training_dag.py                           1           0  0.52s           2026-06-24T09:07:55
/opt/airflow/dags/review_timeout_dag.py                            1           0  0.53s           2026-06-24T09:07:55
================================================================================
[2026-06-24T09:08:36.984+0000] {manager.py:738} INFO - Searching for files in /opt/airflow/dags
[2026-06-24T09:08:37.017+0000] {manager.py:741} INFO - There are 2 files in /opt/airflow/dags
[2026-06-24T09:08:53.149+0000] {manager.py:879} INFO - 
================================================================================
DAG File Processing Stats

File Path                                 PID    Runtime      # DAGs    # Errors  Last Runtime    Last Run
----------------------------------------  -----  ---------  --------  ----------  --------------  -------------------
/opt/airflow/dags/weekly_training_dag.py                           1           0  0.60s           2026-06-24T09:08:26
/opt/airflow/dags/review_timeout_dag.py                            1           0  0.75s           2026-06-24T09:08:26
================================================================================
[2026-06-24T09:09:23.087+0000] {manager.py:879} INFO - 
================================================================================
DAG File Processing Stats

File Path                                 PID    Runtime      # DAGs    # Errors  Last Runtime    Last Run
----------------------------------------  -----  ---------  --------  ----------  --------------  -------------------
/opt/airflow/dags/weekly_training_dag.py                           1           0  2.02s           2026-06-24T09:08:59
/opt/airflow/dags/review_timeout_dag.py                            1           0  2.25s           2026-06-24T09:08:59
================================================================================
[2026-06-24T09:09:54.032+0000] {manager.py:879} INFO - 
================================================================================
DAG File Processing Stats

File Path                                 PID    Runtime      # DAGs    # Errors  Last Runtime    Last Run
----------------------------------------  -----  ---------  --------  ----------  --------------  -------------------
/opt/airflow/dags/weekly_training_dag.py                           1           0  0.24s           2026-06-24T09:09:30
/opt/airflow/dags/review_timeout_dag.py                            1           0  0.26s           2026-06-24T09:09:30
================================================================================
[2026-06-24T09:10:24.297+0000] {manager.py:879} INFO - 
================================================================================
DAG File Processing Stats

File Path                                 PID    Runtime      # DAGs    # Errors  Last Runtime    Last Run
----------------------------------------  -----  ---------  --------  ----------  --------------  -------------------
/opt/airflow/dags/weekly_training_dag.py                           1           0  2.19s           2026-06-24T09:10:03
/opt/airflow/dags/review_timeout_dag.py                            1           0  2.49s           2026-06-24T09:10:03
================================================================================
[2026-06-24T09:10:55.094+0000] {manager.py:879} INFO - 
================================================================================
DAG File Processing Stats

File Path                                 PID    Runtime      # DAGs    # Errors  Last Runtime    Last Run
----------------------------------------  -----  ---------  --------  ----------  --------------  -------------------
/opt/airflow/dags/weekly_training_dag.py                           1           0  5.93s           2026-06-24T09:10:40
/opt/airflow/dags/review_timeout_dag.py                            1           0  6.26s           2026-06-24T09:10:40
================================================================================
[2026-06-24T09:11:25.691+0000] {manager.py:879} INFO - 
================================================================================
DAG File Processing Stats

File Path                                 PID    Runtime      # DAGs    # Errors  Last Runtime    Last Run
----------------------------------------  -----  ---------  --------  ----------  --------------  -------------------
/opt/airflow/dags/weekly_training_dag.py                           1           0  1.01s           2026-06-24T09:11:12
/opt/airflow/dags/review_timeout_dag.py                            1           0  1.12s           2026-06-24T09:11:12
================================================================================
[2026-06-24T09:11:55.735+0000] {manager.py:879} INFO - 
================================================================================
DAG File Processing Stats

File Path                                 PID    Runtime      # DAGs    # Errors  Last Runtime    Last Run
----------------------------------------  -----  ---------  --------  ----------  --------------  -------------------
/opt/airflow/dags/weekly_training_dag.py                           1           0  0.78s           2026-06-24T09:11:43
/opt/airflow/dags/review_timeout_dag.py                            1           0  0.92s           2026-06-24T09:11:43
================================================================================
[2026-06-24T09:12:26.544+0000] {manager.py:879} INFO - 
================================================================================
DAG File Processing Stats

File Path                                 PID    Runtime      # DAGs    # Errors  Last Runtime    Last Run
----------------------------------------  -----  ---------  --------  ----------  --------------  -------------------
/opt/airflow/dags/weekly_training_dag.py                           1           0  0.82s           2026-06-24T09:12:14
/opt/airflow/dags/review_timeout_dag.py                            1           0  0.62s           2026-06-24T09:12:14
================================================================================
[2026-06-24T09:12:56.617+0000] {manager.py:879} INFO - 
================================================================================
DAG File Processing Stats

File Path                                 PID    Runtime      # DAGs    # Errors  Last Runtime    Last Run
----------------------------------------  -----  ---------  --------  ----------  --------------  -------------------
/opt/airflow/dags/weekly_training_dag.py                           1           0  4.52s           2026-06-24T09:12:48
/opt/airflow/dags/review_timeout_dag.py                            1           0  4.59s           2026-06-24T09:12:48
================================================================================
[2026-06-24T09:13:27.240+0000] {manager.py:879} INFO - 
================================================================================
DAG File Processing Stats

File Path                                   PID  Runtime      # DAGs    # Errors  Last Runtime    Last Run
----------------------------------------  -----  ---------  --------  ----------  --------------  -------------------
/opt/airflow/dags/weekly_training_dag.py   1122  0.14s             1           0  4.52s           2026-06-24T09:12:48
/opt/airflow/dags/review_timeout_dag.py    1119  8.04s             1           0  4.59s           2026-06-24T09:12:48
================================================================================
[2026-06-24T09:13:37.064+0000] {manager.py:738} INFO - Searching for files in /opt/airflow/dags
[2026-06-24T09:13:37.513+0000] {manager.py:741} INFO - There are 2 files in /opt/airflow/dags
[2026-06-24T09:13:57.137+0000] {manager.py:879} INFO - 
================================================================================
DAG File Processing Stats

File Path                                 PID    Runtime      # DAGs    # Errors  Last Runtime    Last Run
----------------------------------------  -----  ---------  --------  ----------  --------------  -------------------
/opt/airflow/dags/weekly_training_dag.py                           1           0  2.07s           2026-06-24T09:13:29
/opt/airflow/dags/review_timeout_dag.py                            1           0  9.96s           2026-06-24T09:13:29
================================================================================
[2026-06-24T09:14:28.027+0000] {manager.py:879} INFO - 
================================================================================
DAG File Processing Stats

File Path                                 PID    Runtime      # DAGs    # Errors  Last Runtime    Last Run
----------------------------------------  -----  ---------  --------  ----------  --------------  -------------------
/opt/airflow/dags/weekly_training_dag.py                           1           0  2.40s           2026-06-24T09:14:01
/opt/airflow/dags/review_timeout_dag.py                            1           0  2.48s           2026-06-24T09:14:01
================================================================================
[2026-06-24T09:14:58.311+0000] {manager.py:879} INFO - 
================================================================================
DAG File Processing Stats

File Path                                 PID    Runtime      # DAGs    # Errors  Last Runtime    Last Run
----------------------------------------  -----  ---------  --------  ----------  --------------  -------------------
/opt/airflow/dags/weekly_training_dag.py                           1           0  2.08s           2026-06-24T09:14:34
/opt/airflow/dags/review_timeout_dag.py                            1           0  2.35s           2026-06-24T09:14:34
================================================================================
[2026-06-24T09:15:28.957+0000] {manager.py:879} INFO - 
================================================================================
DAG File Processing Stats

File Path                                 PID    Runtime      # DAGs    # Errors  Last Runtime    Last Run
----------------------------------------  -----  ---------  --------  ----------  --------------  -------------------
/opt/airflow/dags/weekly_training_dag.py                           1           0  1.31s           2026-06-24T09:15:06
/opt/airflow/dags/review_timeout_dag.py                            1           0  1.50s           2026-06-24T09:15:06
================================================================================
[2026-06-24T09:15:59.177+0000] {manager.py:879} INFO - 
================================================================================
DAG File Processing Stats

File Path                                 PID    Runtime      # DAGs    # Errors  Last Runtime    Last Run
----------------------------------------  -----  ---------  --------  ----------  --------------  -------------------
/opt/airflow/dags/weekly_training_dag.py                           1           0  0.77s           2026-06-24T09:15:37
/opt/airflow/dags/review_timeout_dag.py                            1           0  0.97s           2026-06-24T09:15:37
================================================================================
[2026-06-24T09:16:30.123+0000] {manager.py:879} INFO - 
================================================================================
DAG File Processing Stats

File Path                                 PID    Runtime      # DAGs    # Errors  Last Runtime    Last Run
----------------------------------------  -----  ---------  --------  ----------  --------------  -------------------
/opt/airflow/dags/weekly_training_dag.py                           1           0  0.69s           2026-06-24T09:16:08
/opt/airflow/dags/review_timeout_dag.py                            1           0  0.75s           2026-06-24T09:16:08
================================================================================
[2026-06-24T09:17:00.251+0000] {manager.py:879} INFO - 
================================================================================
DAG File Processing Stats

File Path                                 PID    Runtime      # DAGs    # Errors  Last Runtime    Last Run
----------------------------------------  -----  ---------  --------  ----------  --------------  -------------------
/opt/airflow/dags/weekly_training_dag.py                           1           0  0.75s           2026-06-24T09:16:40
/opt/airflow/dags/review_timeout_dag.py                            1           0  0.79s           2026-06-24T09:16:40
================================================================================
[2026-06-24T09:17:30.403+0000] {manager.py:879} INFO - 
================================================================================
DAG File Processing Stats

File Path                                 PID    Runtime      # DAGs    # Errors  Last Runtime    Last Run
----------------------------------------  -----  ---------  --------  ----------  --------------  -------------------
/opt/airflow/dags/weekly_training_dag.py                           1           0  0.50s           2026-06-24T09:17:10
/opt/airflow/dags/review_timeout_dag.py                            1           0  0.56s           2026-06-24T09:17:10
================================================================================
[2026-06-24T09:18:01.167+0000] {manager.py:879} INFO - 
================================================================================
DAG File Processing Stats

File Path                                 PID    Runtime      # DAGs    # Errors  Last Runtime    Last Run
----------------------------------------  -----  ---------  --------  ----------  --------------  -------------------
/opt/airflow/dags/weekly_training_dag.py                           1           0  1.70s           2026-06-24T09:17:43
/opt/airflow/dags/review_timeout_dag.py                            1           0  2.09s           2026-06-24T09:17:43
================================================================================
[2026-06-24T09:18:31.349+0000] {manager.py:879} INFO - 
================================================================================
DAG File Processing Stats

File Path                                 PID    Runtime      # DAGs    # Errors  Last Runtime    Last Run
----------------------------------------  -----  ---------  --------  ----------  --------------  -------------------
/opt/airflow/dags/weekly_training_dag.py                           1           0  1.04s           2026-06-24T09:18:16
/opt/airflow/dags/review_timeout_dag.py                            1           0  1.33s           2026-06-24T09:18:16
================================================================================
[2026-06-24T09:18:37.510+0000] {manager.py:738} INFO - Searching for files in /opt/airflow/dags
[2026-06-24T09:18:37.531+0000] {manager.py:741} INFO - There are 2 files in /opt/airflow/dags
[2026-06-24T09:19:01.532+0000] {manager.py:879} INFO - 
================================================================================
DAG File Processing Stats

File Path                                 PID    Runtime      # DAGs    # Errors  Last Runtime    Last Run
----------------------------------------  -----  ---------  --------  ----------  --------------  -------------------
/opt/airflow/dags/weekly_training_dag.py                           1           0  0.54s           2026-06-24T09:18:47
/opt/airflow/dags/review_timeout_dag.py                            1           0  0.59s           2026-06-24T09:18:47
================================================================================
[2026-06-24T09:19:31.710+0000] {manager.py:879} INFO - 
================================================================================
DAG File Processing Stats

File Path                                 PID    Runtime      # DAGs    # Errors  Last Runtime    Last Run
----------------------------------------  -----  ---------  --------  ----------  --------------  -------------------
/opt/airflow/dags/weekly_training_dag.py                           1           0  0.27s           2026-06-24T09:19:17
/opt/airflow/dags/review_timeout_dag.py                            1           0  0.30s           2026-06-24T09:19:17
================================================================================
[2026-06-24T09:20:02.346+0000] {manager.py:879} INFO - 
================================================================================
DAG File Processing Stats

File Path                                 PID    Runtime      # DAGs    # Errors  Last Runtime    Last Run
----------------------------------------  -----  ---------  --------  ----------  --------------  -------------------
/opt/airflow/dags/weekly_training_dag.py                           1           0  0.39s           2026-06-24T09:19:48
/opt/airflow/dags/review_timeout_dag.py                            1           0  0.46s           2026-06-24T09:19:48
================================================================================
[2026-06-24T09:20:32.562+0000] {manager.py:879} INFO - 
================================================================================
DAG File Processing Stats

File Path                                 PID    Runtime      # DAGs    # Errors  Last Runtime    Last Run
----------------------------------------  -----  ---------  --------  ----------  --------------  -------------------
/opt/airflow/dags/weekly_training_dag.py                           1           0  0.35s           2026-06-24T09:20:18
/opt/airflow/dags/review_timeout_dag.py                            1           0  0.38s           2026-06-24T09:20:18
================================================================================
[2026-06-24T09:21:02.637+0000] {manager.py:879} INFO - 
================================================================================
DAG File Processing Stats

File Path                                 PID    Runtime      # DAGs    # Errors  Last Runtime    Last Run
----------------------------------------  -----  ---------  --------  ----------  --------------  -------------------
/opt/airflow/dags/weekly_training_dag.py                           1           0  1.47s           2026-06-24T09:20:50
/opt/airflow/dags/review_timeout_dag.py                            1           0  1.60s           2026-06-24T09:20:50
================================================================================
[2026-06-24T09:21:33.305+0000] {manager.py:879} INFO - 
================================================================================
DAG File Processing Stats

File Path                                 PID    Runtime      # DAGs    # Errors  Last Runtime    Last Run
----------------------------------------  -----  ---------  --------  ----------  --------------  -------------------
/opt/airflow/dags/weekly_training_dag.py                           1           0  0.46s           2026-06-24T09:21:21
/opt/airflow/dags/review_timeout_dag.py                            1           0  0.58s           2026-06-24T09:21:21
================================================================================
[2026-06-24T09:22:03.939+0000] {manager.py:879} INFO - 
================================================================================
DAG File Processing Stats

File Path                                 PID    Runtime      # DAGs    # Errors  Last Runtime    Last Run
----------------------------------------  -----  ---------  --------  ----------  --------------  -------------------
/opt/airflow/dags/weekly_training_dag.py                           1           0  0.32s           2026-06-24T09:21:51
/opt/airflow/dags/review_timeout_dag.py                            1           0  0.36s           2026-06-24T09:21:51
================================================================================
[2026-06-24T09:22:34.362+0000] {manager.py:879} INFO - 
================================================================================
DAG File Processing Stats

File Path                                 PID    Runtime      # DAGs    # Errors  Last Runtime    Last Run
----------------------------------------  -----  ---------  --------  ----------  --------------  -------------------
/opt/airflow/dags/weekly_training_dag.py                           1           0  0.81s           2026-06-24T09:22:23
/opt/airflow/dags/review_timeout_dag.py                            1           0  0.87s           2026-06-24T09:22:23
================================================================================
[2026-06-24T09:23:04.695+0000] {manager.py:879} INFO - 
================================================================================
DAG File Processing Stats

File Path                                 PID    Runtime      # DAGs    # Errors  Last Runtime    Last Run
----------------------------------------  -----  ---------  --------  ----------  --------------  -------------------
/opt/airflow/dags/weekly_training_dag.py                           1           0  0.23s           2026-06-24T09:22:53
/opt/airflow/dags/review_timeout_dag.py                            1           0  0.24s           2026-06-24T09:22:53
================================================================================
[2026-06-24T09:23:35.166+0000] {manager.py:879} INFO - 
================================================================================
DAG File Processing Stats

File Path                                 PID    Runtime      # DAGs    # Errors  Last Runtime    Last Run
----------------------------------------  -----  ---------  --------  ----------  --------------  -------------------
/opt/airflow/dags/weekly_training_dag.py                           1           0  0.40s           2026-06-24T09:23:24
/opt/airflow/dags/review_timeout_dag.py                            1           0  0.43s           2026-06-24T09:23:24
================================================================================
[2026-06-24T09:23:38.194+0000] {manager.py:738} INFO - Searching for files in /opt/airflow/dags
[2026-06-24T09:23:38.204+0000] {manager.py:741} INFO - There are 2 files in /opt/airflow/dags
[2026-06-24T09:24:06.076+0000] {manager.py:879} INFO - 
================================================================================
DAG File Processing Stats

File Path                                 PID    Runtime      # DAGs    # Errors  Last Runtime    Last Run
----------------------------------------  -----  ---------  --------  ----------  --------------  -------------------
/opt/airflow/dags/weekly_training_dag.py                           1           0  1.16s           2026-06-24T09:23:56
/opt/airflow/dags/review_timeout_dag.py                            1           0  1.35s           2026-06-24T09:23:56
================================================================================
[2026-06-24T09:24:36.799+0000] {manager.py:879} INFO - 
================================================================================
DAG File Processing Stats

File Path                                 PID    Runtime      # DAGs    # Errors  Last Runtime    Last Run
----------------------------------------  -----  ---------  --------  ----------  --------------  -------------------
/opt/airflow/dags/weekly_training_dag.py                           1           0  1.93s           2026-06-24T09:24:29
/opt/airflow/dags/review_timeout_dag.py                            1           0  1.96s           2026-06-24T09:24:29
================================================================================
[2026-06-24T09:25:07.000+0000] {manager.py:879} INFO - 
================================================================================
DAG File Processing Stats

File Path                                 PID    Runtime      # DAGs    # Errors  Last Runtime    Last Run
----------------------------------------  -----  ---------  --------  ----------  --------------  -------------------
/opt/airflow/dags/weekly_training_dag.py                           1           0  1.22s           2026-06-24T09:25:01
/opt/airflow/dags/review_timeout_dag.py                            1           0  1.27s           2026-06-24T09:25:01
================================================================================
[2026-06-24T09:25:37.056+0000] {manager.py:879} INFO - 
================================================================================
DAG File Processing Stats

File Path                                 PID    Runtime      # DAGs    # Errors  Last Runtime    Last Run
----------------------------------------  -----  ---------  --------  ----------  --------------  -------------------
/opt/airflow/dags/weekly_training_dag.py                           1           0  0.47s           2026-06-24T09:25:33
/opt/airflow/dags/review_timeout_dag.py                            1           0  0.54s           2026-06-24T09:25:33
================================================================================
[2026-06-24T09:26:07.785+0000] {manager.py:879} INFO - 
================================================================================
DAG File Processing Stats

File Path                                 PID    Runtime      # DAGs    # Errors  Last Runtime    Last Run
----------------------------------------  -----  ---------  --------  ----------  --------------  -------------------
/opt/airflow/dags/weekly_training_dag.py                           1           0  0.75s           2026-06-24T09:26:04
/opt/airflow/dags/review_timeout_dag.py                            1           0  0.91s           2026-06-24T09:26:04
================================================================================
[2026-06-24T09:26:37.839+0000] {manager.py:879} INFO - 
================================================================================
DAG File Processing Stats

File Path                                 PID    Runtime      # DAGs    # Errors  Last Runtime    Last Run
----------------------------------------  -----  ---------  --------  ----------  --------------  -------------------
/opt/airflow/dags/weekly_training_dag.py                           1           0  1.18s           2026-06-24T09:26:35
/opt/airflow/dags/review_timeout_dag.py                            1           0  1.33s           2026-06-24T09:26:35
================================================================================
[2026-06-24T09:27:08.621+0000] {manager.py:879} INFO - 
================================================================================
DAG File Processing Stats

File Path                                   PID  Runtime      # DAGs    # Errors  Last Runtime    Last Run
----------------------------------------  -----  ---------  --------  ----------  --------------  -------------------
/opt/airflow/dags/weekly_training_dag.py   1382  1.11s             1           0  1.18s           2026-06-24T09:26:35
/opt/airflow/dags/review_timeout_dag.py    1379  1.78s             1           0  1.33s           2026-06-24T09:26:35
================================================================================
[2026-06-24T09:27:38.835+0000] {manager.py:879} INFO - 
================================================================================
DAG File Processing Stats

File Path                                 PID    Runtime      # DAGs    # Errors  Last Runtime    Last Run
----------------------------------------  -----  ---------  --------  ----------  --------------  -------------------
/opt/airflow/dags/weekly_training_dag.py                           1           0  1.50s           2026-06-24T09:27:08
/opt/airflow/dags/review_timeout_dag.py                            1           0  2.16s           2026-06-24T09:27:08
================================================================================
[2026-06-24T09:28:09.614+0000] {manager.py:879} INFO - 
================================================================================
DAG File Processing Stats

File Path                                 PID    Runtime      # DAGs    # Errors  Last Runtime    Last Run
----------------------------------------  -----  ---------  --------  ----------  --------------  -------------------
/opt/airflow/dags/weekly_training_dag.py                           1           0  1.56s           2026-06-24T09:27:41
/opt/airflow/dags/review_timeout_dag.py                            1           0  1.61s           2026-06-24T09:27:41
================================================================================
[2026-06-24T09:28:38.220+0000] {manager.py:738} INFO - Searching for files in /opt/airflow/dags
[2026-06-24T09:28:38.232+0000] {manager.py:741} INFO - There are 2 files in /opt/airflow/dags
[2026-06-24T09:28:39.637+0000] {manager.py:879} INFO - 
================================================================================
DAG File Processing Stats

File Path                                 PID    Runtime      # DAGs    # Errors  Last Runtime    Last Run
----------------------------------------  -----  ---------  --------  ----------  --------------  -------------------
/opt/airflow/dags/weekly_training_dag.py                           1           0  0.49s           2026-06-24T09:28:12
/opt/airflow/dags/review_timeout_dag.py                            1           0  0.55s           2026-06-24T09:28:12
================================================================================
[2026-06-24T09:29:09.683+0000] {manager.py:879} INFO - 
================================================================================
DAG File Processing Stats

File Path                                 PID    Runtime      # DAGs    # Errors  Last Runtime    Last Run
----------------------------------------  -----  ---------  --------  ----------  --------------  -------------------
/opt/airflow/dags/weekly_training_dag.py                           1           0  0.22s           2026-06-24T09:28:42
/opt/airflow/dags/review_timeout_dag.py                            1           0  0.25s           2026-06-24T09:28:42
================================================================================
[2026-06-24T09:29:40.172+0000] {manager.py:879} INFO - 
================================================================================
DAG File Processing Stats

File Path                                 PID    Runtime      # DAGs    # Errors  Last Runtime    Last Run
----------------------------------------  -----  ---------  --------  ----------  --------------  -------------------
/opt/airflow/dags/weekly_training_dag.py                           1           0  0.18s           2026-06-24T09:29:12
/opt/airflow/dags/review_timeout_dag.py                            1           0  0.21s           2026-06-24T09:29:12
================================================================================
[2026-06-24T09:30:10.702+0000] {manager.py:879} INFO - 
================================================================================
DAG File Processing Stats

File Path                                 PID    Runtime      # DAGs    # Errors  Last Runtime    Last Run
----------------------------------------  -----  ---------  --------  ----------  --------------  -------------------
/opt/airflow/dags/weekly_training_dag.py                           1           0  0.24s           2026-06-24T09:29:43
/opt/airflow/dags/review_timeout_dag.py                            1           0  0.27s           2026-06-24T09:29:43
================================================================================
[2026-06-24T09:30:41.003+0000] {manager.py:879} INFO - 
================================================================================
DAG File Processing Stats

File Path                                 PID    Runtime      # DAGs    # Errors  Last Runtime    Last Run
----------------------------------------  -----  ---------  --------  ----------  --------------  -------------------
/opt/airflow/dags/weekly_training_dag.py                           1           0  0.17s           2026-06-24T09:30:13
/opt/airflow/dags/review_timeout_dag.py                            1           0  0.19s           2026-06-24T09:30:13
================================================================================
[2026-06-24T09:31:11.329+0000] {manager.py:879} INFO - 
================================================================================
DAG File Processing Stats

File Path                                 PID    Runtime      # DAGs    # Errors  Last Runtime    Last Run
----------------------------------------  -----  ---------  --------  ----------  --------------  -------------------
/opt/airflow/dags/weekly_training_dag.py                           1           0  0.17s           2026-06-24T09:30:44
/opt/airflow/dags/review_timeout_dag.py                            1           0  0.19s           2026-06-24T09:30:44
================================================================================
[2026-06-24T09:31:41.596+0000] {manager.py:879} INFO - 
================================================================================
DAG File Processing Stats

File Path                                 PID    Runtime      # DAGs    # Errors  Last Runtime    Last Run
----------------------------------------  -----  ---------  --------  ----------  --------------  -------------------
/opt/airflow/dags/weekly_training_dag.py                           1           0  0.20s           2026-06-24T09:31:14
/opt/airflow/dags/review_timeout_dag.py                            1           0  0.22s           2026-06-24T09:31:14
================================================================================
[2026-06-24T09:32:12.053+0000] {manager.py:879} INFO - 
================================================================================
DAG File Processing Stats

File Path                                 PID    Runtime      # DAGs    # Errors  Last Runtime    Last Run
----------------------------------------  -----  ---------  --------  ----------  --------------  -------------------
/opt/airflow/dags/weekly_training_dag.py                           1           0  0.35s           2026-06-24T09:31:44
/opt/airflow/dags/review_timeout_dag.py                            1           0  0.37s           2026-06-24T09:31:44
================================================================================
[2026-06-24T09:32:42.478+0000] {manager.py:879} INFO - 
================================================================================
DAG File Processing Stats

File Path                                 PID    Runtime      # DAGs    # Errors  Last Runtime    Last Run
----------------------------------------  -----  ---------  --------  ----------  --------------  -------------------
/opt/airflow/dags/weekly_training_dag.py                           1           0  0.21s           2026-06-24T09:32:15
/opt/airflow/dags/review_timeout_dag.py                            1           0  0.26s           2026-06-24T09:32:15
================================================================================
[2026-06-24T09:33:12.834+0000] {manager.py:879} INFO - 
================================================================================
DAG File Processing Stats

File Path                                 PID    Runtime      # DAGs    # Errors  Last Runtime    Last Run
----------------------------------------  -----  ---------  --------  ----------  --------------  -------------------
/opt/airflow/dags/weekly_training_dag.py                           1           0  0.23s           2026-06-24T09:32:45
/opt/airflow/dags/review_timeout_dag.py                            1           0  0.25s           2026-06-24T09:32:45
================================================================================
[2026-06-24T09:33:38.545+0000] {manager.py:738} INFO - Searching for files in /opt/airflow/dags
[2026-06-24T09:33:38.567+0000] {manager.py:741} INFO - There are 2 files in /opt/airflow/dags
[2026-06-24T09:33:43.621+0000] {manager.py:879} INFO - 
================================================================================
DAG File Processing Stats

File Path                                 PID    Runtime      # DAGs    # Errors  Last Runtime    Last Run
----------------------------------------  -----  ---------  --------  ----------  --------------  -------------------
/opt/airflow/dags/weekly_training_dag.py                           1           0  0.53s           2026-06-24T09:33:16
/opt/airflow/dags/review_timeout_dag.py                            1           0  0.58s           2026-06-24T09:33:16
================================================================================
[2026-06-24T09:34:13.941+0000] {manager.py:879} INFO - 
================================================================================
DAG File Processing Stats

File Path                                 PID    Runtime      # DAGs    # Errors  Last Runtime    Last Run
----------------------------------------  -----  ---------  --------  ----------  --------------  -------------------
/opt/airflow/dags/weekly_training_dag.py                           1           0  0.20s           2026-06-24T09:33:46
/opt/airflow/dags/review_timeout_dag.py                            1           0  0.22s           2026-06-24T09:33:46
================================================================================
[2026-06-24T09:34:44.419+0000] {manager.py:879} INFO - 
================================================================================
DAG File Processing Stats

File Path                                 PID    Runtime      # DAGs    # Errors  Last Runtime    Last Run
----------------------------------------  -----  ---------  --------  ----------  --------------  -------------------
/opt/airflow/dags/weekly_training_dag.py                           1           0  1.45s           2026-06-24T09:34:18
/opt/airflow/dags/review_timeout_dag.py                            1           0  1.48s           2026-06-24T09:34:18
================================================================================
[2026-06-24T09:35:14.970+0000] {manager.py:879} INFO - 
================================================================================
DAG File Processing Stats

File Path                                 PID    Runtime      # DAGs    # Errors  Last Runtime    Last Run
----------------------------------------  -----  ---------  --------  ----------  --------------  -------------------
/opt/airflow/dags/weekly_training_dag.py                           1           0  0.21s           2026-06-24T09:34:48
/opt/airflow/dags/review_timeout_dag.py                            1           0  0.25s           2026-06-24T09:34:48
================================================================================
[2026-06-24T09:35:45.480+0000] {manager.py:879} INFO - 
================================================================================
DAG File Processing Stats

File Path                                 PID    Runtime      # DAGs    # Errors  Last Runtime    Last Run
----------------------------------------  -----  ---------  --------  ----------  --------------  -------------------
/opt/airflow/dags/weekly_training_dag.py                           1           0  0.18s           2026-06-24T09:35:19
/opt/airflow/dags/review_timeout_dag.py                            1           0  0.19s           2026-06-24T09:35:19
================================================================================
[2026-06-24T09:36:16.403+0000] {manager.py:879} INFO - 
================================================================================
DAG File Processing Stats

File Path                                 PID    Runtime      # DAGs    # Errors  Last Runtime    Last Run
----------------------------------------  -----  ---------  --------  ----------  --------------  -------------------
/opt/airflow/dags/weekly_training_dag.py                           1           0  0.51s           2026-06-24T09:35:50
/opt/airflow/dags/review_timeout_dag.py                            1           0  0.53s           2026-06-24T09:35:50
================================================================================
[2026-06-24T09:36:47.228+0000] {manager.py:879} INFO - 
================================================================================
DAG File Processing Stats

File Path                                 PID    Runtime      # DAGs    # Errors  Last Runtime    Last Run
----------------------------------------  -----  ---------  --------  ----------  --------------  -------------------
/opt/airflow/dags/weekly_training_dag.py                           1           0  0.29s           2026-06-24T09:36:20
/opt/airflow/dags/review_timeout_dag.py                            1           0  0.32s           2026-06-24T09:36:20
================================================================================
[2026-06-24T09:37:17.752+0000] {manager.py:879} INFO - 
================================================================================
DAG File Processing Stats

File Path                                 PID    Runtime      # DAGs    # Errors  Last Runtime    Last Run
----------------------------------------  -----  ---------  --------  ----------  --------------  -------------------
/opt/airflow/dags/weekly_training_dag.py                           1           0  0.39s           2026-06-24T09:36:51
/opt/airflow/dags/review_timeout_dag.py                            1           0  0.42s           2026-06-24T09:36:51
================================================================================
[2026-06-24T09:37:47.824+0000] {manager.py:879} INFO - 
================================================================================
DAG File Processing Stats

File Path                                 PID    Runtime      # DAGs    # Errors  Last Runtime    Last Run
----------------------------------------  -----  ---------  --------  ----------  --------------  -------------------
/opt/airflow/dags/weekly_training_dag.py                           1           0  0.67s           2026-06-24T09:37:22
/opt/airflow/dags/review_timeout_dag.py                            1           0  0.75s           2026-06-24T09:37:22
================================================================================
[2026-06-24T09:38:18.112+0000] {manager.py:879} INFO - 
================================================================================
DAG File Processing Stats

File Path                                 PID    Runtime      # DAGs    # Errors  Last Runtime    Last Run
----------------------------------------  -----  ---------  --------  ----------  --------------  -------------------
/opt/airflow/dags/weekly_training_dag.py                           1           0  0.22s           2026-06-24T09:37:53
/opt/airflow/dags/review_timeout_dag.py                            1           0  0.24s           2026-06-24T09:37:53
================================================================================
[2026-06-24T09:38:38.740+0000] {manager.py:738} INFO - Searching for files in /opt/airflow/dags
[2026-06-24T09:38:38.760+0000] {manager.py:741} INFO - There are 2 files in /opt/airflow/dags
[2026-06-24T09:38:48.352+0000] {manager.py:879} INFO - 
================================================================================
DAG File Processing Stats

File Path                                 PID    Runtime      # DAGs    # Errors  Last Runtime    Last Run
----------------------------------------  -----  ---------  --------  ----------  --------------  -------------------
/opt/airflow/dags/weekly_training_dag.py                           1           0  0.71s           2026-06-24T09:38:24
/opt/airflow/dags/review_timeout_dag.py                            1           0  0.88s           2026-06-24T09:38:24
================================================================================
[2026-06-24T09:39:18.950+0000] {manager.py:879} INFO - 
================================================================================
DAG File Processing Stats

File Path                                 PID    Runtime      # DAGs    # Errors  Last Runtime    Last Run
----------------------------------------  -----  ---------  --------  ----------  --------------  -------------------
/opt/airflow/dags/weekly_training_dag.py                           1           0  1.07s           2026-06-24T09:38:55
/opt/airflow/dags/review_timeout_dag.py                            1           0  1.33s           2026-06-24T09:38:55
================================================================================
[2026-06-24T09:39:49.525+0000] {manager.py:879} INFO - 
================================================================================
DAG File Processing Stats

File Path                                 PID    Runtime      # DAGs    # Errors  Last Runtime    Last Run
----------------------------------------  -----  ---------  --------  ----------  --------------  -------------------
/opt/airflow/dags/weekly_training_dag.py                           1           0  0.19s           2026-06-24T09:39:26
/opt/airflow/dags/review_timeout_dag.py                            1           0  0.21s           2026-06-24T09:39:26
================================================================================
[2026-06-24T09:40:19.966+0000] {manager.py:879} INFO - 
================================================================================
DAG File Processing Stats

File Path                                 PID    Runtime      # DAGs    # Errors  Last Runtime    Last Run
----------------------------------------  -----  ---------  --------  ----------  --------------  -------------------
/opt/airflow/dags/weekly_training_dag.py                           1           0  0.21s           2026-06-24T09:39:56
/opt/airflow/dags/review_timeout_dag.py                            1           0  0.23s           2026-06-24T09:39:56
================================================================================
[2026-06-24T09:40:50.262+0000] {manager.py:879} INFO - 
================================================================================
DAG File Processing Stats

File Path                                 PID    Runtime      # DAGs    # Errors  Last Runtime    Last Run
----------------------------------------  -----  ---------  --------  ----------  --------------  -------------------
/opt/airflow/dags/weekly_training_dag.py                           1           0  0.21s           2026-06-24T09:40:27
/opt/airflow/dags/review_timeout_dag.py                            1           0  0.22s           2026-06-24T09:40:27
================================================================================
[2026-06-24T09:41:20.727+0000] {manager.py:879} INFO - 
================================================================================
DAG File Processing Stats

File Path                                 PID    Runtime      # DAGs    # Errors  Last Runtime    Last Run
----------------------------------------  -----  ---------  --------  ----------  --------------  -------------------
/opt/airflow/dags/weekly_training_dag.py                           1           0  0.21s           2026-06-24T09:40:57
/opt/airflow/dags/review_timeout_dag.py                            1           0  0.24s           2026-06-24T09:40:57
================================================================================
[2026-06-24T09:41:51.251+0000] {manager.py:879} INFO - 
================================================================================
DAG File Processing Stats

File Path                                 PID    Runtime      # DAGs    # Errors  Last Runtime    Last Run
----------------------------------------  -----  ---------  --------  ----------  --------------  -------------------
/opt/airflow/dags/weekly_training_dag.py                           1           0  0.23s           2026-06-24T09:41:28
/opt/airflow/dags/review_timeout_dag.py                            1           0  0.26s           2026-06-24T09:41:28
================================================================================
[2026-06-24T09:42:21.547+0000] {manager.py:879} INFO - 
================================================================================
DAG File Processing Stats

File Path                                 PID    Runtime      # DAGs    # Errors  Last Runtime    Last Run
----------------------------------------  -----  ---------  --------  ----------  --------------  -------------------
/opt/airflow/dags/weekly_training_dag.py                           1           0  0.17s           2026-06-24T09:41:58
/opt/airflow/dags/review_timeout_dag.py                            1           0  0.19s           2026-06-24T09:41:58
================================================================================
[2026-06-24T09:42:51.908+0000] {manager.py:879} INFO - 
================================================================================
DAG File Processing Stats

File Path                                 PID    Runtime      # DAGs    # Errors  Last Runtime    Last Run
----------------------------------------  -----  ---------  --------  ----------  --------------  -------------------
/opt/airflow/dags/weekly_training_dag.py                           1           0  0.17s           2026-06-24T09:42:28
/opt/airflow/dags/review_timeout_dag.py                            1           0  0.20s           2026-06-24T09:42:28
================================================================================
[2026-06-24T09:43:22.321+0000] {manager.py:879} INFO - 
================================================================================
DAG File Processing Stats

File Path                                 PID    Runtime      # DAGs    # Errors  Last Runtime    Last Run
----------------------------------------  -----  ---------  --------  ----------  --------------  -------------------
/opt/airflow/dags/weekly_training_dag.py                           1           0  0.17s           2026-06-24T09:42:59
/opt/airflow/dags/review_timeout_dag.py                            1           0  0.19s           2026-06-24T09:42:59
================================================================================
[2026-06-24T09:43:39.686+0000] {manager.py:738} INFO - Searching for files in /opt/airflow/dags
[2026-06-24T09:43:39.695+0000] {manager.py:741} INFO - There are 2 files in /opt/airflow/dags
[2026-06-24T09:43:52.805+0000] {manager.py:879} INFO - 
================================================================================
DAG File Processing Stats

File Path                                 PID    Runtime      # DAGs    # Errors  Last Runtime    Last Run
----------------------------------------  -----  ---------  --------  ----------  --------------  -------------------
/opt/airflow/dags/weekly_training_dag.py                           1           0  0.18s           2026-06-24T09:43:29
/opt/airflow/dags/review_timeout_dag.py                            1           0  0.20s           2026-06-24T09:43:29
================================================================================
[2026-06-24T09:44:23.093+0000] {manager.py:879} INFO - 
================================================================================
DAG File Processing Stats

File Path                                 PID    Runtime      # DAGs    # Errors  Last Runtime    Last Run
----------------------------------------  -----  ---------  --------  ----------  --------------  -------------------
/opt/airflow/dags/weekly_training_dag.py                           1           0  0.22s           2026-06-24T09:44:00
/opt/airflow/dags/review_timeout_dag.py                            1           0  0.24s           2026-06-24T09:44:00
================================================================================
[2026-06-24T09:44:53.430+0000] {manager.py:879} INFO - 
================================================================================
DAG File Processing Stats

File Path                                 PID    Runtime      # DAGs    # Errors  Last Runtime    Last Run
----------------------------------------  -----  ---------  --------  ----------  --------------  -------------------
/opt/airflow/dags/weekly_training_dag.py                           1           0  0.20s           2026-06-24T09:44:30
/opt/airflow/dags/review_timeout_dag.py                            1           0  0.21s           2026-06-24T09:44:30
================================================================================
[2026-06-24T09:45:23.733+0000] {manager.py:879} INFO - 
================================================================================
DAG File Processing Stats

File Path                                 PID    Runtime      # DAGs    # Errors  Last Runtime    Last Run
----------------------------------------  -----  ---------  --------  ----------  --------------  -------------------
/opt/airflow/dags/weekly_training_dag.py                           1           0  0.27s           2026-06-24T09:45:00
/opt/airflow/dags/review_timeout_dag.py                            1           0  0.29s           2026-06-24T09:45:00
================================================================================
[2026-06-24T09:45:54.252+0000] {manager.py:879} INFO - 
================================================================================
DAG File Processing Stats

File Path                                 PID    Runtime      # DAGs    # Errors  Last Runtime    Last Run
----------------------------------------  -----  ---------  --------  ----------  --------------  -------------------
/opt/airflow/dags/weekly_training_dag.py                           1           0  0.95s           2026-06-24T09:45:31
/opt/airflow/dags/review_timeout_dag.py                            1           0  1.04s           2026-06-24T09:45:31
================================================================================
[2026-06-24T09:46:24.568+0000] {manager.py:879} INFO - 
================================================================================
DAG File Processing Stats

File Path                                 PID    Runtime      # DAGs    # Errors  Last Runtime    Last Run
----------------------------------------  -----  ---------  --------  ----------  --------------  -------------------
/opt/airflow/dags/weekly_training_dag.py                           1           0  0.46s           2026-06-24T09:46:02
/opt/airflow/dags/review_timeout_dag.py                            1           0  0.48s           2026-06-24T09:46:02
================================================================================
[2026-06-24T09:46:54.689+0000] {manager.py:879} INFO - 
================================================================================
DAG File Processing Stats

File Path                                 PID    Runtime      # DAGs    # Errors  Last Runtime    Last Run
----------------------------------------  -----  ---------  --------  ----------  --------------  -------------------
/opt/airflow/dags/weekly_training_dag.py                           1           0  0.26s           2026-06-24T09:46:33
/opt/airflow/dags/review_timeout_dag.py                            1           0  0.30s           2026-06-24T09:46:33
================================================================================
[2026-06-24T09:47:24.921+0000] {manager.py:879} INFO - 
================================================================================
DAG File Processing Stats

File Path                                 PID    Runtime      # DAGs    # Errors  Last Runtime    Last Run
----------------------------------------  -----  ---------  --------  ----------  --------------  -------------------
/opt/airflow/dags/weekly_training_dag.py                           1           0  0.20s           2026-06-24T09:47:03
/opt/airflow/dags/review_timeout_dag.py                            1           0  0.21s           2026-06-24T09:47:03
================================================================================
[2026-06-24T09:47:55.300+0000] {manager.py:879} INFO - 
================================================================================
DAG File Processing Stats

File Path                                 PID    Runtime      # DAGs    # Errors  Last Runtime    Last Run
----------------------------------------  -----  ---------  --------  ----------  --------------  -------------------
/opt/airflow/dags/weekly_training_dag.py                           1           0  0.16s           2026-06-24T09:47:34
/opt/airflow/dags/review_timeout_dag.py                            1           0  0.09s           2026-06-24T09:47:34
================================================================================
[2026-06-24T09:48:25.682+0000] {manager.py:879} INFO - 
================================================================================
DAG File Processing Stats

File Path                                 PID    Runtime      # DAGs    # Errors  Last Runtime    Last Run
----------------------------------------  -----  ---------  --------  ----------  --------------  -------------------
/opt/airflow/dags/weekly_training_dag.py                           1           0  0.19s           2026-06-24T09:48:04
/opt/airflow/dags/review_timeout_dag.py                            1           0  0.21s           2026-06-24T09:48:04
================================================================================
[2026-06-24T09:48:40.223+0000] {manager.py:738} INFO - Searching for files in /opt/airflow/dags
[2026-06-24T09:48:40.230+0000] {manager.py:741} INFO - There are 2 files in /opt/airflow/dags
[2026-06-24T09:48:56.372+0000] {manager.py:879} INFO - 
================================================================================
DAG File Processing Stats

File Path                                 PID    Runtime      # DAGs    # Errors  Last Runtime    Last Run
----------------------------------------  -----  ---------  --------  ----------  --------------  -------------------
/opt/airflow/dags/weekly_training_dag.py                           1           0  0.15s           2026-06-24T09:48:34
/opt/airflow/dags/review_timeout_dag.py                            1           0  0.17s           2026-06-24T09:48:34
================================================================================
[2026-06-24T09:49:26.801+0000] {manager.py:879} INFO - 
================================================================================
DAG File Processing Stats

File Path                                 PID    Runtime      # DAGs    # Errors  Last Runtime    Last Run
----------------------------------------  -----  ---------  --------  ----------  --------------  -------------------
/opt/airflow/dags/weekly_training_dag.py                           1           0  0.13s           2026-06-24T09:49:05
/opt/airflow/dags/review_timeout_dag.py                            1           0  0.16s           2026-06-24T09:49:05
================================================================================
[2026-06-24T09:49:57.063+0000] {manager.py:879} INFO - 
================================================================================
DAG File Processing Stats

File Path                                 PID    Runtime      # DAGs    # Errors  Last Runtime    Last Run
----------------------------------------  -----  ---------  --------  ----------  --------------  -------------------
/opt/airflow/dags/weekly_training_dag.py                           1           0  0.18s           2026-06-24T09:49:36
/opt/airflow/dags/review_timeout_dag.py                            1           0  0.21s           2026-06-24T09:49:36
================================================================================
[2026-06-24T09:50:27.399+0000] {manager.py:879} INFO - 
================================================================================
DAG File Processing Stats

File Path                                 PID    Runtime      # DAGs    # Errors  Last Runtime    Last Run
----------------------------------------  -----  ---------  --------  ----------  --------------  -------------------
/opt/airflow/dags/weekly_training_dag.py                           1           0  0.23s           2026-06-24T09:50:06
/opt/airflow/dags/review_timeout_dag.py                            1           0  0.25s           2026-06-24T09:50:06
================================================================================
[2026-06-24T09:50:57.711+0000] {manager.py:879} INFO - 
================================================================================
DAG File Processing Stats

File Path                                 PID    Runtime      # DAGs    # Errors  Last Runtime    Last Run
----------------------------------------  -----  ---------  --------  ----------  --------------  -------------------
/opt/airflow/dags/weekly_training_dag.py                           1           0  0.17s           2026-06-24T09:50:36
/opt/airflow/dags/review_timeout_dag.py                            1           0  0.19s           2026-06-24T09:50:36
================================================================================
[2026-06-24T09:51:27.971+0000] {manager.py:879} INFO - 
================================================================================
DAG File Processing Stats

File Path                                 PID    Runtime      # DAGs    # Errors  Last Runtime    Last Run
----------------------------------------  -----  ---------  --------  ----------  --------------  -------------------
/opt/airflow/dags/weekly_training_dag.py                           1           0  0.17s           2026-06-24T09:51:06
/opt/airflow/dags/review_timeout_dag.py                            1           0  0.20s           2026-06-24T09:51:06
================================================================================
[2026-06-24T09:51:58.386+0000] {manager.py:879} INFO - 
================================================================================
DAG File Processing Stats

File Path                                 PID    Runtime      # DAGs    # Errors  Last Runtime    Last Run
----------------------------------------  -----  ---------  --------  ----------  --------------  -------------------
/opt/airflow/dags/weekly_training_dag.py                           1           0  0.16s           2026-06-24T09:51:37
/opt/airflow/dags/review_timeout_dag.py                            1           0  0.18s           2026-06-24T09:51:37
================================================================================
[2026-06-24T09:52:28.651+0000] {manager.py:879} INFO - 
================================================================================
DAG File Processing Stats

File Path                                 PID    Runtime      # DAGs    # Errors  Last Runtime    Last Run
----------------------------------------  -----  ---------  --------  ----------  --------------  -------------------
/opt/airflow/dags/weekly_training_dag.py                           1           0  0.21s           2026-06-24T09:52:07
/opt/airflow/dags/review_timeout_dag.py                            1           0  0.23s           2026-06-24T09:52:07
================================================================================
[2026-06-24T09:52:59.023+0000] {manager.py:879} INFO - 
================================================================================
DAG File Processing Stats

File Path                                 PID    Runtime      # DAGs    # Errors  Last Runtime    Last Run
----------------------------------------  -----  ---------  --------  ----------  --------------  -------------------
/opt/airflow/dags/weekly_training_dag.py                           1           0  0.33s           2026-06-24T09:52:38
/opt/airflow/dags/review_timeout_dag.py                            1           0  0.35s           2026-06-24T09:52:38
================================================================================
[2026-06-24T09:53:29.652+0000] {manager.py:879} INFO - 
================================================================================
DAG File Processing Stats

File Path                                 PID    Runtime      # DAGs    # Errors  Last Runtime    Last Run
----------------------------------------  -----  ---------  --------  ----------  --------------  -------------------
/opt/airflow/dags/weekly_training_dag.py                           1           0  0.16s           2026-06-24T09:53:08
/opt/airflow/dags/review_timeout_dag.py                            1           0  0.18s           2026-06-24T09:53:08
================================================================================
[2026-06-24T09:53:40.892+0000] {manager.py:738} INFO - Searching for files in /opt/airflow/dags
[2026-06-24T09:53:40.918+0000] {manager.py:741} INFO - There are 2 files in /opt/airflow/dags
[2026-06-24T09:54:00.150+0000] {manager.py:879} INFO - 
================================================================================
DAG File Processing Stats

File Path                                 PID    Runtime      # DAGs    # Errors  Last Runtime    Last Run
----------------------------------------  -----  ---------  --------  ----------  --------------  -------------------
/opt/airflow/dags/weekly_training_dag.py                           1           0  0.19s           2026-06-24T09:53:38
/opt/airflow/dags/review_timeout_dag.py                            1           0  0.23s           2026-06-24T09:53:38
================================================================================
[2026-06-24T09:54:30.672+0000] {manager.py:879} INFO - 
================================================================================
DAG File Processing Stats

File Path                                 PID    Runtime      # DAGs    # Errors  Last Runtime    Last Run
----------------------------------------  -----  ---------  --------  ----------  --------------  -------------------
/opt/airflow/dags/weekly_training_dag.py                           1           0  0.16s           2026-06-24T09:54:09
/opt/airflow/dags/review_timeout_dag.py                            1           0  0.17s           2026-06-24T09:54:09
================================================================================
[2026-06-24T09:55:00.999+0000] {manager.py:879} INFO - 
================================================================================
DAG File Processing Stats

File Path                                 PID    Runtime      # DAGs    # Errors  Last Runtime    Last Run
----------------------------------------  -----  ---------  --------  ----------  --------------  -------------------
/opt/airflow/dags/weekly_training_dag.py                           1           0  0.24s           2026-06-24T09:54:40
/opt/airflow/dags/review_timeout_dag.py                            1           0  0.27s           2026-06-24T09:54:40
================================================================================
[2026-06-24T09:55:31.383+0000] {manager.py:879} INFO - 
================================================================================
DAG File Processing Stats

File Path                                 PID    Runtime      # DAGs    # Errors  Last Runtime    Last Run
----------------------------------------  -----  ---------  --------  ----------  --------------  -------------------
/opt/airflow/dags/weekly_training_dag.py                           1           0  0.27s           2026-06-24T09:55:10
/opt/airflow/dags/review_timeout_dag.py                            1           0  0.30s           2026-06-24T09:55:10
================================================================================
[2026-06-24T09:56:01.927+0000] {manager.py:879} INFO - 
================================================================================
DAG File Processing Stats

File Path                                 PID    Runtime      # DAGs    # Errors  Last Runtime    Last Run
----------------------------------------  -----  ---------  --------  ----------  --------------  -------------------
/opt/airflow/dags/weekly_training_dag.py                           1           0  0.15s           2026-06-24T09:55:40
/opt/airflow/dags/review_timeout_dag.py                            1           0  0.17s           2026-06-24T09:55:40
================================================================================
[2026-06-24T09:56:32.312+0000] {manager.py:879} INFO - 
================================================================================
DAG File Processing Stats

File Path                                 PID    Runtime      # DAGs    # Errors  Last Runtime    Last Run
----------------------------------------  -----  ---------  --------  ----------  --------------  -------------------
/opt/airflow/dags/weekly_training_dag.py                           1           0  0.28s           2026-06-24T09:56:11
/opt/airflow/dags/review_timeout_dag.py                            1           0  0.32s           2026-06-24T09:56:11
================================================================================
[2026-06-24T09:57:02.808+0000] {manager.py:879} INFO - 
================================================================================
DAG File Processing Stats

File Path                                 PID    Runtime      # DAGs    # Errors  Last Runtime    Last Run
----------------------------------------  -----  ---------  --------  ----------  --------------  -------------------
/opt/airflow/dags/weekly_training_dag.py                           1           0  0.27s           2026-06-24T09:56:41
/opt/airflow/dags/review_timeout_dag.py                            1           0  0.30s           2026-06-24T09:56:41
================================================================================
[2026-06-24T09:57:33.073+0000] {manager.py:879} INFO - 
================================================================================
DAG File Processing Stats

File Path                                 PID    Runtime      # DAGs    # Errors  Last Runtime    Last Run
----------------------------------------  -----  ---------  --------  ----------  --------------  -------------------
/opt/airflow/dags/weekly_training_dag.py                           1           0  0.15s           2026-06-24T09:57:12
/opt/airflow/dags/review_timeout_dag.py                            1           0  0.18s           2026-06-24T09:57:12
================================================================================
[2026-06-24T09:58:03.446+0000] {manager.py:879} INFO - 
================================================================================
DAG File Processing Stats

File Path                                 PID    Runtime      # DAGs    # Errors  Last Runtime    Last Run
----------------------------------------  -----  ---------  --------  ----------  --------------  -------------------
/opt/airflow/dags/weekly_training_dag.py                           1           0  0.27s           2026-06-24T09:57:42
/opt/airflow/dags/review_timeout_dag.py                            1           0  0.31s           2026-06-24T09:57:42
================================================================================
[2026-06-24T09:58:33.894+0000] {manager.py:879} INFO - 
================================================================================
DAG File Processing Stats

File Path                                 PID    Runtime      # DAGs    # Errors  Last Runtime    Last Run
----------------------------------------  -----  ---------  --------  ----------  --------------  -------------------
/opt/airflow/dags/weekly_training_dag.py                           1           0  0.19s           2026-06-24T09:58:12
/opt/airflow/dags/review_timeout_dag.py                            1           0  0.21s           2026-06-24T09:58:12
================================================================================
[2026-06-24T09:58:40.953+0000] {manager.py:738} INFO - Searching for files in /opt/airflow/dags
[2026-06-24T09:58:40.986+0000] {manager.py:741} INFO - There are 2 files in /opt/airflow/dags
[2026-06-24T09:59:04.332+0000] {manager.py:879} INFO - 
================================================================================
DAG File Processing Stats

File Path                                 PID    Runtime      # DAGs    # Errors  Last Runtime    Last Run
----------------------------------------  -----  ---------  --------  ----------  --------------  -------------------
/opt/airflow/dags/weekly_training_dag.py                           1           0  0.22s           2026-06-24T09:58:43
/opt/airflow/dags/review_timeout_dag.py                            1           0  0.25s           2026-06-24T09:58:43
================================================================================
[2026-06-24T09:59:34.699+0000] {manager.py:879} INFO - 
================================================================================
DAG File Processing Stats

File Path                                 PID    Runtime      # DAGs    # Errors  Last Runtime    Last Run
----------------------------------------  -----  ---------  --------  ----------  --------------  -------------------
/opt/airflow/dags/weekly_training_dag.py                           1           0  0.20s           2026-06-24T09:59:13
/opt/airflow/dags/review_timeout_dag.py                            1           0  0.21s           2026-06-24T09:59:13
================================================================================
[2026-06-24T10:00:04.976+0000] {manager.py:879} INFO - 
================================================================================
DAG File Processing Stats

File Path                                 PID    Runtime      # DAGs    # Errors  Last Runtime    Last Run
----------------------------------------  -----  ---------  --------  ----------  --------------  -------------------
/opt/airflow/dags/weekly_training_dag.py                           1           0  0.15s           2026-06-24T09:59:43
/opt/airflow/dags/review_timeout_dag.py                            1           0  0.16s           2026-06-24T09:59:43
================================================================================
[2026-06-24T10:00:35.295+0000] {manager.py:879} INFO - 
================================================================================
DAG File Processing Stats

File Path                                 PID    Runtime      # DAGs    # Errors  Last Runtime    Last Run
----------------------------------------  -----  ---------  --------  ----------  --------------  -------------------
/opt/airflow/dags/weekly_training_dag.py                           1           0  0.28s           2026-06-24T10:00:14
/opt/airflow/dags/review_timeout_dag.py                            1           0  0.31s           2026-06-24T10:00:14
================================================================================
[2026-06-24T10:01:06.110+0000] {manager.py:879} INFO - 
================================================================================
DAG File Processing Stats

File Path                                 PID    Runtime      # DAGs    # Errors  Last Runtime    Last Run
----------------------------------------  -----  ---------  --------  ----------  --------------  -------------------
/opt/airflow/dags/weekly_training_dag.py                           1           0  0.31s           2026-06-24T10:00:45
/opt/airflow/dags/review_timeout_dag.py                            1           0  0.36s           2026-06-24T10:00:45
================================================================================
[2026-06-24T10:01:36.870+0000] {manager.py:879} INFO - 
================================================================================
DAG File Processing Stats

File Path                                 PID    Runtime      # DAGs    # Errors  Last Runtime    Last Run
----------------------------------------  -----  ---------  --------  ----------  --------------  -------------------
/opt/airflow/dags/weekly_training_dag.py                           1           0  0.30s           2026-06-24T10:01:15
/opt/airflow/dags/review_timeout_dag.py                            1           0  0.32s           2026-06-24T10:01:15
================================================================================
[2026-06-24T10:02:07.259+0000] {manager.py:879} INFO - 
================================================================================
DAG File Processing Stats

File Path                                 PID    Runtime      # DAGs    # Errors  Last Runtime    Last Run
----------------------------------------  -----  ---------  --------  ----------  --------------  -------------------
/opt/airflow/dags/weekly_training_dag.py                           1           0  0.32s           2026-06-24T10:01:46
/opt/airflow/dags/review_timeout_dag.py                            1           0  0.34s           2026-06-24T10:01:46
================================================================================
[2026-06-24T10:02:38.122+0000] {manager.py:879} INFO - 
================================================================================
DAG File Processing Stats

File Path                                 PID    Runtime      # DAGs    # Errors  Last Runtime    Last Run
----------------------------------------  -----  ---------  --------  ----------  --------------  -------------------
/opt/airflow/dags/weekly_training_dag.py                           1           0  0.22s           2026-06-24T10:02:17
/opt/airflow/dags/review_timeout_dag.py                            1           0  0.24s           2026-06-24T10:02:17
================================================================================
[2026-06-24T10:03:08.685+0000] {manager.py:879} INFO - 
================================================================================
DAG File Processing Stats

File Path                                 PID    Runtime      # DAGs    # Errors  Last Runtime    Last Run
----------------------------------------  -----  ---------  --------  ----------  --------------  -------------------
/opt/airflow/dags/weekly_training_dag.py                           1           0  0.92s           2026-06-24T10:02:49
/opt/airflow/dags/review_timeout_dag.py                            1           0  1.00s           2026-06-24T10:02:49
================================================================================
[2026-06-24T10:03:38.731+0000] {manager.py:879} INFO - 
================================================================================
DAG File Processing Stats

File Path                                 PID    Runtime      # DAGs    # Errors  Last Runtime    Last Run
----------------------------------------  -----  ---------  --------  ----------  --------------  -------------------
/opt/airflow/dags/weekly_training_dag.py                           1           0  1.12s           2026-06-24T10:03:21
/opt/airflow/dags/review_timeout_dag.py                            1           0  1.27s           2026-06-24T10:03:21
================================================================================
[2026-06-24T10:03:41.749+0000] {manager.py:738} INFO - Searching for files in /opt/airflow/dags
[2026-06-24T10:03:41.759+0000] {manager.py:741} INFO - There are 2 files in /opt/airflow/dags
[2026-06-24T10:04:09.329+0000] {manager.py:879} INFO - 
================================================================================
DAG File Processing Stats

File Path                                 PID    Runtime      # DAGs    # Errors  Last Runtime    Last Run
----------------------------------------  -----  ---------  --------  ----------  --------------  -------------------
/opt/airflow/dags/weekly_training_dag.py                           1           0  1.16s           2026-06-24T10:03:53
/opt/airflow/dags/review_timeout_dag.py                            1           0  1.28s           2026-06-24T10:03:53
================================================================================
[2026-06-24T10:04:39.458+0000] {manager.py:879} INFO - 
================================================================================
DAG File Processing Stats

File Path                                 PID    Runtime      # DAGs    # Errors  Last Runtime    Last Run
----------------------------------------  -----  ---------  --------  ----------  --------------  -------------------
/opt/airflow/dags/weekly_training_dag.py                           1           0  0.40s           2026-06-24T10:04:24
/opt/airflow/dags/review_timeout_dag.py                            1           0  0.47s           2026-06-24T10:04:24
================================================================================
[2026-06-24T10:05:09.675+0000] {manager.py:879} INFO - 
================================================================================
DAG File Processing Stats

File Path                                 PID    Runtime      # DAGs    # Errors  Last Runtime    Last Run
----------------------------------------  -----  ---------  --------  ----------  --------------  -------------------
/opt/airflow/dags/weekly_training_dag.py                           1           0  0.34s           2026-06-24T10:04:55
/opt/airflow/dags/review_timeout_dag.py                            1           0  0.39s           2026-06-24T10:04:55
================================================================================
[2026-06-24T10:05:40.624+0000] {manager.py:879} INFO - 
================================================================================
DAG File Processing Stats

File Path                                 PID    Runtime      # DAGs    # Errors  Last Runtime    Last Run
----------------------------------------  -----  ---------  --------  ----------  --------------  -------------------
/opt/airflow/dags/weekly_training_dag.py                           1           0  0.34s           2026-06-24T10:05:26
/opt/airflow/dags/review_timeout_dag.py                            1           0  0.38s           2026-06-24T10:05:26
================================================================================
[2026-06-24T10:06:11.224+0000] {manager.py:879} INFO - 
================================================================================
DAG File Processing Stats

File Path                                 PID    Runtime      # DAGs    # Errors  Last Runtime    Last Run
----------------------------------------  -----  ---------  --------  ----------  --------------  -------------------
/opt/airflow/dags/weekly_training_dag.py                           1           0  0.28s           2026-06-24T10:05:57
/opt/airflow/dags/review_timeout_dag.py                            1           0  0.31s           2026-06-24T10:05:57
================================================================================
[2026-06-24T10:06:41.996+0000] {manager.py:879} INFO - 
================================================================================
DAG File Processing Stats

File Path                                 PID    Runtime      # DAGs    # Errors  Last Runtime    Last Run
----------------------------------------  -----  ---------  --------  ----------  --------------  -------------------
/opt/airflow/dags/weekly_training_dag.py                           1           0  0.42s           2026-06-24T10:06:27
/opt/airflow/dags/review_timeout_dag.py                            1           0  0.47s           2026-06-24T10:06:27
================================================================================
[2026-06-24T10:07:12.160+0000] {manager.py:879} INFO - 
================================================================================
DAG File Processing Stats

File Path                                 PID    Runtime      # DAGs    # Errors  Last Runtime    Last Run
----------------------------------------  -----  ---------  --------  ----------  --------------  -------------------
/opt/airflow/dags/weekly_training_dag.py                           1           0  0.47s           2026-06-24T10:06:59
/opt/airflow/dags/review_timeout_dag.py                            1           0  0.57s           2026-06-24T10:06:59
================================================================================
[2026-06-24T10:07:42.735+0000] {manager.py:879} INFO - 
================================================================================
DAG File Processing Stats

File Path                                 PID    Runtime      # DAGs    # Errors  Last Runtime    Last Run
----------------------------------------  -----  ---------  --------  ----------  --------------  -------------------
/opt/airflow/dags/weekly_training_dag.py                           1           0  0.26s           2026-06-24T10:07:29
/opt/airflow/dags/review_timeout_dag.py                            1           0  0.29s           2026-06-24T10:07:29
================================================================================
[2026-06-24T10:08:13.012+0000] {manager.py:879} INFO - 
================================================================================
DAG File Processing Stats

File Path                                 PID    Runtime      # DAGs    # Errors  Last Runtime    Last Run
----------------------------------------  -----  ---------  --------  ----------  --------------  -------------------
/opt/airflow/dags/weekly_training_dag.py                           1           0  1.60s           2026-06-24T10:08:01
/opt/airflow/dags/review_timeout_dag.py                            1           0  1.63s           2026-06-24T10:08:01
================================================================================
[2026-06-24T10:08:42.166+0000] {manager.py:738} INFO - Searching for files in /opt/airflow/dags
[2026-06-24T10:08:42.181+0000] {manager.py:741} INFO - There are 2 files in /opt/airflow/dags
[2026-06-24T10:08:43.244+0000] {manager.py:879} INFO - 
================================================================================
DAG File Processing Stats

File Path                                 PID    Runtime      # DAGs    # Errors  Last Runtime    Last Run
----------------------------------------  -----  ---------  --------  ----------  --------------  -------------------
/opt/airflow/dags/weekly_training_dag.py                           1           0  0.44s           2026-06-24T10:08:32
/opt/airflow/dags/review_timeout_dag.py                            1           0  0.46s           2026-06-24T10:08:32
================================================================================
[2026-06-24T10:09:13.429+0000] {manager.py:879} INFO - 
================================================================================
DAG File Processing Stats

File Path                                 PID    Runtime      # DAGs    # Errors  Last Runtime    Last Run
----------------------------------------  -----  ---------  --------  ----------  --------------  -------------------
/opt/airflow/dags/weekly_training_dag.py                           1           0  0.32s           2026-06-24T10:09:03
/opt/airflow/dags/review_timeout_dag.py                            1           0  0.37s           2026-06-24T10:09:03
================================================================================
[2026-06-24T10:09:44.081+0000] {manager.py:879} INFO - 
================================================================================
DAG File Processing Stats

File Path                                 PID    Runtime      # DAGs    # Errors  Last Runtime    Last Run
----------------------------------------  -----  ---------  --------  ----------  --------------  -------------------
/opt/airflow/dags/weekly_training_dag.py                           1           0  0.67s           2026-06-24T10:09:34
/opt/airflow/dags/review_timeout_dag.py                            1           0  0.71s           2026-06-24T10:09:34
================================================================================
[2026-06-24T10:10:14.676+0000] {manager.py:879} INFO - 
================================================================================
DAG File Processing Stats

File Path                                 PID    Runtime      # DAGs    # Errors  Last Runtime    Last Run
----------------------------------------  -----  ---------  --------  ----------  --------------  -------------------
/opt/airflow/dags/weekly_training_dag.py                           1           0  0.90s           2026-06-24T10:10:06
/opt/airflow/dags/review_timeout_dag.py                            1           0  0.97s           2026-06-24T10:10:06
================================================================================
[2026-06-24T10:10:45.114+0000] {manager.py:879} INFO - 
================================================================================
DAG File Processing Stats

File Path                                 PID    Runtime      # DAGs    # Errors  Last Runtime    Last Run
----------------------------------------  -----  ---------  --------  ----------  --------------  -------------------
/opt/airflow/dags/weekly_training_dag.py                           1           0  0.33s           2026-06-24T10:10:37
/opt/airflow/dags/review_timeout_dag.py                            1           0  0.37s           2026-06-24T10:10:37
================================================================================
[2026-06-24T10:11:15.664+0000] {manager.py:879} INFO - 
================================================================================
DAG File Processing Stats

File Path                                 PID    Runtime      # DAGs    # Errors  Last Runtime    Last Run
----------------------------------------  -----  ---------  --------  ----------  --------------  -------------------
/opt/airflow/dags/weekly_training_dag.py                           1           0  0.15s           2026-06-24T10:11:07
/opt/airflow/dags/review_timeout_dag.py                            1           0  0.16s           2026-06-24T10:11:07
================================================================================
[2026-06-24T10:11:46.006+0000] {manager.py:879} INFO - 
================================================================================
DAG File Processing Stats

File Path                                 PID    Runtime      # DAGs    # Errors  Last Runtime    Last Run
----------------------------------------  -----  ---------  --------  ----------  --------------  -------------------
/opt/airflow/dags/weekly_training_dag.py                           1           0  0.33s           2026-06-24T10:11:38
/opt/airflow/dags/review_timeout_dag.py                            1           0  0.35s           2026-06-24T10:11:38
================================================================================
[2026-06-24T10:12:16.487+0000] {manager.py:879} INFO - 
================================================================================
DAG File Processing Stats

File Path                                 PID    Runtime      # DAGs    # Errors  Last Runtime    Last Run
----------------------------------------  -----  ---------  --------  ----------  --------------  -------------------
/opt/airflow/dags/weekly_training_dag.py                           1           0  0.21s           2026-06-24T10:12:08
/opt/airflow/dags/review_timeout_dag.py                            1           0  0.22s           2026-06-24T10:12:08
================================================================================
[2026-06-24T10:12:46.961+0000] {manager.py:879} INFO - 
================================================================================
DAG File Processing Stats

File Path                                 PID    Runtime      # DAGs    # Errors  Last Runtime    Last Run
----------------------------------------  -----  ---------  --------  ----------  --------------  -------------------
/opt/airflow/dags/weekly_training_dag.py                           1           0  0.15s           2026-06-24T10:12:38
/opt/airflow/dags/review_timeout_dag.py                            1           0  0.16s           2026-06-24T10:12:38
================================================================================
[2026-06-24T10:13:17.326+0000] {manager.py:879} INFO - 
================================================================================
DAG File Processing Stats

File Path                                 PID    Runtime      # DAGs    # Errors  Last Runtime    Last Run
----------------------------------------  -----  ---------  --------  ----------  --------------  -------------------
/opt/airflow/dags/weekly_training_dag.py                           1           0  0.71s           2026-06-24T10:13:10
/opt/airflow/dags/review_timeout_dag.py                            1           0  0.73s           2026-06-24T10:13:10
================================================================================
[2026-06-24T10:13:42.724+0000] {manager.py:738} INFO - Searching for files in /opt/airflow/dags
[2026-06-24T10:13:42.730+0000] {manager.py:741} INFO - There are 2 files in /opt/airflow/dags
[2026-06-24T10:13:47.782+0000] {manager.py:879} INFO - 
================================================================================
DAG File Processing Stats

File Path                                 PID    Runtime      # DAGs    # Errors  Last Runtime    Last Run
----------------------------------------  -----  ---------  --------  ----------  --------------  -------------------
/opt/airflow/dags/weekly_training_dag.py                           1           0  0.26s           2026-06-24T10:13:40
/opt/airflow/dags/review_timeout_dag.py                            1           0  0.31s           2026-06-24T10:13:40
================================================================================
[2026-06-24T10:14:18.161+0000] {manager.py:879} INFO - 
================================================================================
DAG File Processing Stats

File Path                                 PID    Runtime      # DAGs    # Errors  Last Runtime    Last Run
----------------------------------------  -----  ---------  --------  ----------  --------------  -------------------
/opt/airflow/dags/weekly_training_dag.py                           1           0  0.32s           2026-06-24T10:14:11
/opt/airflow/dags/review_timeout_dag.py                            1           0  0.34s           2026-06-24T10:14:11
================================================================================
[2026-06-24T10:14:48.371+0000] {manager.py:879} INFO - 
================================================================================
DAG File Processing Stats

File Path                                 PID    Runtime      # DAGs    # Errors  Last Runtime    Last Run
----------------------------------------  -----  ---------  --------  ----------  --------------  -------------------
/opt/airflow/dags/weekly_training_dag.py                           1           0  0.64s           2026-06-24T10:14:42
/opt/airflow/dags/review_timeout_dag.py                            1           0  0.90s           2026-06-24T10:14:42
================================================================================
[2026-06-24T10:15:18.497+0000] {manager.py:879} INFO - 
================================================================================
DAG File Processing Stats

File Path                                 PID    Runtime      # DAGs    # Errors  Last Runtime    Last Run
----------------------------------------  -----  ---------  --------  ----------  --------------  -------------------
/opt/airflow/dags/weekly_training_dag.py                           1           0  0.24s           2026-06-24T10:15:13
/opt/airflow/dags/review_timeout_dag.py                            1           0  0.26s           2026-06-24T10:15:13
================================================================================
[2026-06-24T10:15:49.049+0000] {manager.py:879} INFO - 
================================================================================
DAG File Processing Stats

File Path                                 PID    Runtime      # DAGs    # Errors  Last Runtime    Last Run
----------------------------------------  -----  ---------  --------  ----------  --------------  -------------------
/opt/airflow/dags/weekly_training_dag.py                           1           0  0.22s           2026-06-24T10:15:44
/opt/airflow/dags/review_timeout_dag.py                            1           0  0.24s           2026-06-24T10:15:44
================================================================================
[2026-06-24T10:16:19.639+0000] {manager.py:879} INFO - 
================================================================================
DAG File Processing Stats

File Path                                 PID    Runtime      # DAGs    # Errors  Last Runtime    Last Run
----------------------------------------  -----  ---------  --------  ----------  --------------  -------------------
/opt/airflow/dags/weekly_training_dag.py                           1           0  0.29s           2026-06-24T10:16:14
/opt/airflow/dags/review_timeout_dag.py                            1           0  0.30s           2026-06-24T10:16:14
================================================================================
[2026-06-24T10:16:50.050+0000] {manager.py:879} INFO - 
================================================================================
DAG File Processing Stats

File Path                                 PID    Runtime      # DAGs    # Errors  Last Runtime    Last Run
----------------------------------------  -----  ---------  --------  ----------  --------------  -------------------
/opt/airflow/dags/weekly_training_dag.py                           1           0  0.19s           2026-06-24T10:16:45
/opt/airflow/dags/review_timeout_dag.py                            1           0  0.20s           2026-06-24T10:16:45
================================================================================
[2026-06-24T10:17:20.343+0000] {manager.py:879} INFO - 
================================================================================
DAG File Processing Stats

File Path                                 PID    Runtime      # DAGs    # Errors  Last Runtime    Last Run
----------------------------------------  -----  ---------  --------  ----------  --------------  -------------------
/opt/airflow/dags/weekly_training_dag.py                           1           0  0.13s           2026-06-24T10:17:15
/opt/airflow/dags/review_timeout_dag.py                            1           0  0.14s           2026-06-24T10:17:15
================================================================================
[2026-06-24T10:17:50.621+0000] {manager.py:879} INFO - 
================================================================================
DAG File Processing Stats

File Path                                 PID    Runtime      # DAGs    # Errors  Last Runtime    Last Run
----------------------------------------  -----  ---------  --------  ----------  --------------  -------------------
/opt/airflow/dags/weekly_training_dag.py                           1           0  0.15s           2026-06-24T10:17:45
/opt/airflow/dags/review_timeout_dag.py                            1           0  0.16s           2026-06-24T10:17:45
================================================================================
[2026-06-24T10:18:20.990+0000] {manager.py:879} INFO - 
================================================================================
DAG File Processing Stats

File Path                                 PID    Runtime      # DAGs    # Errors  Last Runtime    Last Run
----------------------------------------  -----  ---------  --------  ----------  --------------  -------------------
/opt/airflow/dags/weekly_training_dag.py                           1           0  0.20s           2026-06-24T10:18:16
/opt/airflow/dags/review_timeout_dag.py                            1           0  0.22s           2026-06-24T10:18:16
================================================================================
[2026-06-24T10:18:43.274+0000] {manager.py:738} INFO - Searching for files in /opt/airflow/dags
[2026-06-24T10:18:43.335+0000] {manager.py:741} INFO - There are 2 files in /opt/airflow/dags
[2026-06-24T10:18:51.203+0000] {manager.py:879} INFO - 
================================================================================
DAG File Processing Stats

File Path                                 PID    Runtime      # DAGs    # Errors  Last Runtime    Last Run
----------------------------------------  -----  ---------  --------  ----------  --------------  -------------------
/opt/airflow/dags/weekly_training_dag.py                           1           0  1.35s           2026-06-24T10:18:48
/opt/airflow/dags/review_timeout_dag.py                            1           0  1.47s           2026-06-24T10:18:48
================================================================================
[2026-06-24T10:19:21.335+0000] {manager.py:879} INFO - 
================================================================================
DAG File Processing Stats

File Path                                 PID    Runtime      # DAGs    # Errors  Last Runtime    Last Run
----------------------------------------  -----  ---------  --------  ----------  --------------  -------------------
/opt/airflow/dags/weekly_training_dag.py                           1           0  0.45s           2026-06-24T10:19:19
/opt/airflow/dags/review_timeout_dag.py                            1           0  0.50s           2026-06-24T10:19:19
================================================================================
[2026-06-24T10:19:51.736+0000] {manager.py:879} INFO - 
================================================================================
DAG File Processing Stats

File Path                                 PID    Runtime      # DAGs    # Errors  Last Runtime    Last Run
----------------------------------------  -----  ---------  --------  ----------  --------------  -------------------
/opt/airflow/dags/weekly_training_dag.py                           1           0  0.42s           2026-06-24T10:19:50
/opt/airflow/dags/review_timeout_dag.py                            1           0  0.44s           2026-06-24T10:19:50
================================================================================
[2026-06-24T10:20:21.755+0000] {manager.py:879} INFO - 
================================================================================
DAG File Processing Stats

File Path                                 PID    Runtime      # DAGs    # Errors  Last Runtime    Last Run
----------------------------------------  -----  ---------  --------  ----------  --------------  -------------------
/opt/airflow/dags/weekly_training_dag.py                           1           0  0.36s           2026-06-24T10:20:21
/opt/airflow/dags/review_timeout_dag.py                            1           0  0.38s           2026-06-24T10:20:21
================================================================================
[2026-06-24T10:20:52.352+0000] {manager.py:879} INFO - 
================================================================================
DAG File Processing Stats

File Path                                 PID    Runtime      # DAGs    # Errors  Last Runtime    Last Run
----------------------------------------  -----  ---------  --------  ----------  --------------  -------------------
/opt/airflow/dags/weekly_training_dag.py                           1           0  0.34s           2026-06-24T10:20:51
/opt/airflow/dags/review_timeout_dag.py                            1           0  0.40s           2026-06-24T10:20:51
================================================================================
[2026-06-24T10:21:22.943+0000] {manager.py:879} INFO - 
================================================================================
DAG File Processing Stats

File Path                                 PID    Runtime      # DAGs    # Errors  Last Runtime    Last Run
----------------------------------------  -----  ---------  --------  ----------  --------------  -------------------
/opt/airflow/dags/weekly_training_dag.py                           1           0  0.23s           2026-06-24T10:21:22
/opt/airflow/dags/review_timeout_dag.py                            1           0  0.25s           2026-06-24T10:21:22
================================================================================
[2026-06-24T10:21:53.341+0000] {manager.py:879} INFO - 
================================================================================
DAG File Processing Stats

File Path                                 PID    Runtime      # DAGs    # Errors  Last Runtime    Last Run
----------------------------------------  -----  ---------  --------  ----------  --------------  -------------------
/opt/airflow/dags/weekly_training_dag.py                           1           0  0.17s           2026-06-24T10:21:52
/opt/airflow/dags/review_timeout_dag.py                            1           0  0.19s           2026-06-24T10:21:52
================================================================================
[2026-06-24T10:22:23.689+0000] {manager.py:879} INFO - 
================================================================================
DAG File Processing Stats

File Path                                 PID    Runtime      # DAGs    # Errors  Last Runtime    Last Run
----------------------------------------  -----  ---------  --------  ----------  --------------  -------------------
/opt/airflow/dags/weekly_training_dag.py                           1           0  0.23s           2026-06-24T10:22:22
/opt/airflow/dags/review_timeout_dag.py                            1           0  0.26s           2026-06-24T10:22:22
================================================================================
[2026-06-24T10:22:54.104+0000] {manager.py:879} INFO - 
================================================================================
DAG File Processing Stats

File Path                                 PID    Runtime      # DAGs    # Errors  Last Runtime    Last Run
----------------------------------------  -----  ---------  --------  ----------  --------------  -------------------
/opt/airflow/dags/weekly_training_dag.py                           1           0  0.30s           2026-06-24T10:22:53
/opt/airflow/dags/review_timeout_dag.py                            1           0  0.33s           2026-06-24T10:22:53
================================================================================
[2026-06-24T10:23:24.549+0000] {manager.py:879} INFO - 
================================================================================
DAG File Processing Stats

File Path                                 PID    Runtime      # DAGs    # Errors  Last Runtime    Last Run
----------------------------------------  -----  ---------  --------  ----------  --------------  -------------------
/opt/airflow/dags/weekly_training_dag.py                           1           0  0.28s           2026-06-24T10:23:23
/opt/airflow/dags/review_timeout_dag.py                            1           0  0.30s           2026-06-24T10:23:23
================================================================================
[2026-06-24T10:23:43.918+0000] {manager.py:738} INFO - Searching for files in /opt/airflow/dags
[2026-06-24T10:23:43.942+0000] {manager.py:741} INFO - There are 2 files in /opt/airflow/dags
[2026-06-24T10:23:55.501+0000] {manager.py:879} INFO - 
================================================================================
DAG File Processing Stats

File Path                                 PID    Runtime      # DAGs    # Errors  Last Runtime    Last Run
----------------------------------------  -----  ---------  --------  ----------  --------------  -------------------
/opt/airflow/dags/weekly_training_dag.py                           1           0  0.31s           2026-06-24T10:23:54
/opt/airflow/dags/review_timeout_dag.py                            1           0  0.37s           2026-06-24T10:23:54
================================================================================
[2026-06-24T10:24:26.218+0000] {manager.py:879} INFO - 
================================================================================
DAG File Processing Stats

File Path                                 PID    Runtime      # DAGs    # Errors  Last Runtime    Last Run
----------------------------------------  -----  ---------  --------  ----------  --------------  -------------------
/opt/airflow/dags/weekly_training_dag.py                           1           0  0.26s           2026-06-24T10:24:25
/opt/airflow/dags/review_timeout_dag.py                            1           0  0.32s           2026-06-24T10:24:25
================================================================================
[2026-06-24T10:24:56.695+0000] {manager.py:879} INFO - 
================================================================================
DAG File Processing Stats

File Path                                 PID    Runtime      # DAGs    # Errors  Last Runtime    Last Run
----------------------------------------  -----  ---------  --------  ----------  --------------  -------------------
/opt/airflow/dags/weekly_training_dag.py                           1           0  0.26s           2026-06-24T10:24:55
/opt/airflow/dags/review_timeout_dag.py                            1           0  0.37s           2026-06-24T10:24:55
================================================================================
[2026-06-24T10:25:27.112+0000] {manager.py:879} INFO - 
================================================================================
DAG File Processing Stats

File Path                                 PID    Runtime      # DAGs    # Errors  Last Runtime    Last Run
----------------------------------------  -----  ---------  --------  ----------  --------------  -------------------
/opt/airflow/dags/weekly_training_dag.py                           1           0  0.15s           2026-06-24T10:25:26
/opt/airflow/dags/review_timeout_dag.py                            1           0  0.17s           2026-06-24T10:25:26
================================================================================
[2026-06-24T10:25:57.399+0000] {manager.py:879} INFO - 
================================================================================
DAG File Processing Stats

File Path                                 PID    Runtime      # DAGs    # Errors  Last Runtime    Last Run
----------------------------------------  -----  ---------  --------  ----------  --------------  -------------------
/opt/airflow/dags/weekly_training_dag.py                           1           0  0.25s           2026-06-24T10:25:56
/opt/airflow/dags/review_timeout_dag.py                            1           0  0.26s           2026-06-24T10:25:56
================================================================================
[2026-06-24T10:26:27.771+0000] {manager.py:879} INFO - 
================================================================================
DAG File Processing Stats

File Path                                 PID    Runtime      # DAGs    # Errors  Last Runtime    Last Run
----------------------------------------  -----  ---------  --------  ----------  --------------  -------------------
/opt/airflow/dags/weekly_training_dag.py                           1           0  0.91s           2026-06-24T10:26:27
/opt/airflow/dags/review_timeout_dag.py                            1           0  0.96s           2026-06-24T10:26:27
================================================================================
[2026-06-24T10:26:58.201+0000] {manager.py:879} INFO - 
================================================================================
DAG File Processing Stats

File Path                                   PID  Runtime      # DAGs    # Errors  Last Runtime    Last Run
----------------------------------------  -----  ---------  --------  ----------  --------------  -------------------
/opt/airflow/dags/weekly_training_dag.py   2552  0.01s             1           0  0.91s           2026-06-24T10:26:27
/opt/airflow/dags/review_timeout_dag.py    2549  0.05s             1           0  0.96s           2026-06-24T10:26:27
================================================================================
[2026-06-24T10:27:28.722+0000] {manager.py:879} INFO - 
================================================================================
DAG File Processing Stats

File Path                                   PID  Runtime      # DAGs    # Errors  Last Runtime    Last Run
----------------------------------------  -----  ---------  --------  ----------  --------------  -------------------
/opt/airflow/dags/weekly_training_dag.py   2562  0.01s             1           0  0.22s           2026-06-24T10:26:58
/opt/airflow/dags/review_timeout_dag.py    2559  0.04s             1           0  0.26s           2026-06-24T10:26:58
================================================================================
[2026-06-24T10:27:59.131+0000] {manager.py:879} INFO - 
================================================================================
DAG File Processing Stats

File Path                                   PID  Runtime      # DAGs    # Errors  Last Runtime    Last Run
----------------------------------------  -----  ---------  --------  ----------  --------------  -------------------
/opt/airflow/dags/weekly_training_dag.py   2572  0.01s             1           0  0.19s           2026-06-24T10:27:28
/opt/airflow/dags/review_timeout_dag.py    2569  0.02s             1           0  0.23s           2026-06-24T10:27:28
================================================================================
[2026-06-24T10:28:29.865+0000] {manager.py:879} INFO - 
================================================================================
DAG File Processing Stats

File Path                                   PID  Runtime      # DAGs    # Errors  Last Runtime    Last Run
----------------------------------------  -----  ---------  --------  ----------  --------------  -------------------
/opt/airflow/dags/weekly_training_dag.py   2581  0.01s             1           0  0.17s           2026-06-24T10:27:59
/opt/airflow/dags/review_timeout_dag.py    2579  0.02s             1           0  0.19s           2026-06-24T10:27:59
================================================================================
[2026-06-24T10:28:44.141+0000] {manager.py:738} INFO - Searching for files in /opt/airflow/dags
[2026-06-24T10:28:44.151+0000] {manager.py:741} INFO - There are 2 files in /opt/airflow/dags
[2026-06-24T10:29:00.313+0000] {manager.py:879} INFO - 
================================================================================
DAG File Processing Stats

File Path                                   PID  Runtime      # DAGs    # Errors  Last Runtime    Last Run
----------------------------------------  -----  ---------  --------  ----------  --------------  -------------------
/opt/airflow/dags/weekly_training_dag.py   2592  0.01s             1           0  0.17s           2026-06-24T10:28:30
/opt/airflow/dags/review_timeout_dag.py    2589  0.02s             1           0  0.19s           2026-06-24T10:28:30
================================================================================
[2026-06-24T10:29:30.630+0000] {manager.py:879} INFO - 
================================================================================
DAG File Processing Stats

File Path                                   PID  Runtime      # DAGs    # Errors  Last Runtime    Last Run
----------------------------------------  -----  ---------  --------  ----------  --------------  -------------------
/opt/airflow/dags/weekly_training_dag.py   2602  0.00s             1           0  0.17s           2026-06-24T10:29:00
/opt/airflow/dags/review_timeout_dag.py    2599  0.02s             1           0  0.18s           2026-06-24T10:29:00
================================================================================
[2026-06-24T10:30:01.134+0000] {manager.py:879} INFO - 
================================================================================
DAG File Processing Stats

File Path                                   PID  Runtime      # DAGs    # Errors  Last Runtime    Last Run
----------------------------------------  -----  ---------  --------  ----------  --------------  -------------------
/opt/airflow/dags/weekly_training_dag.py   2612  0.00s             1           0  0.14s           2026-06-24T10:29:30
/opt/airflow/dags/review_timeout_dag.py    2609  0.04s             1           0  0.16s           2026-06-24T10:29:30
================================================================================
[2026-06-24T10:30:31.771+0000] {manager.py:879} INFO - 
================================================================================
DAG File Processing Stats

File Path                                   PID  Runtime      # DAGs    # Errors  Last Runtime    Last Run
----------------------------------------  -----  ---------  --------  ----------  --------------  -------------------
/opt/airflow/dags/weekly_training_dag.py   2622  0.01s             1           0  0.33s           2026-06-24T10:30:01
/opt/airflow/dags/review_timeout_dag.py    2619  0.03s             1           0  0.36s           2026-06-24T10:30:01
================================================================================
[2026-06-24T10:31:02.284+0000] {manager.py:879} INFO - 
================================================================================
DAG File Processing Stats

File Path                                   PID  Runtime      # DAGs    # Errors  Last Runtime    Last Run
----------------------------------------  -----  ---------  --------  ----------  --------------  -------------------
/opt/airflow/dags/weekly_training_dag.py   2632  0.01s             1           0  0.21s           2026-06-24T10:30:31
/opt/airflow/dags/review_timeout_dag.py    2629  0.02s             1           0  0.23s           2026-06-24T10:30:31
================================================================================
[2026-06-24T10:31:32.764+0000] {manager.py:879} INFO - 
================================================================================
DAG File Processing Stats

File Path                                   PID  Runtime      # DAGs    # Errors  Last Runtime    Last Run
----------------------------------------  -----  ---------  --------  ----------  --------------  -------------------
/opt/airflow/dags/weekly_training_dag.py   2642  0.01s             1           0  0.16s           2026-06-24T10:31:02
/opt/airflow/dags/review_timeout_dag.py    2639  0.06s             1           0  0.17s           2026-06-24T10:31:02
================================================================================
[2026-06-24T10:32:03.142+0000] {manager.py:879} INFO - 
================================================================================
DAG File Processing Stats

File Path                                   PID  Runtime      # DAGs    # Errors  Last Runtime    Last Run
----------------------------------------  -----  ---------  --------  ----------  --------------  -------------------
/opt/airflow/dags/weekly_training_dag.py   2652  0.01s             1           0  0.29s           2026-06-24T10:31:33
/opt/airflow/dags/review_timeout_dag.py    2649  0.03s             1           0  0.34s           2026-06-24T10:31:33
================================================================================
[2026-06-24T10:32:33.748+0000] {manager.py:879} INFO - 
================================================================================
DAG File Processing Stats

File Path                                   PID  Runtime      # DAGs    # Errors  Last Runtime    Last Run
----------------------------------------  -----  ---------  --------  ----------  --------------  -------------------
/opt/airflow/dags/weekly_training_dag.py   2661  0.02s             1           0  0.21s           2026-06-24T10:32:03
/opt/airflow/dags/review_timeout_dag.py    2659  0.15s             1           0  0.23s           2026-06-24T10:32:03
================================================================================
[2026-06-24T10:33:04.080+0000] {manager.py:879} INFO - 
================================================================================
DAG File Processing Stats

File Path                                 PID    Runtime      # DAGs    # Errors  Last Runtime    Last Run
----------------------------------------  -----  ---------  --------  ----------  --------------  -------------------
/opt/airflow/dags/weekly_training_dag.py                           1           0  0.58s           2026-06-24T10:32:34
/opt/airflow/dags/review_timeout_dag.py                            1           0  0.70s           2026-06-24T10:32:34
================================================================================
[2026-06-24T10:33:35.002+0000] {manager.py:879} INFO - 
================================================================================
DAG File Processing Stats

File Path                                   PID  Runtime      # DAGs    # Errors  Last Runtime    Last Run
----------------------------------------  -----  ---------  --------  ----------  --------------  -------------------
/opt/airflow/dags/weekly_training_dag.py   2682  0.00s             1           0  0.17s           2026-06-24T10:33:04
/opt/airflow/dags/review_timeout_dag.py    2679  0.02s             1           0  0.19s           2026-06-24T10:33:04
================================================================================
[2026-06-24T10:33:44.187+0000] {manager.py:738} INFO - Searching for files in /opt/airflow/dags
[2026-06-24T10:33:44.197+0000] {manager.py:741} INFO - There are 2 files in /opt/airflow/dags
[2026-06-24T10:34:05.291+0000] {manager.py:879} INFO - 
================================================================================
DAG File Processing Stats

File Path                                   PID  Runtime      # DAGs    # Errors  Last Runtime    Last Run
----------------------------------------  -----  ---------  --------  ----------  --------------  -------------------
/opt/airflow/dags/weekly_training_dag.py   2692  0.01s             1           0  0.14s           2026-06-24T10:33:35
/opt/airflow/dags/review_timeout_dag.py    2689  0.03s             1           0  0.16s           2026-06-24T10:33:35
================================================================================
[2026-06-24T10:34:35.754+0000] {manager.py:879} INFO - 
================================================================================
DAG File Processing Stats

File Path                                   PID  Runtime      # DAGs    # Errors  Last Runtime    Last Run
----------------------------------------  -----  ---------  --------  ----------  --------------  -------------------
/opt/airflow/dags/weekly_training_dag.py   2702  0.01s             1           0  0.14s           2026-06-24T10:34:05
/opt/airflow/dags/review_timeout_dag.py    2699  0.05s             1           0  0.15s           2026-06-24T10:34:05
================================================================================
[2026-06-24T10:35:06.041+0000] {manager.py:879} INFO - 
================================================================================
DAG File Processing Stats

File Path                                 PID    Runtime      # DAGs    # Errors  Last Runtime    Last Run
----------------------------------------  -----  ---------  --------  ----------  --------------  -------------------
/opt/airflow/dags/weekly_training_dag.py                           1           0  0.35s           2026-06-24T10:34:36
/opt/airflow/dags/review_timeout_dag.py                            1           0  0.38s           2026-06-24T10:34:36
================================================================================
[2026-06-24T10:35:36.439+0000] {manager.py:879} INFO - 
================================================================================
DAG File Processing Stats

File Path                                 PID    Runtime      # DAGs    # Errors  Last Runtime    Last Run
----------------------------------------  -----  ---------  --------  ----------  --------------  -------------------
/opt/airflow/dags/weekly_training_dag.py                           1           0  0.54s           2026-06-24T10:35:06
/opt/airflow/dags/review_timeout_dag.py                            1           0  0.54s           2026-06-24T10:35:06
================================================================================
[2026-06-24T10:36:07.052+0000] {manager.py:879} INFO - 
================================================================================
DAG File Processing Stats

File Path                                 PID    Runtime      # DAGs    # Errors  Last Runtime    Last Run
----------------------------------------  -----  ---------  --------  ----------  --------------  -------------------
/opt/airflow/dags/weekly_training_dag.py                           1           0  0.90s           2026-06-24T10:35:38
/opt/airflow/dags/review_timeout_dag.py                            1           0  1.01s           2026-06-24T10:35:38
================================================================================
[2026-06-24T10:36:38.002+0000] {manager.py:879} INFO - 
================================================================================
DAG File Processing Stats

File Path                                 PID    Runtime      # DAGs    # Errors  Last Runtime    Last Run
----------------------------------------  -----  ---------  --------  ----------  --------------  -------------------
/opt/airflow/dags/weekly_training_dag.py                           1           0  0.39s           2026-06-24T10:36:09
/opt/airflow/dags/review_timeout_dag.py                            1           0  0.42s           2026-06-24T10:36:09
================================================================================
[2026-06-24T10:37:08.326+0000] {manager.py:879} INFO - 
================================================================================
DAG File Processing Stats

File Path                                 PID    Runtime      # DAGs    # Errors  Last Runtime    Last Run
----------------------------------------  -----  ---------  --------  ----------  --------------  -------------------
/opt/airflow/dags/weekly_training_dag.py                           1           0  0.17s           2026-06-24T10:36:40
/opt/airflow/dags/review_timeout_dag.py                            1           0  0.19s           2026-06-24T10:36:40
================================================================================
[2026-06-24T10:37:38.799+0000] {manager.py:879} INFO - 
================================================================================
DAG File Processing Stats

File Path                                 PID    Runtime      # DAGs    # Errors  Last Runtime    Last Run
----------------------------------------  -----  ---------  --------  ----------  --------------  -------------------
/opt/airflow/dags/weekly_training_dag.py                           1           0  0.60s           2026-06-24T10:37:11
/opt/airflow/dags/review_timeout_dag.py                            1           0  0.63s           2026-06-24T10:37:11
================================================================================
[2026-06-24T10:38:09.627+0000] {manager.py:879} INFO - 
================================================================================
DAG File Processing Stats

File Path                                 PID    Runtime      # DAGs    # Errors  Last Runtime    Last Run
----------------------------------------  -----  ---------  --------  ----------  --------------  -------------------
/opt/airflow/dags/weekly_training_dag.py                           1           0  0.37s           2026-06-24T10:37:42
/opt/airflow/dags/review_timeout_dag.py                            1           0  0.40s           2026-06-24T10:37:42
================================================================================
[2026-06-24T10:38:39.712+0000] {manager.py:879} INFO - 
================================================================================
DAG File Processing Stats

File Path                                 PID    Runtime      # DAGs    # Errors  Last Runtime    Last Run
----------------------------------------  -----  ---------  --------  ----------  --------------  -------------------
/opt/airflow/dags/weekly_training_dag.py                           1           0  0.41s           2026-06-24T10:38:13
/opt/airflow/dags/review_timeout_dag.py                            1           0  0.46s           2026-06-24T10:38:13
================================================================================
[2026-06-24T10:38:44.868+0000] {manager.py:738} INFO - Searching for files in /opt/airflow/dags
[2026-06-24T10:38:44.899+0000] {manager.py:741} INFO - There are 2 files in /opt/airflow/dags
[2026-06-24T10:39:10.483+0000] {manager.py:879} INFO - 
================================================================================
DAG File Processing Stats

File Path                                 PID    Runtime      # DAGs    # Errors  Last Runtime    Last Run
----------------------------------------  -----  ---------  --------  ----------  --------------  -------------------
/opt/airflow/dags/weekly_training_dag.py                           1           0  0.94s           2026-06-24T10:38:44
/opt/airflow/dags/review_timeout_dag.py                            1           0  0.95s           2026-06-24T10:38:44
================================================================================
[2026-06-24T10:39:41.096+0000] {manager.py:879} INFO - 
================================================================================
DAG File Processing Stats

File Path                                 PID    Runtime      # DAGs    # Errors  Last Runtime    Last Run
----------------------------------------  -----  ---------  --------  ----------  --------------  -------------------
/opt/airflow/dags/weekly_training_dag.py                           1           0  0.36s           2026-06-24T10:39:16
/opt/airflow/dags/review_timeout_dag.py                            1           0  0.38s           2026-06-24T10:39:16
================================================================================
[2026-06-24T10:40:11.149+0000] {manager.py:879} INFO - 
================================================================================
DAG File Processing Stats

File Path                                 PID    Runtime      # DAGs    # Errors  Last Runtime    Last Run
----------------------------------------  -----  ---------  --------  ----------  --------------  -------------------
/opt/airflow/dags/weekly_training_dag.py                           1           0  0.46s           2026-06-24T10:39:46
/opt/airflow/dags/review_timeout_dag.py                            1           0  0.48s           2026-06-24T10:39:46
================================================================================
[2026-06-24T10:40:41.539+0000] {manager.py:879} INFO - 
================================================================================
DAG File Processing Stats

File Path                                 PID    Runtime      # DAGs    # Errors  Last Runtime    Last Run
----------------------------------------  -----  ---------  --------  ----------  --------------  -------------------
/opt/airflow/dags/weekly_training_dag.py                           1           0  0.20s           2026-06-24T10:40:17
/opt/airflow/dags/review_timeout_dag.py                            1           0  0.24s           2026-06-24T10:40:17
================================================================================
[2026-06-24T10:41:12.140+0000] {manager.py:879} INFO - 
================================================================================
DAG File Processing Stats

File Path                                 PID    Runtime      # DAGs    # Errors  Last Runtime    Last Run
----------------------------------------  -----  ---------  --------  ----------  --------------  -------------------
/opt/airflow/dags/weekly_training_dag.py                           1           0  0.21s           2026-06-24T10:40:47
/opt/airflow/dags/review_timeout_dag.py                            1           0  0.23s           2026-06-24T10:40:47
================================================================================
[2026-06-24T10:41:42.899+0000] {manager.py:879} INFO - 
================================================================================
DAG File Processing Stats

File Path                                 PID    Runtime      # DAGs    # Errors  Last Runtime    Last Run
----------------------------------------  -----  ---------  --------  ----------  --------------  -------------------
/opt/airflow/dags/weekly_training_dag.py                           1           0  0.37s           2026-06-24T10:41:18
/opt/airflow/dags/review_timeout_dag.py                            1           0  0.42s           2026-06-24T10:41:18
================================================================================
[2026-06-24T10:42:13.239+0000] {manager.py:879} INFO - 
================================================================================
DAG File Processing Stats

File Path                                 PID    Runtime      # DAGs    # Errors  Last Runtime    Last Run
----------------------------------------  -----  ---------  --------  ----------  --------------  -------------------
/opt/airflow/dags/weekly_training_dag.py                           1           0  0.34s           2026-06-24T10:41:49
/opt/airflow/dags/review_timeout_dag.py                            1           0  0.38s           2026-06-24T10:41:49
================================================================================
[2026-06-24T10:42:43.759+0000] {manager.py:879} INFO - 
================================================================================
DAG File Processing Stats

File Path                                 PID    Runtime      # DAGs    # Errors  Last Runtime    Last Run
----------------------------------------  -----  ---------  --------  ----------  --------------  -------------------
/opt/airflow/dags/weekly_training_dag.py                           1           0  0.36s           2026-06-24T10:42:19
/opt/airflow/dags/review_timeout_dag.py                            1           0  0.39s           2026-06-24T10:42:19
================================================================================
[2026-06-24T10:43:14.531+0000] {manager.py:879} INFO - 
================================================================================
DAG File Processing Stats

File Path                                 PID    Runtime      # DAGs    # Errors  Last Runtime    Last Run
----------------------------------------  -----  ---------  --------  ----------  --------------  -------------------
/opt/airflow/dags/weekly_training_dag.py                           1           0  0.14s           2026-06-24T10:42:50
/opt/airflow/dags/review_timeout_dag.py                            1           0  0.16s           2026-06-24T10:42:50
================================================================================
[2026-06-24T10:43:44.592+0000] {manager.py:879} INFO - 
================================================================================
DAG File Processing Stats

File Path                                 PID    Runtime      # DAGs    # Errors  Last Runtime    Last Run
----------------------------------------  -----  ---------  --------  ----------  --------------  -------------------
/opt/airflow/dags/weekly_training_dag.py                           1           0  0.19s           2026-06-24T10:43:21
/opt/airflow/dags/review_timeout_dag.py                            1           0  0.20s           2026-06-24T10:43:21
================================================================================
[2026-06-24T10:43:45.603+0000] {manager.py:738} INFO - Searching for files in /opt/airflow/dags
[2026-06-24T10:43:45.611+0000] {manager.py:741} INFO - There are 2 files in /opt/airflow/dags
[2026-06-24T10:44:15.231+0000] {manager.py:879} INFO - 
================================================================================
DAG File Processing Stats

File Path                                 PID    Runtime      # DAGs    # Errors  Last Runtime    Last Run
----------------------------------------  -----  ---------  --------  ----------  --------------  -------------------
/opt/airflow/dags/weekly_training_dag.py                           1           0  0.55s           2026-06-24T10:43:52
/opt/airflow/dags/review_timeout_dag.py                            1           0  0.59s           2026-06-24T10:43:52
================================================================================
[2026-06-24T10:44:45.347+0000] {manager.py:879} INFO - 
================================================================================
DAG File Processing Stats

File Path                                 PID    Runtime      # DAGs    # Errors  Last Runtime    Last Run
----------------------------------------  -----  ---------  --------  ----------  --------------  -------------------
/opt/airflow/dags/weekly_training_dag.py                           1           0  0.34s           2026-06-24T10:44:22
/opt/airflow/dags/review_timeout_dag.py                            1           0  0.35s           2026-06-24T10:44:22
================================================================================
[2026-06-24T10:45:15.705+0000] {manager.py:879} INFO - 
================================================================================
DAG File Processing Stats

File Path                                 PID    Runtime      # DAGs    # Errors  Last Runtime    Last Run
----------------------------------------  -----  ---------  --------  ----------  --------------  -------------------
/opt/airflow/dags/weekly_training_dag.py                           1           0  0.35s           2026-06-24T10:44:53
/opt/airflow/dags/review_timeout_dag.py                            1           0  0.38s           2026-06-24T10:44:53
================================================================================
[2026-06-24T10:45:46.373+0000] {manager.py:879} INFO - 
================================================================================
DAG File Processing Stats

File Path                                 PID    Runtime      # DAGs    # Errors  Last Runtime    Last Run
----------------------------------------  -----  ---------  --------  ----------  --------------  -------------------
/opt/airflow/dags/weekly_training_dag.py                           1           0  0.16s           2026-06-24T10:45:24
/opt/airflow/dags/review_timeout_dag.py                            1           0  0.19s           2026-06-24T10:45:24
================================================================================
[2026-06-24T10:46:16.715+0000] {manager.py:879} INFO - 
================================================================================
DAG File Processing Stats

File Path                                 PID    Runtime      # DAGs    # Errors  Last Runtime    Last Run
----------------------------------------  -----  ---------  --------  ----------  --------------  -------------------
/opt/airflow/dags/weekly_training_dag.py                           1           0  0.17s           2026-06-24T10:45:54
/opt/airflow/dags/review_timeout_dag.py                            1           0  0.18s           2026-06-24T10:45:54
================================================================================
[2026-06-24T10:46:47.220+0000] {manager.py:879} INFO - 
================================================================================
DAG File Processing Stats

File Path                                 PID    Runtime      # DAGs    # Errors  Last Runtime    Last Run
----------------------------------------  -----  ---------  --------  ----------  --------------  -------------------
/opt/airflow/dags/weekly_training_dag.py                           1           0  0.22s           2026-06-24T10:46:25
/opt/airflow/dags/review_timeout_dag.py                            1           0  0.23s           2026-06-24T10:46:25
================================================================================
[2026-06-24T10:47:17.632+0000] {manager.py:879} INFO - 
================================================================================
DAG File Processing Stats

File Path                                 PID    Runtime      # DAGs    # Errors  Last Runtime    Last Run
----------------------------------------  -----  ---------  --------  ----------  --------------  -------------------
/opt/airflow/dags/weekly_training_dag.py                           1           0  0.60s           2026-06-24T10:46:55
/opt/airflow/dags/review_timeout_dag.py                            1           0  0.61s           2026-06-24T10:46:55
================================================================================
[2026-06-24T10:47:48.524+0000] {manager.py:879} INFO - 
================================================================================
DAG File Processing Stats

File Path                                 PID    Runtime      # DAGs    # Errors  Last Runtime    Last Run
----------------------------------------  -----  ---------  --------  ----------  --------------  -------------------
/opt/airflow/dags/weekly_training_dag.py                           1           0  0.90s           2026-06-24T10:47:27
/opt/airflow/dags/review_timeout_dag.py                            1           0  1.12s           2026-06-24T10:47:27
================================================================================
[2026-06-24T10:48:19.147+0000] {manager.py:879} INFO - 
================================================================================
DAG File Processing Stats

File Path                                 PID    Runtime      # DAGs    # Errors  Last Runtime    Last Run
----------------------------------------  -----  ---------  --------  ----------  --------------  -------------------
/opt/airflow/dags/weekly_training_dag.py                           1           0  0.24s           2026-06-24T10:47:57
/opt/airflow/dags/review_timeout_dag.py                            1           0  0.26s           2026-06-24T10:47:57
================================================================================
[2026-06-24T10:48:45.866+0000] {manager.py:738} INFO - Searching for files in /opt/airflow/dags
[2026-06-24T10:48:45.900+0000] {manager.py:741} INFO - There are 2 files in /opt/airflow/dags
[2026-06-24T10:48:49.989+0000] {manager.py:879} INFO - 
================================================================================
DAG File Processing Stats

File Path                                 PID    Runtime      # DAGs    # Errors  Last Runtime    Last Run
----------------------------------------  -----  ---------  --------  ----------  --------------  -------------------
/opt/airflow/dags/weekly_training_dag.py                           1           0  0.30s           2026-06-24T10:48:28
/opt/airflow/dags/review_timeout_dag.py                            1           0  0.33s           2026-06-24T10:48:28
================================================================================
[2026-06-24T10:49:20.443+0000] {manager.py:879} INFO - 
================================================================================
DAG File Processing Stats

File Path                                 PID    Runtime      # DAGs    # Errors  Last Runtime    Last Run
----------------------------------------  -----  ---------  --------  ----------  --------------  -------------------
/opt/airflow/dags/weekly_training_dag.py                           1           0  0.33s           2026-06-24T10:48:59
/opt/airflow/dags/review_timeout_dag.py                            1           0  0.38s           2026-06-24T10:48:59
================================================================================
[2026-06-24T10:49:50.535+0000] {manager.py:879} INFO - 
================================================================================
DAG File Processing Stats

File Path                                 PID    Runtime      # DAGs    # Errors  Last Runtime    Last Run
----------------------------------------  -----  ---------  --------  ----------  --------------  -------------------
/opt/airflow/dags/weekly_training_dag.py                           1           0  0.44s           2026-06-24T10:49:30
/opt/airflow/dags/review_timeout_dag.py                            1           0  0.61s           2026-06-24T10:49:30
================================================================================
[2026-06-24T10:50:21.447+0000] {manager.py:879} INFO - 
================================================================================
DAG File Processing Stats

File Path                                 PID    Runtime      # DAGs    # Errors  Last Runtime    Last Run
----------------------------------------  -----  ---------  --------  ----------  --------------  -------------------
/opt/airflow/dags/weekly_training_dag.py                           1           0  0.36s           2026-06-24T10:50:01
/opt/airflow/dags/review_timeout_dag.py                            1           0  0.41s           2026-06-24T10:50:01
================================================================================
[2026-06-24T10:50:52.178+0000] {manager.py:879} INFO - 
================================================================================
DAG File Processing Stats

File Path                                 PID    Runtime      # DAGs    # Errors  Last Runtime    Last Run
----------------------------------------  -----  ---------  --------  ----------  --------------  -------------------
/opt/airflow/dags/weekly_training_dag.py                           1           0  1.02s           2026-06-24T10:50:32
/opt/airflow/dags/review_timeout_dag.py                            1           0  1.00s           2026-06-24T10:50:32
================================================================================
[2026-06-24T10:51:22.582+0000] {manager.py:879} INFO - 
================================================================================
DAG File Processing Stats

File Path                                 PID    Runtime      # DAGs    # Errors  Last Runtime    Last Run
----------------------------------------  -----  ---------  --------  ----------  --------------  -------------------
/opt/airflow/dags/weekly_training_dag.py                           1           0  0.44s           2026-06-24T10:51:03
/opt/airflow/dags/review_timeout_dag.py                            1           0  0.49s           2026-06-24T10:51:03
================================================================================
[2026-06-24T10:51:52.966+0000] {manager.py:879} INFO - 
================================================================================
DAG File Processing Stats

File Path                                 PID    Runtime      # DAGs    # Errors  Last Runtime    Last Run
----------------------------------------  -----  ---------  --------  ----------  --------------  -------------------
/opt/airflow/dags/weekly_training_dag.py                           1           0  0.50s           2026-06-24T10:51:34
/opt/airflow/dags/review_timeout_dag.py                            1           0  0.57s           2026-06-24T10:51:34
================================================================================
[2026-06-24T10:52:23.824+0000] {manager.py:879} INFO - 
================================================================================
DAG File Processing Stats

File Path                                 PID    Runtime      # DAGs    # Errors  Last Runtime    Last Run
----------------------------------------  -----  ---------  --------  ----------  --------------  -------------------
/opt/airflow/dags/weekly_training_dag.py                           1           0  0.36s           2026-06-24T10:52:05
/opt/airflow/dags/review_timeout_dag.py                            1           0  0.39s           2026-06-24T10:52:05
================================================================================
[2026-06-24T10:52:54.103+0000] {manager.py:879} INFO - 
================================================================================
DAG File Processing Stats

File Path                                 PID    Runtime      # DAGs    # Errors  Last Runtime    Last Run
----------------------------------------  -----  ---------  --------  ----------  --------------  -------------------
/opt/airflow/dags/weekly_training_dag.py                           1           0  0.19s           2026-06-24T10:52:36
/opt/airflow/dags/review_timeout_dag.py                            1           0  0.20s           2026-06-24T10:52:36
================================================================================
[2026-06-24T10:53:24.406+0000] {manager.py:879} INFO - 
================================================================================
DAG File Processing Stats

File Path                                 PID    Runtime      # DAGs    # Errors  Last Runtime    Last Run
----------------------------------------  -----  ---------  --------  ----------  --------------  -------------------
/opt/airflow/dags/weekly_training_dag.py                           1           0  0.19s           2026-06-24T10:53:06
/opt/airflow/dags/review_timeout_dag.py                            1           0  0.22s           2026-06-24T10:53:06
================================================================================
[2026-06-24T10:53:46.805+0000] {manager.py:738} INFO - Searching for files in /opt/airflow/dags
[2026-06-24T10:53:46.815+0000] {manager.py:741} INFO - There are 2 files in /opt/airflow/dags
[2026-06-24T10:53:54.889+0000] {manager.py:879} INFO - 
================================================================================
DAG File Processing Stats

File Path                                 PID    Runtime      # DAGs    # Errors  Last Runtime    Last Run
----------------------------------------  -----  ---------  --------  ----------  --------------  -------------------
/opt/airflow/dags/weekly_training_dag.py                           1           0  0.19s           2026-06-24T10:53:36
/opt/airflow/dags/review_timeout_dag.py                            1           0  0.21s           2026-06-24T10:53:36
================================================================================
[2026-06-24T10:54:25.284+0000] {manager.py:879} INFO - 
================================================================================
DAG File Processing Stats

File Path                                 PID    Runtime      # DAGs    # Errors  Last Runtime    Last Run
----------------------------------------  -----  ---------  --------  ----------  --------------  -------------------
/opt/airflow/dags/weekly_training_dag.py                           1           0  0.44s           2026-06-24T10:54:07
/opt/airflow/dags/review_timeout_dag.py                            1           0  0.49s           2026-06-24T10:54:07
================================================================================
[2026-06-24T10:54:55.850+0000] {manager.py:879} INFO - 
================================================================================
DAG File Processing Stats

File Path                                 PID    Runtime      # DAGs    # Errors  Last Runtime    Last Run
----------------------------------------  -----  ---------  --------  ----------  --------------  -------------------
/opt/airflow/dags/weekly_training_dag.py                           1           0  0.22s           2026-06-24T10:54:37
/opt/airflow/dags/review_timeout_dag.py                            1           0  0.26s           2026-06-24T10:54:37
================================================================================
[2026-06-24T10:55:25.891+0000] {manager.py:879} INFO - 
================================================================================
DAG File Processing Stats

File Path                                 PID    Runtime      # DAGs    # Errors  Last Runtime    Last Run
----------------------------------------  -----  ---------  --------  ----------  --------------  -------------------
/opt/airflow/dags/weekly_training_dag.py                           1           0  0.61s           2026-06-24T10:55:08
/opt/airflow/dags/review_timeout_dag.py                            1           0  0.68s           2026-06-24T10:55:08
================================================================================
[2026-06-24T10:55:56.738+0000] {manager.py:879} INFO - 
================================================================================
DAG File Processing Stats

File Path                                 PID    Runtime      # DAGs    # Errors  Last Runtime    Last Run
----------------------------------------  -----  ---------  --------  ----------  --------------  -------------------
/opt/airflow/dags/weekly_training_dag.py                           1           0  0.46s           2026-06-24T10:55:39
/opt/airflow/dags/review_timeout_dag.py                            1           0  0.50s           2026-06-24T10:55:39
================================================================================
[2026-06-24T10:56:27.029+0000] {manager.py:879} INFO - 
================================================================================
DAG File Processing Stats

File Path                                 PID    Runtime      # DAGs    # Errors  Last Runtime    Last Run
----------------------------------------  -----  ---------  --------  ----------  --------------  -------------------
/opt/airflow/dags/weekly_training_dag.py                           1           0  1.67s           2026-06-24T10:56:11
/opt/airflow/dags/review_timeout_dag.py                            1           0  1.72s           2026-06-24T10:56:11
================================================================================
[2026-06-24T10:56:57.780+0000] {manager.py:879} INFO - 
================================================================================
DAG File Processing Stats

File Path                                 PID    Runtime      # DAGs    # Errors  Last Runtime    Last Run
----------------------------------------  -----  ---------  --------  ----------  --------------  -------------------
/opt/airflow/dags/weekly_training_dag.py                           1           0  0.49s           2026-06-24T10:56:42
/opt/airflow/dags/review_timeout_dag.py                            1           0  0.52s           2026-06-24T10:56:42
================================================================================
[2026-06-24T10:57:28.124+0000] {manager.py:879} INFO - 
================================================================================
DAG File Processing Stats

File Path                                 PID    Runtime      # DAGs    # Errors  Last Runtime    Last Run
----------------------------------------  -----  ---------  --------  ----------  --------------  -------------------
/opt/airflow/dags/weekly_training_dag.py                           1           0  0.20s           2026-06-24T10:57:13
/opt/airflow/dags/review_timeout_dag.py                            1           0  0.22s           2026-06-24T10:57:13
================================================================================
[2026-06-24T10:57:58.524+0000] {manager.py:879} INFO - 
================================================================================
DAG File Processing Stats

File Path                                 PID    Runtime      # DAGs    # Errors  Last Runtime    Last Run
----------------------------------------  -----  ---------  --------  ----------  --------------  -------------------
/opt/airflow/dags/weekly_training_dag.py                           1           0  0.16s           2026-06-24T10:57:43
/opt/airflow/dags/review_timeout_dag.py                            1           0  0.17s           2026-06-24T10:57:43
================================================================================
[2026-06-24T10:58:28.634+0000] {manager.py:879} INFO - 
================================================================================
DAG File Processing Stats

File Path                                 PID    Runtime      # DAGs    # Errors  Last Runtime    Last Run
----------------------------------------  -----  ---------  --------  ----------  --------------  -------------------
/opt/airflow/dags/weekly_training_dag.py                           1           0  0.46s           2026-06-24T10:58:14
/opt/airflow/dags/review_timeout_dag.py                            1           0  0.48s           2026-06-24T10:58:14
================================================================================
[2026-06-24T10:58:46.829+0000] {manager.py:738} INFO - Searching for files in /opt/airflow/dags
[2026-06-24T10:58:46.835+0000] {manager.py:741} INFO - There are 2 files in /opt/airflow/dags
[2026-06-24T10:58:58.932+0000] {manager.py:879} INFO - 
================================================================================
DAG File Processing Stats

File Path                                 PID    Runtime      # DAGs    # Errors  Last Runtime    Last Run
----------------------------------------  -----  ---------  --------  ----------  --------------  -------------------
/opt/airflow/dags/weekly_training_dag.py                           1           0  0.22s           2026-06-24T10:58:45
/opt/airflow/dags/review_timeout_dag.py                            1           0  0.25s           2026-06-24T10:58:45
================================================================================
[2026-06-24T10:59:28.986+0000] {manager.py:879} INFO - 
================================================================================
DAG File Processing Stats

File Path                                 PID    Runtime      # DAGs    # Errors  Last Runtime    Last Run
----------------------------------------  -----  ---------  --------  ----------  --------------  -------------------
/opt/airflow/dags/weekly_training_dag.py                           1           0  0.24s           2026-06-24T10:59:15
/opt/airflow/dags/review_timeout_dag.py                            1           0  0.28s           2026-06-24T10:59:15
================================================================================
[2026-06-24T10:59:59.346+0000] {manager.py:879} INFO - 
================================================================================
DAG File Processing Stats

File Path                                 PID    Runtime      # DAGs    # Errors  Last Runtime    Last Run
----------------------------------------  -----  ---------  --------  ----------  --------------  -------------------
/opt/airflow/dags/weekly_training_dag.py                           1           0  0.22s           2026-06-24T10:59:46
/opt/airflow/dags/review_timeout_dag.py                            1           0  0.24s           2026-06-24T10:59:46
================================================================================
[2026-06-24T11:00:29.866+0000] {manager.py:879} INFO - 
================================================================================
DAG File Processing Stats

File Path                                 PID    Runtime      # DAGs    # Errors  Last Runtime    Last Run
----------------------------------------  -----  ---------  --------  ----------  --------------  -------------------
/opt/airflow/dags/weekly_training_dag.py                           1           0  0.32s           2026-06-24T11:00:16
/opt/airflow/dags/review_timeout_dag.py                            1           0  0.36s           2026-06-24T11:00:16
================================================================================
[2026-06-24T11:01:00.290+0000] {manager.py:879} INFO - 
================================================================================
DAG File Processing Stats

File Path                                 PID    Runtime      # DAGs    # Errors  Last Runtime    Last Run
----------------------------------------  -----  ---------  --------  ----------  --------------  -------------------
/opt/airflow/dags/weekly_training_dag.py                           1           0  0.15s           2026-06-24T11:00:47
/opt/airflow/dags/review_timeout_dag.py                            1           0  0.17s           2026-06-24T11:00:47
================================================================================
[2026-06-24T11:01:30.632+0000] {manager.py:879} INFO - 
================================================================================
DAG File Processing Stats

File Path                                 PID    Runtime      # DAGs    # Errors  Last Runtime    Last Run
----------------------------------------  -----  ---------  --------  ----------  --------------  -------------------
/opt/airflow/dags/weekly_training_dag.py                           1           0  0.13s           2026-06-24T11:01:17
/opt/airflow/dags/review_timeout_dag.py                            1           0  0.14s           2026-06-24T11:01:17
================================================================================
[2026-06-24T11:17:46.885+0000] {manager.py:469} INFO - Processing files using up to 2 processes at a time 
[2026-06-24T11:17:46.887+0000] {manager.py:470} INFO - Process each file at most once every 30 seconds
[2026-06-24T11:17:46.890+0000] {manager.py:471} INFO - Checking for new files in /opt/airflow/dags every 300 seconds
[2026-06-24T11:17:46.890+0000] {manager.py:738} INFO - Searching for files in /opt/airflow/dags
[2026-06-24T11:17:46.902+0000] {manager.py:741} INFO - There are 2 files in /opt/airflow/dags
[2026-06-24T11:17:47.152+0000] {manager.py:879} INFO - 
================================================================================
DAG File Processing Stats

File Path                                   PID  Runtime      # DAGs    # Errors  Last Runtime    Last Run
----------------------------------------  -----  ---------  --------  ----------  --------------  ----------
/opt/airflow/dags/weekly_training_dag.py    183  0.11s             0           0
/opt/airflow/dags/review_timeout_dag.py     180  0.13s             0           0
================================================================================
[2026-06-24T11:18:17.697+0000] {manager.py:879} INFO - 
================================================================================
DAG File Processing Stats

File Path                                 PID    Runtime      # DAGs    # Errors  Last Runtime    Last Run
----------------------------------------  -----  ---------  --------  ----------  --------------  -------------------
/opt/airflow/dags/weekly_training_dag.py                           1           0  0.92s           2026-06-24T11:17:47
/opt/airflow/dags/review_timeout_dag.py                            1           0  0.94s           2026-06-24T11:17:47
================================================================================
[2026-06-24T11:18:48.034+0000] {manager.py:879} INFO - 
================================================================================
DAG File Processing Stats

File Path                                 PID    Runtime      # DAGs    # Errors  Last Runtime    Last Run
----------------------------------------  -----  ---------  --------  ----------  --------------  -------------------
/opt/airflow/dags/weekly_training_dag.py                           1           0  0.26s           2026-06-24T11:18:19
/opt/airflow/dags/review_timeout_dag.py                            1           0  0.33s           2026-06-24T11:18:19
================================================================================
[2026-06-24T11:19:18.550+0000] {manager.py:879} INFO - 
================================================================================
DAG File Processing Stats

File Path                                 PID    Runtime      # DAGs    # Errors  Last Runtime    Last Run
----------------------------------------  -----  ---------  --------  ----------  --------------  -------------------
/opt/airflow/dags/weekly_training_dag.py                           1           0  0.11s           2026-06-24T11:18:49
/opt/airflow/dags/review_timeout_dag.py                            1           0  0.12s           2026-06-24T11:18:49
================================================================================
[2026-06-24T11:19:48.834+0000] {manager.py:879} INFO - 
================================================================================
DAG File Processing Stats

File Path                                 PID    Runtime      # DAGs    # Errors  Last Runtime    Last Run
----------------------------------------  -----  ---------  --------  ----------  --------------  -------------------
/opt/airflow/dags/weekly_training_dag.py                           1           0  0.17s           2026-06-24T11:19:19
/opt/airflow/dags/review_timeout_dag.py                            1           0  0.19s           2026-06-24T11:19:19
================================================================================
[2026-06-24T11:20:19.220+0000] {manager.py:879} INFO - 
================================================================================
DAG File Processing Stats

File Path                                 PID    Runtime      # DAGs    # Errors  Last Runtime    Last Run
----------------------------------------  -----  ---------  --------  ----------  --------------  -------------------
/opt/airflow/dags/weekly_training_dag.py                           1           0  0.14s           2026-06-24T11:19:50
/opt/airflow/dags/review_timeout_dag.py                            1           0  0.17s           2026-06-24T11:19:50
================================================================================
[2026-06-24T11:20:49.494+0000] {manager.py:879} INFO - 
================================================================================
DAG File Processing Stats

File Path                                 PID    Runtime      # DAGs    # Errors  Last Runtime    Last Run
----------------------------------------  -----  ---------  --------  ----------  --------------  -------------------
/opt/airflow/dags/weekly_training_dag.py                           1           0  0.11s           2026-06-24T11:20:20
/opt/airflow/dags/review_timeout_dag.py                            1           0  0.12s           2026-06-24T11:20:20
================================================================================
[2026-06-24T11:21:19.801+0000] {manager.py:879} INFO - 
================================================================================
DAG File Processing Stats

File Path                                 PID    Runtime      # DAGs    # Errors  Last Runtime    Last Run
----------------------------------------  -----  ---------  --------  ----------  --------------  -------------------
/opt/airflow/dags/weekly_training_dag.py                           1           0  0.15s           2026-06-24T11:20:50
/opt/airflow/dags/review_timeout_dag.py                            1           0  0.17s           2026-06-24T11:20:50
================================================================================
[2026-06-24T11:21:50.249+0000] {manager.py:879} INFO - 
================================================================================
DAG File Processing Stats

File Path                                 PID    Runtime      # DAGs    # Errors  Last Runtime    Last Run
----------------------------------------  -----  ---------  --------  ----------  --------------  -------------------
/opt/airflow/dags/weekly_training_dag.py                           1           0  0.11s           2026-06-24T11:21:20
/opt/airflow/dags/review_timeout_dag.py                            1           0  0.11s           2026-06-24T11:21:20
================================================================================
[2026-06-24T11:22:20.582+0000] {manager.py:879} INFO - 
================================================================================
DAG File Processing Stats

File Path                                 PID    Runtime      # DAGs    # Errors  Last Runtime    Last Run
----------------------------------------  -----  ---------  --------  ----------  --------------  -------------------
/opt/airflow/dags/weekly_training_dag.py                           1           0  0.21s           2026-06-24T11:21:51
/opt/airflow/dags/review_timeout_dag.py                            1           0  0.25s           2026-06-24T11:21:51
================================================================================
[2026-06-24T11:22:47.868+0000] {manager.py:738} INFO - Searching for files in /opt/airflow/dags
[2026-06-24T11:22:47.883+0000] {manager.py:741} INFO - There are 2 files in /opt/airflow/dags
[2026-06-24T11:22:50.933+0000] {manager.py:879} INFO - 
================================================================================
DAG File Processing Stats

File Path                                 PID    Runtime      # DAGs    # Errors  Last Runtime    Last Run
----------------------------------------  -----  ---------  --------  ----------  --------------  -------------------
/opt/airflow/dags/weekly_training_dag.py                           1           0  0.10s           2026-06-24T11:22:21
/opt/airflow/dags/review_timeout_dag.py                            1           0  0.12s           2026-06-24T11:22:21
================================================================================
[2026-06-24T11:23:21.989+0000] {manager.py:879} INFO - 
================================================================================
DAG File Processing Stats

File Path                                 PID    Runtime      # DAGs    # Errors  Last Runtime    Last Run
----------------------------------------  -----  ---------  --------  ----------  --------------  -------------------
/opt/airflow/dags/weekly_training_dag.py                           1           0  0.10s           2026-06-24T11:22:52
/opt/airflow/dags/review_timeout_dag.py                            1           0  0.11s           2026-06-24T11:22:52
================================================================================
[2026-06-24T11:23:52.109+0000] {manager.py:879} INFO - 
================================================================================
DAG File Processing Stats

File Path                                 PID    Runtime      # DAGs    # Errors  Last Runtime    Last Run
----------------------------------------  -----  ---------  --------  ----------  --------------  -------------------
/opt/airflow/dags/weekly_training_dag.py                           1           0  1.13s           2026-06-24T11:23:24
/opt/airflow/dags/review_timeout_dag.py                            1           0  1.22s           2026-06-24T11:23:24
================================================================================
[2026-06-24T11:24:22.485+0000] {manager.py:879} INFO - 
================================================================================
DAG File Processing Stats

File Path                                 PID    Runtime      # DAGs    # Errors  Last Runtime    Last Run
----------------------------------------  -----  ---------  --------  ----------  --------------  -------------------
/opt/airflow/dags/weekly_training_dag.py                           1           0  0.33s           2026-06-24T11:23:56
/opt/airflow/dags/review_timeout_dag.py                            1           0  0.42s           2026-06-24T11:23:56
================================================================================
[2026-06-24T11:24:52.749+0000] {manager.py:879} INFO - 
================================================================================
DAG File Processing Stats

File Path                                 PID    Runtime      # DAGs    # Errors  Last Runtime    Last Run
----------------------------------------  -----  ---------  --------  ----------  --------------  -------------------
/opt/airflow/dags/weekly_training_dag.py                           1           0  0.15s           2026-06-24T11:24:26
/opt/airflow/dags/review_timeout_dag.py                            1           0  0.17s           2026-06-24T11:24:26
================================================================================
[2026-06-24T11:25:23.133+0000] {manager.py:879} INFO - 
================================================================================
DAG File Processing Stats

File Path                                 PID    Runtime      # DAGs    # Errors  Last Runtime    Last Run
----------------------------------------  -----  ---------  --------  ----------  --------------  -------------------
/opt/airflow/dags/weekly_training_dag.py                           1           0  0.54s           2026-06-24T11:24:57
/opt/airflow/dags/review_timeout_dag.py                            1           0  0.59s           2026-06-24T11:24:57
================================================================================
[2026-06-24T11:25:53.218+0000] {manager.py:879} INFO - 
================================================================================
DAG File Processing Stats

File Path                                 PID    Runtime      # DAGs    # Errors  Last Runtime    Last Run
----------------------------------------  -----  ---------  --------  ----------  --------------  -------------------
/opt/airflow/dags/weekly_training_dag.py                           1           0  0.35s           2026-06-24T11:25:27
/opt/airflow/dags/review_timeout_dag.py                            1           0  0.38s           2026-06-24T11:25:27
================================================================================
[2026-06-24T11:26:23.773+0000] {manager.py:879} INFO - 
================================================================================
DAG File Processing Stats

File Path                                 PID    Runtime      # DAGs    # Errors  Last Runtime    Last Run
----------------------------------------  -----  ---------  --------  ----------  --------------  -------------------
/opt/airflow/dags/weekly_training_dag.py                           1           0  0.28s           2026-06-24T11:25:58
/opt/airflow/dags/review_timeout_dag.py                            1           0  0.38s           2026-06-24T11:25:58
================================================================================
[2026-06-24T11:26:54.172+0000] {manager.py:879} INFO - 
================================================================================
DAG File Processing Stats

File Path                                 PID    Runtime      # DAGs    # Errors  Last Runtime    Last Run
----------------------------------------  -----  ---------  --------  ----------  --------------  -------------------
/opt/airflow/dags/weekly_training_dag.py                           1           0  0.12s           2026-06-24T11:26:28
/opt/airflow/dags/review_timeout_dag.py                            1           0  0.13s           2026-06-24T11:26:28
================================================================================
[2026-06-24T11:27:24.446+0000] {manager.py:879} INFO - 
================================================================================
DAG File Processing Stats

File Path                                 PID    Runtime      # DAGs    # Errors  Last Runtime    Last Run
----------------------------------------  -----  ---------  --------  ----------  --------------  -------------------
/opt/airflow/dags/weekly_training_dag.py                           1           0  0.21s           2026-06-24T11:26:59
/opt/airflow/dags/review_timeout_dag.py                            1           0  0.23s           2026-06-24T11:26:59
================================================================================
[2026-06-24T11:27:47.964+0000] {manager.py:738} INFO - Searching for files in /opt/airflow/dags
[2026-06-24T11:27:47.983+0000] {manager.py:741} INFO - There are 2 files in /opt/airflow/dags
[2026-06-24T11:27:54.865+0000] {manager.py:879} INFO - 
================================================================================
DAG File Processing Stats

File Path                                 PID    Runtime      # DAGs    # Errors  Last Runtime    Last Run
----------------------------------------  -----  ---------  --------  ----------  --------------  -------------------
/opt/airflow/dags/weekly_training_dag.py                           1           0  0.31s           2026-06-24T11:27:29
/opt/airflow/dags/review_timeout_dag.py                            1           0  0.35s           2026-06-24T11:27:29
================================================================================
[2026-06-24T11:28:25.812+0000] {manager.py:879} INFO - 
================================================================================
DAG File Processing Stats

File Path                                 PID    Runtime      # DAGs    # Errors  Last Runtime    Last Run
----------------------------------------  -----  ---------  --------  ----------  --------------  -------------------
/opt/airflow/dags/weekly_training_dag.py                           1           0  0.27s           2026-06-24T11:28:00
/opt/airflow/dags/review_timeout_dag.py                            1           0  0.33s           2026-06-24T11:28:00
================================================================================
[2026-06-24T11:28:56.571+0000] {manager.py:879} INFO - 
================================================================================
DAG File Processing Stats

File Path                                 PID    Runtime      # DAGs    # Errors  Last Runtime    Last Run
----------------------------------------  -----  ---------  --------  ----------  --------------  -------------------
/opt/airflow/dags/weekly_training_dag.py                           1           0  1.28s           2026-06-24T11:28:32
/opt/airflow/dags/review_timeout_dag.py                            1           0  1.53s           2026-06-24T11:28:32
================================================================================
[2026-06-24T11:29:26.637+0000] {manager.py:879} INFO - 
================================================================================
DAG File Processing Stats

File Path                                 PID    Runtime      # DAGs    # Errors  Last Runtime    Last Run
----------------------------------------  -----  ---------  --------  ----------  --------------  -------------------
/opt/airflow/dags/weekly_training_dag.py                           1           0  0.52s           2026-06-24T11:29:04
/opt/airflow/dags/review_timeout_dag.py                            1           0  0.55s           2026-06-24T11:29:04
================================================================================
[2026-06-24T11:29:57.103+0000] {manager.py:879} INFO - 
================================================================================
DAG File Processing Stats

File Path                                 PID    Runtime      # DAGs    # Errors  Last Runtime    Last Run
----------------------------------------  -----  ---------  --------  ----------  --------------  -------------------
/opt/airflow/dags/weekly_training_dag.py                           1           0  1.84s           2026-06-24T11:29:36
/opt/airflow/dags/review_timeout_dag.py                            1           0  1.90s           2026-06-24T11:29:36
================================================================================
[2026-06-24T11:30:27.149+0000] {manager.py:879} INFO - 
================================================================================
DAG File Processing Stats

File Path                                 PID    Runtime      # DAGs    # Errors  Last Runtime    Last Run
----------------------------------------  -----  ---------  --------  ----------  --------------  -------------------
/opt/airflow/dags/weekly_training_dag.py                           1           0  0.63s           2026-06-24T11:30:07
/opt/airflow/dags/review_timeout_dag.py                            1           0  0.64s           2026-06-24T11:30:07
================================================================================
[2026-06-24T11:30:57.670+0000] {manager.py:879} INFO - 
================================================================================
DAG File Processing Stats

File Path                                 PID    Runtime      # DAGs    # Errors  Last Runtime    Last Run
----------------------------------------  -----  ---------  --------  ----------  --------------  -------------------
/opt/airflow/dags/weekly_training_dag.py                           1           0  0.29s           2026-06-24T11:30:38
/opt/airflow/dags/review_timeout_dag.py                            1           0  0.33s           2026-06-24T11:30:38
================================================================================
[2026-06-24T11:31:28.028+0000] {manager.py:879} INFO - 
================================================================================
DAG File Processing Stats

File Path                                 PID    Runtime      # DAGs    # Errors  Last Runtime    Last Run
----------------------------------------  -----  ---------  --------  ----------  --------------  -------------------
/opt/airflow/dags/weekly_training_dag.py                           1           0  0.31s           2026-06-24T11:31:09
/opt/airflow/dags/review_timeout_dag.py                            1           0  0.33s           2026-06-24T11:31:09
================================================================================
[2026-06-24T11:31:58.656+0000] {manager.py:879} INFO - 
================================================================================
DAG File Processing Stats

File Path                                 PID    Runtime      # DAGs    # Errors  Last Runtime    Last Run
----------------------------------------  -----  ---------  --------  ----------  --------------  -------------------
/opt/airflow/dags/weekly_training_dag.py                           1           0  0.35s           2026-06-24T11:31:39
/opt/airflow/dags/review_timeout_dag.py                            1           0  0.37s           2026-06-24T11:31:39
================================================================================
[2026-06-24T11:32:29.150+0000] {manager.py:879} INFO - 
================================================================================
DAG File Processing Stats

File Path                                 PID    Runtime      # DAGs    # Errors  Last Runtime    Last Run
----------------------------------------  -----  ---------  --------  ----------  --------------  -------------------
/opt/airflow/dags/weekly_training_dag.py                           1           0  0.32s           2026-06-24T11:32:10
/opt/airflow/dags/review_timeout_dag.py                            1           0  0.38s           2026-06-24T11:32:10
================================================================================
[2026-06-24T11:32:48.604+0000] {manager.py:738} INFO - Searching for files in /opt/airflow/dags
[2026-06-24T11:32:48.615+0000] {manager.py:741} INFO - There are 2 files in /opt/airflow/dags
[2026-06-24T11:32:59.736+0000] {manager.py:879} INFO - 
================================================================================
DAG File Processing Stats

File Path                                 PID    Runtime      # DAGs    # Errors  Last Runtime    Last Run
----------------------------------------  -----  ---------  --------  ----------  --------------  -------------------
/opt/airflow/dags/weekly_training_dag.py                           1           0  0.18s           2026-06-24T11:32:40
/opt/airflow/dags/review_timeout_dag.py                            1           0  0.21s           2026-06-24T11:32:40
================================================================================
[2026-06-24T11:33:30.109+0000] {manager.py:879} INFO - 
================================================================================
DAG File Processing Stats

File Path                                 PID    Runtime      # DAGs    # Errors  Last Runtime    Last Run
----------------------------------------  -----  ---------  --------  ----------  --------------  -------------------
/opt/airflow/dags/weekly_training_dag.py                           1           0  0.59s           2026-06-24T11:33:11
/opt/airflow/dags/review_timeout_dag.py                            1           0  0.74s           2026-06-24T11:33:11
================================================================================
[2026-06-24T11:34:00.579+0000] {manager.py:879} INFO - 
================================================================================
DAG File Processing Stats

File Path                                 PID    Runtime      # DAGs    # Errors  Last Runtime    Last Run
----------------------------------------  -----  ---------  --------  ----------  --------------  -------------------
/opt/airflow/dags/weekly_training_dag.py                           1           0  0.52s           2026-06-24T11:33:42
/opt/airflow/dags/review_timeout_dag.py                            1           0  0.58s           2026-06-24T11:33:42
================================================================================
[2026-06-24T11:34:30.931+0000] {manager.py:879} INFO - 
================================================================================
DAG File Processing Stats

File Path                                 PID    Runtime      # DAGs    # Errors  Last Runtime    Last Run
----------------------------------------  -----  ---------  --------  ----------  --------------  -------------------
/opt/airflow/dags/weekly_training_dag.py                           1           0  1.56s           2026-06-24T11:34:14
/opt/airflow/dags/review_timeout_dag.py                            1           0  1.63s           2026-06-24T11:34:14
================================================================================
[2026-06-24T11:35:01.212+0000] {manager.py:879} INFO - 
================================================================================
DAG File Processing Stats

File Path                                 PID    Runtime      # DAGs    # Errors  Last Runtime    Last Run
----------------------------------------  -----  ---------  --------  ----------  --------------  -------------------
/opt/airflow/dags/weekly_training_dag.py                           1           0  0.61s           2026-06-24T11:34:47
/opt/airflow/dags/review_timeout_dag.py                            1           0  0.82s           2026-06-24T11:34:47
================================================================================
[2026-06-24T11:35:31.517+0000] {manager.py:879} INFO - 
================================================================================
DAG File Processing Stats

File Path                                 PID    Runtime      # DAGs    # Errors  Last Runtime    Last Run
----------------------------------------  -----  ---------  --------  ----------  --------------  -------------------
/opt/airflow/dags/weekly_training_dag.py                           1           0  0.30s           2026-06-24T11:35:17
/opt/airflow/dags/review_timeout_dag.py                            1           0  0.32s           2026-06-24T11:35:17
================================================================================
[2026-06-24T11:36:01.912+0000] {manager.py:879} INFO - 
================================================================================
DAG File Processing Stats

File Path                                 PID    Runtime      # DAGs    # Errors  Last Runtime    Last Run
----------------------------------------  -----  ---------  --------  ----------  --------------  -------------------
/opt/airflow/dags/weekly_training_dag.py                           1           0  0.13s           2026-06-24T11:35:47
/opt/airflow/dags/review_timeout_dag.py                            1           0  0.14s           2026-06-24T11:35:47
================================================================================
[2026-06-24T11:36:32.245+0000] {manager.py:879} INFO - 
================================================================================
DAG File Processing Stats

File Path                                 PID    Runtime      # DAGs    # Errors  Last Runtime    Last Run
----------------------------------------  -----  ---------  --------  ----------  --------------  -------------------
/opt/airflow/dags/weekly_training_dag.py                           1           0  0.29s           2026-06-24T11:36:18
/opt/airflow/dags/review_timeout_dag.py                            1           0  0.33s           2026-06-24T11:36:18
================================================================================
[2026-06-24T11:37:02.570+0000] {manager.py:879} INFO - 
================================================================================
DAG File Processing Stats

File Path                                 PID    Runtime      # DAGs    # Errors  Last Runtime    Last Run
----------------------------------------  -----  ---------  --------  ----------  --------------  -------------------
/opt/airflow/dags/weekly_training_dag.py                           1           0  0.70s           2026-06-24T11:36:49
/opt/airflow/dags/review_timeout_dag.py                            1           0  0.75s           2026-06-24T11:36:49
================================================================================
[2026-06-24T11:37:33.269+0000] {manager.py:879} INFO - 
================================================================================
DAG File Processing Stats

File Path                                 PID    Runtime      # DAGs    # Errors  Last Runtime    Last Run
----------------------------------------  -----  ---------  --------  ----------  --------------  -------------------
/opt/airflow/dags/weekly_training_dag.py                           1           0  0.37s           2026-06-24T11:37:20
/opt/airflow/dags/review_timeout_dag.py                            1           0  0.43s           2026-06-24T11:37:20
================================================================================
[2026-06-24T11:37:49.371+0000] {manager.py:738} INFO - Searching for files in /opt/airflow/dags
[2026-06-24T11:37:49.380+0000] {manager.py:741} INFO - There are 2 files in /opt/airflow/dags
[2026-06-24T11:38:03.681+0000] {manager.py:879} INFO - 
================================================================================
DAG File Processing Stats

File Path                                 PID    Runtime      # DAGs    # Errors  Last Runtime    Last Run
----------------------------------------  -----  ---------  --------  ----------  --------------  -------------------
/opt/airflow/dags/weekly_training_dag.py                           1           0  0.35s           2026-06-24T11:37:50
/opt/airflow/dags/review_timeout_dag.py                            1           0  0.43s           2026-06-24T11:37:50
================================================================================
[2026-06-24T11:38:34.129+0000] {manager.py:879} INFO - 
================================================================================
DAG File Processing Stats

File Path                                 PID    Runtime      # DAGs    # Errors  Last Runtime    Last Run
----------------------------------------  -----  ---------  --------  ----------  --------------  -------------------
/opt/airflow/dags/weekly_training_dag.py                           1           0  0.14s           2026-06-24T11:38:20
/opt/airflow/dags/review_timeout_dag.py                            1           0  0.07s           2026-06-24T11:38:21
================================================================================
[2026-06-24T11:39:04.708+0000] {manager.py:879} INFO - 
================================================================================
DAG File Processing Stats

File Path                                 PID    Runtime      # DAGs    # Errors  Last Runtime    Last Run
----------------------------------------  -----  ---------  --------  ----------  --------------  -------------------
/opt/airflow/dags/weekly_training_dag.py                           1           0  0.27s           2026-06-24T11:38:51
/opt/airflow/dags/review_timeout_dag.py                            1           0  0.36s           2026-06-24T11:38:51
================================================================================
[2026-06-24T11:39:35.189+0000] {manager.py:879} INFO - 
================================================================================
DAG File Processing Stats

File Path                                 PID    Runtime      # DAGs    # Errors  Last Runtime    Last Run
----------------------------------------  -----  ---------  --------  ----------  --------------  -------------------
/opt/airflow/dags/weekly_training_dag.py                           1           0  0.15s           2026-06-24T11:39:22
/opt/airflow/dags/review_timeout_dag.py                            1           0  0.18s           2026-06-24T11:39:22
================================================================================
[2026-06-24T11:40:05.765+0000] {manager.py:879} INFO - 
================================================================================
DAG File Processing Stats

File Path                                 PID    Runtime      # DAGs    # Errors  Last Runtime    Last Run
----------------------------------------  -----  ---------  --------  ----------  --------------  -------------------
/opt/airflow/dags/weekly_training_dag.py                           1           0  0.25s           2026-06-24T11:39:52
/opt/airflow/dags/review_timeout_dag.py                            1           0  0.29s           2026-06-24T11:39:52
================================================================================
[2026-06-24T11:40:36.126+0000] {manager.py:879} INFO - 
================================================================================
DAG File Processing Stats

File Path                                 PID    Runtime      # DAGs    # Errors  Last Runtime    Last Run
----------------------------------------  -----  ---------  --------  ----------  --------------  -------------------
/opt/airflow/dags/weekly_training_dag.py                           1           0  0.25s           2026-06-24T11:40:23
/opt/airflow/dags/review_timeout_dag.py                            1           0  0.31s           2026-06-24T11:40:23
================================================================================
[2026-06-24T11:41:06.603+0000] {manager.py:879} INFO - 
================================================================================
DAG File Processing Stats

File Path                                 PID    Runtime      # DAGs    # Errors  Last Runtime    Last Run
----------------------------------------  -----  ---------  --------  ----------  --------------  -------------------
/opt/airflow/dags/weekly_training_dag.py                           1           0  0.24s           2026-06-24T11:40:53
/opt/airflow/dags/review_timeout_dag.py                            1           0  0.27s           2026-06-24T11:40:53
================================================================================
[2026-06-24T11:41:36.976+0000] {manager.py:879} INFO - 
================================================================================
DAG File Processing Stats

File Path                                 PID    Runtime      # DAGs    # Errors  Last Runtime    Last Run
----------------------------------------  -----  ---------  --------  ----------  --------------  -------------------
/opt/airflow/dags/weekly_training_dag.py                           1           0  0.20s           2026-06-24T11:41:24
/opt/airflow/dags/review_timeout_dag.py                            1           0  0.22s           2026-06-24T11:41:24
================================================================================
[2026-06-24T11:42:07.391+0000] {manager.py:879} INFO - 
================================================================================
DAG File Processing Stats

File Path                                 PID    Runtime      # DAGs    # Errors  Last Runtime    Last Run
----------------------------------------  -----  ---------  --------  ----------  --------------  -------------------
/opt/airflow/dags/weekly_training_dag.py                           1           0  0.15s           2026-06-24T11:41:54
/opt/airflow/dags/review_timeout_dag.py                            1           0  0.17s           2026-06-24T11:41:54
================================================================================
[2026-06-24T11:42:38.075+0000] {manager.py:879} INFO - 
================================================================================
DAG File Processing Stats

File Path                                 PID    Runtime      # DAGs    # Errors  Last Runtime    Last Run
----------------------------------------  -----  ---------  --------  ----------  --------------  -------------------
/opt/airflow/dags/weekly_training_dag.py                           1           0  0.19s           2026-06-24T11:42:24
/opt/airflow/dags/review_timeout_dag.py                            1           0  0.22s           2026-06-24T11:42:24
================================================================================
[2026-06-24T11:42:50.266+0000] {manager.py:738} INFO - Searching for files in /opt/airflow/dags
[2026-06-24T11:42:50.275+0000] {manager.py:741} INFO - There are 2 files in /opt/airflow/dags
[2026-06-24T11:43:08.550+0000] {manager.py:879} INFO - 
================================================================================
DAG File Processing Stats

File Path                                 PID    Runtime      # DAGs    # Errors  Last Runtime    Last Run
----------------------------------------  -----  ---------  --------  ----------  --------------  -------------------
/opt/airflow/dags/weekly_training_dag.py                           1           0  0.40s           2026-06-24T11:42:55
/opt/airflow/dags/review_timeout_dag.py                            1           0  0.43s           2026-06-24T11:42:55
================================================================================
[2026-06-24T11:43:40.081+0000] {manager.py:879} INFO - 
================================================================================
DAG File Processing Stats

File Path                                   PID  Runtime      # DAGs    # Errors  Last Runtime    Last Run
----------------------------------------  -----  ---------  --------  ----------  --------------  -------------------
/opt/airflow/dags/weekly_training_dag.py    684  12.84s            1           0  0.40s           2026-06-24T11:42:55
/opt/airflow/dags/review_timeout_dag.py     681  13.47s            1           0  0.43s           2026-06-24T11:42:55
================================================================================
[2026-06-24T11:44:15.508+0000] {manager.py:879} INFO - 
================================================================================
DAG File Processing Stats

File Path                                   PID  Runtime      # DAGs    # Errors  Last Runtime    Last Run
----------------------------------------  -----  ---------  --------  ----------  --------------  -------------------
/opt/airflow/dags/weekly_training_dag.py    693  0.25s             1           0  15.60s          2026-06-24T11:43:42
/opt/airflow/dags/review_timeout_dag.py     691  1.22s             1           0  16.37s          2026-06-24T11:43:42
================================================================================
[2026-06-24T11:44:46.713+0000] {manager.py:879} INFO - 
================================================================================
DAG File Processing Stats

File Path                                 PID    Runtime      # DAGs    # Errors  Last Runtime    Last Run
----------------------------------------  -----  ---------  --------  ----------  --------------  -------------------
/opt/airflow/dags/weekly_training_dag.py                           1           0  10.47s          2026-06-24T11:44:25
/opt/airflow/dags/review_timeout_dag.py                            1           0  11.49s          2026-06-24T11:44:25
================================================================================
[2026-06-24T11:45:16.998+0000] {manager.py:879} INFO - 
================================================================================
DAG File Processing Stats

File Path                                 PID    Runtime      # DAGs    # Errors  Last Runtime    Last Run
----------------------------------------  -----  ---------  --------  ----------  --------------  -------------------
/opt/airflow/dags/weekly_training_dag.py                           1           0  0.45s           2026-06-24T11:44:56
/opt/airflow/dags/review_timeout_dag.py                            1           0  0.49s           2026-06-24T11:44:56
================================================================================
[2026-06-24T11:45:47.272+0000] {manager.py:879} INFO - 
================================================================================
DAG File Processing Stats

File Path                                 PID    Runtime      # DAGs    # Errors  Last Runtime    Last Run
----------------------------------------  -----  ---------  --------  ----------  --------------  -------------------
/opt/airflow/dags/weekly_training_dag.py                           1           0  0.38s           2026-06-24T11:45:27
/opt/airflow/dags/review_timeout_dag.py                            1           0  0.47s           2026-06-24T11:45:27
================================================================================
[2026-06-24T11:46:17.929+0000] {manager.py:879} INFO - 
================================================================================
DAG File Processing Stats

File Path                                 PID    Runtime      # DAGs    # Errors  Last Runtime    Last Run
----------------------------------------  -----  ---------  --------  ----------  --------------  -------------------
/opt/airflow/dags/weekly_training_dag.py                           1           0  0.41s           2026-06-24T11:45:57
/opt/airflow/dags/review_timeout_dag.py                            1           0  0.48s           2026-06-24T11:45:57
================================================================================
[2026-06-24T11:46:48.309+0000] {manager.py:879} INFO - 
================================================================================
DAG File Processing Stats

File Path                                 PID    Runtime      # DAGs    # Errors  Last Runtime    Last Run
----------------------------------------  -----  ---------  --------  ----------  --------------  -------------------
/opt/airflow/dags/weekly_training_dag.py                           1           0  0.31s           2026-06-24T11:46:28
/opt/airflow/dags/review_timeout_dag.py                            1           0  0.33s           2026-06-24T11:46:28
================================================================================
[2026-06-24T11:47:18.713+0000] {manager.py:879} INFO - 
================================================================================
DAG File Processing Stats

File Path                                 PID    Runtime      # DAGs    # Errors  Last Runtime    Last Run
----------------------------------------  -----  ---------  --------  ----------  --------------  -------------------
/opt/airflow/dags/weekly_training_dag.py                           1           0  0.19s           2026-06-24T11:46:58
/opt/airflow/dags/review_timeout_dag.py                            1           0  0.22s           2026-06-24T11:46:58
================================================================================
[2026-06-24T11:47:49.583+0000] {manager.py:879} INFO - 
================================================================================
DAG File Processing Stats

File Path                                 PID    Runtime      # DAGs    # Errors  Last Runtime    Last Run
----------------------------------------  -----  ---------  --------  ----------  --------------  -------------------
/opt/airflow/dags/weekly_training_dag.py                           1           0  0.48s           2026-06-24T11:47:29
/opt/airflow/dags/review_timeout_dag.py                            1           0  0.52s           2026-06-24T11:47:29
================================================================================
[2026-06-24T11:47:50.596+0000] {manager.py:738} INFO - Searching for files in /opt/airflow/dags
[2026-06-24T11:47:50.603+0000] {manager.py:741} INFO - There are 2 files in /opt/airflow/dags
[2026-06-24T11:48:20.062+0000] {manager.py:879} INFO - 
================================================================================
DAG File Processing Stats

File Path                                 PID    Runtime      # DAGs    # Errors  Last Runtime    Last Run
----------------------------------------  -----  ---------  --------  ----------  --------------  -------------------
/opt/airflow/dags/weekly_training_dag.py                           1           0  0.18s           2026-06-24T11:47:59
/opt/airflow/dags/review_timeout_dag.py                            1           0  0.19s           2026-06-24T11:47:59
================================================================================
[2026-06-24T11:48:50.359+0000] {manager.py:879} INFO - 
================================================================================
DAG File Processing Stats

File Path                                 PID    Runtime      # DAGs    # Errors  Last Runtime    Last Run
----------------------------------------  -----  ---------  --------  ----------  --------------  -------------------
/opt/airflow/dags/weekly_training_dag.py                           1           0  0.19s           2026-06-24T11:48:30
/opt/airflow/dags/review_timeout_dag.py                            1           0  0.21s           2026-06-24T11:48:30
================================================================================
[2026-06-24T11:49:20.737+0000] {manager.py:879} INFO - 
================================================================================
DAG File Processing Stats

File Path                                 PID    Runtime      # DAGs    # Errors  Last Runtime    Last Run
----------------------------------------  -----  ---------  --------  ----------  --------------  -------------------
/opt/airflow/dags/weekly_training_dag.py                           1           0  0.17s           2026-06-24T11:49:00
/opt/airflow/dags/review_timeout_dag.py                            1           0  0.19s           2026-06-24T11:49:00
================================================================================
[2026-06-24T11:49:51.075+0000] {manager.py:879} INFO - 
================================================================================
DAG File Processing Stats

File Path                                 PID    Runtime      # DAGs    # Errors  Last Runtime    Last Run
----------------------------------------  -----  ---------  --------  ----------  --------------  -------------------
/opt/airflow/dags/weekly_training_dag.py                           1           0  0.18s           2026-06-24T11:49:31
/opt/airflow/dags/review_timeout_dag.py                            1           0  0.19s           2026-06-24T11:49:31
================================================================================
[2026-06-24T11:50:21.459+0000] {manager.py:879} INFO - 
================================================================================
DAG File Processing Stats

File Path                                 PID    Runtime      # DAGs    # Errors  Last Runtime    Last Run
----------------------------------------  -----  ---------  --------  ----------  --------------  -------------------
/opt/airflow/dags/weekly_training_dag.py                           1           0  0.39s           2026-06-24T11:50:01
/opt/airflow/dags/review_timeout_dag.py                            1           0  0.42s           2026-06-24T11:50:01
================================================================================
[2026-06-24T11:50:52.024+0000] {manager.py:879} INFO - 
================================================================================
DAG File Processing Stats

File Path                                 PID    Runtime      # DAGs    # Errors  Last Runtime    Last Run
----------------------------------------  -----  ---------  --------  ----------  --------------  -------------------
/opt/airflow/dags/weekly_training_dag.py                           1           0  0.16s           2026-06-24T11:50:32
/opt/airflow/dags/review_timeout_dag.py                            1           0  0.17s           2026-06-24T11:50:32
================================================================================
[2026-06-24T11:51:22.352+0000] {manager.py:879} INFO - 
================================================================================
DAG File Processing Stats

File Path                                 PID    Runtime      # DAGs    # Errors  Last Runtime    Last Run
----------------------------------------  -----  ---------  --------  ----------  --------------  -------------------
/opt/airflow/dags/weekly_training_dag.py                           1           0  0.19s           2026-06-24T11:51:02
/opt/airflow/dags/review_timeout_dag.py                            1           0  0.20s           2026-06-24T11:51:02
================================================================================
[2026-06-24T11:51:52.971+0000] {manager.py:879} INFO - 
================================================================================
DAG File Processing Stats

File Path                                 PID    Runtime      # DAGs    # Errors  Last Runtime    Last Run
----------------------------------------  -----  ---------  --------  ----------  --------------  -------------------
/opt/airflow/dags/weekly_training_dag.py                           1           0  0.31s           2026-06-24T11:51:32
/opt/airflow/dags/review_timeout_dag.py                            1           0  0.34s           2026-06-24T11:51:32
================================================================================
[2026-06-24T11:52:23.246+0000] {manager.py:879} INFO - 
================================================================================
DAG File Processing Stats

File Path                                 PID    Runtime      # DAGs    # Errors  Last Runtime    Last Run
----------------------------------------  -----  ---------  --------  ----------  --------------  -------------------
/opt/airflow/dags/weekly_training_dag.py                           1           0  0.14s           2026-06-24T11:52:03
/opt/airflow/dags/review_timeout_dag.py                            1           0  0.16s           2026-06-24T11:52:03
================================================================================
[2026-06-24T11:52:50.644+0000] {manager.py:738} INFO - Searching for files in /opt/airflow/dags
[2026-06-24T11:52:50.656+0000] {manager.py:741} INFO - There are 2 files in /opt/airflow/dags
[2026-06-24T11:52:53.537+0000] {manager.py:879} INFO - 
================================================================================
DAG File Processing Stats

File Path                                 PID    Runtime      # DAGs    # Errors  Last Runtime    Last Run
----------------------------------------  -----  ---------  --------  ----------  --------------  -------------------
/opt/airflow/dags/weekly_training_dag.py                           1           0  0.20s           2026-06-24T11:52:33
/opt/airflow/dags/review_timeout_dag.py                            1           0  0.22s           2026-06-24T11:52:33
================================================================================
[2026-06-24T11:53:23.927+0000] {manager.py:879} INFO - 
================================================================================
DAG File Processing Stats

File Path                                 PID    Runtime      # DAGs    # Errors  Last Runtime    Last Run
----------------------------------------  -----  ---------  --------  ----------  --------------  -------------------
/opt/airflow/dags/weekly_training_dag.py                           1           0  0.13s           2026-06-24T11:53:03
/opt/airflow/dags/review_timeout_dag.py                            1           0  0.15s           2026-06-24T11:53:03
================================================================================
[2026-06-24T11:53:54.178+0000] {manager.py:879} INFO - 
================================================================================
DAG File Processing Stats

File Path                                 PID    Runtime      # DAGs    # Errors  Last Runtime    Last Run
----------------------------------------  -----  ---------  --------  ----------  --------------  -------------------
/opt/airflow/dags/weekly_training_dag.py                           1           0  0.37s           2026-06-24T11:53:34
/opt/airflow/dags/review_timeout_dag.py                            1           0  0.39s           2026-06-24T11:53:34
================================================================================
[2026-06-24T11:54:24.866+0000] {manager.py:879} INFO - 
================================================================================
DAG File Processing Stats

File Path                                 PID    Runtime      # DAGs    # Errors  Last Runtime    Last Run
----------------------------------------  -----  ---------  --------  ----------  --------------  -------------------
/opt/airflow/dags/weekly_training_dag.py                           1           0  0.17s           2026-06-24T11:54:04
/opt/airflow/dags/review_timeout_dag.py                            1           0  0.19s           2026-06-24T11:54:04
================================================================================
[2026-06-24T11:54:55.339+0000] {manager.py:879} INFO - 
================================================================================
DAG File Processing Stats

File Path                                 PID    Runtime      # DAGs    # Errors  Last Runtime    Last Run
----------------------------------------  -----  ---------  --------  ----------  --------------  -------------------
/opt/airflow/dags/weekly_training_dag.py                           1           0  0.23s           2026-06-24T11:54:35
/opt/airflow/dags/review_timeout_dag.py                            1           0  0.23s           2026-06-24T11:54:35
================================================================================
[2026-06-24T11:55:25.619+0000] {manager.py:879} INFO - 
================================================================================
DAG File Processing Stats

File Path                                 PID    Runtime      # DAGs    # Errors  Last Runtime    Last Run
----------------------------------------  -----  ---------  --------  ----------  --------------  -------------------
/opt/airflow/dags/weekly_training_dag.py                           1           0  0.19s           2026-06-24T11:55:05
/opt/airflow/dags/review_timeout_dag.py                            1           0  0.21s           2026-06-24T11:55:05
================================================================================
[2026-06-24T11:55:55.994+0000] {manager.py:879} INFO - 
================================================================================
DAG File Processing Stats

File Path                                 PID    Runtime      # DAGs    # Errors  Last Runtime    Last Run
----------------------------------------  -----  ---------  --------  ----------  --------------  -------------------
/opt/airflow/dags/weekly_training_dag.py                           1           0  0.13s           2026-06-24T11:55:35
/opt/airflow/dags/review_timeout_dag.py                            1           0  0.14s           2026-06-24T11:55:35
================================================================================
[2026-06-24T11:56:26.289+0000] {manager.py:879} INFO - 
================================================================================
DAG File Processing Stats

File Path                                 PID    Runtime      # DAGs    # Errors  Last Runtime    Last Run
----------------------------------------  -----  ---------  --------  ----------  --------------  -------------------
/opt/airflow/dags/weekly_training_dag.py                           1           0  0.22s           2026-06-24T11:56:06
/opt/airflow/dags/review_timeout_dag.py                            1           0  0.24s           2026-06-24T11:56:06
================================================================================
[2026-06-24T11:56:56.858+0000] {manager.py:879} INFO - 
================================================================================
DAG File Processing Stats

File Path                                 PID    Runtime      # DAGs    # Errors  Last Runtime    Last Run
----------------------------------------  -----  ---------  --------  ----------  --------------  -------------------
/opt/airflow/dags/weekly_training_dag.py                           1           0  0.13s           2026-06-24T11:56:36
/opt/airflow/dags/review_timeout_dag.py                            1           0  0.14s           2026-06-24T11:56:36
================================================================================
[2026-06-24T11:57:27.354+0000] {manager.py:879} INFO - 
================================================================================
DAG File Processing Stats

File Path                                 PID    Runtime      # DAGs    # Errors  Last Runtime    Last Run
----------------------------------------  -----  ---------  --------  ----------  --------------  -------------------
/opt/airflow/dags/weekly_training_dag.py                           1           0  0.20s           2026-06-24T11:57:07
/opt/airflow/dags/review_timeout_dag.py                            1           0  0.25s           2026-06-24T11:57:07
================================================================================
[2026-06-24T11:57:50.771+0000] {manager.py:738} INFO - Searching for files in /opt/airflow/dags
[2026-06-24T11:57:50.780+0000] {manager.py:741} INFO - There are 2 files in /opt/airflow/dags
[2026-06-24T11:57:57.885+0000] {manager.py:879} INFO - 
================================================================================
DAG File Processing Stats

File Path                                 PID    Runtime      # DAGs    # Errors  Last Runtime    Last Run
----------------------------------------  -----  ---------  --------  ----------  --------------  -------------------
/opt/airflow/dags/weekly_training_dag.py                           1           0  0.78s           2026-06-24T11:57:38
/opt/airflow/dags/review_timeout_dag.py                            1           0  0.83s           2026-06-24T11:57:38
================================================================================
[2026-06-24T11:58:28.152+0000] {manager.py:879} INFO - 
================================================================================
DAG File Processing Stats

File Path                                 PID    Runtime      # DAGs    # Errors  Last Runtime    Last Run
----------------------------------------  -----  ---------  --------  ----------  --------------  -------------------
/opt/airflow/dags/weekly_training_dag.py                           1           0  0.16s           2026-06-24T11:58:09
/opt/airflow/dags/review_timeout_dag.py                            1           0  0.18s           2026-06-24T11:58:09
================================================================================
[2026-06-24T11:58:58.503+0000] {manager.py:879} INFO - 
================================================================================
DAG File Processing Stats

File Path                                 PID    Runtime      # DAGs    # Errors  Last Runtime    Last Run
----------------------------------------  -----  ---------  --------  ----------  --------------  -------------------
/opt/airflow/dags/weekly_training_dag.py                           1           0  0.21s           2026-06-24T11:58:39
/opt/airflow/dags/review_timeout_dag.py                            1           0  0.23s           2026-06-24T11:58:39
================================================================================
[2026-06-24T11:59:28.927+0000] {manager.py:879} INFO - 
================================================================================
DAG File Processing Stats

File Path                                 PID    Runtime      # DAGs    # Errors  Last Runtime    Last Run
----------------------------------------  -----  ---------  --------  ----------  --------------  -------------------
/opt/airflow/dags/weekly_training_dag.py                           1           0  0.15s           2026-06-24T11:59:09
/opt/airflow/dags/review_timeout_dag.py                            1           0  0.15s           2026-06-24T11:59:09
================================================================================
[2026-06-24T11:59:59.452+0000] {manager.py:879} INFO - 
================================================================================
DAG File Processing Stats

File Path                                 PID    Runtime      # DAGs    # Errors  Last Runtime    Last Run
----------------------------------------  -----  ---------  --------  ----------  --------------  -------------------
/opt/airflow/dags/weekly_training_dag.py                           1           0  0.18s           2026-06-24T11:59:40
/opt/airflow/dags/review_timeout_dag.py                            1           0  0.20s           2026-06-24T11:59:40
================================================================================
[2026-06-24T12:00:29.713+0000] {manager.py:879} INFO - 
================================================================================
DAG File Processing Stats

File Path                                 PID    Runtime      # DAGs    # Errors  Last Runtime    Last Run
----------------------------------------  -----  ---------  --------  ----------  --------------  -------------------
/opt/airflow/dags/weekly_training_dag.py                           1           0  0.16s           2026-06-24T12:00:10
/opt/airflow/dags/review_timeout_dag.py                            1           0  0.18s           2026-06-24T12:00:10
================================================================================
[2026-06-24T12:01:00.071+0000] {manager.py:879} INFO - 
================================================================================
DAG File Processing Stats

File Path                                 PID    Runtime      # DAGs    # Errors  Last Runtime    Last Run
----------------------------------------  -----  ---------  --------  ----------  --------------  -------------------
/opt/airflow/dags/weekly_training_dag.py                           1           0  0.13s           2026-06-24T12:00:40
/opt/airflow/dags/review_timeout_dag.py                            1           0  0.14s           2026-06-24T12:00:40
================================================================================
[2026-06-24T12:01:30.530+0000] {manager.py:879} INFO - 
================================================================================
DAG File Processing Stats

File Path                                 PID    Runtime      # DAGs    # Errors  Last Runtime    Last Run
----------------------------------------  -----  ---------  --------  ----------  --------------  -------------------
/opt/airflow/dags/weekly_training_dag.py                           1           0  0.16s           2026-06-24T12:01:11
/opt/airflow/dags/review_timeout_dag.py                            1           0  0.20s           2026-06-24T12:01:11
================================================================================
[2026-06-24T12:02:00.849+0000] {manager.py:879} INFO - 
================================================================================
DAG File Processing Stats

File Path                                 PID    Runtime      # DAGs    # Errors  Last Runtime    Last Run
----------------------------------------  -----  ---------  --------  ----------  --------------  -------------------
/opt/airflow/dags/weekly_training_dag.py                           1           0  0.15s           2026-06-24T12:01:41
/opt/airflow/dags/review_timeout_dag.py                            1           0  0.16s           2026-06-24T12:01:41
================================================================================
[2026-06-24T12:02:31.447+0000] {manager.py:879} INFO - 
================================================================================
DAG File Processing Stats

File Path                                 PID    Runtime      # DAGs    # Errors  Last Runtime    Last Run
----------------------------------------  -----  ---------  --------  ----------  --------------  -------------------
/opt/airflow/dags/weekly_training_dag.py                           1           0  0.33s           2026-06-24T12:02:12
/opt/airflow/dags/review_timeout_dag.py                            1           0  0.35s           2026-06-24T12:02:12
================================================================================
[2026-06-24T12:02:51.021+0000] {manager.py:738} INFO - Searching for files in /opt/airflow/dags
[2026-06-24T12:02:51.049+0000] {manager.py:741} INFO - There are 2 files in /opt/airflow/dags
[2026-06-24T12:03:02.157+0000] {manager.py:879} INFO - 
================================================================================
DAG File Processing Stats

File Path                                 PID    Runtime      # DAGs    # Errors  Last Runtime    Last Run
----------------------------------------  -----  ---------  --------  ----------  --------------  -------------------
/opt/airflow/dags/weekly_training_dag.py                           1           0  0.35s           2026-06-24T12:02:43
/opt/airflow/dags/review_timeout_dag.py                            1           0  0.39s           2026-06-24T12:02:43
================================================================================
[2026-06-24T12:03:32.825+0000] {manager.py:879} INFO - 
================================================================================
DAG File Processing Stats

File Path                                 PID    Runtime      # DAGs    # Errors  Last Runtime    Last Run
----------------------------------------  -----  ---------  --------  ----------  --------------  -------------------
/opt/airflow/dags/weekly_training_dag.py                           1           0  0.19s           2026-06-24T12:03:13
/opt/airflow/dags/review_timeout_dag.py                            1           0  0.21s           2026-06-24T12:03:13
================================================================================
[2026-06-24T12:04:03.147+0000] {manager.py:879} INFO - 
================================================================================
DAG File Processing Stats

File Path                                 PID    Runtime      # DAGs    # Errors  Last Runtime    Last Run
----------------------------------------  -----  ---------  --------  ----------  --------------  -------------------
/opt/airflow/dags/weekly_training_dag.py                           1           0  0.20s           2026-06-24T12:03:44
/opt/airflow/dags/review_timeout_dag.py                            1           0  0.22s           2026-06-24T12:03:44
================================================================================
[2026-06-24T12:04:33.784+0000] {manager.py:879} INFO - 
================================================================================
DAG File Processing Stats

File Path                                 PID    Runtime      # DAGs    # Errors  Last Runtime    Last Run
----------------------------------------  -----  ---------  --------  ----------  --------------  -------------------
/opt/airflow/dags/weekly_training_dag.py                           1           0  0.19s           2026-06-24T12:04:14
/opt/airflow/dags/review_timeout_dag.py                            1           0  0.22s           2026-06-24T12:04:14
================================================================================
[2026-06-24T12:05:04.427+0000] {manager.py:879} INFO - 
================================================================================
DAG File Processing Stats

File Path                                 PID    Runtime      # DAGs    # Errors  Last Runtime    Last Run
----------------------------------------  -----  ---------  --------  ----------  --------------  -------------------
/opt/airflow/dags/weekly_training_dag.py                           1           0  0.19s           2026-06-24T12:04:45
/opt/airflow/dags/review_timeout_dag.py                            1           0  0.21s           2026-06-24T12:04:45
================================================================================
[2026-06-24T12:05:35.016+0000] {manager.py:879} INFO - 
================================================================================
DAG File Processing Stats

File Path                                 PID    Runtime      # DAGs    # Errors  Last Runtime    Last Run
----------------------------------------  -----  ---------  --------  ----------  --------------  -------------------
/opt/airflow/dags/weekly_training_dag.py                           1           0  0.22s           2026-06-24T12:05:15
/opt/airflow/dags/review_timeout_dag.py                            1           0  0.25s           2026-06-24T12:05:15
================================================================================
[2026-06-24T12:06:05.493+0000] {manager.py:879} INFO - 
================================================================================
DAG File Processing Stats

File Path                                 PID    Runtime      # DAGs    # Errors  Last Runtime    Last Run
----------------------------------------  -----  ---------  --------  ----------  --------------  -------------------
/opt/airflow/dags/weekly_training_dag.py                           1           0  0.17s           2026-06-24T12:05:46
/opt/airflow/dags/review_timeout_dag.py                            1           0  0.20s           2026-06-24T12:05:46
================================================================================
[2026-06-24T12:06:35.710+0000] {manager.py:879} INFO - 
================================================================================
DAG File Processing Stats

File Path                                 PID    Runtime      # DAGs    # Errors  Last Runtime    Last Run
----------------------------------------  -----  ---------  --------  ----------  --------------  -------------------
/opt/airflow/dags/weekly_training_dag.py                           1           0  0.90s           2026-06-24T12:06:18
/opt/airflow/dags/review_timeout_dag.py                            1           0  1.00s           2026-06-24T12:06:18
================================================================================
[2026-06-24T12:07:06.170+0000] {manager.py:879} INFO - 
================================================================================
DAG File Processing Stats

File Path                                 PID    Runtime      # DAGs    # Errors  Last Runtime    Last Run
----------------------------------------  -----  ---------  --------  ----------  --------------  -------------------
/opt/airflow/dags/weekly_training_dag.py                           1           0  0.35s           2026-06-24T12:06:49
/opt/airflow/dags/review_timeout_dag.py                            1           0  0.38s           2026-06-24T12:06:49
================================================================================
[2026-06-24T12:07:36.704+0000] {manager.py:879} INFO - 
================================================================================
DAG File Processing Stats

File Path                                 PID    Runtime      # DAGs    # Errors  Last Runtime    Last Run
----------------------------------------  -----  ---------  --------  ----------  --------------  -------------------
/opt/airflow/dags/weekly_training_dag.py                           1           0  0.25s           2026-06-24T12:07:19
/opt/airflow/dags/review_timeout_dag.py                            1           0  0.12s           2026-06-24T12:07:19
================================================================================
[2026-06-24T12:07:51.494+0000] {manager.py:738} INFO - Searching for files in /opt/airflow/dags
[2026-06-24T12:07:51.522+0000] {manager.py:741} INFO - There are 2 files in /opt/airflow/dags
[2026-06-24T12:08:06.885+0000] {manager.py:879} INFO - 
================================================================================
DAG File Processing Stats

File Path                                 PID    Runtime      # DAGs    # Errors  Last Runtime    Last Run
----------------------------------------  -----  ---------  --------  ----------  --------------  -------------------
/opt/airflow/dags/weekly_training_dag.py                           1           0  0.34s           2026-06-24T12:07:50
/opt/airflow/dags/review_timeout_dag.py                            1           0  0.39s           2026-06-24T12:07:50
================================================================================
[2026-06-24T12:08:37.313+0000] {manager.py:879} INFO - 
================================================================================
DAG File Processing Stats

File Path                                 PID    Runtime      # DAGs    # Errors  Last Runtime    Last Run
----------------------------------------  -----  ---------  --------  ----------  --------------  -------------------
/opt/airflow/dags/weekly_training_dag.py                           1           0  0.28s           2026-06-24T12:08:21
/opt/airflow/dags/review_timeout_dag.py                            1           0  0.32s           2026-06-24T12:08:21
================================================================================
[2026-06-24T12:09:07.731+0000] {manager.py:879} INFO - 
================================================================================
DAG File Processing Stats

File Path                                 PID    Runtime      # DAGs    # Errors  Last Runtime    Last Run
----------------------------------------  -----  ---------  --------  ----------  --------------  -------------------
/opt/airflow/dags/weekly_training_dag.py                           1           0  0.23s           2026-06-24T12:08:51
/opt/airflow/dags/review_timeout_dag.py                            1           0  0.26s           2026-06-24T12:08:51
================================================================================
[2026-06-24T12:09:38.620+0000] {manager.py:879} INFO - 
================================================================================
DAG File Processing Stats

File Path                                 PID    Runtime      # DAGs    # Errors  Last Runtime    Last Run
----------------------------------------  -----  ---------  --------  ----------  --------------  -------------------
/opt/airflow/dags/weekly_training_dag.py                           1           0  0.17s           2026-06-24T12:09:22
/opt/airflow/dags/review_timeout_dag.py                            1           0  0.18s           2026-06-24T12:09:22
================================================================================
[2026-06-24T12:10:08.917+0000] {manager.py:879} INFO - 
================================================================================
DAG File Processing Stats

File Path                                 PID    Runtime      # DAGs    # Errors  Last Runtime    Last Run
----------------------------------------  -----  ---------  --------  ----------  --------------  -------------------
/opt/airflow/dags/weekly_training_dag.py                           1           0  0.17s           2026-06-24T12:09:52
/opt/airflow/dags/review_timeout_dag.py                            1           0  0.19s           2026-06-24T12:09:52
================================================================================
[2026-06-24T12:10:39.363+0000] {manager.py:879} INFO - 
================================================================================
DAG File Processing Stats

File Path                                 PID    Runtime      # DAGs    # Errors  Last Runtime    Last Run
----------------------------------------  -----  ---------  --------  ----------  --------------  -------------------
/opt/airflow/dags/weekly_training_dag.py                           1           0  0.33s           2026-06-24T12:10:23
/opt/airflow/dags/review_timeout_dag.py                            1           0  0.35s           2026-06-24T12:10:23
================================================================================
[2026-06-24T12:11:09.730+0000] {manager.py:879} INFO - 
================================================================================
DAG File Processing Stats

File Path                                 PID    Runtime      # DAGs    # Errors  Last Runtime    Last Run
----------------------------------------  -----  ---------  --------  ----------  --------------  -------------------
/opt/airflow/dags/weekly_training_dag.py                           1           0  0.16s           2026-06-24T12:10:53
/opt/airflow/dags/review_timeout_dag.py                            1           0  0.17s           2026-06-24T12:10:53
================================================================================
[2026-06-24T12:11:40.201+0000] {manager.py:879} INFO - 
================================================================================
DAG File Processing Stats

File Path                                 PID    Runtime      # DAGs    # Errors  Last Runtime    Last Run
----------------------------------------  -----  ---------  --------  ----------  --------------  -------------------
/opt/airflow/dags/weekly_training_dag.py                           1           0  0.26s           2026-06-24T12:11:24
/opt/airflow/dags/review_timeout_dag.py                            1           0  0.28s           2026-06-24T12:11:24
================================================================================
[2026-06-24T12:12:10.650+0000] {manager.py:879} INFO - 
================================================================================
DAG File Processing Stats

File Path                                 PID    Runtime      # DAGs    # Errors  Last Runtime    Last Run
----------------------------------------  -----  ---------  --------  ----------  --------------  -------------------
/opt/airflow/dags/weekly_training_dag.py                           1           0  0.27s           2026-06-24T12:11:54
/opt/airflow/dags/review_timeout_dag.py                            1           0  0.32s           2026-06-24T12:11:54
================================================================================
[2026-06-24T12:12:41.045+0000] {manager.py:879} INFO - 
================================================================================
DAG File Processing Stats

File Path                                 PID    Runtime      # DAGs    # Errors  Last Runtime    Last Run
----------------------------------------  -----  ---------  --------  ----------  --------------  -------------------
/opt/airflow/dags/weekly_training_dag.py                           1           0  0.31s           2026-06-24T12:12:25
/opt/airflow/dags/review_timeout_dag.py                            1           0  0.39s           2026-06-24T12:12:25
================================================================================
[2026-06-24T12:12:52.129+0000] {manager.py:738} INFO - Searching for files in /opt/airflow/dags
[2026-06-24T12:12:52.140+0000] {manager.py:741} INFO - There are 2 files in /opt/airflow/dags
[2026-06-24T12:13:11.400+0000] {manager.py:879} INFO - 
================================================================================
DAG File Processing Stats

File Path                                 PID    Runtime      # DAGs    # Errors  Last Runtime    Last Run
----------------------------------------  -----  ---------  --------  ----------  --------------  -------------------
/opt/airflow/dags/weekly_training_dag.py                           1           0  0.19s           2026-06-24T12:12:56
/opt/airflow/dags/review_timeout_dag.py                            1           0  0.24s           2026-06-24T12:12:56
================================================================================
[2026-06-24T12:13:41.839+0000] {manager.py:879} INFO - 
================================================================================
DAG File Processing Stats

File Path                                 PID    Runtime      # DAGs    # Errors  Last Runtime    Last Run
----------------------------------------  -----  ---------  --------  ----------  --------------  -------------------
/opt/airflow/dags/weekly_training_dag.py                           1           0  0.35s           2026-06-24T12:13:26
/opt/airflow/dags/review_timeout_dag.py                            1           0  0.37s           2026-06-24T12:13:26
================================================================================
[2026-06-24T12:14:12.285+0000] {manager.py:879} INFO - 
================================================================================
DAG File Processing Stats

File Path                                 PID    Runtime      # DAGs    # Errors  Last Runtime    Last Run
----------------------------------------  -----  ---------  --------  ----------  --------------  -------------------
/opt/airflow/dags/weekly_training_dag.py                           1           0  0.19s           2026-06-24T12:13:57
/opt/airflow/dags/review_timeout_dag.py                            1           0  0.21s           2026-06-24T12:13:57
================================================================================
[2026-06-24T12:14:42.634+0000] {manager.py:879} INFO - 
================================================================================
DAG File Processing Stats

File Path                                 PID    Runtime      # DAGs    # Errors  Last Runtime    Last Run
----------------------------------------  -----  ---------  --------  ----------  --------------  -------------------
/opt/airflow/dags/weekly_training_dag.py                           1           0  0.18s           2026-06-24T12:14:27
/opt/airflow/dags/review_timeout_dag.py                            1           0  0.20s           2026-06-24T12:14:27
================================================================================
[2026-06-24T12:15:13.039+0000] {manager.py:879} INFO - 
================================================================================
DAG File Processing Stats

File Path                                 PID    Runtime      # DAGs    # Errors  Last Runtime    Last Run
----------------------------------------  -----  ---------  --------  ----------  --------------  -------------------
/opt/airflow/dags/weekly_training_dag.py                           1           0  0.21s           2026-06-24T12:14:58
/opt/airflow/dags/review_timeout_dag.py                            1           0  0.24s           2026-06-24T12:14:58
================================================================================
[2026-06-24T12:15:43.564+0000] {manager.py:879} INFO - 
================================================================================
DAG File Processing Stats

File Path                                 PID    Runtime      # DAGs    # Errors  Last Runtime    Last Run
----------------------------------------  -----  ---------  --------  ----------  --------------  -------------------
/opt/airflow/dags/weekly_training_dag.py                           1           0  0.27s           2026-06-24T12:15:28
/opt/airflow/dags/review_timeout_dag.py                            1           0  0.33s           2026-06-24T12:15:28
================================================================================
[2026-06-24T12:16:13.650+0000] {manager.py:879} INFO - 
================================================================================
DAG File Processing Stats

File Path                                 PID    Runtime      # DAGs    # Errors  Last Runtime    Last Run
----------------------------------------  -----  ---------  --------  ----------  --------------  -------------------
/opt/airflow/dags/weekly_training_dag.py                           1           0  0.26s           2026-06-24T12:15:59
/opt/airflow/dags/review_timeout_dag.py                            1           0  0.30s           2026-06-24T12:15:59
================================================================================
[2026-06-24T12:16:44.192+0000] {manager.py:879} INFO - 
================================================================================
DAG File Processing Stats

File Path                                 PID    Runtime      # DAGs    # Errors  Last Runtime    Last Run
----------------------------------------  -----  ---------  --------  ----------  --------------  -------------------
/opt/airflow/dags/weekly_training_dag.py                           1           0  1.28s           2026-06-24T12:16:31
/opt/airflow/dags/review_timeout_dag.py                            1           0  1.37s           2026-06-24T12:16:31
================================================================================
[2026-06-24T12:17:15.131+0000] {manager.py:879} INFO - 
================================================================================
DAG File Processing Stats

File Path                                 PID    Runtime      # DAGs    # Errors  Last Runtime    Last Run
----------------------------------------  -----  ---------  --------  ----------  --------------  -------------------
/opt/airflow/dags/weekly_training_dag.py                           1           0  3.46s           2026-06-24T12:17:05
/opt/airflow/dags/review_timeout_dag.py                            1           0  4.09s           2026-06-24T12:17:05
================================================================================
[2026-06-24T12:17:45.910+0000] {manager.py:879} INFO - 
================================================================================
DAG File Processing Stats

File Path                                 PID    Runtime      # DAGs    # Errors  Last Runtime    Last Run
----------------------------------------  -----  ---------  --------  ----------  --------------  -------------------
/opt/airflow/dags/weekly_training_dag.py                           1           0  1.93s           2026-06-24T12:17:37
/opt/airflow/dags/review_timeout_dag.py                            1           0  1.63s           2026-06-24T12:17:37
================================================================================
[2026-06-24T12:17:52.220+0000] {manager.py:738} INFO - Searching for files in /opt/airflow/dags
[2026-06-24T12:17:52.245+0000] {manager.py:741} INFO - There are 2 files in /opt/airflow/dags
[2026-06-24T12:18:16.489+0000] {manager.py:879} INFO - 
================================================================================
DAG File Processing Stats

File Path                                 PID    Runtime      # DAGs    # Errors  Last Runtime    Last Run
----------------------------------------  -----  ---------  --------  ----------  --------------  -------------------
/opt/airflow/dags/weekly_training_dag.py                           1           0  1.41s           2026-06-24T12:18:09
/opt/airflow/dags/review_timeout_dag.py                            1           0  1.71s           2026-06-24T12:18:09
================================================================================
[2026-06-24T12:18:46.556+0000] {manager.py:879} INFO - 
================================================================================
DAG File Processing Stats

File Path                                 PID    Runtime      # DAGs    # Errors  Last Runtime    Last Run
----------------------------------------  -----  ---------  --------  ----------  --------------  -------------------
/opt/airflow/dags/weekly_training_dag.py                           1           0  0.45s           2026-06-24T12:18:40
/opt/airflow/dags/review_timeout_dag.py                            1           0  0.48s           2026-06-24T12:18:40
================================================================================
[2026-06-24T12:19:16.655+0000] {manager.py:879} INFO - 
================================================================================
DAG File Processing Stats

File Path                                 PID    Runtime      # DAGs    # Errors  Last Runtime    Last Run
----------------------------------------  -----  ---------  --------  ----------  --------------  -------------------
/opt/airflow/dags/weekly_training_dag.py                           1           0  0.54s           2026-06-24T12:19:11
/opt/airflow/dags/review_timeout_dag.py                            1           0  0.63s           2026-06-24T12:19:11
================================================================================
[2026-06-24T12:19:46.971+0000] {manager.py:879} INFO - 
================================================================================
DAG File Processing Stats

File Path                                 PID    Runtime      # DAGs    # Errors  Last Runtime    Last Run
----------------------------------------  -----  ---------  --------  ----------  --------------  -------------------
/opt/airflow/dags/weekly_training_dag.py                           1           0  0.29s           2026-06-24T12:19:42
/opt/airflow/dags/review_timeout_dag.py                            1           0  0.32s           2026-06-24T12:19:42
================================================================================
[2026-06-24T12:20:17.498+0000] {manager.py:879} INFO - 
================================================================================
DAG File Processing Stats

File Path                                 PID    Runtime      # DAGs    # Errors  Last Runtime    Last Run
----------------------------------------  -----  ---------  --------  ----------  --------------  -------------------
/opt/airflow/dags/weekly_training_dag.py                           1           0  0.35s           2026-06-24T12:20:12
/opt/airflow/dags/review_timeout_dag.py                            1           0  0.38s           2026-06-24T12:20:12
================================================================================
[2026-06-24T12:20:47.596+0000] {manager.py:879} INFO - 
================================================================================
DAG File Processing Stats

File Path                                 PID    Runtime      # DAGs    # Errors  Last Runtime    Last Run
----------------------------------------  -----  ---------  --------  ----------  --------------  -------------------
/opt/airflow/dags/weekly_training_dag.py                           1           0  0.59s           2026-06-24T12:20:43
/opt/airflow/dags/review_timeout_dag.py                            1           0  0.61s           2026-06-24T12:20:43
================================================================================
[2026-06-24T12:21:18.387+0000] {manager.py:879} INFO - 
================================================================================
DAG File Processing Stats

File Path                                 PID    Runtime      # DAGs    # Errors  Last Runtime    Last Run
----------------------------------------  -----  ---------  --------  ----------  --------------  -------------------
/opt/airflow/dags/weekly_training_dag.py                           1           0  0.47s           2026-06-24T12:21:14
/opt/airflow/dags/review_timeout_dag.py                            1           0  0.49s           2026-06-24T12:21:14
================================================================================
[2026-06-24T12:21:48.852+0000] {manager.py:879} INFO - 
================================================================================
DAG File Processing Stats

File Path                                 PID    Runtime      # DAGs    # Errors  Last Runtime    Last Run
----------------------------------------  -----  ---------  --------  ----------  --------------  -------------------
/opt/airflow/dags/weekly_training_dag.py                           1           0  0.29s           2026-06-24T12:21:45
/opt/airflow/dags/review_timeout_dag.py                            1           0  0.32s           2026-06-24T12:21:45
================================================================================
[2026-06-24T12:22:19.304+0000] {manager.py:879} INFO - 
================================================================================
DAG File Processing Stats

File Path                                 PID    Runtime      # DAGs    # Errors  Last Runtime    Last Run
----------------------------------------  -----  ---------  --------  ----------  --------------  -------------------
/opt/airflow/dags/weekly_training_dag.py                           1           0  0.27s           2026-06-24T12:22:15
/opt/airflow/dags/review_timeout_dag.py                            1           0  0.30s           2026-06-24T12:22:15
================================================================================
[2026-06-24T12:22:49.697+0000] {manager.py:879} INFO - 
================================================================================
DAG File Processing Stats

File Path                                 PID    Runtime      # DAGs    # Errors  Last Runtime    Last Run
----------------------------------------  -----  ---------  --------  ----------  --------------  -------------------
/opt/airflow/dags/weekly_training_dag.py                           1           0  0.26s           2026-06-24T12:22:45
/opt/airflow/dags/review_timeout_dag.py                            1           0  0.28s           2026-06-24T12:22:45
================================================================================
[2026-06-24T12:22:52.718+0000] {manager.py:738} INFO - Searching for files in /opt/airflow/dags
[2026-06-24T12:22:52.724+0000] {manager.py:741} INFO - There are 2 files in /opt/airflow/dags
[2026-06-24T12:23:20.115+0000] {manager.py:879} INFO - 
================================================================================
DAG File Processing Stats

File Path                                 PID    Runtime      # DAGs    # Errors  Last Runtime    Last Run
----------------------------------------  -----  ---------  --------  ----------  --------------  -------------------
/opt/airflow/dags/weekly_training_dag.py                           1           0  0.19s           2026-06-24T12:23:16
/opt/airflow/dags/review_timeout_dag.py                            1           0  0.20s           2026-06-24T12:23:16
================================================================================
[2026-06-24T12:23:50.404+0000] {manager.py:879} INFO - 
================================================================================
DAG File Processing Stats

File Path                                 PID    Runtime      # DAGs    # Errors  Last Runtime    Last Run
----------------------------------------  -----  ---------  --------  ----------  --------------  -------------------
/opt/airflow/dags/weekly_training_dag.py                           1           0  0.24s           2026-06-24T12:23:46
/opt/airflow/dags/review_timeout_dag.py                            1           0  0.26s           2026-06-24T12:23:46
================================================================================
[2026-06-24T12:24:20.968+0000] {manager.py:879} INFO - 
================================================================================
DAG File Processing Stats

File Path                                 PID    Runtime      # DAGs    # Errors  Last Runtime    Last Run
----------------------------------------  -----  ---------  --------  ----------  --------------  -------------------
/opt/airflow/dags/weekly_training_dag.py                           1           0  0.26s           2026-06-24T12:24:16
/opt/airflow/dags/review_timeout_dag.py                            1           0  0.28s           2026-06-24T12:24:16
================================================================================
[2026-06-24T12:24:51.731+0000] {manager.py:879} INFO - 
================================================================================
DAG File Processing Stats

File Path                                 PID    Runtime      # DAGs    # Errors  Last Runtime    Last Run
----------------------------------------  -----  ---------  --------  ----------  --------------  -------------------
/opt/airflow/dags/weekly_training_dag.py                           1           0  0.24s           2026-06-24T12:24:47
/opt/airflow/dags/review_timeout_dag.py                            1           0  0.27s           2026-06-24T12:24:47
================================================================================
[2026-06-24T12:25:22.340+0000] {manager.py:879} INFO - 
================================================================================
DAG File Processing Stats

File Path                                 PID    Runtime      # DAGs    # Errors  Last Runtime    Last Run
----------------------------------------  -----  ---------  --------  ----------  --------------  -------------------
/opt/airflow/dags/weekly_training_dag.py                           1           0  0.77s           2026-06-24T12:25:19
/opt/airflow/dags/review_timeout_dag.py                            1           0  0.91s           2026-06-24T12:25:19
================================================================================
[2026-06-24T12:25:52.354+0000] {manager.py:879} INFO - 
================================================================================
DAG File Processing Stats

File Path                                 PID    Runtime      # DAGs    # Errors  Last Runtime    Last Run
----------------------------------------  -----  ---------  --------  ----------  --------------  -------------------
/opt/airflow/dags/weekly_training_dag.py                           1           0  0.88s           2026-06-24T12:25:50
/opt/airflow/dags/review_timeout_dag.py                            1           0  0.98s           2026-06-24T12:25:50
================================================================================
[2026-06-24T12:26:22.718+0000] {manager.py:879} INFO - 
================================================================================
DAG File Processing Stats

File Path                                 PID    Runtime      # DAGs    # Errors  Last Runtime    Last Run
----------------------------------------  -----  ---------  --------  ----------  --------------  -------------------
/opt/airflow/dags/weekly_training_dag.py                           1           0  0.54s           2026-06-24T12:26:21
/opt/airflow/dags/review_timeout_dag.py                            1           0  0.60s           2026-06-24T12:26:21
================================================================================
[2026-06-24T12:26:53.119+0000] {manager.py:879} INFO - 
================================================================================
DAG File Processing Stats

File Path                                 PID    Runtime      # DAGs    # Errors  Last Runtime    Last Run
----------------------------------------  -----  ---------  --------  ----------  --------------  -------------------
/opt/airflow/dags/weekly_training_dag.py                           1           0  0.73s           2026-06-24T12:26:52
/opt/airflow/dags/review_timeout_dag.py                            1           0  0.76s           2026-06-24T12:26:52
================================================================================
[2026-06-24T12:27:23.425+0000] {manager.py:879} INFO - 
================================================================================
DAG File Processing Stats

File Path                                 PID    Runtime      # DAGs    # Errors  Last Runtime    Last Run
----------------------------------------  -----  ---------  --------  ----------  --------------  -------------------
/opt/airflow/dags/weekly_training_dag.py                           1           0  0.52s           2026-06-24T12:27:23
/opt/airflow/dags/review_timeout_dag.py                            1           0  0.54s           2026-06-24T12:27:23
================================================================================
[2026-06-24T12:29:38.201+0000] {manager.py:469} INFO - Processing files using up to 2 processes at a time 
[2026-06-24T12:29:38.203+0000] {manager.py:470} INFO - Process each file at most once every 30 seconds
[2026-06-24T12:29:38.206+0000] {manager.py:471} INFO - Checking for new files in /opt/airflow/dags every 300 seconds
[2026-06-24T12:29:38.209+0000] {manager.py:738} INFO - Searching for files in /opt/airflow/dags
[2026-06-24T12:29:38.248+0000] {manager.py:741} INFO - There are 2 files in /opt/airflow/dags
[2026-06-24T12:29:38.832+0000] {manager.py:879} INFO - 
================================================================================
DAG File Processing Stats

File Path                                   PID  Runtime      # DAGs    # Errors  Last Runtime    Last Run
----------------------------------------  -----  ---------  --------  ----------  --------------  ----------
/opt/airflow/dags/weekly_training_dag.py    183  0.23s             0           0
/opt/airflow/dags/review_timeout_dag.py     180  0.29s             0           0
================================================================================
[2026-06-24T12:30:09.035+0000] {manager.py:879} INFO - 
================================================================================
DAG File Processing Stats

File Path                                 PID    Runtime      # DAGs    # Errors  Last Runtime    Last Run
----------------------------------------  -----  ---------  --------  ----------  --------------  -------------------
/opt/airflow/dags/weekly_training_dag.py                           1           0  1.41s           2026-06-24T12:29:39
/opt/airflow/dags/review_timeout_dag.py                            1           0  1.46s           2026-06-24T12:29:39
================================================================================
[2026-06-24T12:30:39.542+0000] {manager.py:879} INFO - 
================================================================================
DAG File Processing Stats

File Path                                 PID    Runtime      # DAGs    # Errors  Last Runtime    Last Run
----------------------------------------  -----  ---------  --------  ----------  --------------  -------------------
/opt/airflow/dags/weekly_training_dag.py                           1           0  0.47s           2026-06-24T12:30:10
/opt/airflow/dags/review_timeout_dag.py                            1           0  0.53s           2026-06-24T12:30:10
================================================================================
[2026-06-24T12:31:09.874+0000] {manager.py:879} INFO - 
================================================================================
DAG File Processing Stats

File Path                                 PID    Runtime      # DAGs    # Errors  Last Runtime    Last Run
----------------------------------------  -----  ---------  --------  ----------  --------------  -------------------
/opt/airflow/dags/weekly_training_dag.py                           1           0  0.71s           2026-06-24T12:30:41
/opt/airflow/dags/review_timeout_dag.py                            1           0  0.79s           2026-06-24T12:30:41
================================================================================
[2026-06-24T12:31:40.300+0000] {manager.py:879} INFO - 
================================================================================
DAG File Processing Stats

File Path                                 PID    Runtime      # DAGs    # Errors  Last Runtime    Last Run
----------------------------------------  -----  ---------  --------  ----------  --------------  -------------------
/opt/airflow/dags/weekly_training_dag.py                           1           0  0.22s           2026-06-24T12:31:12
/opt/airflow/dags/review_timeout_dag.py                            1           0  0.27s           2026-06-24T12:31:12
================================================================================
[2026-06-24T12:47:31.978+0000] {manager.py:738} INFO - Searching for files in /opt/airflow/dags
[2026-06-24T12:47:32.003+0000] {manager.py:741} INFO - There are 2 files in /opt/airflow/dags
[2026-06-24T12:47:37.375+0000] {manager.py:879} INFO - 
================================================================================
DAG File Processing Stats

File Path                                 PID    Runtime      # DAGs    # Errors  Last Runtime    Last Run
----------------------------------------  -----  ---------  --------  ----------  --------------  -------------------
/opt/airflow/dags/weekly_training_dag.py                           1           0  0.82s           2026-06-24T12:47:32
/opt/airflow/dags/review_timeout_dag.py                            1           0  0.92s           2026-06-24T12:47:32
================================================================================
[2026-06-24T12:48:08.356+0000] {manager.py:879} INFO - 
================================================================================
DAG File Processing Stats

File Path                                 PID    Runtime      # DAGs    # Errors  Last Runtime    Last Run
----------------------------------------  -----  ---------  --------  ----------  --------------  -------------------
/opt/airflow/dags/weekly_training_dag.py                           1           0  0.20s           2026-06-24T12:48:03
/opt/airflow/dags/review_timeout_dag.py                            1           0  0.22s           2026-06-24T12:48:03
================================================================================
[2026-06-24T12:48:38.764+0000] {manager.py:879} INFO - 
================================================================================
DAG File Processing Stats

File Path                                 PID    Runtime      # DAGs    # Errors  Last Runtime    Last Run
----------------------------------------  -----  ---------  --------  ----------  --------------  -------------------
/opt/airflow/dags/weekly_training_dag.py                           1           0  0.12s           2026-06-24T12:48:33
/opt/airflow/dags/review_timeout_dag.py                            1           0  0.13s           2026-06-24T12:48:33
================================================================================
[2026-06-24T12:49:09.084+0000] {manager.py:879} INFO - 
================================================================================
DAG File Processing Stats

File Path                                 PID    Runtime      # DAGs    # Errors  Last Runtime    Last Run
----------------------------------------  -----  ---------  --------  ----------  --------------  -------------------
/opt/airflow/dags/weekly_training_dag.py                           1           0  0.21s           2026-06-24T12:49:04
/opt/airflow/dags/review_timeout_dag.py                            1           0  0.24s           2026-06-24T12:49:04
================================================================================
[2026-06-24T12:49:39.655+0000] {manager.py:879} INFO - 
================================================================================
DAG File Processing Stats

File Path                                 PID    Runtime      # DAGs    # Errors  Last Runtime    Last Run
----------------------------------------  -----  ---------  --------  ----------  --------------  -------------------
/opt/airflow/dags/weekly_training_dag.py                           1           0  0.14s           2026-06-24T12:49:34
/opt/airflow/dags/review_timeout_dag.py                            1           0  0.18s           2026-06-24T12:49:34
================================================================================
[2026-06-24T12:50:10.215+0000] {manager.py:879} INFO - 
================================================================================
DAG File Processing Stats

File Path                                 PID    Runtime      # DAGs    # Errors  Last Runtime    Last Run
----------------------------------------  -----  ---------  --------  ----------  --------------  -------------------
/opt/airflow/dags/weekly_training_dag.py                           1           0  0.32s           2026-06-24T12:50:05
/opt/airflow/dags/review_timeout_dag.py                            1           0  0.41s           2026-06-24T12:50:05
================================================================================
[2026-06-24T12:50:40.634+0000] {manager.py:879} INFO - 
================================================================================
DAG File Processing Stats

File Path                                 PID    Runtime      # DAGs    # Errors  Last Runtime    Last Run
----------------------------------------  -----  ---------  --------  ----------  --------------  -------------------
/opt/airflow/dags/weekly_training_dag.py                           1           0  0.21s           2026-06-24T12:50:35
/opt/airflow/dags/review_timeout_dag.py                            1           0  0.23s           2026-06-24T12:50:35
================================================================================
[2026-06-24T12:51:11.207+0000] {manager.py:879} INFO - 
================================================================================
DAG File Processing Stats

File Path                                 PID    Runtime      # DAGs    # Errors  Last Runtime    Last Run
----------------------------------------  -----  ---------  --------  ----------  --------------  -------------------
/opt/airflow/dags/weekly_training_dag.py                           1           0  0.20s           2026-06-24T12:51:06
/opt/airflow/dags/review_timeout_dag.py                            1           0  0.25s           2026-06-24T12:51:06
================================================================================
[2026-06-24T12:51:41.543+0000] {manager.py:879} INFO - 
================================================================================
DAG File Processing Stats

File Path                                 PID    Runtime      # DAGs    # Errors  Last Runtime    Last Run
----------------------------------------  -----  ---------  --------  ----------  --------------  -------------------
/opt/airflow/dags/weekly_training_dag.py                           1           0  0.41s           2026-06-24T12:51:36
/opt/airflow/dags/review_timeout_dag.py                            1           0  0.46s           2026-06-24T12:51:36
================================================================================
[2026-06-24T12:52:11.820+0000] {manager.py:879} INFO - 
================================================================================
DAG File Processing Stats

File Path                                 PID    Runtime      # DAGs    # Errors  Last Runtime    Last Run
----------------------------------------  -----  ---------  --------  ----------  --------------  -------------------
/opt/airflow/dags/weekly_training_dag.py                           1           0  0.58s           2026-06-24T12:52:07
/opt/airflow/dags/review_timeout_dag.py                            1           0  0.72s           2026-06-24T12:52:07
================================================================================
[2026-06-24T12:52:32.688+0000] {manager.py:738} INFO - Searching for files in /opt/airflow/dags
[2026-06-24T12:52:32.696+0000] {manager.py:741} INFO - There are 2 files in /opt/airflow/dags
[2026-06-24T12:52:41.892+0000] {manager.py:879} INFO - 
================================================================================
DAG File Processing Stats

File Path                                 PID    Runtime      # DAGs    # Errors  Last Runtime    Last Run
----------------------------------------  -----  ---------  --------  ----------  --------------  -------------------
/opt/airflow/dags/weekly_training_dag.py                           1           0  0.23s           2026-06-24T12:52:38
/opt/airflow/dags/review_timeout_dag.py                            1           0  0.29s           2026-06-24T12:52:38
================================================================================
[2026-06-24T12:53:12.151+0000] {manager.py:879} INFO - 
================================================================================
DAG File Processing Stats

File Path                                 PID    Runtime      # DAGs    # Errors  Last Runtime    Last Run
----------------------------------------  -----  ---------  --------  ----------  --------------  -------------------
/opt/airflow/dags/weekly_training_dag.py                           1           0  0.31s           2026-06-24T12:53:09
/opt/airflow/dags/review_timeout_dag.py                            1           0  0.33s           2026-06-24T12:53:09
================================================================================
[2026-06-24T12:53:42.340+0000] {manager.py:879} INFO - 
================================================================================
DAG File Processing Stats

File Path                                 PID    Runtime      # DAGs    # Errors  Last Runtime    Last Run
----------------------------------------  -----  ---------  --------  ----------  --------------  -------------------
/opt/airflow/dags/weekly_training_dag.py                           1           0  0.19s           2026-06-24T12:53:39
/opt/airflow/dags/review_timeout_dag.py                            1           0  0.23s           2026-06-24T12:53:39
================================================================================
[2026-06-24T12:54:12.666+0000] {manager.py:879} INFO - 
================================================================================
DAG File Processing Stats

File Path                                 PID    Runtime      # DAGs    # Errors  Last Runtime    Last Run
----------------------------------------  -----  ---------  --------  ----------  --------------  -------------------
/opt/airflow/dags/weekly_training_dag.py                           1           0  0.19s           2026-06-24T12:54:09
/opt/airflow/dags/review_timeout_dag.py                            1           0  0.22s           2026-06-24T12:54:09
================================================================================
[2026-06-24T12:54:42.796+0000] {manager.py:879} INFO - 
================================================================================
DAG File Processing Stats

File Path                                 PID    Runtime      # DAGs    # Errors  Last Runtime    Last Run
----------------------------------------  -----  ---------  --------  ----------  --------------  -------------------
/opt/airflow/dags/weekly_training_dag.py                           1           0  0.58s           2026-06-24T12:54:40
/opt/airflow/dags/review_timeout_dag.py                            1           0  0.74s           2026-06-24T12:54:40
================================================================================
[2026-06-24T12:55:13.227+0000] {manager.py:879} INFO - 
================================================================================
DAG File Processing Stats

File Path                                 PID    Runtime      # DAGs    # Errors  Last Runtime    Last Run
----------------------------------------  -----  ---------  --------  ----------  --------------  -------------------
/opt/airflow/dags/weekly_training_dag.py                           1           0  0.15s           2026-06-24T12:55:11
/opt/airflow/dags/review_timeout_dag.py                            1           0  0.17s           2026-06-24T12:55:11
================================================================================
[2026-06-24T12:55:43.666+0000] {manager.py:879} INFO - 
================================================================================
DAG File Processing Stats

File Path                                 PID    Runtime      # DAGs    # Errors  Last Runtime    Last Run
----------------------------------------  -----  ---------  --------  ----------  --------------  -------------------
/opt/airflow/dags/weekly_training_dag.py                           1           0  0.16s           2026-06-24T12:55:41
/opt/airflow/dags/review_timeout_dag.py                            1           0  0.18s           2026-06-24T12:55:41
================================================================================
[2026-06-24T12:56:14.077+0000] {manager.py:879} INFO - 
================================================================================
DAG File Processing Stats

File Path                                 PID    Runtime      # DAGs    # Errors  Last Runtime    Last Run
----------------------------------------  -----  ---------  --------  ----------  --------------  -------------------
/opt/airflow/dags/weekly_training_dag.py                           1           0  0.30s           2026-06-24T12:56:12
/opt/airflow/dags/review_timeout_dag.py                            1           0  0.32s           2026-06-24T12:56:12
================================================================================
[2026-06-24T12:56:44.607+0000] {manager.py:879} INFO - 
================================================================================
DAG File Processing Stats

File Path                                 PID    Runtime      # DAGs    # Errors  Last Runtime    Last Run
----------------------------------------  -----  ---------  --------  ----------  --------------  -------------------
/opt/airflow/dags/weekly_training_dag.py                           1           0  0.18s           2026-06-24T12:56:42
/opt/airflow/dags/review_timeout_dag.py                            1           0  0.19s           2026-06-24T12:56:42
================================================================================
[2026-06-24T12:57:15.370+0000] {manager.py:879} INFO - 
================================================================================
DAG File Processing Stats

File Path                                 PID    Runtime      # DAGs    # Errors  Last Runtime    Last Run
----------------------------------------  -----  ---------  --------  ----------  --------------  -------------------
/opt/airflow/dags/weekly_training_dag.py                           1           0  0.14s           2026-06-24T12:57:13
/opt/airflow/dags/review_timeout_dag.py                            1           0  0.15s           2026-06-24T12:57:13
================================================================================
[2026-06-24T12:57:33.601+0000] {manager.py:738} INFO - Searching for files in /opt/airflow/dags
[2026-06-24T12:57:33.608+0000] {manager.py:741} INFO - There are 2 files in /opt/airflow/dags
[2026-06-24T12:57:46.034+0000] {manager.py:879} INFO - 
================================================================================
DAG File Processing Stats

File Path                                 PID    Runtime      # DAGs    # Errors  Last Runtime    Last Run
----------------------------------------  -----  ---------  --------  ----------  --------------  -------------------
/opt/airflow/dags/weekly_training_dag.py                           1           0  0.23s           2026-06-24T12:57:44
/opt/airflow/dags/review_timeout_dag.py                            1           0  0.24s           2026-06-24T12:57:44
================================================================================
[2026-06-24T12:58:16.353+0000] {manager.py:879} INFO - 
================================================================================
DAG File Processing Stats

File Path                                 PID    Runtime      # DAGs    # Errors  Last Runtime    Last Run
----------------------------------------  -----  ---------  --------  ----------  --------------  -------------------
/opt/airflow/dags/weekly_training_dag.py                           1           0  0.17s           2026-06-24T12:58:14
/opt/airflow/dags/review_timeout_dag.py                            1           0  0.19s           2026-06-24T12:58:14
================================================================================
[2026-06-24T12:58:46.671+0000] {manager.py:879} INFO - 
================================================================================
DAG File Processing Stats

File Path                                 PID    Runtime      # DAGs    # Errors  Last Runtime    Last Run
----------------------------------------  -----  ---------  --------  ----------  --------------  -------------------
/opt/airflow/dags/weekly_training_dag.py                           1           0  0.48s           2026-06-24T12:58:45
/opt/airflow/dags/review_timeout_dag.py                            1           0  0.49s           2026-06-24T12:58:45
================================================================================
[2026-06-24T12:59:17.607+0000] {manager.py:879} INFO - 
================================================================================
DAG File Processing Stats

File Path                                 PID    Runtime      # DAGs    # Errors  Last Runtime    Last Run
----------------------------------------  -----  ---------  --------  ----------  --------------  -------------------
/opt/airflow/dags/weekly_training_dag.py                           1           0  0.34s           2026-06-24T12:59:15
/opt/airflow/dags/review_timeout_dag.py                            1           0  0.39s           2026-06-24T12:59:15
================================================================================
[2026-06-24T12:59:47.950+0000] {manager.py:879} INFO - 
================================================================================
DAG File Processing Stats

File Path                                 PID    Runtime      # DAGs    # Errors  Last Runtime    Last Run
----------------------------------------  -----  ---------  --------  ----------  --------------  -------------------
/opt/airflow/dags/weekly_training_dag.py                           1           0  0.19s           2026-06-24T12:59:46
/opt/airflow/dags/review_timeout_dag.py                            1           0  0.20s           2026-06-24T12:59:46
================================================================================
[2026-06-24T13:00:18.295+0000] {manager.py:879} INFO - 
================================================================================
DAG File Processing Stats

File Path                                 PID    Runtime      # DAGs    # Errors  Last Runtime    Last Run
----------------------------------------  -----  ---------  --------  ----------  --------------  -------------------
/opt/airflow/dags/weekly_training_dag.py                           1           0  0.13s           2026-06-24T13:00:16
/opt/airflow/dags/review_timeout_dag.py                            1           0  0.14s           2026-06-24T13:00:16
================================================================================
[2026-06-24T13:00:48.894+0000] {manager.py:879} INFO - 
================================================================================
DAG File Processing Stats

File Path                                 PID    Runtime      # DAGs    # Errors  Last Runtime    Last Run
----------------------------------------  -----  ---------  --------  ----------  --------------  -------------------
/opt/airflow/dags/weekly_training_dag.py                           1           0  0.13s           2026-06-24T13:00:46
/opt/airflow/dags/review_timeout_dag.py                            1           0  0.15s           2026-06-24T13:00:46
================================================================================
[2026-06-24T13:01:19.567+0000] {manager.py:879} INFO - 
================================================================================
DAG File Processing Stats

File Path                                 PID    Runtime      # DAGs    # Errors  Last Runtime    Last Run
----------------------------------------  -----  ---------  --------  ----------  --------------  -------------------
/opt/airflow/dags/weekly_training_dag.py                           1           0  0.24s           2026-06-24T13:01:17
/opt/airflow/dags/review_timeout_dag.py                            1           0  0.27s           2026-06-24T13:01:17
================================================================================
[2026-06-24T13:01:50.112+0000] {manager.py:879} INFO - 
================================================================================
DAG File Processing Stats

File Path                                 PID    Runtime      # DAGs    # Errors  Last Runtime    Last Run
----------------------------------------  -----  ---------  --------  ----------  --------------  -------------------
/opt/airflow/dags/weekly_training_dag.py                           1           0  0.22s           2026-06-24T13:01:48
/opt/airflow/dags/review_timeout_dag.py                            1           0  0.28s           2026-06-24T13:01:48
================================================================================
[2026-06-24T13:02:20.566+0000] {manager.py:879} INFO - 
================================================================================
DAG File Processing Stats

File Path                                 PID    Runtime      # DAGs    # Errors  Last Runtime    Last Run
----------------------------------------  -----  ---------  --------  ----------  --------------  -------------------
/opt/airflow/dags/weekly_training_dag.py                           1           0  0.20s           2026-06-24T13:02:18
/opt/airflow/dags/review_timeout_dag.py                            1           0  0.22s           2026-06-24T13:02:18
================================================================================
[2026-06-24T13:02:33.911+0000] {manager.py:738} INFO - Searching for files in /opt/airflow/dags
[2026-06-24T13:02:33.934+0000] {manager.py:741} INFO - There are 2 files in /opt/airflow/dags
[2026-06-24T13:02:51.339+0000] {manager.py:879} INFO - 
================================================================================
DAG File Processing Stats

File Path                                 PID    Runtime      # DAGs    # Errors  Last Runtime    Last Run
----------------------------------------  -----  ---------  --------  ----------  --------------  -------------------
/opt/airflow/dags/weekly_training_dag.py                           1           0  0.13s           2026-06-24T13:02:49
/opt/airflow/dags/review_timeout_dag.py                            1           0  0.18s           2026-06-24T13:02:49
================================================================================
[2026-06-24T13:03:21.807+0000] {manager.py:879} INFO - 
================================================================================
DAG File Processing Stats

File Path                                 PID    Runtime      # DAGs    # Errors  Last Runtime    Last Run
----------------------------------------  -----  ---------  --------  ----------  --------------  -------------------
/opt/airflow/dags/weekly_training_dag.py                           1           0  0.14s           2026-06-24T13:03:19
/opt/airflow/dags/review_timeout_dag.py                            1           0  0.19s           2026-06-24T13:03:19
================================================================================
[2026-06-24T13:03:52.264+0000] {manager.py:879} INFO - 
================================================================================
DAG File Processing Stats

File Path                                 PID    Runtime      # DAGs    # Errors  Last Runtime    Last Run
----------------------------------------  -----  ---------  --------  ----------  --------------  -------------------
/opt/airflow/dags/weekly_training_dag.py                           1           0  0.11s           2026-06-24T13:03:50
/opt/airflow/dags/review_timeout_dag.py                            1           0  0.13s           2026-06-24T13:03:50
================================================================================
[2026-06-24T13:04:22.697+0000] {manager.py:879} INFO - 
================================================================================
DAG File Processing Stats

File Path                                 PID    Runtime      # DAGs    # Errors  Last Runtime    Last Run
----------------------------------------  -----  ---------  --------  ----------  --------------  -------------------
/opt/airflow/dags/weekly_training_dag.py                           1           0  0.13s           2026-06-24T13:04:20
/opt/airflow/dags/review_timeout_dag.py                            1           0  0.15s           2026-06-24T13:04:20
================================================================================
[2026-06-24T13:04:52.943+0000] {manager.py:879} INFO - 
================================================================================
DAG File Processing Stats

File Path                                 PID    Runtime      # DAGs    # Errors  Last Runtime    Last Run
----------------------------------------  -----  ---------  --------  ----------  --------------  -------------------
/opt/airflow/dags/weekly_training_dag.py                           1           0  0.14s           2026-06-24T13:04:51
/opt/airflow/dags/review_timeout_dag.py                            1           0  0.15s           2026-06-24T13:04:51
================================================================================
[2026-06-24T13:05:23.239+0000] {manager.py:879} INFO - 
================================================================================
DAG File Processing Stats

File Path                                 PID    Runtime      # DAGs    # Errors  Last Runtime    Last Run
----------------------------------------  -----  ---------  --------  ----------  --------------  -------------------
/opt/airflow/dags/weekly_training_dag.py                           1           0  0.11s           2026-06-24T13:05:21
/opt/airflow/dags/review_timeout_dag.py                            1           0  0.13s           2026-06-24T13:05:21
================================================================================
[2026-06-24T13:05:53.481+0000] {manager.py:879} INFO - 
================================================================================
DAG File Processing Stats

File Path                                 PID    Runtime      # DAGs    # Errors  Last Runtime    Last Run
----------------------------------------  -----  ---------  --------  ----------  --------------  -------------------
/opt/airflow/dags/weekly_training_dag.py                           1           0  0.14s           2026-06-24T13:05:51
/opt/airflow/dags/review_timeout_dag.py                            1           0  0.14s           2026-06-24T13:05:51
================================================================================
[2026-06-24T13:06:24.446+0000] {manager.py:879} INFO - 
================================================================================
DAG File Processing Stats

File Path                                 PID    Runtime      # DAGs    # Errors  Last Runtime    Last Run
----------------------------------------  -----  ---------  --------  ----------  --------------  -------------------
/opt/airflow/dags/weekly_training_dag.py                           1           0  0.22s           2026-06-24T13:06:22
/opt/airflow/dags/review_timeout_dag.py                            1           0  0.26s           2026-06-24T13:06:22
================================================================================
[2026-06-24T13:06:54.785+0000] {manager.py:879} INFO - 
================================================================================
DAG File Processing Stats

File Path                                 PID    Runtime      # DAGs    # Errors  Last Runtime    Last Run
----------------------------------------  -----  ---------  --------  ----------  --------------  -------------------
/opt/airflow/dags/weekly_training_dag.py                           1           0  0.16s           2026-06-24T13:06:52
/opt/airflow/dags/review_timeout_dag.py                            1           0  0.19s           2026-06-24T13:06:52
================================================================================
[2026-06-24T13:07:25.323+0000] {manager.py:879} INFO - 
================================================================================
DAG File Processing Stats

File Path                                 PID    Runtime      # DAGs    # Errors  Last Runtime    Last Run
----------------------------------------  -----  ---------  --------  ----------  --------------  -------------------
/opt/airflow/dags/weekly_training_dag.py                           1           0  0.47s           2026-06-24T13:07:23
/opt/airflow/dags/review_timeout_dag.py                            1           0  0.66s           2026-06-24T13:07:23
================================================================================
[2026-06-24T13:07:34.384+0000] {manager.py:738} INFO - Searching for files in /opt/airflow/dags
[2026-06-24T13:07:34.393+0000] {manager.py:741} INFO - There are 2 files in /opt/airflow/dags
[2026-06-24T13:07:56.084+0000] {manager.py:879} INFO - 
================================================================================
DAG File Processing Stats

File Path                                 PID    Runtime      # DAGs    # Errors  Last Runtime    Last Run
----------------------------------------  -----  ---------  --------  ----------  --------------  -------------------
/opt/airflow/dags/weekly_training_dag.py                           1           0  0.15s           2026-06-24T13:07:54
/opt/airflow/dags/review_timeout_dag.py                            1           0  0.17s           2026-06-24T13:07:54
================================================================================
[2026-06-24T13:08:26.373+0000] {manager.py:879} INFO - 
================================================================================
DAG File Processing Stats

File Path                                 PID    Runtime      # DAGs    # Errors  Last Runtime    Last Run
----------------------------------------  -----  ---------  --------  ----------  --------------  -------------------
/opt/airflow/dags/weekly_training_dag.py                           1           0  0.23s           2026-06-24T13:08:24
/opt/airflow/dags/review_timeout_dag.py                            1           0  0.25s           2026-06-24T13:08:24
================================================================================
[2026-06-24T13:08:56.765+0000] {manager.py:879} INFO - 
================================================================================
DAG File Processing Stats

File Path                                 PID    Runtime      # DAGs    # Errors  Last Runtime    Last Run
----------------------------------------  -----  ---------  --------  ----------  --------------  -------------------
/opt/airflow/dags/weekly_training_dag.py                           1           0  0.98s           2026-06-24T13:08:55
/opt/airflow/dags/review_timeout_dag.py                            1           0  1.06s           2026-06-24T13:08:55
================================================================================
[2026-06-24T13:09:27.191+0000] {manager.py:879} INFO - 
================================================================================
DAG File Processing Stats

File Path                                 PID    Runtime      # DAGs    # Errors  Last Runtime    Last Run
----------------------------------------  -----  ---------  --------  ----------  --------------  -------------------
/opt/airflow/dags/weekly_training_dag.py                           1           0  0.14s           2026-06-24T13:09:26
/opt/airflow/dags/review_timeout_dag.py                            1           0  0.16s           2026-06-24T13:09:26
================================================================================
[2026-06-24T13:09:57.439+0000] {manager.py:879} INFO - 
================================================================================
DAG File Processing Stats

File Path                                 PID    Runtime      # DAGs    # Errors  Last Runtime    Last Run
----------------------------------------  -----  ---------  --------  ----------  --------------  -------------------
/opt/airflow/dags/weekly_training_dag.py                           1           0  0.13s           2026-06-24T13:09:56
/opt/airflow/dags/review_timeout_dag.py                            1           0  0.14s           2026-06-24T13:09:56
================================================================================
[2026-06-24T13:10:27.853+0000] {manager.py:879} INFO - 
================================================================================
DAG File Processing Stats

File Path                                 PID    Runtime      # DAGs    # Errors  Last Runtime    Last Run
----------------------------------------  -----  ---------  --------  ----------  --------------  -------------------
/opt/airflow/dags/weekly_training_dag.py                           1           0  0.13s           2026-06-24T13:10:26
/opt/airflow/dags/review_timeout_dag.py                            1           0  0.15s           2026-06-24T13:10:26
================================================================================
[2026-06-24T13:10:58.243+0000] {manager.py:879} INFO - 
================================================================================
DAG File Processing Stats

File Path                                 PID    Runtime      # DAGs    # Errors  Last Runtime    Last Run
----------------------------------------  -----  ---------  --------  ----------  --------------  -------------------
/opt/airflow/dags/weekly_training_dag.py                           1           0  0.31s           2026-06-24T13:10:57
/opt/airflow/dags/review_timeout_dag.py                            1           0  0.35s           2026-06-24T13:10:57
================================================================================
[2026-06-24T13:11:28.886+0000] {manager.py:879} INFO - 
================================================================================
DAG File Processing Stats

File Path                                 PID    Runtime      # DAGs    # Errors  Last Runtime    Last Run
----------------------------------------  -----  ---------  --------  ----------  --------------  -------------------
/opt/airflow/dags/weekly_training_dag.py                           1           0  0.14s           2026-06-24T13:11:27
/opt/airflow/dags/review_timeout_dag.py                            1           0  0.15s           2026-06-24T13:11:27
================================================================================
[2026-06-24T13:11:59.137+0000] {manager.py:879} INFO - 
================================================================================
DAG File Processing Stats

File Path                                 PID    Runtime      # DAGs    # Errors  Last Runtime    Last Run
----------------------------------------  -----  ---------  --------  ----------  --------------  -------------------
/opt/airflow/dags/weekly_training_dag.py                           1           0  0.18s           2026-06-24T13:11:58
/opt/airflow/dags/review_timeout_dag.py                            1           0  0.19s           2026-06-24T13:11:58
================================================================================
[2026-06-24T13:12:29.548+0000] {manager.py:879} INFO - 
================================================================================
DAG File Processing Stats

File Path                                 PID    Runtime      # DAGs    # Errors  Last Runtime    Last Run
----------------------------------------  -----  ---------  --------  ----------  --------------  -------------------
/opt/airflow/dags/weekly_training_dag.py                           1           0  0.12s           2026-06-24T13:12:28
/opt/airflow/dags/review_timeout_dag.py                            1           0  0.14s           2026-06-24T13:12:28
================================================================================
[2026-06-24T13:12:34.575+0000] {manager.py:738} INFO - Searching for files in /opt/airflow/dags
[2026-06-24T13:12:34.584+0000] {manager.py:741} INFO - There are 2 files in /opt/airflow/dags
[2026-06-24T13:12:59.944+0000] {manager.py:879} INFO - 
================================================================================
DAG File Processing Stats

File Path                                 PID    Runtime      # DAGs    # Errors  Last Runtime    Last Run
----------------------------------------  -----  ---------  --------  ----------  --------------  -------------------
/opt/airflow/dags/weekly_training_dag.py                           1           0  0.17s           2026-06-24T13:12:59
/opt/airflow/dags/review_timeout_dag.py                            1           0  0.21s           2026-06-24T13:12:59
================================================================================
[2026-06-24T13:13:30.270+0000] {manager.py:879} INFO - 
================================================================================
DAG File Processing Stats

File Path                                 PID    Runtime      # DAGs    # Errors  Last Runtime    Last Run
----------------------------------------  -----  ---------  --------  ----------  --------------  -------------------
/opt/airflow/dags/weekly_training_dag.py                           1           0  0.13s           2026-06-24T13:13:29
/opt/airflow/dags/review_timeout_dag.py                            1           0  0.15s           2026-06-24T13:13:29
================================================================================
[2026-06-24T13:14:00.576+0000] {manager.py:879} INFO - 
================================================================================
DAG File Processing Stats

File Path                                 PID    Runtime      # DAGs    # Errors  Last Runtime    Last Run
----------------------------------------  -----  ---------  --------  ----------  --------------  -------------------
/opt/airflow/dags/weekly_training_dag.py                           1           0  0.17s           2026-06-24T13:13:59
/opt/airflow/dags/review_timeout_dag.py                            1           0  0.18s           2026-06-24T13:13:59
================================================================================
[2026-06-24T13:14:31.049+0000] {manager.py:879} INFO - 
================================================================================
DAG File Processing Stats

File Path                                 PID    Runtime      # DAGs    # Errors  Last Runtime    Last Run
----------------------------------------  -----  ---------  --------  ----------  --------------  -------------------
/opt/airflow/dags/weekly_training_dag.py                           1           0  0.13s           2026-06-24T13:14:30
/opt/airflow/dags/review_timeout_dag.py                            1           0  0.15s           2026-06-24T13:14:30
================================================================================
[2026-06-24T13:15:01.405+0000] {manager.py:879} INFO - 
================================================================================
DAG File Processing Stats

File Path                                 PID    Runtime      # DAGs    # Errors  Last Runtime    Last Run
----------------------------------------  -----  ---------  --------  ----------  --------------  -------------------
/opt/airflow/dags/weekly_training_dag.py                           1           0  0.18s           2026-06-24T13:15:00
/opt/airflow/dags/review_timeout_dag.py                            1           0  0.23s           2026-06-24T13:15:00
================================================================================
[2026-06-24T13:15:31.788+0000] {manager.py:879} INFO - 
================================================================================
DAG File Processing Stats

File Path                                 PID    Runtime      # DAGs    # Errors  Last Runtime    Last Run
----------------------------------------  -----  ---------  --------  ----------  --------------  -------------------
/opt/airflow/dags/weekly_training_dag.py                           1           0  0.24s           2026-06-24T13:15:30
/opt/airflow/dags/review_timeout_dag.py                            1           0  0.28s           2026-06-24T13:15:30
================================================================================
[2026-06-24T13:16:01.809+0000] {manager.py:879} INFO - 
================================================================================
DAG File Processing Stats

File Path                                 PID    Runtime      # DAGs    # Errors  Last Runtime    Last Run
----------------------------------------  -----  ---------  --------  ----------  --------------  -------------------
/opt/airflow/dags/weekly_training_dag.py                           1           0  0.35s           2026-06-24T13:16:01
/opt/airflow/dags/review_timeout_dag.py                            1           0  0.37s           2026-06-24T13:16:01
================================================================================
[2026-06-24T13:16:32.563+0000] {manager.py:879} INFO - 
================================================================================
DAG File Processing Stats

File Path                                   PID  Runtime      # DAGs    # Errors  Last Runtime    Last Run
----------------------------------------  -----  ---------  --------  ----------  --------------  -------------------
/opt/airflow/dags/weekly_training_dag.py    805  0.01s             1           0  0.35s           2026-06-24T13:16:01
/opt/airflow/dags/review_timeout_dag.py     803  0.11s             1           0  0.37s           2026-06-24T13:16:01
================================================================================
[2026-06-24T13:17:03.266+0000] {manager.py:879} INFO - 
================================================================================
DAG File Processing Stats

File Path                                   PID  Runtime      # DAGs    # Errors  Last Runtime    Last Run
----------------------------------------  -----  ---------  --------  ----------  --------------  -------------------
/opt/airflow/dags/weekly_training_dag.py    816  0.01s             1           0  0.27s           2026-06-24T13:16:32
/opt/airflow/dags/review_timeout_dag.py     813  0.02s             1           0  0.37s           2026-06-24T13:16:32
================================================================================
[2026-06-24T13:17:33.853+0000] {manager.py:879} INFO - 
================================================================================
DAG File Processing Stats

File Path                                   PID  Runtime      # DAGs    # Errors  Last Runtime    Last Run
----------------------------------------  -----  ---------  --------  ----------  --------------  -------------------
/opt/airflow/dags/weekly_training_dag.py    826  0.01s             1           0  0.16s           2026-06-24T13:17:03
/opt/airflow/dags/review_timeout_dag.py     823  0.03s             1           0  0.18s           2026-06-24T13:17:03
================================================================================
[2026-06-24T13:17:35.008+0000] {manager.py:738} INFO - Searching for files in /opt/airflow/dags
[2026-06-24T13:17:35.022+0000] {manager.py:741} INFO - There are 2 files in /opt/airflow/dags
[2026-06-24T13:18:04.585+0000] {manager.py:879} INFO - 
================================================================================
DAG File Processing Stats

File Path                                   PID  Runtime      # DAGs    # Errors  Last Runtime    Last Run
----------------------------------------  -----  ---------  --------  ----------  --------------  -------------------
/opt/airflow/dags/weekly_training_dag.py    836  0.09s             1           0  0.16s           2026-06-24T13:17:33
/opt/airflow/dags/review_timeout_dag.py     833  0.14s             1           0  0.17s           2026-06-24T13:17:33
================================================================================
[2026-06-24T13:18:34.871+0000] {manager.py:879} INFO - 
================================================================================
DAG File Processing Stats

File Path                                 PID    Runtime      # DAGs    # Errors  Last Runtime    Last Run
----------------------------------------  -----  ---------  --------  ----------  --------------  -------------------
/opt/airflow/dags/weekly_training_dag.py                           1           0  0.40s           2026-06-24T13:18:04
/opt/airflow/dags/review_timeout_dag.py                            1           0  0.46s           2026-06-24T13:18:04
================================================================================
[2026-06-24T13:19:05.508+0000] {manager.py:879} INFO - 
================================================================================
DAG File Processing Stats

File Path                                   PID  Runtime      # DAGs    # Errors  Last Runtime    Last Run
----------------------------------------  -----  ---------  --------  ----------  --------------  -------------------
/opt/airflow/dags/weekly_training_dag.py    856  0.01s             1           0  0.13s           2026-06-24T13:18:35
/opt/airflow/dags/review_timeout_dag.py     853  0.04s             1           0  0.15s           2026-06-24T13:18:35
================================================================================
[2026-06-24T13:19:35.862+0000] {manager.py:879} INFO - 
================================================================================
DAG File Processing Stats

File Path                                   PID  Runtime      # DAGs    # Errors  Last Runtime    Last Run
----------------------------------------  -----  ---------  --------  ----------  --------------  -------------------
/opt/airflow/dags/weekly_training_dag.py    866  0.01s             1           0  0.23s           2026-06-24T13:19:05
/opt/airflow/dags/review_timeout_dag.py     863  0.03s             1           0  0.26s           2026-06-24T13:19:05
================================================================================
[2026-06-24T13:20:06.394+0000] {manager.py:879} INFO - 
================================================================================
DAG File Processing Stats

File Path                                   PID  Runtime      # DAGs    # Errors  Last Runtime    Last Run
----------------------------------------  -----  ---------  --------  ----------  --------------  -------------------
/opt/airflow/dags/weekly_training_dag.py    876  0.01s             1           0  0.18s           2026-06-24T13:19:36
/opt/airflow/dags/review_timeout_dag.py     873  0.03s             1           0  0.21s           2026-06-24T13:19:36
================================================================================
[2026-06-24T13:20:36.682+0000] {manager.py:879} INFO - 
================================================================================
DAG File Processing Stats

File Path                                 PID    Runtime      # DAGs    # Errors  Last Runtime    Last Run
----------------------------------------  -----  ---------  --------  ----------  --------------  -------------------
/opt/airflow/dags/weekly_training_dag.py                           1           0  0.85s           2026-06-24T13:20:07
/opt/airflow/dags/review_timeout_dag.py                            1           0  0.92s           2026-06-24T13:20:07
================================================================================
[2026-06-24T13:21:07.126+0000] {manager.py:879} INFO - 
================================================================================
DAG File Processing Stats

File Path                                 PID    Runtime      # DAGs    # Errors  Last Runtime    Last Run
----------------------------------------  -----  ---------  --------  ----------  --------------  -------------------
/opt/airflow/dags/weekly_training_dag.py                           1           0  0.18s           2026-06-24T13:20:37
/opt/airflow/dags/review_timeout_dag.py                            1           0  0.22s           2026-06-24T13:20:37
================================================================================
[2026-06-24T13:21:37.536+0000] {manager.py:879} INFO - 
================================================================================
DAG File Processing Stats

File Path                                 PID    Runtime      # DAGs    # Errors  Last Runtime    Last Run
----------------------------------------  -----  ---------  --------  ----------  --------------  -------------------
/opt/airflow/dags/weekly_training_dag.py                           1           0  0.14s           2026-06-24T13:21:08
/opt/airflow/dags/review_timeout_dag.py                            1           0  0.16s           2026-06-24T13:21:08
================================================================================
[2026-06-24T13:22:08.150+0000] {manager.py:879} INFO - 
================================================================================
DAG File Processing Stats

File Path                                 PID    Runtime      # DAGs    # Errors  Last Runtime    Last Run
----------------------------------------  -----  ---------  --------  ----------  --------------  -------------------
/opt/airflow/dags/weekly_training_dag.py                           1           0  0.14s           2026-06-24T13:21:38
/opt/airflow/dags/review_timeout_dag.py                            1           0  0.15s           2026-06-24T13:21:38
================================================================================
[2026-06-24T13:22:35.627+0000] {manager.py:738} INFO - Searching for files in /opt/airflow/dags
[2026-06-24T13:22:35.636+0000] {manager.py:741} INFO - There are 2 files in /opt/airflow/dags
[2026-06-24T13:22:38.666+0000] {manager.py:879} INFO - 
================================================================================
DAG File Processing Stats

File Path                                 PID    Runtime      # DAGs    # Errors  Last Runtime    Last Run
----------------------------------------  -----  ---------  --------  ----------  --------------  -------------------
/opt/airflow/dags/weekly_training_dag.py                           1           0  0.17s           2026-06-24T13:22:09
/opt/airflow/dags/review_timeout_dag.py                            1           0  0.21s           2026-06-24T13:22:09
================================================================================
[2026-06-24T13:23:09.267+0000] {manager.py:879} INFO - 
================================================================================
DAG File Processing Stats

File Path                                 PID    Runtime      # DAGs    # Errors  Last Runtime    Last Run
----------------------------------------  -----  ---------  --------  ----------  --------------  -------------------
/opt/airflow/dags/weekly_training_dag.py                           1           0  0.14s           2026-06-24T13:22:39
/opt/airflow/dags/review_timeout_dag.py                            1           0  0.15s           2026-06-24T13:22:39
================================================================================
[2026-06-24T13:23:39.708+0000] {manager.py:879} INFO - 
================================================================================
DAG File Processing Stats

File Path                                 PID    Runtime      # DAGs    # Errors  Last Runtime    Last Run
----------------------------------------  -----  ---------  --------  ----------  --------------  -------------------
/opt/airflow/dags/weekly_training_dag.py                           1           0  0.46s           2026-06-24T13:23:10
/opt/airflow/dags/review_timeout_dag.py                            1           0  0.50s           2026-06-24T13:23:10
================================================================================
[2026-06-24T13:24:09.973+0000] {manager.py:879} INFO - 
================================================================================
DAG File Processing Stats

File Path                                 PID    Runtime      # DAGs    # Errors  Last Runtime    Last Run
----------------------------------------  -----  ---------  --------  ----------  --------------  -------------------
/opt/airflow/dags/weekly_training_dag.py                           1           0  0.34s           2026-06-24T13:23:41
/opt/airflow/dags/review_timeout_dag.py                            1           0  0.36s           2026-06-24T13:23:41
================================================================================
[2026-06-24T13:24:40.207+0000] {manager.py:879} INFO - 
================================================================================
DAG File Processing Stats

File Path                                 PID    Runtime      # DAGs    # Errors  Last Runtime    Last Run
----------------------------------------  -----  ---------  --------  ----------  --------------  -------------------
/opt/airflow/dags/weekly_training_dag.py                           1           0  0.27s           2026-06-24T13:24:12
/opt/airflow/dags/review_timeout_dag.py                            1           0  0.28s           2026-06-24T13:24:12
================================================================================
[2026-06-24T13:25:11.059+0000] {manager.py:879} INFO - 
================================================================================
DAG File Processing Stats

File Path                                 PID    Runtime      # DAGs    # Errors  Last Runtime    Last Run
----------------------------------------  -----  ---------  --------  ----------  --------------  -------------------
/opt/airflow/dags/weekly_training_dag.py                           1           0  0.17s           2026-06-24T13:24:42
/opt/airflow/dags/review_timeout_dag.py                            1           0  0.19s           2026-06-24T13:24:42
================================================================================
[2026-06-24T13:25:41.696+0000] {manager.py:879} INFO - 
================================================================================
DAG File Processing Stats

File Path                                 PID    Runtime      # DAGs    # Errors  Last Runtime    Last Run
----------------------------------------  -----  ---------  --------  ----------  --------------  -------------------
/opt/airflow/dags/weekly_training_dag.py                           1           0  0.18s           2026-06-24T13:25:13
/opt/airflow/dags/review_timeout_dag.py                            1           0  0.20s           2026-06-24T13:25:13
================================================================================
[2026-06-24T13:26:12.152+0000] {manager.py:879} INFO - 
================================================================================
DAG File Processing Stats

File Path                                 PID    Runtime      # DAGs    # Errors  Last Runtime    Last Run
----------------------------------------  -----  ---------  --------  ----------  --------------  -------------------
/opt/airflow/dags/weekly_training_dag.py                           1           0  0.23s           2026-06-24T13:25:44
/opt/airflow/dags/review_timeout_dag.py                            1           0  0.27s           2026-06-24T13:25:44
================================================================================
[2026-06-24T13:26:42.484+0000] {manager.py:879} INFO - 
================================================================================
DAG File Processing Stats

File Path                                 PID    Runtime      # DAGs    # Errors  Last Runtime    Last Run
----------------------------------------  -----  ---------  --------  ----------  --------------  -------------------
/opt/airflow/dags/weekly_training_dag.py                           1           0  0.14s           2026-06-24T13:26:14
/opt/airflow/dags/review_timeout_dag.py                            1           0  0.16s           2026-06-24T13:26:14
================================================================================
[2026-06-24T13:27:12.833+0000] {manager.py:879} INFO - 
================================================================================
DAG File Processing Stats

File Path                                 PID    Runtime      # DAGs    # Errors  Last Runtime    Last Run
----------------------------------------  -----  ---------  --------  ----------  --------------  -------------------
/opt/airflow/dags/weekly_training_dag.py                           1           0  0.22s           2026-06-24T13:26:44
/opt/airflow/dags/review_timeout_dag.py                            1           0  0.23s           2026-06-24T13:26:44
================================================================================
[2026-06-24T13:27:36.376+0000] {manager.py:738} INFO - Searching for files in /opt/airflow/dags
[2026-06-24T13:27:36.386+0000] {manager.py:741} INFO - There are 2 files in /opt/airflow/dags
[2026-06-24T13:27:43.468+0000] {manager.py:879} INFO - 
================================================================================
DAG File Processing Stats

File Path                                 PID    Runtime      # DAGs    # Errors  Last Runtime    Last Run
----------------------------------------  -----  ---------  --------  ----------  --------------  -------------------
/opt/airflow/dags/weekly_training_dag.py                           1           0  0.34s           2026-06-24T13:27:15
/opt/airflow/dags/review_timeout_dag.py                            1           0  0.38s           2026-06-24T13:27:15
================================================================================
[2026-06-24T13:28:14.417+0000] {manager.py:879} INFO - 
================================================================================
DAG File Processing Stats

File Path                                 PID    Runtime      # DAGs    # Errors  Last Runtime    Last Run
----------------------------------------  -----  ---------  --------  ----------  --------------  -------------------
/opt/airflow/dags/weekly_training_dag.py                           1           0  0.18s           2026-06-24T13:27:45
/opt/airflow/dags/review_timeout_dag.py                            1           0  0.30s           2026-06-24T13:27:45
================================================================================
[2026-06-24T13:28:45.136+0000] {manager.py:879} INFO - 
================================================================================
DAG File Processing Stats

File Path                                 PID    Runtime      # DAGs    # Errors  Last Runtime    Last Run
----------------------------------------  -----  ---------  --------  ----------  --------------  -------------------
/opt/airflow/dags/weekly_training_dag.py                           1           0  0.34s           2026-06-24T13:28:16
/opt/airflow/dags/review_timeout_dag.py                            1           0  0.47s           2026-06-24T13:28:16
================================================================================
[2026-06-24T13:29:15.656+0000] {manager.py:879} INFO - 
================================================================================
DAG File Processing Stats

File Path                                 PID    Runtime      # DAGs    # Errors  Last Runtime    Last Run
----------------------------------------  -----  ---------  --------  ----------  --------------  -------------------
/opt/airflow/dags/weekly_training_dag.py                           1           0  0.82s           2026-06-24T13:28:48
/opt/airflow/dags/review_timeout_dag.py                            1           0  0.88s           2026-06-24T13:28:48
================================================================================
[2026-06-24T13:29:46.168+0000] {manager.py:879} INFO - 
================================================================================
DAG File Processing Stats

File Path                                 PID    Runtime      # DAGs    # Errors  Last Runtime    Last Run
----------------------------------------  -----  ---------  --------  ----------  --------------  -------------------
/opt/airflow/dags/weekly_training_dag.py                           1           0  0.23s           2026-06-24T13:29:18
/opt/airflow/dags/review_timeout_dag.py                            1           0  0.29s           2026-06-24T13:29:18
================================================================================
[2026-06-24T13:30:16.823+0000] {manager.py:879} INFO - 
================================================================================
DAG File Processing Stats

File Path                                 PID    Runtime      # DAGs    # Errors  Last Runtime    Last Run
----------------------------------------  -----  ---------  --------  ----------  --------------  -------------------
/opt/airflow/dags/weekly_training_dag.py                           1           0  0.22s           2026-06-24T13:29:49
/opt/airflow/dags/review_timeout_dag.py                            1           0  0.25s           2026-06-24T13:29:49
================================================================================
[2026-06-24T13:30:47.247+0000] {manager.py:879} INFO - 
================================================================================
DAG File Processing Stats

File Path                                 PID    Runtime      # DAGs    # Errors  Last Runtime    Last Run
----------------------------------------  -----  ---------  --------  ----------  --------------  -------------------
/opt/airflow/dags/weekly_training_dag.py                           1           0  0.15s           2026-06-24T13:30:20
/opt/airflow/dags/review_timeout_dag.py                            1           0  0.17s           2026-06-24T13:30:20
================================================================================
[2026-06-24T13:31:17.319+0000] {manager.py:879} INFO - 
================================================================================
DAG File Processing Stats

File Path                                 PID    Runtime      # DAGs    # Errors  Last Runtime    Last Run
----------------------------------------  -----  ---------  --------  ----------  --------------  -------------------
/opt/airflow/dags/weekly_training_dag.py                           1           0  0.32s           2026-06-24T13:30:50
/opt/airflow/dags/review_timeout_dag.py                            1           0  0.37s           2026-06-24T13:30:50
================================================================================
[2026-06-24T13:31:47.798+0000] {manager.py:879} INFO - 
================================================================================
DAG File Processing Stats

File Path                                 PID    Runtime      # DAGs    # Errors  Last Runtime    Last Run
----------------------------------------  -----  ---------  --------  ----------  --------------  -------------------
/opt/airflow/dags/weekly_training_dag.py                           1           0  0.16s           2026-06-24T13:31:21
/opt/airflow/dags/review_timeout_dag.py                            1           0  0.19s           2026-06-24T13:31:21
================================================================================
[2026-06-24T13:32:18.222+0000] {manager.py:879} INFO - 
================================================================================
DAG File Processing Stats

File Path                                 PID    Runtime      # DAGs    # Errors  Last Runtime    Last Run
----------------------------------------  -----  ---------  --------  ----------  --------------  -------------------
/opt/airflow/dags/weekly_training_dag.py                           1           0  0.13s           2026-06-24T13:31:51
/opt/airflow/dags/review_timeout_dag.py                            1           0  0.14s           2026-06-24T13:31:51
================================================================================
[2026-06-24T13:32:36.416+0000] {manager.py:738} INFO - Searching for files in /opt/airflow/dags
[2026-06-24T13:32:36.425+0000] {manager.py:741} INFO - There are 2 files in /opt/airflow/dags
[2026-06-24T13:32:48.571+0000] {manager.py:879} INFO - 
================================================================================
DAG File Processing Stats

File Path                                 PID    Runtime      # DAGs    # Errors  Last Runtime    Last Run
----------------------------------------  -----  ---------  --------  ----------  --------------  -------------------
/opt/airflow/dags/weekly_training_dag.py                           1           0  0.18s           2026-06-24T13:32:22
/opt/airflow/dags/review_timeout_dag.py                            1           0  0.20s           2026-06-24T13:32:22
================================================================================
[2026-06-24T13:33:18.932+0000] {manager.py:879} INFO - 
================================================================================
DAG File Processing Stats

File Path                                 PID    Runtime      # DAGs    # Errors  Last Runtime    Last Run
----------------------------------------  -----  ---------  --------  ----------  --------------  -------------------
/opt/airflow/dags/weekly_training_dag.py                           1           0  0.23s           2026-06-24T13:32:52
/opt/airflow/dags/review_timeout_dag.py                            1           0  0.27s           2026-06-24T13:32:52
================================================================================
[2026-06-24T13:33:49.306+0000] {manager.py:879} INFO - 
================================================================================
DAG File Processing Stats

File Path                                 PID    Runtime      # DAGs    # Errors  Last Runtime    Last Run
----------------------------------------  -----  ---------  --------  ----------  --------------  -------------------
/opt/airflow/dags/weekly_training_dag.py                           1           0  0.20s           2026-06-24T13:33:23
/opt/airflow/dags/review_timeout_dag.py                            1           0  0.23s           2026-06-24T13:33:23
================================================================================
[2026-06-24T13:34:19.847+0000] {manager.py:879} INFO - 
================================================================================
DAG File Processing Stats

File Path                                 PID    Runtime      # DAGs    # Errors  Last Runtime    Last Run
----------------------------------------  -----  ---------  --------  ----------  --------------  -------------------
/opt/airflow/dags/weekly_training_dag.py                           1           0  0.20s           2026-06-24T13:33:53
/opt/airflow/dags/review_timeout_dag.py                            1           0  0.24s           2026-06-24T13:33:53
================================================================================
[2026-06-24T13:34:50.110+0000] {manager.py:879} INFO - 
================================================================================
DAG File Processing Stats

File Path                                 PID    Runtime      # DAGs    # Errors  Last Runtime    Last Run
----------------------------------------  -----  ---------  --------  ----------  --------------  -------------------
/opt/airflow/dags/weekly_training_dag.py                           1           0  0.16s           2026-06-24T13:34:24
/opt/airflow/dags/review_timeout_dag.py                            1           0  0.18s           2026-06-24T13:34:24
================================================================================
[2026-06-24T13:35:20.496+0000] {manager.py:879} INFO - 
================================================================================
DAG File Processing Stats

File Path                                 PID    Runtime      # DAGs    # Errors  Last Runtime    Last Run
----------------------------------------  -----  ---------  --------  ----------  --------------  -------------------
/opt/airflow/dags/weekly_training_dag.py                           1           0  0.16s           2026-06-24T13:34:54
/opt/airflow/dags/review_timeout_dag.py                            1           0  0.18s           2026-06-24T13:34:54
================================================================================
[2026-06-24T13:35:50.777+0000] {manager.py:879} INFO - 
================================================================================
DAG File Processing Stats

File Path                                 PID    Runtime      # DAGs    # Errors  Last Runtime    Last Run
----------------------------------------  -----  ---------  --------  ----------  --------------  -------------------
/opt/airflow/dags/weekly_training_dag.py                           1           0  0.15s           2026-06-24T13:35:24
/opt/airflow/dags/review_timeout_dag.py                            1           0  0.18s           2026-06-24T13:35:24
================================================================================
[2026-06-24T13:36:21.112+0000] {manager.py:879} INFO - 
================================================================================
DAG File Processing Stats

File Path                                 PID    Runtime      # DAGs    # Errors  Last Runtime    Last Run
----------------------------------------  -----  ---------  --------  ----------  --------------  -------------------
/opt/airflow/dags/weekly_training_dag.py                           1           0  0.16s           2026-06-24T13:35:54
/opt/airflow/dags/review_timeout_dag.py                            1           0  0.19s           2026-06-24T13:35:54
================================================================================
[2026-06-24T13:36:51.410+0000] {manager.py:879} INFO - 
================================================================================
DAG File Processing Stats

File Path                                 PID    Runtime      # DAGs    # Errors  Last Runtime    Last Run
----------------------------------------  -----  ---------  --------  ----------  --------------  -------------------
/opt/airflow/dags/weekly_training_dag.py                           1           0  0.13s           2026-06-24T13:36:25
/opt/airflow/dags/review_timeout_dag.py                            1           0  0.15s           2026-06-24T13:36:25
================================================================================
[2026-06-24T13:37:21.814+0000] {manager.py:879} INFO - 
================================================================================
DAG File Processing Stats

File Path                                 PID    Runtime      # DAGs    # Errors  Last Runtime    Last Run
----------------------------------------  -----  ---------  --------  ----------  --------------  -------------------
/opt/airflow/dags/weekly_training_dag.py                           1           0  0.44s           2026-06-24T13:36:55
/opt/airflow/dags/review_timeout_dag.py                            1           0  0.49s           2026-06-24T13:36:55
================================================================================
[2026-06-24T13:37:36.491+0000] {manager.py:738} INFO - Searching for files in /opt/airflow/dags
[2026-06-24T13:37:36.501+0000] {manager.py:741} INFO - There are 2 files in /opt/airflow/dags
[2026-06-24T13:37:52.769+0000] {manager.py:879} INFO - 
================================================================================
DAG File Processing Stats

File Path                                 PID    Runtime      # DAGs    # Errors  Last Runtime    Last Run
----------------------------------------  -----  ---------  --------  ----------  --------------  -------------------
/opt/airflow/dags/weekly_training_dag.py                           1           0  0.19s           2026-06-24T13:37:26
/opt/airflow/dags/review_timeout_dag.py                            1           0  0.21s           2026-06-24T13:37:26
================================================================================
[2026-06-24T13:38:23.109+0000] {manager.py:879} INFO - 
================================================================================
DAG File Processing Stats

File Path                                 PID    Runtime      # DAGs    # Errors  Last Runtime    Last Run
----------------------------------------  -----  ---------  --------  ----------  --------------  -------------------
/opt/airflow/dags/weekly_training_dag.py                           1           0  0.30s           2026-06-24T13:37:57
/opt/airflow/dags/review_timeout_dag.py                            1           0  0.34s           2026-06-24T13:37:57
================================================================================
[2026-06-24T13:38:53.732+0000] {manager.py:879} INFO - 
================================================================================
DAG File Processing Stats

File Path                                 PID    Runtime      # DAGs    # Errors  Last Runtime    Last Run
----------------------------------------  -----  ---------  --------  ----------  --------------  -------------------
/opt/airflow/dags/weekly_training_dag.py                           1           0  0.17s           2026-06-24T13:38:27
/opt/airflow/dags/review_timeout_dag.py                            1           0  0.24s           2026-06-24T13:38:27
================================================================================
[2026-06-24T13:39:24.138+0000] {manager.py:879} INFO - 
================================================================================
DAG File Processing Stats

File Path                                 PID    Runtime      # DAGs    # Errors  Last Runtime    Last Run
----------------------------------------  -----  ---------  --------  ----------  --------------  -------------------
/opt/airflow/dags/weekly_training_dag.py                           1           0  0.17s           2026-06-24T13:38:57
/opt/airflow/dags/review_timeout_dag.py                            1           0  0.21s           2026-06-24T13:38:57
================================================================================
[2026-06-24T13:39:54.593+0000] {manager.py:879} INFO - 
================================================================================
DAG File Processing Stats

File Path                                 PID    Runtime      # DAGs    # Errors  Last Runtime    Last Run
----------------------------------------  -----  ---------  --------  ----------  --------------  -------------------
/opt/airflow/dags/weekly_training_dag.py                           1           0  0.23s           2026-06-24T13:39:28
/opt/airflow/dags/review_timeout_dag.py                            1           0  0.24s           2026-06-24T13:39:28
================================================================================
[2026-06-24T13:40:24.862+0000] {manager.py:879} INFO - 
================================================================================
DAG File Processing Stats

File Path                                 PID    Runtime      # DAGs    # Errors  Last Runtime    Last Run
----------------------------------------  -----  ---------  --------  ----------  --------------  -------------------
/opt/airflow/dags/weekly_training_dag.py                           1           0  0.13s           2026-06-24T13:39:58
/opt/airflow/dags/review_timeout_dag.py                            1           0  0.15s           2026-06-24T13:39:58
================================================================================
[2026-06-24T13:40:55.445+0000] {manager.py:879} INFO - 
================================================================================
DAG File Processing Stats

File Path                                 PID    Runtime      # DAGs    # Errors  Last Runtime    Last Run
----------------------------------------  -----  ---------  --------  ----------  --------------  -------------------
/opt/airflow/dags/weekly_training_dag.py                           1           0  0.17s           2026-06-24T13:40:29
/opt/airflow/dags/review_timeout_dag.py                            1           0  0.22s           2026-06-24T13:40:29
================================================================================
[2026-06-24T13:41:26.311+0000] {manager.py:879} INFO - 
================================================================================
DAG File Processing Stats

File Path                                 PID    Runtime      # DAGs    # Errors  Last Runtime    Last Run
----------------------------------------  -----  ---------  --------  ----------  --------------  -------------------
/opt/airflow/dags/weekly_training_dag.py                           1           0  0.33s           2026-06-24T13:40:59
/opt/airflow/dags/review_timeout_dag.py                            1           0  0.38s           2026-06-24T13:40:59
================================================================================
[2026-06-24T13:41:56.716+0000] {manager.py:879} INFO - 
================================================================================
DAG File Processing Stats

File Path                                 PID    Runtime      # DAGs    # Errors  Last Runtime    Last Run
----------------------------------------  -----  ---------  --------  ----------  --------------  -------------------
/opt/airflow/dags/weekly_training_dag.py                           1           0  0.29s           2026-06-24T13:41:30
/opt/airflow/dags/review_timeout_dag.py                            1           0  0.38s           2026-06-24T13:41:30
================================================================================
[2026-06-24T13:42:27.110+0000] {manager.py:879} INFO - 
================================================================================
DAG File Processing Stats

File Path                                 PID    Runtime      # DAGs    # Errors  Last Runtime    Last Run
----------------------------------------  -----  ---------  --------  ----------  --------------  -------------------
/opt/airflow/dags/weekly_training_dag.py                           1           0  0.13s           2026-06-24T13:42:00
/opt/airflow/dags/review_timeout_dag.py                            1           0  0.14s           2026-06-24T13:42:00
================================================================================
[2026-06-24T13:42:36.699+0000] {manager.py:738} INFO - Searching for files in /opt/airflow/dags
[2026-06-24T13:42:36.863+0000] {manager.py:741} INFO - There are 2 files in /opt/airflow/dags
[2026-06-24T13:42:57.389+0000] {manager.py:879} INFO - 
================================================================================
DAG File Processing Stats

File Path                                 PID    Runtime      # DAGs    # Errors  Last Runtime    Last Run
----------------------------------------  -----  ---------  --------  ----------  --------------  -------------------
/opt/airflow/dags/weekly_training_dag.py                           1           0  0.35s           2026-06-24T13:42:31
/opt/airflow/dags/review_timeout_dag.py                            1           0  0.43s           2026-06-24T13:42:31
================================================================================
[2026-06-24T13:43:27.706+0000] {manager.py:879} INFO - 
================================================================================
DAG File Processing Stats

File Path                                 PID    Runtime      # DAGs    # Errors  Last Runtime    Last Run
----------------------------------------  -----  ---------  --------  ----------  --------------  -------------------
/opt/airflow/dags/weekly_training_dag.py                           1           0  0.19s           2026-06-24T13:43:02
/opt/airflow/dags/review_timeout_dag.py                            1           0  0.23s           2026-06-24T13:43:02
================================================================================
[2026-06-24T13:43:58.171+0000] {manager.py:879} INFO - 
================================================================================
DAG File Processing Stats

File Path                                 PID    Runtime      # DAGs    # Errors  Last Runtime    Last Run
----------------------------------------  -----  ---------  --------  ----------  --------------  -------------------
/opt/airflow/dags/weekly_training_dag.py                           1           0  0.37s           2026-06-24T13:43:33
/opt/airflow/dags/review_timeout_dag.py                            1           0  0.41s           2026-06-24T13:43:33
================================================================================
[2026-06-24T13:44:28.615+0000] {manager.py:879} INFO - 
================================================================================
DAG File Processing Stats

File Path                                 PID    Runtime      # DAGs    # Errors  Last Runtime    Last Run
----------------------------------------  -----  ---------  --------  ----------  --------------  -------------------
/opt/airflow/dags/weekly_training_dag.py                           1           0  0.32s           2026-06-24T13:44:03
/opt/airflow/dags/review_timeout_dag.py                            1           0  0.42s           2026-06-24T13:44:03
================================================================================
[2026-06-24T13:44:59.136+0000] {manager.py:879} INFO - 
================================================================================
DAG File Processing Stats

File Path                                 PID    Runtime      # DAGs    # Errors  Last Runtime    Last Run
----------------------------------------  -----  ---------  --------  ----------  --------------  -------------------
/opt/airflow/dags/weekly_training_dag.py                           1           0  0.21s           2026-06-24T13:44:33
/opt/airflow/dags/review_timeout_dag.py                            1           0  0.23s           2026-06-24T13:44:33
================================================================================
[2026-06-24T13:45:29.859+0000] {manager.py:879} INFO - 
================================================================================
DAG File Processing Stats

File Path                                 PID    Runtime      # DAGs    # Errors  Last Runtime    Last Run
----------------------------------------  -----  ---------  --------  ----------  --------------  -------------------
/opt/airflow/dags/weekly_training_dag.py                           1           0  0.19s           2026-06-24T13:45:04
/opt/airflow/dags/review_timeout_dag.py                            1           0  0.23s           2026-06-24T13:45:04
================================================================================
[2026-06-24T13:46:00.391+0000] {manager.py:879} INFO - 
================================================================================
DAG File Processing Stats

File Path                                 PID    Runtime      # DAGs    # Errors  Last Runtime    Last Run
----------------------------------------  -----  ---------  --------  ----------  --------------  -------------------
/opt/airflow/dags/weekly_training_dag.py                           1           0  0.16s           2026-06-24T13:45:35
/opt/airflow/dags/review_timeout_dag.py                            1           0  0.18s           2026-06-24T13:45:35
================================================================================
[2026-06-24T13:46:30.937+0000] {manager.py:879} INFO - 
================================================================================
DAG File Processing Stats

File Path                                 PID    Runtime      # DAGs    # Errors  Last Runtime    Last Run
----------------------------------------  -----  ---------  --------  ----------  --------------  -------------------
/opt/airflow/dags/weekly_training_dag.py                           1           0  0.26s           2026-06-24T13:46:05
/opt/airflow/dags/review_timeout_dag.py                            1           0  0.30s           2026-06-24T13:46:05
================================================================================
[2026-06-24T13:47:01.512+0000] {manager.py:879} INFO - 
================================================================================
DAG File Processing Stats

File Path                                 PID    Runtime      # DAGs    # Errors  Last Runtime    Last Run
----------------------------------------  -----  ---------  --------  ----------  --------------  -------------------
/opt/airflow/dags/weekly_training_dag.py                           1           0  0.23s           2026-06-24T13:46:36
/opt/airflow/dags/review_timeout_dag.py                            1           0  0.30s           2026-06-24T13:46:36
================================================================================
[2026-06-24T13:47:31.924+0000] {manager.py:879} INFO - 
================================================================================
DAG File Processing Stats

File Path                                 PID    Runtime      # DAGs    # Errors  Last Runtime    Last Run
----------------------------------------  -----  ---------  --------  ----------  --------------  -------------------
/opt/airflow/dags/weekly_training_dag.py                           1           0  0.11s           2026-06-24T13:47:06
/opt/airflow/dags/review_timeout_dag.py                            1           0  0.12s           2026-06-24T13:47:06
================================================================================
[2026-06-24T13:47:36.990+0000] {manager.py:738} INFO - Searching for files in /opt/airflow/dags
[2026-06-24T13:47:37.009+0000] {manager.py:741} INFO - There are 2 files in /opt/airflow/dags
[2026-06-24T13:48:02.321+0000] {manager.py:879} INFO - 
================================================================================
DAG File Processing Stats

File Path                                 PID    Runtime      # DAGs    # Errors  Last Runtime    Last Run
----------------------------------------  -----  ---------  --------  ----------  --------------  -------------------
/opt/airflow/dags/weekly_training_dag.py                           1           0  0.23s           2026-06-24T13:47:37
/opt/airflow/dags/review_timeout_dag.py                            1           0  0.26s           2026-06-24T13:47:37
================================================================================
[2026-06-24T13:48:32.701+0000] {manager.py:879} INFO - 
================================================================================
DAG File Processing Stats

File Path                                 PID    Runtime      # DAGs    # Errors  Last Runtime    Last Run
----------------------------------------  -----  ---------  --------  ----------  --------------  -------------------
/opt/airflow/dags/weekly_training_dag.py                           1           0  0.15s           2026-06-24T13:48:07
/opt/airflow/dags/review_timeout_dag.py                            1           0  0.16s           2026-06-24T13:48:07
================================================================================
[2026-06-24T13:49:03.072+0000] {manager.py:879} INFO - 
================================================================================
DAG File Processing Stats

File Path                                 PID    Runtime      # DAGs    # Errors  Last Runtime    Last Run
----------------------------------------  -----  ---------  --------  ----------  --------------  -------------------
/opt/airflow/dags/weekly_training_dag.py                           1           0  0.21s           2026-06-24T13:48:37
/opt/airflow/dags/review_timeout_dag.py                            1           0  0.23s           2026-06-24T13:48:37
================================================================================
[2026-06-24T13:49:33.430+0000] {manager.py:879} INFO - 
================================================================================
DAG File Processing Stats

File Path                                 PID    Runtime      # DAGs    # Errors  Last Runtime    Last Run
----------------------------------------  -----  ---------  --------  ----------  --------------  -------------------
/opt/airflow/dags/weekly_training_dag.py                           1           0  0.20s           2026-06-24T13:49:08
/opt/airflow/dags/review_timeout_dag.py                            1           0  0.23s           2026-06-24T13:49:08
================================================================================
[2026-06-24T13:50:03.840+0000] {manager.py:879} INFO - 
================================================================================
DAG File Processing Stats

File Path                                 PID    Runtime      # DAGs    # Errors  Last Runtime    Last Run
----------------------------------------  -----  ---------  --------  ----------  --------------  -------------------
/opt/airflow/dags/weekly_training_dag.py                           1           0  0.12s           2026-06-24T13:49:38
/opt/airflow/dags/review_timeout_dag.py                            1           0  0.14s           2026-06-24T13:49:38
================================================================================
[2026-06-24T13:50:33.879+0000] {manager.py:879} INFO - 
================================================================================
DAG File Processing Stats

File Path                                 PID    Runtime      # DAGs    # Errors  Last Runtime    Last Run
----------------------------------------  -----  ---------  --------  ----------  --------------  -------------------
/opt/airflow/dags/weekly_training_dag.py                           1           0  0.27s           2026-06-24T13:50:09
/opt/airflow/dags/review_timeout_dag.py                            1           0  0.31s           2026-06-24T13:50:09
================================================================================
[2026-06-24T13:51:04.089+0000] {manager.py:879} INFO - 
================================================================================
DAG File Processing Stats

File Path                                 PID    Runtime      # DAGs    # Errors  Last Runtime    Last Run
----------------------------------------  -----  ---------  --------  ----------  --------------  -------------------
/opt/airflow/dags/weekly_training_dag.py                           1           0  0.14s           2026-06-24T13:50:40
/opt/airflow/dags/review_timeout_dag.py                            1           0  0.16s           2026-06-24T13:50:40
================================================================================
[2026-06-24T13:51:34.444+0000] {manager.py:879} INFO - 
================================================================================
DAG File Processing Stats

File Path                                 PID    Runtime      # DAGs    # Errors  Last Runtime    Last Run
----------------------------------------  -----  ---------  --------  ----------  --------------  -------------------
/opt/airflow/dags/weekly_training_dag.py                           1           0  0.11s           2026-06-24T13:51:10
/opt/airflow/dags/review_timeout_dag.py                            1           0  0.12s           2026-06-24T13:51:10
================================================================================
[2026-06-24T13:52:04.731+0000] {manager.py:879} INFO - 
================================================================================
DAG File Processing Stats

File Path                                 PID    Runtime      # DAGs    # Errors  Last Runtime    Last Run
----------------------------------------  -----  ---------  --------  ----------  --------------  -------------------
/opt/airflow/dags/weekly_training_dag.py                           1           0  0.14s           2026-06-24T13:51:40
/opt/airflow/dags/review_timeout_dag.py                            1           0  0.16s           2026-06-24T13:51:40
================================================================================
[2026-06-24T13:52:35.210+0000] {manager.py:879} INFO - 
================================================================================
DAG File Processing Stats

File Path                                 PID    Runtime      # DAGs    # Errors  Last Runtime    Last Run
----------------------------------------  -----  ---------  --------  ----------  --------------  -------------------
/opt/airflow/dags/weekly_training_dag.py                           1           0  0.13s           2026-06-24T13:52:10
/opt/airflow/dags/review_timeout_dag.py                            1           0  0.13s           2026-06-24T13:52:10
================================================================================
[2026-06-24T13:52:37.227+0000] {manager.py:738} INFO - Searching for files in /opt/airflow/dags
[2026-06-24T13:52:37.233+0000] {manager.py:741} INFO - There are 2 files in /opt/airflow/dags
[2026-06-24T13:53:05.622+0000] {manager.py:879} INFO - 
================================================================================
DAG File Processing Stats

File Path                                 PID    Runtime      # DAGs    # Errors  Last Runtime    Last Run
----------------------------------------  -----  ---------  --------  ----------  --------------  -------------------
/opt/airflow/dags/weekly_training_dag.py                           1           0  0.11s           2026-06-24T13:52:41
/opt/airflow/dags/review_timeout_dag.py                            1           0  0.12s           2026-06-24T13:52:41
================================================================================
[2026-06-24T13:53:35.890+0000] {manager.py:879} INFO - 
================================================================================
DAG File Processing Stats

File Path                                 PID    Runtime      # DAGs    # Errors  Last Runtime    Last Run
----------------------------------------  -----  ---------  --------  ----------  --------------  -------------------
/opt/airflow/dags/weekly_training_dag.py                           1           0  0.35s           2026-06-24T13:53:12
/opt/airflow/dags/review_timeout_dag.py                            1           0  0.46s           2026-06-24T13:53:12
================================================================================
[2026-06-24T13:54:05.906+0000] {manager.py:879} INFO - 
================================================================================
DAG File Processing Stats

File Path                                 PID    Runtime      # DAGs    # Errors  Last Runtime    Last Run
----------------------------------------  -----  ---------  --------  ----------  --------------  -------------------
/opt/airflow/dags/weekly_training_dag.py                           1           0  0.22s           2026-06-24T13:53:42
/opt/airflow/dags/review_timeout_dag.py                            1           0  0.08s           2026-06-24T13:53:42
================================================================================
[2026-06-24T13:54:36.283+0000] {manager.py:879} INFO - 
================================================================================
DAG File Processing Stats

File Path                                 PID    Runtime      # DAGs    # Errors  Last Runtime    Last Run
----------------------------------------  -----  ---------  --------  ----------  --------------  -------------------
/opt/airflow/dags/weekly_training_dag.py                           1           0  0.14s           2026-06-24T13:54:13
/opt/airflow/dags/review_timeout_dag.py                            1           0  0.16s           2026-06-24T13:54:13
================================================================================
[2026-06-24T13:55:06.763+0000] {manager.py:879} INFO - 
================================================================================
DAG File Processing Stats

File Path                                 PID    Runtime      # DAGs    # Errors  Last Runtime    Last Run
----------------------------------------  -----  ---------  --------  ----------  --------------  -------------------
/opt/airflow/dags/weekly_training_dag.py                           1           0  0.17s           2026-06-24T13:54:43
/opt/airflow/dags/review_timeout_dag.py                            1           0  0.19s           2026-06-24T13:54:43
================================================================================
[2026-06-24T13:55:37.123+0000] {manager.py:879} INFO - 
================================================================================
DAG File Processing Stats

File Path                                 PID    Runtime      # DAGs    # Errors  Last Runtime    Last Run
----------------------------------------  -----  ---------  --------  ----------  --------------  -------------------
/opt/airflow/dags/weekly_training_dag.py                           1           0  0.13s           2026-06-24T13:55:13
/opt/airflow/dags/review_timeout_dag.py                            1           0  0.14s           2026-06-24T13:55:13
================================================================================
[2026-06-24T13:56:07.655+0000] {manager.py:879} INFO - 
================================================================================
DAG File Processing Stats

File Path                                 PID    Runtime      # DAGs    # Errors  Last Runtime    Last Run
----------------------------------------  -----  ---------  --------  ----------  --------------  -------------------
/opt/airflow/dags/weekly_training_dag.py                           1           0  0.29s           2026-06-24T13:55:44
/opt/airflow/dags/review_timeout_dag.py                            1           0  0.31s           2026-06-24T13:55:44
================================================================================
[2026-06-24T13:56:37.905+0000] {manager.py:879} INFO - 
================================================================================
DAG File Processing Stats

File Path                                 PID    Runtime      # DAGs    # Errors  Last Runtime    Last Run
----------------------------------------  -----  ---------  --------  ----------  --------------  -------------------
/opt/airflow/dags/weekly_training_dag.py                           1           0  0.15s           2026-06-24T13:56:14
/opt/airflow/dags/review_timeout_dag.py                            1           0  0.17s           2026-06-24T13:56:14
================================================================================
[2026-06-24T13:57:08.526+0000] {manager.py:879} INFO - 
================================================================================
DAG File Processing Stats

File Path                                 PID    Runtime      # DAGs    # Errors  Last Runtime    Last Run
----------------------------------------  -----  ---------  --------  ----------  --------------  -------------------
/opt/airflow/dags/weekly_training_dag.py                           1           0  0.35s           2026-06-24T13:56:45
/opt/airflow/dags/review_timeout_dag.py                            1           0  0.36s           2026-06-24T13:56:45
================================================================================
[2026-06-24T13:57:37.266+0000] {manager.py:738} INFO - Searching for files in /opt/airflow/dags
[2026-06-24T13:57:37.278+0000] {manager.py:741} INFO - There are 2 files in /opt/airflow/dags
[2026-06-24T13:57:38.816+0000] {manager.py:879} INFO - 
================================================================================
DAG File Processing Stats

File Path                                 PID    Runtime      # DAGs    # Errors  Last Runtime    Last Run
----------------------------------------  -----  ---------  --------  ----------  --------------  -------------------
/opt/airflow/dags/weekly_training_dag.py                           1           0  0.42s           2026-06-24T13:57:16
/opt/airflow/dags/review_timeout_dag.py                            1           0  0.44s           2026-06-24T13:57:16
================================================================================
[2026-06-24T13:58:08.947+0000] {manager.py:879} INFO - 
================================================================================
DAG File Processing Stats

File Path                                 PID    Runtime      # DAGs    # Errors  Last Runtime    Last Run
----------------------------------------  -----  ---------  --------  ----------  --------------  -------------------
/opt/airflow/dags/weekly_training_dag.py                           1           0  0.21s           2026-06-24T13:57:46
/opt/airflow/dags/review_timeout_dag.py                            1           0  0.25s           2026-06-24T13:57:46
================================================================================
[2026-06-24T13:58:38.989+0000] {manager.py:879} INFO - 
================================================================================
DAG File Processing Stats

File Path                                 PID    Runtime      # DAGs    # Errors  Last Runtime    Last Run
----------------------------------------  -----  ---------  --------  ----------  --------------  -------------------
/opt/airflow/dags/weekly_training_dag.py                           1           0  0.23s           2026-06-24T13:58:17
/opt/airflow/dags/review_timeout_dag.py                            1           0  0.25s           2026-06-24T13:58:17
================================================================================
[2026-06-24T13:59:09.467+0000] {manager.py:879} INFO - 
================================================================================
DAG File Processing Stats

File Path                                 PID    Runtime      # DAGs    # Errors  Last Runtime    Last Run
----------------------------------------  -----  ---------  --------  ----------  --------------  -------------------
/opt/airflow/dags/weekly_training_dag.py                           1           0  0.29s           2026-06-24T13:58:47
/opt/airflow/dags/review_timeout_dag.py                            1           0  0.32s           2026-06-24T13:58:47
================================================================================
[2026-06-24T13:59:40.050+0000] {manager.py:879} INFO - 
================================================================================
DAG File Processing Stats

File Path                                 PID    Runtime      # DAGs    # Errors  Last Runtime    Last Run
----------------------------------------  -----  ---------  --------  ----------  --------------  -------------------
/opt/airflow/dags/weekly_training_dag.py                           1           0  0.27s           2026-06-24T13:59:17
/opt/airflow/dags/review_timeout_dag.py                            1           0  0.28s           2026-06-24T13:59:17
================================================================================
[2026-06-24T14:00:10.549+0000] {manager.py:879} INFO - 
================================================================================
DAG File Processing Stats

File Path                                 PID    Runtime      # DAGs    # Errors  Last Runtime    Last Run
----------------------------------------  -----  ---------  --------  ----------  --------------  -------------------
/opt/airflow/dags/weekly_training_dag.py                           1           0  0.47s           2026-06-24T13:59:48
/opt/airflow/dags/review_timeout_dag.py                            1           0  0.51s           2026-06-24T13:59:48
================================================================================
[2026-06-24T14:00:41.067+0000] {manager.py:879} INFO - 
================================================================================
DAG File Processing Stats

File Path                                 PID    Runtime      # DAGs    # Errors  Last Runtime    Last Run
----------------------------------------  -----  ---------  --------  ----------  --------------  -------------------
/opt/airflow/dags/weekly_training_dag.py                           1           0  0.32s           2026-06-24T14:00:20
/opt/airflow/dags/review_timeout_dag.py                            1           0  0.37s           2026-06-24T14:00:20
================================================================================
[2026-06-24T14:01:11.507+0000] {manager.py:879} INFO - 
================================================================================
DAG File Processing Stats

File Path                                 PID    Runtime      # DAGs    # Errors  Last Runtime    Last Run
----------------------------------------  -----  ---------  --------  ----------  --------------  -------------------
/opt/airflow/dags/weekly_training_dag.py                           1           0  0.24s           2026-06-24T14:00:50
/opt/airflow/dags/review_timeout_dag.py                            1           0  0.26s           2026-06-24T14:00:50
================================================================================
[2026-06-24T14:01:41.724+0000] {manager.py:879} INFO - 
================================================================================
DAG File Processing Stats

File Path                                 PID    Runtime      # DAGs    # Errors  Last Runtime    Last Run
----------------------------------------  -----  ---------  --------  ----------  --------------  -------------------
/opt/airflow/dags/weekly_training_dag.py                           1           0  0.65s           2026-06-24T14:01:21
/opt/airflow/dags/review_timeout_dag.py                            1           0  0.75s           2026-06-24T14:01:21
================================================================================
[2026-06-24T14:02:12.130+0000] {manager.py:879} INFO - 
================================================================================
DAG File Processing Stats

File Path                                 PID    Runtime      # DAGs    # Errors  Last Runtime    Last Run
----------------------------------------  -----  ---------  --------  ----------  --------------  -------------------
/opt/airflow/dags/weekly_training_dag.py                           1           0  0.35s           2026-06-24T14:01:52
/opt/airflow/dags/review_timeout_dag.py                            1           0  0.39s           2026-06-24T14:01:52
================================================================================
[2026-06-24T14:02:37.666+0000] {manager.py:738} INFO - Searching for files in /opt/airflow/dags
[2026-06-24T14:02:37.677+0000] {manager.py:741} INFO - There are 2 files in /opt/airflow/dags
[2026-06-24T14:02:42.749+0000] {manager.py:879} INFO - 
================================================================================
DAG File Processing Stats

File Path                                 PID    Runtime      # DAGs    # Errors  Last Runtime    Last Run
----------------------------------------  -----  ---------  --------  ----------  --------------  -------------------
/opt/airflow/dags/weekly_training_dag.py                           1           0  0.70s           2026-06-24T14:02:23
/opt/airflow/dags/review_timeout_dag.py                            1           0  0.90s           2026-06-24T14:02:23
================================================================================
[2026-06-24T14:03:13.374+0000] {manager.py:879} INFO - 
================================================================================
DAG File Processing Stats

File Path                                 PID    Runtime      # DAGs    # Errors  Last Runtime    Last Run
----------------------------------------  -----  ---------  --------  ----------  --------------  -------------------
/opt/airflow/dags/weekly_training_dag.py                           1           0  0.20s           2026-06-24T14:02:54
/opt/airflow/dags/review_timeout_dag.py                            1           0  0.23s           2026-06-24T14:02:54
================================================================================
[2026-06-24T14:03:43.232+0000] {manager.py:879} INFO - 
================================================================================
DAG File Processing Stats

File Path                                 PID    Runtime      # DAGs    # Errors  Last Runtime    Last Run
----------------------------------------  -----  ---------  --------  ----------  --------------  -------------------
/opt/airflow/dags/weekly_training_dag.py                           1           0  0.24s           2026-06-24T14:03:25
/opt/airflow/dags/review_timeout_dag.py                            1           0  0.27s           2026-06-24T14:03:25
================================================================================
[2026-06-24T14:04:14.206+0000] {manager.py:879} INFO - 
================================================================================
DAG File Processing Stats

File Path                                 PID    Runtime      # DAGs    # Errors  Last Runtime    Last Run
----------------------------------------  -----  ---------  --------  ----------  --------------  -------------------
/opt/airflow/dags/weekly_training_dag.py                           1           0  3.71s           2026-06-24T14:03:59
/opt/airflow/dags/review_timeout_dag.py                            1           0  4.35s           2026-06-24T14:03:59
================================================================================
[2026-06-24T14:04:44.666+0000] {manager.py:879} INFO - 
================================================================================
DAG File Processing Stats

File Path                                 PID    Runtime      # DAGs    # Errors  Last Runtime    Last Run
----------------------------------------  -----  ---------  --------  ----------  --------------  -------------------
/opt/airflow/dags/weekly_training_dag.py                           1           0  0.23s           2026-06-24T14:04:30
/opt/airflow/dags/review_timeout_dag.py                            1           0  0.28s           2026-06-24T14:04:30
================================================================================
[2026-06-24T14:05:15.500+0000] {manager.py:879} INFO - 
================================================================================
DAG File Processing Stats

File Path                                 PID    Runtime      # DAGs    # Errors  Last Runtime    Last Run
----------------------------------------  -----  ---------  --------  ----------  --------------  -------------------
/opt/airflow/dags/weekly_training_dag.py                           1           0  2.44s           2026-06-24T14:05:03
/opt/airflow/dags/review_timeout_dag.py                            1           0  2.63s           2026-06-24T14:05:04
================================================================================
[2026-06-24T14:05:46.087+0000] {manager.py:879} INFO - 
================================================================================
DAG File Processing Stats

File Path                                 PID    Runtime      # DAGs    # Errors  Last Runtime    Last Run
----------------------------------------  -----  ---------  --------  ----------  --------------  -------------------
/opt/airflow/dags/weekly_training_dag.py                           1           0  0.17s           2026-06-24T14:05:34
/opt/airflow/dags/review_timeout_dag.py                            1           0  0.18s           2026-06-24T14:05:34
================================================================================
[2026-06-24T14:06:16.669+0000] {manager.py:879} INFO - 
================================================================================
DAG File Processing Stats

File Path                                 PID    Runtime      # DAGs    # Errors  Last Runtime    Last Run
----------------------------------------  -----  ---------  --------  ----------  --------------  -------------------
/opt/airflow/dags/weekly_training_dag.py                           1           0  0.55s           2026-06-24T14:06:06
/opt/airflow/dags/review_timeout_dag.py                            1           0  0.60s           2026-06-24T14:06:06
================================================================================
[2026-06-24T14:06:47.347+0000] {manager.py:879} INFO - 
================================================================================
DAG File Processing Stats

File Path                                 PID    Runtime      # DAGs    # Errors  Last Runtime    Last Run
----------------------------------------  -----  ---------  --------  ----------  --------------  -------------------
/opt/airflow/dags/weekly_training_dag.py                           1           0  0.20s           2026-06-24T14:06:36
/opt/airflow/dags/review_timeout_dag.py                            1           0  0.23s           2026-06-24T14:06:36
================================================================================
[2026-06-24T14:07:17.670+0000] {manager.py:879} INFO - 
================================================================================
DAG File Processing Stats

File Path                                 PID    Runtime      # DAGs    # Errors  Last Runtime    Last Run
----------------------------------------  -----  ---------  --------  ----------  --------------  -------------------
/opt/airflow/dags/weekly_training_dag.py                           1           0  0.37s           2026-06-24T14:07:06
/opt/airflow/dags/review_timeout_dag.py                            1           0  0.40s           2026-06-24T14:07:06
================================================================================
[2026-06-24T14:07:38.292+0000] {manager.py:738} INFO - Searching for files in /opt/airflow/dags
[2026-06-24T14:07:38.317+0000] {manager.py:741} INFO - There are 2 files in /opt/airflow/dags
[2026-06-24T14:07:48.604+0000] {manager.py:879} INFO - 
================================================================================
DAG File Processing Stats

File Path                                 PID    Runtime      # DAGs    # Errors  Last Runtime    Last Run
----------------------------------------  -----  ---------  --------  ----------  --------------  -------------------
/opt/airflow/dags/weekly_training_dag.py                           1           0  0.21s           2026-06-24T14:07:37
/opt/airflow/dags/review_timeout_dag.py                            1           0  0.28s           2026-06-24T14:07:37
================================================================================
[2026-06-24T14:08:18.730+0000] {manager.py:879} INFO - 
================================================================================
DAG File Processing Stats

File Path                                 PID    Runtime      # DAGs    # Errors  Last Runtime    Last Run
----------------------------------------  -----  ---------  --------  ----------  --------------  -------------------
/opt/airflow/dags/weekly_training_dag.py                           1           0  0.19s           2026-06-24T14:08:07
/opt/airflow/dags/review_timeout_dag.py                            1           0  0.22s           2026-06-24T14:08:07
================================================================================
[2026-06-24T14:08:49.233+0000] {manager.py:879} INFO - 
================================================================================
DAG File Processing Stats

File Path                                 PID    Runtime      # DAGs    # Errors  Last Runtime    Last Run
----------------------------------------  -----  ---------  --------  ----------  --------------  -------------------
/opt/airflow/dags/weekly_training_dag.py                           1           0  0.27s           2026-06-24T14:08:38
/opt/airflow/dags/review_timeout_dag.py                            1           0  0.29s           2026-06-24T14:08:38
================================================================================
[2026-06-24T14:09:20.099+0000] {manager.py:879} INFO - 
================================================================================
DAG File Processing Stats

File Path                                 PID    Runtime      # DAGs    # Errors  Last Runtime    Last Run
----------------------------------------  -----  ---------  --------  ----------  --------------  -------------------
/opt/airflow/dags/weekly_training_dag.py                           1           0  0.49s           2026-06-24T14:09:09
/opt/airflow/dags/review_timeout_dag.py                            1           0  0.55s           2026-06-24T14:09:09
================================================================================
[2026-06-24T14:09:51.185+0000] {manager.py:879} INFO - 
================================================================================
DAG File Processing Stats

File Path                                 PID    Runtime      # DAGs    # Errors  Last Runtime    Last Run
----------------------------------------  -----  ---------  --------  ----------  --------------  -------------------
/opt/airflow/dags/weekly_training_dag.py                           1           0  0.17s           2026-06-24T14:09:40
/opt/airflow/dags/review_timeout_dag.py                            1           0  0.19s           2026-06-24T14:09:40
================================================================================
[2026-06-24T14:10:21.601+0000] {manager.py:879} INFO - 
================================================================================
DAG File Processing Stats

File Path                                 PID    Runtime      # DAGs    # Errors  Last Runtime    Last Run
----------------------------------------  -----  ---------  --------  ----------  --------------  -------------------
/opt/airflow/dags/weekly_training_dag.py                           1           0  0.91s           2026-06-24T14:10:12
/opt/airflow/dags/review_timeout_dag.py                            1           0  0.96s           2026-06-24T14:10:12
================================================================================
[2026-06-24T14:10:51.986+0000] {manager.py:879} INFO - 
================================================================================
DAG File Processing Stats

File Path                                 PID    Runtime      # DAGs    # Errors  Last Runtime    Last Run
----------------------------------------  -----  ---------  --------  ----------  --------------  -------------------
/opt/airflow/dags/weekly_training_dag.py                           1           0  0.48s           2026-06-24T14:10:43
/opt/airflow/dags/review_timeout_dag.py                            1           0  0.53s           2026-06-24T14:10:43
================================================================================
[2026-06-24T14:11:22.324+0000] {manager.py:879} INFO - 
================================================================================
DAG File Processing Stats

File Path                                 PID    Runtime      # DAGs    # Errors  Last Runtime    Last Run
----------------------------------------  -----  ---------  --------  ----------  --------------  -------------------
/opt/airflow/dags/weekly_training_dag.py                           1           0  0.23s           2026-06-24T14:11:14
/opt/airflow/dags/review_timeout_dag.py                            1           0  0.24s           2026-06-24T14:11:14
================================================================================
[2026-06-24T14:11:53.016+0000] {manager.py:879} INFO - 
================================================================================
DAG File Processing Stats

File Path                                 PID    Runtime      # DAGs    # Errors  Last Runtime    Last Run
----------------------------------------  -----  ---------  --------  ----------  --------------  -------------------
/opt/airflow/dags/weekly_training_dag.py                           1           0  0.28s           2026-06-24T14:11:45
/opt/airflow/dags/review_timeout_dag.py                            1           0  0.32s           2026-06-24T14:11:45
================================================================================
[2026-06-24T14:12:23.079+0000] {manager.py:879} INFO - 
================================================================================
DAG File Processing Stats

File Path                                 PID    Runtime      # DAGs    # Errors  Last Runtime    Last Run
----------------------------------------  -----  ---------  --------  ----------  --------------  -------------------
/opt/airflow/dags/weekly_training_dag.py                           1           0  0.62s           2026-06-24T14:12:15
/opt/airflow/dags/review_timeout_dag.py                            1           0  0.68s           2026-06-24T14:12:15
================================================================================
[2026-06-24T14:12:39.285+0000] {manager.py:738} INFO - Searching for files in /opt/airflow/dags
[2026-06-24T14:12:39.297+0000] {manager.py:741} INFO - There are 2 files in /opt/airflow/dags
[2026-06-24T14:12:54.046+0000] {manager.py:879} INFO - 
================================================================================
DAG File Processing Stats

File Path                                 PID    Runtime      # DAGs    # Errors  Last Runtime    Last Run
----------------------------------------  -----  ---------  --------  ----------  --------------  -------------------
/opt/airflow/dags/weekly_training_dag.py                           1           0  0.35s           2026-06-24T14:12:46
/opt/airflow/dags/review_timeout_dag.py                            1           0  0.40s           2026-06-24T14:12:46
================================================================================
[2026-06-24T14:13:24.181+0000] {manager.py:879} INFO - 
================================================================================
DAG File Processing Stats

File Path                                 PID    Runtime      # DAGs    # Errors  Last Runtime    Last Run
----------------------------------------  -----  ---------  --------  ----------  --------------  -------------------
/opt/airflow/dags/weekly_training_dag.py                           1           0  0.45s           2026-06-24T14:13:17
/opt/airflow/dags/review_timeout_dag.py                            1           0  0.48s           2026-06-24T14:13:17
================================================================================
[2026-06-24T14:13:54.458+0000] {manager.py:879} INFO - 
================================================================================
DAG File Processing Stats

File Path                                 PID    Runtime      # DAGs    # Errors  Last Runtime    Last Run
----------------------------------------  -----  ---------  --------  ----------  --------------  -------------------
/opt/airflow/dags/weekly_training_dag.py                           1           0  0.89s           2026-06-24T14:13:50
/opt/airflow/dags/review_timeout_dag.py                            1           0  1.73s           2026-06-24T14:13:50
================================================================================
[2026-06-24T14:14:24.567+0000] {manager.py:879} INFO - 
================================================================================
DAG File Processing Stats

File Path                                 PID    Runtime      # DAGs    # Errors  Last Runtime    Last Run
----------------------------------------  -----  ---------  --------  ----------  --------------  -------------------
/opt/airflow/dags/weekly_training_dag.py                           1           0  0.77s           2026-06-24T14:14:21
/opt/airflow/dags/review_timeout_dag.py                            1           0  1.02s           2026-06-24T14:14:21
================================================================================
[2026-06-24T14:14:55.110+0000] {manager.py:879} INFO - 
================================================================================
DAG File Processing Stats

File Path                                 PID    Runtime      # DAGs    # Errors  Last Runtime    Last Run
----------------------------------------  -----  ---------  --------  ----------  --------------  -------------------
/opt/airflow/dags/weekly_training_dag.py                           1           0  1.53s           2026-06-24T14:14:54
/opt/airflow/dags/review_timeout_dag.py                            1           0  1.76s           2026-06-24T14:14:54
================================================================================
[2026-06-24T14:15:25.153+0000] {manager.py:879} INFO - 
================================================================================
DAG File Processing Stats

File Path                                   PID  Runtime      # DAGs    # Errors  Last Runtime    Last Run
----------------------------------------  -----  ---------  --------  ----------  --------------  -------------------
/opt/airflow/dags/weekly_training_dag.py   1956  0.01s             1           0  1.53s           2026-06-24T14:14:54
/opt/airflow/dags/review_timeout_dag.py    1953  0.06s             1           0  1.76s           2026-06-24T14:14:54
================================================================================
[2026-06-24T14:15:55.986+0000] {manager.py:879} INFO - 
================================================================================
DAG File Processing Stats

File Path                                   PID  Runtime      # DAGs    # Errors  Last Runtime    Last Run
----------------------------------------  -----  ---------  --------  ----------  --------------  -------------------
/opt/airflow/dags/weekly_training_dag.py   1966  0.01s             1           0  0.24s           2026-06-24T14:15:25
/opt/airflow/dags/review_timeout_dag.py    1963  0.06s             1           0  0.29s           2026-06-24T14:15:25
================================================================================
[2026-06-24T14:16:27.811+0000] {manager.py:879} INFO - 
================================================================================
DAG File Processing Stats

File Path                                   PID  Runtime      # DAGs    # Errors  Last Runtime    Last Run
----------------------------------------  -----  ---------  --------  ----------  --------------  -------------------
/opt/airflow/dags/weekly_training_dag.py   1975  0.02s             1           0  0.52s           2026-06-24T14:15:56
/opt/airflow/dags/review_timeout_dag.py    1973  0.75s             1           0  0.58s           2026-06-24T14:15:56
================================================================================
[2026-06-24T14:16:57.894+0000] {manager.py:879} INFO - 
================================================================================
DAG File Processing Stats

File Path                                 PID    Runtime      # DAGs    # Errors  Last Runtime    Last Run
----------------------------------------  -----  ---------  --------  ----------  --------------  -------------------
/opt/airflow/dags/weekly_training_dag.py                           1           0  0.67s           2026-06-24T14:16:28
/opt/airflow/dags/review_timeout_dag.py                            1           0  1.42s           2026-06-24T14:16:28
================================================================================
[2026-06-24T14:17:28.545+0000] {manager.py:879} INFO - 
================================================================================
DAG File Processing Stats

File Path                                 PID    Runtime      # DAGs    # Errors  Last Runtime    Last Run
----------------------------------------  -----  ---------  --------  ----------  --------------  -------------------
/opt/airflow/dags/weekly_training_dag.py                           1           0  0.18s           2026-06-24T14:16:59
/opt/airflow/dags/review_timeout_dag.py                            1           0  0.20s           2026-06-24T14:16:59
================================================================================
[2026-06-24T14:17:39.679+0000] {manager.py:738} INFO - Searching for files in /opt/airflow/dags
[2026-06-24T14:17:39.698+0000] {manager.py:741} INFO - There are 2 files in /opt/airflow/dags
[2026-06-24T14:17:59.370+0000] {manager.py:879} INFO - 
================================================================================
DAG File Processing Stats

File Path                                 PID    Runtime      # DAGs    # Errors  Last Runtime    Last Run
----------------------------------------  -----  ---------  --------  ----------  --------------  -------------------
/opt/airflow/dags/weekly_training_dag.py                           1           0  0.27s           2026-06-24T14:17:29
/opt/airflow/dags/review_timeout_dag.py                            1           0  0.29s           2026-06-24T14:17:29
================================================================================
[2026-06-24T14:18:30.056+0000] {manager.py:879} INFO - 
================================================================================
DAG File Processing Stats

File Path                                 PID    Runtime      # DAGs    # Errors  Last Runtime    Last Run
----------------------------------------  -----  ---------  --------  ----------  --------------  -------------------
/opt/airflow/dags/weekly_training_dag.py                           1           0  0.42s           2026-06-24T14:18:01
/opt/airflow/dags/review_timeout_dag.py                            1           0  0.59s           2026-06-24T14:18:01
================================================================================
[2026-06-24T14:19:00.190+0000] {manager.py:879} INFO - 
================================================================================
DAG File Processing Stats

File Path                                 PID    Runtime      # DAGs    # Errors  Last Runtime    Last Run
----------------------------------------  -----  ---------  --------  ----------  --------------  -------------------
/opt/airflow/dags/weekly_training_dag.py                           1           0  0.73s           2026-06-24T14:18:31
/opt/airflow/dags/review_timeout_dag.py                            1           0  0.82s           2026-06-24T14:18:31
================================================================================
[2026-06-24T14:19:30.907+0000] {manager.py:879} INFO - 
================================================================================
DAG File Processing Stats

File Path                                 PID    Runtime      # DAGs    # Errors  Last Runtime    Last Run
----------------------------------------  -----  ---------  --------  ----------  --------------  -------------------
/opt/airflow/dags/weekly_training_dag.py                           1           0  0.29s           2026-06-24T14:19:02
/opt/airflow/dags/review_timeout_dag.py                            1           0  0.42s           2026-06-24T14:19:02
================================================================================
[2026-06-24T14:20:01.817+0000] {manager.py:879} INFO - 
================================================================================
DAG File Processing Stats

File Path                                 PID    Runtime      # DAGs    # Errors  Last Runtime    Last Run
----------------------------------------  -----  ---------  --------  ----------  --------------  -------------------
/opt/airflow/dags/weekly_training_dag.py                           1           0  0.40s           2026-06-24T14:19:33
/opt/airflow/dags/review_timeout_dag.py                            1           0  0.45s           2026-06-24T14:19:33
================================================================================
[2026-06-24T14:20:32.304+0000] {manager.py:879} INFO - 
================================================================================
DAG File Processing Stats

File Path                                 PID    Runtime      # DAGs    # Errors  Last Runtime    Last Run
----------------------------------------  -----  ---------  --------  ----------  --------------  -------------------
/opt/airflow/dags/weekly_training_dag.py                           1           0  0.66s           2026-06-24T14:20:04
/opt/airflow/dags/review_timeout_dag.py                            1           0  0.91s           2026-06-24T14:20:04
================================================================================
[2026-06-24T14:21:02.625+0000] {manager.py:879} INFO - 
================================================================================
DAG File Processing Stats

File Path                                 PID    Runtime      # DAGs    # Errors  Last Runtime    Last Run
----------------------------------------  -----  ---------  --------  ----------  --------------  -------------------
/opt/airflow/dags/weekly_training_dag.py                           1           0  1.68s           2026-06-24T14:20:37
/opt/airflow/dags/review_timeout_dag.py                            1           0  2.05s           2026-06-24T14:20:37
================================================================================
[2026-06-24T14:21:33.078+0000] {manager.py:879} INFO - 
================================================================================
DAG File Processing Stats

File Path                                 PID    Runtime      # DAGs    # Errors  Last Runtime    Last Run
----------------------------------------  -----  ---------  --------  ----------  --------------  -------------------
/opt/airflow/dags/weekly_training_dag.py                           1           0  0.32s           2026-06-24T14:21:08
/opt/airflow/dags/review_timeout_dag.py                            1           0  0.36s           2026-06-24T14:21:08
================================================================================
[2026-06-24T14:22:03.819+0000] {manager.py:879} INFO - 
================================================================================
DAG File Processing Stats

File Path                                 PID    Runtime      # DAGs    # Errors  Last Runtime    Last Run
----------------------------------------  -----  ---------  --------  ----------  --------------  -------------------
/opt/airflow/dags/weekly_training_dag.py                           1           0  0.35s           2026-06-24T14:21:38
/opt/airflow/dags/review_timeout_dag.py                            1           0  0.39s           2026-06-24T14:21:38
================================================================================
[2026-06-24T14:22:34.480+0000] {manager.py:879} INFO - 
================================================================================
DAG File Processing Stats

File Path                                 PID    Runtime      # DAGs    # Errors  Last Runtime    Last Run
----------------------------------------  -----  ---------  --------  ----------  --------------  -------------------
/opt/airflow/dags/weekly_training_dag.py                           1           0  0.16s           2026-06-24T14:22:09
/opt/airflow/dags/review_timeout_dag.py                            1           0  0.19s           2026-06-24T14:22:09
================================================================================
[2026-06-24T14:22:39.885+0000] {manager.py:738} INFO - Searching for files in /opt/airflow/dags
[2026-06-24T14:22:39.899+0000] {manager.py:741} INFO - There are 2 files in /opt/airflow/dags
[2026-06-24T14:23:05.228+0000] {manager.py:879} INFO - 
================================================================================
DAG File Processing Stats

File Path                                 PID    Runtime      # DAGs    # Errors  Last Runtime    Last Run
----------------------------------------  -----  ---------  --------  ----------  --------------  -------------------
/opt/airflow/dags/weekly_training_dag.py                           1           0  0.34s           2026-06-24T14:22:39
/opt/airflow/dags/review_timeout_dag.py                            1           0  0.34s           2026-06-24T14:22:39
================================================================================
[2026-06-24T14:23:36.102+0000] {manager.py:879} INFO - 
================================================================================
DAG File Processing Stats

File Path                                 PID    Runtime      # DAGs    # Errors  Last Runtime    Last Run
----------------------------------------  -----  ---------  --------  ----------  --------------  -------------------
/opt/airflow/dags/weekly_training_dag.py                           1           0  0.67s           2026-06-24T14:23:11
/opt/airflow/dags/review_timeout_dag.py                            1           0  0.88s           2026-06-24T14:23:11
================================================================================
[2026-06-24T14:24:06.447+0000] {manager.py:879} INFO - 
================================================================================
DAG File Processing Stats

File Path                                 PID    Runtime      # DAGs    # Errors  Last Runtime    Last Run
----------------------------------------  -----  ---------  --------  ----------  --------------  -------------------
/opt/airflow/dags/weekly_training_dag.py                           1           0  0.17s           2026-06-24T14:23:42
/opt/airflow/dags/review_timeout_dag.py                            1           0  0.20s           2026-06-24T14:23:42
================================================================================
[2026-06-24T14:24:36.664+0000] {manager.py:879} INFO - 
================================================================================
DAG File Processing Stats

File Path                                 PID    Runtime      # DAGs    # Errors  Last Runtime    Last Run
----------------------------------------  -----  ---------  --------  ----------  --------------  -------------------
/opt/airflow/dags/weekly_training_dag.py                           1           0  0.69s           2026-06-24T14:24:14
/opt/airflow/dags/review_timeout_dag.py                            1           0  0.86s           2026-06-24T14:24:14
================================================================================
[2026-06-24T14:25:06.718+0000] {manager.py:879} INFO - 
================================================================================
DAG File Processing Stats

File Path                                 PID    Runtime      # DAGs    # Errors  Last Runtime    Last Run
----------------------------------------  -----  ---------  --------  ----------  --------------  -------------------
/opt/airflow/dags/weekly_training_dag.py                           1           0  2.07s           2026-06-24T14:24:46
/opt/airflow/dags/review_timeout_dag.py                            1           0  3.05s           2026-06-24T14:24:47
================================================================================
[2026-06-24T14:25:37.238+0000] {manager.py:879} INFO - 
================================================================================
DAG File Processing Stats

File Path                                 PID    Runtime      # DAGs    # Errors  Last Runtime    Last Run
----------------------------------------  -----  ---------  --------  ----------  --------------  -------------------
/opt/airflow/dags/weekly_training_dag.py                           1           0  1.35s           2026-06-24T14:25:19
/opt/airflow/dags/review_timeout_dag.py                            1           0  1.29s           2026-06-24T14:25:19
================================================================================
[2026-06-24T14:26:07.846+0000] {manager.py:879} INFO - 
================================================================================
DAG File Processing Stats

File Path                                 PID    Runtime      # DAGs    # Errors  Last Runtime    Last Run
----------------------------------------  -----  ---------  --------  ----------  --------------  -------------------
/opt/airflow/dags/weekly_training_dag.py                           1           0  0.38s           2026-06-24T14:25:49
/opt/airflow/dags/review_timeout_dag.py                            1           0  0.41s           2026-06-24T14:25:49
================================================================================
[2026-06-24T14:26:38.185+0000] {manager.py:879} INFO - 
================================================================================
DAG File Processing Stats

File Path                                 PID    Runtime      # DAGs    # Errors  Last Runtime    Last Run
----------------------------------------  -----  ---------  --------  ----------  --------------  -------------------
/opt/airflow/dags/weekly_training_dag.py                           1           0  0.22s           2026-06-24T14:26:20
/opt/airflow/dags/review_timeout_dag.py                            1           0  0.25s           2026-06-24T14:26:20
================================================================================
[2026-06-24T14:27:08.640+0000] {manager.py:879} INFO - 
================================================================================
DAG File Processing Stats

File Path                                 PID    Runtime      # DAGs    # Errors  Last Runtime    Last Run
----------------------------------------  -----  ---------  --------  ----------  --------------  -------------------
/opt/airflow/dags/weekly_training_dag.py                           1           0  0.17s           2026-06-24T14:26:50
/opt/airflow/dags/review_timeout_dag.py                            1           0  0.20s           2026-06-24T14:26:50
================================================================================
[2026-06-24T14:27:39.351+0000] {manager.py:879} INFO - 
================================================================================
DAG File Processing Stats

File Path                                 PID    Runtime      # DAGs    # Errors  Last Runtime    Last Run
----------------------------------------  -----  ---------  --------  ----------  --------------  -------------------
/opt/airflow/dags/weekly_training_dag.py                           1           0  0.25s           2026-06-24T14:27:21
/opt/airflow/dags/review_timeout_dag.py                            1           0  0.28s           2026-06-24T14:27:21
================================================================================
[2026-06-24T14:27:40.358+0000] {manager.py:738} INFO - Searching for files in /opt/airflow/dags
[2026-06-24T14:27:40.368+0000] {manager.py:741} INFO - There are 2 files in /opt/airflow/dags
[2026-06-24T14:28:09.780+0000] {manager.py:879} INFO - 
================================================================================
DAG File Processing Stats

File Path                                 PID    Runtime      # DAGs    # Errors  Last Runtime    Last Run
----------------------------------------  -----  ---------  --------  ----------  --------------  -------------------
/opt/airflow/dags/weekly_training_dag.py                           1           0  0.16s           2026-06-24T14:27:51
/opt/airflow/dags/review_timeout_dag.py                            1           0  0.18s           2026-06-24T14:27:51
================================================================================
[2026-06-24T14:28:40.111+0000] {manager.py:879} INFO - 
================================================================================
DAG File Processing Stats

File Path                                 PID    Runtime      # DAGs    # Errors  Last Runtime    Last Run
----------------------------------------  -----  ---------  --------  ----------  --------------  -------------------
/opt/airflow/dags/weekly_training_dag.py                           1           0  0.23s           2026-06-24T14:28:22
/opt/airflow/dags/review_timeout_dag.py                            1           0  0.25s           2026-06-24T14:28:22
================================================================================
[2026-06-24T14:29:10.428+0000] {manager.py:879} INFO - 
================================================================================
DAG File Processing Stats

File Path                                 PID    Runtime      # DAGs    # Errors  Last Runtime    Last Run
----------------------------------------  -----  ---------  --------  ----------  --------------  -------------------
/opt/airflow/dags/weekly_training_dag.py                           1           0  0.14s           2026-06-24T14:28:52
/opt/airflow/dags/review_timeout_dag.py                            1           0  0.16s           2026-06-24T14:28:52
================================================================================
[2026-06-24T14:29:40.591+0000] {manager.py:879} INFO - 
================================================================================
DAG File Processing Stats

File Path                                 PID    Runtime      # DAGs    # Errors  Last Runtime    Last Run
----------------------------------------  -----  ---------  --------  ----------  --------------  -------------------
/opt/airflow/dags/weekly_training_dag.py                           1           0  0.49s           2026-06-24T14:29:23
/opt/airflow/dags/review_timeout_dag.py                            1           0  0.61s           2026-06-24T14:29:23
================================================================================
[2026-06-24T14:30:10.974+0000] {manager.py:879} INFO - 
================================================================================
DAG File Processing Stats

File Path                                 PID    Runtime      # DAGs    # Errors  Last Runtime    Last Run
----------------------------------------  -----  ---------  --------  ----------  --------------  -------------------
/opt/airflow/dags/weekly_training_dag.py                           1           0  0.20s           2026-06-24T14:29:53
/opt/airflow/dags/review_timeout_dag.py                            1           0  0.23s           2026-06-24T14:29:53
================================================================================
[2026-06-24T14:30:41.079+0000] {manager.py:879} INFO - 
================================================================================
DAG File Processing Stats

File Path                                 PID    Runtime      # DAGs    # Errors  Last Runtime    Last Run
----------------------------------------  -----  ---------  --------  ----------  --------------  -------------------
/opt/airflow/dags/weekly_training_dag.py                           1           0  0.23s           2026-06-24T14:30:24
/opt/airflow/dags/review_timeout_dag.py                            1           0  0.25s           2026-06-24T14:30:24
================================================================================
[2026-06-24T14:31:11.139+0000] {manager.py:879} INFO - 
================================================================================
DAG File Processing Stats

File Path                                 PID    Runtime      # DAGs    # Errors  Last Runtime    Last Run
----------------------------------------  -----  ---------  --------  ----------  --------------  -------------------
/opt/airflow/dags/weekly_training_dag.py                           1           0  4.08s           2026-06-24T14:30:58
/opt/airflow/dags/review_timeout_dag.py                            1           0  4.16s           2026-06-24T14:30:58
================================================================================
[2026-06-26T03:11:55.884+0000] {manager.py:469} INFO - Processing files using up to 2 processes at a time 
[2026-06-26T03:11:55.894+0000] {manager.py:470} INFO - Process each file at most once every 30 seconds
[2026-06-26T03:11:55.898+0000] {manager.py:471} INFO - Checking for new files in /opt/airflow/dags every 300 seconds
[2026-06-26T03:11:55.903+0000] {manager.py:738} INFO - Searching for files in /opt/airflow/dags
[2026-06-26T03:11:56.007+0000] {manager.py:741} INFO - There are 2 files in /opt/airflow/dags
[2026-06-26T03:11:57.264+0000] {manager.py:879} INFO - 
================================================================================
DAG File Processing Stats

File Path                                   PID  Runtime      # DAGs    # Errors  Last Runtime    Last Run
----------------------------------------  -----  ---------  --------  ----------  --------------  ----------
/opt/airflow/dags/weekly_training_dag.py    182  0.66s             0           0
/opt/airflow/dags/review_timeout_dag.py     179  0.73s             0           0
================================================================================
[2026-06-26T03:12:28.040+0000] {manager.py:879} INFO - 
================================================================================
DAG File Processing Stats

File Path                                 PID    Runtime      # DAGs    # Errors  Last Runtime    Last Run
----------------------------------------  -----  ---------  --------  ----------  --------------  -------------------
/opt/airflow/dags/weekly_training_dag.py                           1           0  5.68s           2026-06-26T03:12:02
/opt/airflow/dags/review_timeout_dag.py                            1           0  5.73s           2026-06-26T03:12:02
================================================================================
[2026-06-26T03:12:58.858+0000] {manager.py:879} INFO - 
================================================================================
DAG File Processing Stats

File Path                                 PID    Runtime      # DAGs    # Errors  Last Runtime    Last Run
----------------------------------------  -----  ---------  --------  ----------  --------------  -------------------
/opt/airflow/dags/weekly_training_dag.py                           1           0  2.37s           2026-06-26T03:12:34
/opt/airflow/dags/review_timeout_dag.py                            1           0  2.60s           2026-06-26T03:12:34
================================================================================
[2026-06-26T03:13:29.518+0000] {manager.py:879} INFO - 
================================================================================
DAG File Processing Stats

File Path                                 PID    Runtime      # DAGs    # Errors  Last Runtime    Last Run
----------------------------------------  -----  ---------  --------  ----------  --------------  -------------------
/opt/airflow/dags/weekly_training_dag.py                           1           0  0.36s           2026-06-26T03:13:05
/opt/airflow/dags/review_timeout_dag.py                            1           0  0.40s           2026-06-26T03:13:05
================================================================================
[2026-06-26T03:14:00.294+0000] {manager.py:879} INFO - 
================================================================================
DAG File Processing Stats

File Path                                 PID    Runtime      # DAGs    # Errors  Last Runtime    Last Run
----------------------------------------  -----  ---------  --------  ----------  --------------  -------------------
/opt/airflow/dags/weekly_training_dag.py                           1           0  0.28s           2026-06-26T03:13:36
/opt/airflow/dags/review_timeout_dag.py                            1           0  0.50s           2026-06-26T03:13:36
================================================================================
[2026-06-26T03:14:30.528+0000] {manager.py:879} INFO - 
================================================================================
DAG File Processing Stats

File Path                                 PID    Runtime      # DAGs    # Errors  Last Runtime    Last Run
----------------------------------------  -----  ---------  --------  ----------  --------------  -------------------
/opt/airflow/dags/weekly_training_dag.py                           1           0  0.17s           2026-06-26T03:14:06
/opt/airflow/dags/review_timeout_dag.py                            1           0  0.19s           2026-06-26T03:14:06
================================================================================
[2026-06-26T03:15:00.914+0000] {manager.py:879} INFO - 
================================================================================
DAG File Processing Stats

File Path                                 PID    Runtime      # DAGs    # Errors  Last Runtime    Last Run
----------------------------------------  -----  ---------  --------  ----------  --------------  -------------------
/opt/airflow/dags/weekly_training_dag.py                           1           0  0.21s           2026-06-26T03:14:36
/opt/airflow/dags/review_timeout_dag.py                            1           0  0.23s           2026-06-26T03:14:36
================================================================================
[2026-06-26T03:15:31.353+0000] {manager.py:879} INFO - 
================================================================================
DAG File Processing Stats

File Path                                 PID    Runtime      # DAGs    # Errors  Last Runtime    Last Run
----------------------------------------  -----  ---------  --------  ----------  --------------  -------------------
/opt/airflow/dags/weekly_training_dag.py                           1           0  0.17s           2026-06-26T03:15:07
/opt/airflow/dags/review_timeout_dag.py                            1           0  0.19s           2026-06-26T03:15:07
================================================================================
[2026-06-26T03:16:01.866+0000] {manager.py:879} INFO - 
================================================================================
DAG File Processing Stats

File Path                                 PID    Runtime      # DAGs    # Errors  Last Runtime    Last Run
----------------------------------------  -----  ---------  --------  ----------  --------------  -------------------
/opt/airflow/dags/weekly_training_dag.py                           1           0  0.21s           2026-06-26T03:15:37
/opt/airflow/dags/review_timeout_dag.py                            1           0  0.26s           2026-06-26T03:15:37
================================================================================
[2026-06-26T03:16:32.140+0000] {manager.py:879} INFO - 
================================================================================
DAG File Processing Stats

File Path                                 PID    Runtime      # DAGs    # Errors  Last Runtime    Last Run
----------------------------------------  -----  ---------  --------  ----------  --------------  -------------------
/opt/airflow/dags/weekly_training_dag.py                           1           0  0.16s           2026-06-26T03:16:08
/opt/airflow/dags/review_timeout_dag.py                            1           0  0.18s           2026-06-26T03:16:08
================================================================================
[2026-06-26T03:16:56.498+0000] {manager.py:738} INFO - Searching for files in /opt/airflow/dags
[2026-06-26T03:16:56.503+0000] {manager.py:741} INFO - There are 2 files in /opt/airflow/dags
[2026-06-26T03:17:02.560+0000] {manager.py:879} INFO - 
================================================================================
DAG File Processing Stats

File Path                                 PID    Runtime      # DAGs    # Errors  Last Runtime    Last Run
----------------------------------------  -----  ---------  --------  ----------  --------------  -------------------
/opt/airflow/dags/weekly_training_dag.py                           1           0  0.13s           2026-06-26T03:16:38
/opt/airflow/dags/review_timeout_dag.py                            1           0  0.14s           2026-06-26T03:16:38
================================================================================
[2026-06-26T03:17:32.936+0000] {manager.py:879} INFO - 
================================================================================
DAG File Processing Stats

File Path                                 PID    Runtime      # DAGs    # Errors  Last Runtime    Last Run
----------------------------------------  -----  ---------  --------  ----------  --------------  -------------------
/opt/airflow/dags/weekly_training_dag.py                           1           0  0.12s           2026-06-26T03:17:08
/opt/airflow/dags/review_timeout_dag.py                            1           0  0.12s           2026-06-26T03:17:08
================================================================================
[2026-06-26T03:18:03.236+0000] {manager.py:879} INFO - 
================================================================================
DAG File Processing Stats

File Path                                 PID    Runtime      # DAGs    # Errors  Last Runtime    Last Run
----------------------------------------  -----  ---------  --------  ----------  --------------  -------------------
/opt/airflow/dags/weekly_training_dag.py                           1           0  0.20s           2026-06-26T03:17:39
/opt/airflow/dags/review_timeout_dag.py                            1           0  0.22s           2026-06-26T03:17:39
================================================================================
[2026-06-26T03:18:34.010+0000] {manager.py:879} INFO - 
================================================================================
DAG File Processing Stats

File Path                                 PID    Runtime      # DAGs    # Errors  Last Runtime    Last Run
----------------------------------------  -----  ---------  --------  ----------  --------------  -------------------
/opt/airflow/dags/weekly_training_dag.py                           1           0  0.46s           2026-06-26T03:18:09
/opt/airflow/dags/review_timeout_dag.py                            1           0  0.47s           2026-06-26T03:18:09
================================================================================
[2026-06-26T03:19:04.262+0000] {manager.py:879} INFO - 
================================================================================
DAG File Processing Stats

File Path                                 PID    Runtime      # DAGs    # Errors  Last Runtime    Last Run
----------------------------------------  -----  ---------  --------  ----------  --------------  -------------------
/opt/airflow/dags/weekly_training_dag.py                           1           0  0.17s           2026-06-26T03:18:40
/opt/airflow/dags/review_timeout_dag.py                            1           0  0.20s           2026-06-26T03:18:40
================================================================================
[2026-06-26T03:19:34.601+0000] {manager.py:879} INFO - 
================================================================================
DAG File Processing Stats

File Path                                 PID    Runtime      # DAGs    # Errors  Last Runtime    Last Run
----------------------------------------  -----  ---------  --------  ----------  --------------  -------------------
/opt/airflow/dags/weekly_training_dag.py                           1           0  0.44s           2026-06-26T03:19:10
/opt/airflow/dags/review_timeout_dag.py                            1           0  0.49s           2026-06-26T03:19:10
================================================================================
[2026-06-26T03:20:05.381+0000] {manager.py:879} INFO - 
================================================================================
DAG File Processing Stats

File Path                                 PID    Runtime      # DAGs    # Errors  Last Runtime    Last Run
----------------------------------------  -----  ---------  --------  ----------  --------------  -------------------
/opt/airflow/dags/weekly_training_dag.py                           1           0  0.16s           2026-06-26T03:19:41
/opt/airflow/dags/review_timeout_dag.py                            1           0  0.19s           2026-06-26T03:19:41
================================================================================
[2026-06-26T03:20:35.974+0000] {manager.py:879} INFO - 
================================================================================
DAG File Processing Stats

File Path                                 PID    Runtime      # DAGs    # Errors  Last Runtime    Last Run
----------------------------------------  -----  ---------  --------  ----------  --------------  -------------------
/opt/airflow/dags/weekly_training_dag.py                           1           0  0.29s           2026-06-26T03:20:11
/opt/airflow/dags/review_timeout_dag.py                            1           0  0.31s           2026-06-26T03:20:11
================================================================================
[2026-06-26T03:21:06.210+0000] {manager.py:879} INFO - 
================================================================================
DAG File Processing Stats

File Path                                 PID    Runtime      # DAGs    # Errors  Last Runtime    Last Run
----------------------------------------  -----  ---------  --------  ----------  --------------  -------------------
/opt/airflow/dags/weekly_training_dag.py                           1           0  0.32s           2026-06-26T03:20:42
/opt/airflow/dags/review_timeout_dag.py                            1           0  0.34s           2026-06-26T03:20:42
================================================================================
[2026-06-26T03:21:36.981+0000] {manager.py:879} INFO - 
================================================================================
DAG File Processing Stats

File Path                                 PID    Runtime      # DAGs    # Errors  Last Runtime    Last Run
----------------------------------------  -----  ---------  --------  ----------  --------------  -------------------
/opt/airflow/dags/weekly_training_dag.py                           1           0  0.16s           2026-06-26T03:21:12
/opt/airflow/dags/review_timeout_dag.py                            1           0  0.19s           2026-06-26T03:21:12
================================================================================
[2026-06-26T03:21:56.554+0000] {manager.py:738} INFO - Searching for files in /opt/airflow/dags
[2026-06-26T03:21:56.572+0000] {manager.py:741} INFO - There are 2 files in /opt/airflow/dags
[2026-06-26T03:22:07.273+0000] {manager.py:879} INFO - 
================================================================================
DAG File Processing Stats

File Path                                 PID    Runtime      # DAGs    # Errors  Last Runtime    Last Run
----------------------------------------  -----  ---------  --------  ----------  --------------  -------------------
/opt/airflow/dags/weekly_training_dag.py                           1           0  0.35s           2026-06-26T03:21:43
/opt/airflow/dags/review_timeout_dag.py                            1           0  0.37s           2026-06-26T03:21:43
================================================================================
[2026-06-26T03:22:37.972+0000] {manager.py:879} INFO - 
================================================================================
DAG File Processing Stats

File Path                                 PID    Runtime      # DAGs    # Errors  Last Runtime    Last Run
----------------------------------------  -----  ---------  --------  ----------  --------------  -------------------
/opt/airflow/dags/weekly_training_dag.py                           1           0  0.19s           2026-06-26T03:22:13
/opt/airflow/dags/review_timeout_dag.py                            1           0  0.21s           2026-06-26T03:22:13
================================================================================
[2026-06-26T03:23:08.437+0000] {manager.py:879} INFO - 
================================================================================
DAG File Processing Stats

File Path                                 PID    Runtime      # DAGs    # Errors  Last Runtime    Last Run
----------------------------------------  -----  ---------  --------  ----------  --------------  -------------------
/opt/airflow/dags/weekly_training_dag.py                           1           0  0.24s           2026-06-26T03:22:44
/opt/airflow/dags/review_timeout_dag.py                            1           0  0.44s           2026-06-26T03:22:44
================================================================================
[2026-06-26T03:23:38.692+0000] {manager.py:879} INFO - 
================================================================================
DAG File Processing Stats

File Path                                 PID    Runtime      # DAGs    # Errors  Last Runtime    Last Run
----------------------------------------  -----  ---------  --------  ----------  --------------  -------------------
/opt/airflow/dags/weekly_training_dag.py                           1           0  0.15s           2026-06-26T03:23:14
/opt/airflow/dags/review_timeout_dag.py                            1           0  0.17s           2026-06-26T03:23:14
================================================================================
[2026-06-26T03:24:09.331+0000] {manager.py:879} INFO - 
================================================================================
DAG File Processing Stats

File Path                                 PID    Runtime      # DAGs    # Errors  Last Runtime    Last Run
----------------------------------------  -----  ---------  --------  ----------  --------------  -------------------
/opt/airflow/dags/weekly_training_dag.py                           1           0  0.34s           2026-06-26T03:23:45
/opt/airflow/dags/review_timeout_dag.py                            1           0  0.49s           2026-06-26T03:23:45
================================================================================
[2026-06-26T03:24:39.689+0000] {manager.py:879} INFO - 
================================================================================
DAG File Processing Stats

File Path                                 PID    Runtime      # DAGs    # Errors  Last Runtime    Last Run
----------------------------------------  -----  ---------  --------  ----------  --------------  -------------------
/opt/airflow/dags/weekly_training_dag.py                           1           0  0.13s           2026-06-26T03:24:15
/opt/airflow/dags/review_timeout_dag.py                            1           0  0.18s           2026-06-26T03:24:15
================================================================================
[2026-06-26T03:25:10.044+0000] {manager.py:879} INFO - 
================================================================================
DAG File Processing Stats

File Path                                 PID    Runtime      # DAGs    # Errors  Last Runtime    Last Run
----------------------------------------  -----  ---------  --------  ----------  --------------  -------------------
/opt/airflow/dags/weekly_training_dag.py                           1           0  0.34s           2026-06-26T03:24:47
/opt/airflow/dags/review_timeout_dag.py                            1           0  0.59s           2026-06-26T03:24:47
================================================================================
[2026-06-26T03:25:40.664+0000] {manager.py:879} INFO - 
================================================================================
DAG File Processing Stats

File Path                                 PID    Runtime      # DAGs    # Errors  Last Runtime    Last Run
----------------------------------------  -----  ---------  --------  ----------  --------------  -------------------
/opt/airflow/dags/weekly_training_dag.py                           1           0  0.14s           2026-06-26T03:25:17
/opt/airflow/dags/review_timeout_dag.py                            1           0  0.17s           2026-06-26T03:25:17
================================================================================
[2026-06-26T03:26:11.037+0000] {manager.py:879} INFO - 
================================================================================
DAG File Processing Stats

File Path                                 PID    Runtime      # DAGs    # Errors  Last Runtime    Last Run
----------------------------------------  -----  ---------  --------  ----------  --------------  -------------------
/opt/airflow/dags/weekly_training_dag.py                           1           0  0.20s           2026-06-26T03:25:47
/opt/airflow/dags/review_timeout_dag.py                            1           0  0.23s           2026-06-26T03:25:47
================================================================================
[2026-06-26T03:26:41.465+0000] {manager.py:879} INFO - 
================================================================================
DAG File Processing Stats

File Path                                 PID    Runtime      # DAGs    # Errors  Last Runtime    Last Run
----------------------------------------  -----  ---------  --------  ----------  --------------  -------------------
/opt/airflow/dags/weekly_training_dag.py                           1           0  0.26s           2026-06-26T03:26:18
/opt/airflow/dags/review_timeout_dag.py                            1           0  0.29s           2026-06-26T03:26:18
================================================================================
[2026-06-26T03:26:56.632+0000] {manager.py:738} INFO - Searching for files in /opt/airflow/dags
[2026-06-26T03:26:56.641+0000] {manager.py:741} INFO - There are 2 files in /opt/airflow/dags
[2026-06-26T03:27:11.747+0000] {manager.py:879} INFO - 
================================================================================
DAG File Processing Stats

File Path                                 PID    Runtime      # DAGs    # Errors  Last Runtime    Last Run
----------------------------------------  -----  ---------  --------  ----------  --------------  -------------------
/opt/airflow/dags/weekly_training_dag.py                           1           0  0.21s           2026-06-26T03:26:48
/opt/airflow/dags/review_timeout_dag.py                            1           0  0.23s           2026-06-26T03:26:48
================================================================================
[2026-06-26T03:27:42.143+0000] {manager.py:879} INFO - 
================================================================================
DAG File Processing Stats

File Path                                 PID    Runtime      # DAGs    # Errors  Last Runtime    Last Run
----------------------------------------  -----  ---------  --------  ----------  --------------  -------------------
/opt/airflow/dags/weekly_training_dag.py                           1           0  0.14s           2026-06-26T03:27:18
/opt/airflow/dags/review_timeout_dag.py                            1           0  0.16s           2026-06-26T03:27:18
================================================================================
[2026-06-26T03:30:39.677+0000] {manager.py:469} INFO - Processing files using up to 2 processes at a time 
[2026-06-26T03:30:39.680+0000] {manager.py:470} INFO - Process each file at most once every 30 seconds
[2026-06-26T03:30:39.682+0000] {manager.py:471} INFO - Checking for new files in /opt/airflow/dags every 300 seconds
[2026-06-26T03:30:39.682+0000] {manager.py:738} INFO - Searching for files in /opt/airflow/dags
[2026-06-26T03:30:39.716+0000] {manager.py:741} INFO - There are 2 files in /opt/airflow/dags
[2026-06-26T03:30:40.087+0000] {manager.py:879} INFO - 
================================================================================
DAG File Processing Stats

File Path                                   PID  Runtime      # DAGs    # Errors  Last Runtime    Last Run
----------------------------------------  -----  ---------  --------  ----------  --------------  ----------
/opt/airflow/dags/weekly_training_dag.py    184  0.11s             0           0
/opt/airflow/dags/review_timeout_dag.py     181  0.15s             0           0
================================================================================
[2026-06-26T03:31:10.135+0000] {manager.py:879} INFO - 
================================================================================
DAG File Processing Stats

File Path                                 PID    Runtime      # DAGs    # Errors  Last Runtime    Last Run
----------------------------------------  -----  ---------  --------  ----------  --------------  -------------------
/opt/airflow/dags/weekly_training_dag.py                           1           0  0.96s           2026-06-26T03:30:40
/opt/airflow/dags/review_timeout_dag.py                            1           0  1.01s           2026-06-26T03:30:40
================================================================================
[2026-06-26T03:31:40.677+0000] {manager.py:879} INFO - 
================================================================================
DAG File Processing Stats

File Path                                 PID    Runtime      # DAGs    # Errors  Last Runtime    Last Run
----------------------------------------  -----  ---------  --------  ----------  --------------  -------------------
/opt/airflow/dags/weekly_training_dag.py                           1           0  0.25s           2026-06-26T03:31:11
/opt/airflow/dags/review_timeout_dag.py                            1           0  0.26s           2026-06-26T03:31:11
================================================================================
[2026-06-26T03:32:11.171+0000] {manager.py:879} INFO - 
================================================================================
DAG File Processing Stats

File Path                                 PID    Runtime      # DAGs    # Errors  Last Runtime    Last Run
----------------------------------------  -----  ---------  --------  ----------  --------------  -------------------
/opt/airflow/dags/weekly_training_dag.py                           1           0  2.37s           2026-06-26T03:31:44
/opt/airflow/dags/review_timeout_dag.py                            1           0  2.46s           2026-06-26T03:31:44
================================================================================
[2026-06-26T03:32:41.405+0000] {manager.py:879} INFO - 
================================================================================
DAG File Processing Stats

File Path                                 PID    Runtime      # DAGs    # Errors  Last Runtime    Last Run
----------------------------------------  -----  ---------  --------  ----------  --------------  -------------------
/opt/airflow/dags/weekly_training_dag.py                           1           0  0.17s           2026-06-26T03:32:14
/opt/airflow/dags/review_timeout_dag.py                            1           0  0.19s           2026-06-26T03:32:14
================================================================================
[2026-06-26T03:33:11.799+0000] {manager.py:879} INFO - 
================================================================================
DAG File Processing Stats

File Path                                 PID    Runtime      # DAGs    # Errors  Last Runtime    Last Run
----------------------------------------  -----  ---------  --------  ----------  --------------  -------------------
/opt/airflow/dags/weekly_training_dag.py                           1           0  0.14s           2026-06-26T03:32:44
/opt/airflow/dags/review_timeout_dag.py                            1           0  0.16s           2026-06-26T03:32:44
================================================================================
[2026-06-26T03:33:42.581+0000] {manager.py:879} INFO - 
================================================================================
DAG File Processing Stats

File Path                                 PID    Runtime      # DAGs    # Errors  Last Runtime    Last Run
----------------------------------------  -----  ---------  --------  ----------  --------------  -------------------
/opt/airflow/dags/weekly_training_dag.py                           1           0  0.21s           2026-06-26T03:33:15
/opt/airflow/dags/review_timeout_dag.py                            1           0  0.22s           2026-06-26T03:33:15
================================================================================
[2026-06-26T03:34:13.390+0000] {manager.py:879} INFO - 
================================================================================
DAG File Processing Stats

File Path                                 PID    Runtime      # DAGs    # Errors  Last Runtime    Last Run
----------------------------------------  -----  ---------  --------  ----------  --------------  -------------------
/opt/airflow/dags/weekly_training_dag.py                           1           0  0.28s           2026-06-26T03:33:45
/opt/airflow/dags/review_timeout_dag.py                            1           0  0.32s           2026-06-26T03:33:45
================================================================================
[2026-06-26T03:34:43.896+0000] {manager.py:879} INFO - 
================================================================================
DAG File Processing Stats

File Path                                 PID    Runtime      # DAGs    # Errors  Last Runtime    Last Run
----------------------------------------  -----  ---------  --------  ----------  --------------  -------------------
/opt/airflow/dags/weekly_training_dag.py                           1           0  0.16s           2026-06-26T03:34:16
/opt/airflow/dags/review_timeout_dag.py                            1           0  0.19s           2026-06-26T03:34:16
================================================================================
[2026-06-26T03:36:01.260+0000] {manager.py:469} INFO - Processing files using up to 2 processes at a time 
[2026-06-26T03:36:01.263+0000] {manager.py:470} INFO - Process each file at most once every 30 seconds
[2026-06-26T03:36:01.263+0000] {manager.py:471} INFO - Checking for new files in /opt/airflow/dags every 300 seconds
[2026-06-26T03:36:01.264+0000] {manager.py:738} INFO - Searching for files in /opt/airflow/dags
[2026-06-26T03:36:01.276+0000] {manager.py:741} INFO - There are 2 files in /opt/airflow/dags
[2026-06-26T03:36:01.582+0000] {manager.py:879} INFO - 
================================================================================
DAG File Processing Stats

File Path                                   PID  Runtime      # DAGs    # Errors  Last Runtime    Last Run
----------------------------------------  -----  ---------  --------  ----------  --------------  ----------
/opt/airflow/dags/weekly_training_dag.py    185  0.11s             0           0
/opt/airflow/dags/review_timeout_dag.py     182  0.13s             0           0
================================================================================
[2026-06-26T03:36:31.786+0000] {manager.py:879} INFO - 
================================================================================
DAG File Processing Stats

File Path                                 PID    Runtime      # DAGs    # Errors  Last Runtime    Last Run
----------------------------------------  -----  ---------  --------  ----------  --------------  -------------------
/opt/airflow/dags/weekly_training_dag.py                           1           0  0.61s           2026-06-26T03:36:02
/opt/airflow/dags/review_timeout_dag.py                            1           0  0.63s           2026-06-26T03:36:02
================================================================================
[2026-06-26T03:37:02.719+0000] {manager.py:879} INFO - 
================================================================================
DAG File Processing Stats

File Path                                   PID  Runtime      # DAGs    # Errors  Last Runtime    Last Run
----------------------------------------  -----  ---------  --------  ----------  --------------  -------------------
/opt/airflow/dags/weekly_training_dag.py    205  0.00s             1           0  0.16s           2026-06-26T03:36:32
/opt/airflow/dags/review_timeout_dag.py     202  0.02s             1           0  0.19s           2026-06-26T03:36:32
================================================================================
[2026-06-26T03:37:33.243+0000] {manager.py:879} INFO - 
================================================================================
DAG File Processing Stats

File Path                                   PID  Runtime      # DAGs    # Errors  Last Runtime    Last Run
----------------------------------------  -----  ---------  --------  ----------  --------------  -------------------
/opt/airflow/dags/weekly_training_dag.py    215  0.00s             1           0  0.11s           2026-06-26T03:37:02
/opt/airflow/dags/review_timeout_dag.py     212  0.04s             1           0  0.12s           2026-06-26T03:37:02
================================================================================
[2026-06-26T03:38:03.527+0000] {manager.py:879} INFO - 
================================================================================
DAG File Processing Stats

File Path                                   PID  Runtime      # DAGs    # Errors  Last Runtime    Last Run
----------------------------------------  -----  ---------  --------  ----------  --------------  -------------------
/opt/airflow/dags/weekly_training_dag.py    225  0.00s             1           0  0.16s           2026-06-26T03:37:33
/opt/airflow/dags/review_timeout_dag.py     222  0.04s             1           0  0.19s           2026-06-26T03:37:33
================================================================================
[2026-06-26T03:38:34.203+0000] {manager.py:879} INFO - 
================================================================================
DAG File Processing Stats

File Path                                   PID  Runtime      # DAGs    # Errors  Last Runtime    Last Run
----------------------------------------  -----  ---------  --------  ----------  --------------  -------------------
/opt/airflow/dags/weekly_training_dag.py    235  0.02s             1           0  0.15s           2026-06-26T03:38:03
/opt/airflow/dags/review_timeout_dag.py     232  0.20s             1           0  0.18s           2026-06-26T03:38:03
================================================================================
[2026-06-26T03:39:04.663+0000] {manager.py:879} INFO - 
================================================================================
DAG File Processing Stats

File Path                                 PID    Runtime      # DAGs    # Errors  Last Runtime    Last Run
----------------------------------------  -----  ---------  --------  ----------  --------------  -------------------
/opt/airflow/dags/weekly_training_dag.py                           1           0  0.82s           2026-06-26T03:38:34
/opt/airflow/dags/review_timeout_dag.py                            1           0  1.00s           2026-06-26T03:38:34
================================================================================
[2026-06-26T03:39:34.680+0000] {manager.py:879} INFO - 
================================================================================
DAG File Processing Stats

File Path                                 PID    Runtime      # DAGs    # Errors  Last Runtime    Last Run
----------------------------------------  -----  ---------  --------  ----------  --------------  -------------------
/opt/airflow/dags/weekly_training_dag.py                           1           0  0.42s           2026-06-26T03:39:05
/opt/airflow/dags/review_timeout_dag.py                            1           0  0.44s           2026-06-26T03:39:05
================================================================================
[2026-06-26T03:40:05.184+0000] {manager.py:879} INFO - 
================================================================================
DAG File Processing Stats

File Path                                 PID    Runtime      # DAGs    # Errors  Last Runtime    Last Run
----------------------------------------  -----  ---------  --------  ----------  --------------  -------------------
/opt/airflow/dags/weekly_training_dag.py                           1           0  0.19s           2026-06-26T03:39:35
/opt/airflow/dags/review_timeout_dag.py                            1           0  0.22s           2026-06-26T03:39:35
================================================================================
[2026-06-26T03:41:15.969+0000] {manager.py:469} INFO - Processing files using up to 2 processes at a time 
[2026-06-26T03:41:15.971+0000] {manager.py:470} INFO - Process each file at most once every 30 seconds
[2026-06-26T03:41:15.972+0000] {manager.py:471} INFO - Checking for new files in /opt/airflow/dags every 300 seconds
[2026-06-26T03:41:15.973+0000] {manager.py:738} INFO - Searching for files in /opt/airflow/dags
[2026-06-26T03:41:15.986+0000] {manager.py:741} INFO - There are 2 files in /opt/airflow/dags
[2026-06-26T03:41:16.159+0000] {manager.py:879} INFO - 
================================================================================
DAG File Processing Stats

File Path                                   PID  Runtime      # DAGs    # Errors  Last Runtime    Last Run
----------------------------------------  -----  ---------  --------  ----------  --------------  ----------
/opt/airflow/dags/weekly_training_dag.py    184  0.07s             0           0
/opt/airflow/dags/review_timeout_dag.py     180  0.09s             0           0
================================================================================
[2026-06-26T03:41:46.340+0000] {manager.py:879} INFO - 
================================================================================
DAG File Processing Stats

File Path                                 PID    Runtime      # DAGs    # Errors  Last Runtime    Last Run
----------------------------------------  -----  ---------  --------  ----------  --------------  -------------------
/opt/airflow/dags/weekly_training_dag.py                           1           0  0.46s           2026-06-26T03:41:16
/opt/airflow/dags/review_timeout_dag.py                            1           0  0.48s           2026-06-26T03:41:16
================================================================================
[2026-06-26T03:42:17.188+0000] {manager.py:879} INFO - 
================================================================================
DAG File Processing Stats

File Path                                   PID  Runtime      # DAGs    # Errors  Last Runtime    Last Run
----------------------------------------  -----  ---------  --------  ----------  --------------  -------------------
/opt/airflow/dags/weekly_training_dag.py    204  0.02s             1           0  0.22s           2026-06-26T03:41:47
/opt/airflow/dags/review_timeout_dag.py     201  0.09s             1           0  0.24s           2026-06-26T03:41:47
================================================================================
[2026-06-26T03:42:47.565+0000] {manager.py:879} INFO - 
================================================================================
DAG File Processing Stats

File Path                                   PID  Runtime      # DAGs    # Errors  Last Runtime    Last Run
----------------------------------------  -----  ---------  --------  ----------  --------------  -------------------
/opt/airflow/dags/weekly_training_dag.py    214  0.00s             1           0  0.24s           2026-06-26T03:42:17
/opt/airflow/dags/review_timeout_dag.py     211  0.03s             1           0  0.30s           2026-06-26T03:42:17
================================================================================
[2026-06-26T03:43:17.867+0000] {manager.py:879} INFO - 
================================================================================
DAG File Processing Stats

File Path                                   PID  Runtime      # DAGs    # Errors  Last Runtime    Last Run
----------------------------------------  -----  ---------  --------  ----------  --------------  -------------------
/opt/airflow/dags/weekly_training_dag.py    224  0.00s             1           0  0.16s           2026-06-26T03:42:47
/opt/airflow/dags/review_timeout_dag.py     221  0.02s             1           0  0.19s           2026-06-26T03:42:47
================================================================================
[2026-06-26T03:43:48.310+0000] {manager.py:879} INFO - 
================================================================================
DAG File Processing Stats

File Path                                   PID  Runtime      # DAGs    # Errors  Last Runtime    Last Run
----------------------------------------  -----  ---------  --------  ----------  --------------  -------------------
/opt/airflow/dags/weekly_training_dag.py    234  0.01s             1           0  0.14s           2026-06-26T03:43:17
/opt/airflow/dags/review_timeout_dag.py     231  0.05s             1           0  0.16s           2026-06-26T03:43:17
================================================================================
[2026-06-26T03:44:18.645+0000] {manager.py:879} INFO - 
================================================================================
DAG File Processing Stats

File Path                                   PID  Runtime      # DAGs    # Errors  Last Runtime    Last Run
----------------------------------------  -----  ---------  --------  ----------  --------------  -------------------
/opt/airflow/dags/weekly_training_dag.py    244  0.00s             1           0  0.31s           2026-06-26T03:43:48
/opt/airflow/dags/review_timeout_dag.py     241  0.03s             1           0  0.35s           2026-06-26T03:43:48
================================================================================
[2026-06-26T03:44:49.076+0000] {manager.py:879} INFO - 
================================================================================
DAG File Processing Stats

File Path                                   PID  Runtime      # DAGs    # Errors  Last Runtime    Last Run
----------------------------------------  -----  ---------  --------  ----------  --------------  -------------------
/opt/airflow/dags/weekly_training_dag.py    253  0.01s             1           0  0.15s           2026-06-26T03:44:18
/opt/airflow/dags/review_timeout_dag.py     251  0.02s             1           0  0.18s           2026-06-26T03:44:18
================================================================================
[2026-06-26T03:45:19.444+0000] {manager.py:879} INFO - 
================================================================================
DAG File Processing Stats

File Path                                   PID  Runtime      # DAGs    # Errors  Last Runtime    Last Run
----------------------------------------  -----  ---------  --------  ----------  --------------  -------------------
/opt/airflow/dags/weekly_training_dag.py    264  0.01s             1           0  0.17s           2026-06-26T03:44:49
/opt/airflow/dags/review_timeout_dag.py     261  0.04s             1           0  0.19s           2026-06-26T03:44:49
================================================================================
[2026-06-26T03:45:50.508+0000] {manager.py:879} INFO - 
================================================================================
DAG File Processing Stats

File Path                                   PID  Runtime      # DAGs    # Errors  Last Runtime    Last Run
----------------------------------------  -----  ---------  --------  ----------  --------------  -------------------
/opt/airflow/dags/weekly_training_dag.py    274  0.02s             1           0  0.28s           2026-06-26T03:45:19
/opt/airflow/dags/review_timeout_dag.py     271  0.11s             1           0  0.31s           2026-06-26T03:45:19
================================================================================
[2026-06-26T03:46:16.093+0000] {manager.py:738} INFO - Searching for files in /opt/airflow/dags
[2026-06-26T03:46:16.132+0000] {manager.py:741} INFO - There are 2 files in /opt/airflow/dags
[2026-06-26T03:46:20.876+0000] {manager.py:879} INFO - 
================================================================================
DAG File Processing Stats

File Path                                 PID    Runtime      # DAGs    # Errors  Last Runtime    Last Run
----------------------------------------  -----  ---------  --------  ----------  --------------  -------------------
/opt/airflow/dags/weekly_training_dag.py                           1           0  0.75s           2026-06-26T03:45:51
/opt/airflow/dags/review_timeout_dag.py                            1           0  0.87s           2026-06-26T03:45:51
================================================================================
[2026-06-26T03:46:51.620+0000] {manager.py:879} INFO - 
================================================================================
DAG File Processing Stats

File Path                                   PID  Runtime      # DAGs    # Errors  Last Runtime    Last Run
----------------------------------------  -----  ---------  --------  ----------  --------------  -------------------
/opt/airflow/dags/weekly_training_dag.py    294  0.00s             1           0  0.17s           2026-06-26T03:46:21
/opt/airflow/dags/review_timeout_dag.py     291  0.02s             1           0  0.18s           2026-06-26T03:46:21
================================================================================
[2026-06-26T03:47:21.735+0000] {manager.py:879} INFO - 
================================================================================
DAG File Processing Stats

File Path                                 PID    Runtime      # DAGs    # Errors  Last Runtime    Last Run
----------------------------------------  -----  ---------  --------  ----------  --------------  -------------------
/opt/airflow/dags/weekly_training_dag.py                           1           0  0.90s           2026-06-26T03:46:52
/opt/airflow/dags/review_timeout_dag.py                            1           0  0.86s           2026-06-26T03:46:52
================================================================================
[2026-06-26T03:47:51.777+0000] {manager.py:879} INFO - 
================================================================================
DAG File Processing Stats

File Path                                 PID    Runtime      # DAGs    # Errors  Last Runtime    Last Run
----------------------------------------  -----  ---------  --------  ----------  --------------  -------------------
/opt/airflow/dags/weekly_training_dag.py                           1           0  0.16s           2026-06-26T03:47:22
/opt/airflow/dags/review_timeout_dag.py                            1           0  0.18s           2026-06-26T03:47:22
================================================================================
[2026-06-26T03:48:22.804+0000] {manager.py:879} INFO - 
================================================================================
DAG File Processing Stats

File Path                                 PID    Runtime      # DAGs    # Errors  Last Runtime    Last Run
----------------------------------------  -----  ---------  --------  ----------  --------------  -------------------
/opt/airflow/dags/weekly_training_dag.py                           1           0  0.41s           2026-06-26T03:47:54
/opt/airflow/dags/review_timeout_dag.py                            1           0  0.46s           2026-06-26T03:47:54
================================================================================
[2026-06-26T03:48:53.065+0000] {manager.py:879} INFO - 
================================================================================
DAG File Processing Stats

File Path                                 PID    Runtime      # DAGs    # Errors  Last Runtime    Last Run
----------------------------------------  -----  ---------  --------  ----------  --------------  -------------------
/opt/airflow/dags/weekly_training_dag.py                           1           0  0.93s           2026-06-26T03:48:25
/opt/airflow/dags/review_timeout_dag.py                            1           0  0.98s           2026-06-26T03:48:25
================================================================================
[2026-06-26T03:49:23.309+0000] {manager.py:879} INFO - 
================================================================================
DAG File Processing Stats

File Path                                 PID    Runtime      # DAGs    # Errors  Last Runtime    Last Run
----------------------------------------  -----  ---------  --------  ----------  --------------  -------------------
/opt/airflow/dags/weekly_training_dag.py                           1           0  0.14s           2026-06-26T03:48:56
/opt/airflow/dags/review_timeout_dag.py                            1           0  0.15s           2026-06-26T03:48:56
================================================================================
[2026-06-26T03:49:53.624+0000] {manager.py:879} INFO - 
================================================================================
DAG File Processing Stats

File Path                                 PID    Runtime      # DAGs    # Errors  Last Runtime    Last Run
----------------------------------------  -----  ---------  --------  ----------  --------------  -------------------
/opt/airflow/dags/weekly_training_dag.py                           1           0  0.14s           2026-06-26T03:49:26
/opt/airflow/dags/review_timeout_dag.py                            1           0  0.17s           2026-06-26T03:49:26
================================================================================
[2026-06-26T03:50:24.032+0000] {manager.py:879} INFO - 
================================================================================
DAG File Processing Stats

File Path                                 PID    Runtime      # DAGs    # Errors  Last Runtime    Last Run
----------------------------------------  -----  ---------  --------  ----------  --------------  -------------------
/opt/airflow/dags/weekly_training_dag.py                           1           0  0.34s           2026-06-26T03:49:57
/opt/airflow/dags/review_timeout_dag.py                            1           0  0.35s           2026-06-26T03:49:57
================================================================================
[2026-06-26T03:50:54.536+0000] {manager.py:879} INFO - 
================================================================================
DAG File Processing Stats

File Path                                 PID    Runtime      # DAGs    # Errors  Last Runtime    Last Run
----------------------------------------  -----  ---------  --------  ----------  --------------  -------------------
/opt/airflow/dags/weekly_training_dag.py                           1           0  0.21s           2026-06-26T03:50:27
/opt/airflow/dags/review_timeout_dag.py                            1           0  0.23s           2026-06-26T03:50:27
================================================================================
[2026-06-26T03:51:16.743+0000] {manager.py:738} INFO - Searching for files in /opt/airflow/dags
[2026-06-26T03:51:16.750+0000] {manager.py:741} INFO - There are 2 files in /opt/airflow/dags
[2026-06-26T03:51:24.817+0000] {manager.py:879} INFO - 
================================================================================
DAG File Processing Stats

File Path                                 PID    Runtime      # DAGs    # Errors  Last Runtime    Last Run
----------------------------------------  -----  ---------  --------  ----------  --------------  -------------------
/opt/airflow/dags/weekly_training_dag.py                           1           0  0.28s           2026-06-26T03:50:57
/opt/airflow/dags/review_timeout_dag.py                            1           0  0.29s           2026-06-26T03:50:57
================================================================================
[2026-06-26T03:51:55.428+0000] {manager.py:879} INFO - 
================================================================================
DAG File Processing Stats

File Path                                 PID    Runtime      # DAGs    # Errors  Last Runtime    Last Run
----------------------------------------  -----  ---------  --------  ----------  --------------  -------------------
/opt/airflow/dags/weekly_training_dag.py                           1           0  0.15s           2026-06-26T03:51:28
/opt/airflow/dags/review_timeout_dag.py                            1           0  0.15s           2026-06-26T03:51:28
================================================================================
[2026-06-26T03:52:25.662+0000] {manager.py:879} INFO - 
================================================================================
DAG File Processing Stats

File Path                                 PID    Runtime      # DAGs    # Errors  Last Runtime    Last Run
----------------------------------------  -----  ---------  --------  ----------  --------------  -------------------
/opt/airflow/dags/weekly_training_dag.py                           1           0  0.16s           2026-06-26T03:51:58
/opt/airflow/dags/review_timeout_dag.py                            1           0  0.17s           2026-06-26T03:51:58
================================================================================
[2026-06-26T03:52:56.056+0000] {manager.py:879} INFO - 
================================================================================
DAG File Processing Stats

File Path                                 PID    Runtime      # DAGs    # Errors  Last Runtime    Last Run
----------------------------------------  -----  ---------  --------  ----------  --------------  -------------------
/opt/airflow/dags/weekly_training_dag.py                           1           0  0.13s           2026-06-26T03:52:28
/opt/airflow/dags/review_timeout_dag.py                            1           0  0.13s           2026-06-26T03:52:28
================================================================================
[2026-06-26T03:53:26.339+0000] {manager.py:879} INFO - 
================================================================================
DAG File Processing Stats

File Path                                 PID    Runtime      # DAGs    # Errors  Last Runtime    Last Run
----------------------------------------  -----  ---------  --------  ----------  --------------  -------------------
/opt/airflow/dags/weekly_training_dag.py                           1           0  0.23s           2026-06-26T03:52:59
/opt/airflow/dags/review_timeout_dag.py                            1           0  0.24s           2026-06-26T03:52:59
================================================================================
[2026-06-26T03:53:56.795+0000] {manager.py:879} INFO - 
================================================================================
DAG File Processing Stats

File Path                                 PID    Runtime      # DAGs    # Errors  Last Runtime    Last Run
----------------------------------------  -----  ---------  --------  ----------  --------------  -------------------
/opt/airflow/dags/weekly_training_dag.py                           1           0  0.19s           2026-06-26T03:53:29
/opt/airflow/dags/review_timeout_dag.py                            1           0  0.21s           2026-06-26T03:53:29
================================================================================
[2026-06-26T03:54:27.091+0000] {manager.py:879} INFO - 
================================================================================
DAG File Processing Stats

File Path                                 PID    Runtime      # DAGs    # Errors  Last Runtime    Last Run
----------------------------------------  -----  ---------  --------  ----------  --------------  -------------------
/opt/airflow/dags/weekly_training_dag.py                           1           0  0.41s           2026-06-26T03:54:00
/opt/airflow/dags/review_timeout_dag.py                            1           0  0.42s           2026-06-26T03:54:00
================================================================================
[2026-06-26T03:54:57.714+0000] {manager.py:879} INFO - 
================================================================================
DAG File Processing Stats

File Path                                 PID    Runtime      # DAGs    # Errors  Last Runtime    Last Run
----------------------------------------  -----  ---------  --------  ----------  --------------  -------------------
/opt/airflow/dags/weekly_training_dag.py                           1           0  0.15s           2026-06-26T03:54:30
/opt/airflow/dags/review_timeout_dag.py                            1           0  0.17s           2026-06-26T03:54:30
================================================================================
[2026-06-26T03:55:28.046+0000] {manager.py:879} INFO - 
================================================================================
DAG File Processing Stats

File Path                                 PID    Runtime      # DAGs    # Errors  Last Runtime    Last Run
----------------------------------------  -----  ---------  --------  ----------  --------------  -------------------
/opt/airflow/dags/weekly_training_dag.py                           1           0  0.12s           2026-06-26T03:55:00
/opt/airflow/dags/review_timeout_dag.py                            1           0  0.13s           2026-06-26T03:55:00
================================================================================
[2026-06-26T03:55:58.372+0000] {manager.py:879} INFO - 
================================================================================
DAG File Processing Stats

File Path                                 PID    Runtime      # DAGs    # Errors  Last Runtime    Last Run
----------------------------------------  -----  ---------  --------  ----------  --------------  -------------------
/opt/airflow/dags/weekly_training_dag.py                           1           0  0.11s           2026-06-26T03:55:31
/opt/airflow/dags/review_timeout_dag.py                            1           0  0.12s           2026-06-26T03:55:31
================================================================================
[2026-06-26T03:56:17.703+0000] {manager.py:738} INFO - Searching for files in /opt/airflow/dags
[2026-06-26T03:56:17.710+0000] {manager.py:741} INFO - There are 2 files in /opt/airflow/dags
[2026-06-26T03:56:28.817+0000] {manager.py:879} INFO - 
================================================================================
DAG File Processing Stats

File Path                                 PID    Runtime      # DAGs    # Errors  Last Runtime    Last Run
----------------------------------------  -----  ---------  --------  ----------  --------------  -------------------
/opt/airflow/dags/weekly_training_dag.py                           1           0  0.16s           2026-06-26T03:56:01
/opt/airflow/dags/review_timeout_dag.py                            1           0  0.17s           2026-06-26T03:56:01
================================================================================
[2026-06-26T03:56:59.072+0000] {manager.py:879} INFO - 
================================================================================
DAG File Processing Stats

File Path                                 PID    Runtime      # DAGs    # Errors  Last Runtime    Last Run
----------------------------------------  -----  ---------  --------  ----------  --------------  -------------------
/opt/airflow/dags/weekly_training_dag.py                           1           0  0.16s           2026-06-26T03:56:32
/opt/airflow/dags/review_timeout_dag.py                            1           0  0.18s           2026-06-26T03:56:32
================================================================================
[2026-06-26T03:57:29.464+0000] {manager.py:879} INFO - 
================================================================================
DAG File Processing Stats

File Path                                 PID    Runtime      # DAGs    # Errors  Last Runtime    Last Run
----------------------------------------  -----  ---------  --------  ----------  --------------  -------------------
/opt/airflow/dags/weekly_training_dag.py                           1           0  0.14s           2026-06-26T03:57:02
/opt/airflow/dags/review_timeout_dag.py                            1           0  0.16s           2026-06-26T03:57:02
================================================================================
[2026-06-26T03:57:59.836+0000] {manager.py:879} INFO - 
================================================================================
DAG File Processing Stats

File Path                                 PID    Runtime      # DAGs    # Errors  Last Runtime    Last Run
----------------------------------------  -----  ---------  --------  ----------  --------------  -------------------
/opt/airflow/dags/weekly_training_dag.py                           1           0  0.11s           2026-06-26T03:57:32
/opt/airflow/dags/review_timeout_dag.py                            1           0  0.11s           2026-06-26T03:57:32
================================================================================
[2026-06-26T03:58:30.248+0000] {manager.py:879} INFO - 
================================================================================
DAG File Processing Stats

File Path                                 PID    Runtime      # DAGs    # Errors  Last Runtime    Last Run
----------------------------------------  -----  ---------  --------  ----------  --------------  -------------------
/opt/airflow/dags/weekly_training_dag.py                           1           0  0.14s           2026-06-26T03:58:03
/opt/airflow/dags/review_timeout_dag.py                            1           0  0.16s           2026-06-26T03:58:03
================================================================================
[2026-06-26T03:59:00.554+0000] {manager.py:879} INFO - 
================================================================================
DAG File Processing Stats

File Path                                 PID    Runtime      # DAGs    # Errors  Last Runtime    Last Run
----------------------------------------  -----  ---------  --------  ----------  --------------  -------------------
/opt/airflow/dags/weekly_training_dag.py                           1           0  0.27s           2026-06-26T03:58:33
/opt/airflow/dags/review_timeout_dag.py                            1           0  0.29s           2026-06-26T03:58:33
================================================================================
[2026-06-26T03:59:31.044+0000] {manager.py:879} INFO - 
================================================================================
DAG File Processing Stats

File Path                                 PID    Runtime      # DAGs    # Errors  Last Runtime    Last Run
----------------------------------------  -----  ---------  --------  ----------  --------------  -------------------
/opt/airflow/dags/weekly_training_dag.py                           1           0  0.35s           2026-06-26T03:59:04
/opt/airflow/dags/review_timeout_dag.py                            1           0  0.39s           2026-06-26T03:59:04
================================================================================
[2026-06-26T04:00:01.662+0000] {manager.py:879} INFO - 
================================================================================
DAG File Processing Stats

File Path                                 PID    Runtime      # DAGs    # Errors  Last Runtime    Last Run
----------------------------------------  -----  ---------  --------  ----------  --------------  -------------------
/opt/airflow/dags/weekly_training_dag.py                           1           0  0.35s           2026-06-26T03:59:34
/opt/airflow/dags/review_timeout_dag.py                            1           0  0.36s           2026-06-26T03:59:34
================================================================================
[2026-06-26T04:00:32.248+0000] {manager.py:879} INFO - 
================================================================================
DAG File Processing Stats

File Path                                 PID    Runtime      # DAGs    # Errors  Last Runtime    Last Run
----------------------------------------  -----  ---------  --------  ----------  --------------  -------------------
/opt/airflow/dags/weekly_training_dag.py                           1           0  0.14s           2026-06-26T04:00:05
/opt/airflow/dags/review_timeout_dag.py                            1           0  0.15s           2026-06-26T04:00:05
================================================================================
[2026-06-26T04:01:02.583+0000] {manager.py:879} INFO - 
================================================================================
DAG File Processing Stats

File Path                                 PID    Runtime      # DAGs    # Errors  Last Runtime    Last Run
----------------------------------------  -----  ---------  --------  ----------  --------------  -------------------
/opt/airflow/dags/weekly_training_dag.py                           1           0  0.13s           2026-06-26T04:00:35
/opt/airflow/dags/review_timeout_dag.py                            1           0  0.14s           2026-06-26T04:00:35
================================================================================
[2026-06-26T04:01:17.907+0000] {manager.py:738} INFO - Searching for files in /opt/airflow/dags
[2026-06-26T04:01:17.914+0000] {manager.py:741} INFO - There are 2 files in /opt/airflow/dags
[2026-06-26T04:01:33.060+0000] {manager.py:879} INFO - 
================================================================================
DAG File Processing Stats

File Path                                 PID    Runtime      # DAGs    # Errors  Last Runtime    Last Run
----------------------------------------  -----  ---------  --------  ----------  --------------  -------------------
/opt/airflow/dags/weekly_training_dag.py                           1           0  0.19s           2026-06-26T04:01:05
/opt/airflow/dags/review_timeout_dag.py                            1           0  0.20s           2026-06-26T04:01:05
================================================================================
[2026-06-26T04:02:03.389+0000] {manager.py:879} INFO - 
================================================================================
DAG File Processing Stats

File Path                                 PID    Runtime      # DAGs    # Errors  Last Runtime    Last Run
----------------------------------------  -----  ---------  --------  ----------  --------------  -------------------
/opt/airflow/dags/weekly_training_dag.py                           1           0  0.17s           2026-06-26T04:01:36
/opt/airflow/dags/review_timeout_dag.py                            1           0  0.19s           2026-06-26T04:01:36
================================================================================
[2026-06-26T04:02:33.814+0000] {manager.py:879} INFO - 
================================================================================
DAG File Processing Stats

File Path                                 PID    Runtime      # DAGs    # Errors  Last Runtime    Last Run
----------------------------------------  -----  ---------  --------  ----------  --------------  -------------------
/opt/airflow/dags/weekly_training_dag.py                           1           0  0.54s           2026-06-26T04:02:07
/opt/airflow/dags/review_timeout_dag.py                            1           0  0.62s           2026-06-26T04:02:07
================================================================================
[2026-06-26T04:03:04.613+0000] {manager.py:879} INFO - 
================================================================================
DAG File Processing Stats

File Path                                 PID    Runtime      # DAGs    # Errors  Last Runtime    Last Run
----------------------------------------  -----  ---------  --------  ----------  --------------  -------------------
/opt/airflow/dags/weekly_training_dag.py                           1           0  0.14s           2026-06-26T04:02:37
/opt/airflow/dags/review_timeout_dag.py                            1           0  0.15s           2026-06-26T04:02:37
================================================================================
[2026-06-26T04:03:34.963+0000] {manager.py:879} INFO - 
================================================================================
DAG File Processing Stats

File Path                                 PID    Runtime      # DAGs    # Errors  Last Runtime    Last Run
----------------------------------------  -----  ---------  --------  ----------  --------------  -------------------
/opt/airflow/dags/weekly_training_dag.py                           1           0  0.13s           2026-06-26T04:03:07
/opt/airflow/dags/review_timeout_dag.py                            1           0  0.15s           2026-06-26T04:03:07
================================================================================
[2026-06-26T04:04:05.228+0000] {manager.py:879} INFO - 
================================================================================
DAG File Processing Stats

File Path                                 PID    Runtime      # DAGs    # Errors  Last Runtime    Last Run
----------------------------------------  -----  ---------  --------  ----------  --------------  -------------------
/opt/airflow/dags/weekly_training_dag.py                           1           0  0.19s           2026-06-26T04:03:38
/opt/airflow/dags/review_timeout_dag.py                            1           0  0.20s           2026-06-26T04:03:38
================================================================================
[2026-06-26T04:04:35.642+0000] {manager.py:879} INFO - 
================================================================================
DAG File Processing Stats

File Path                                 PID    Runtime      # DAGs    # Errors  Last Runtime    Last Run
----------------------------------------  -----  ---------  --------  ----------  --------------  -------------------
/opt/airflow/dags/weekly_training_dag.py                           1           0  0.14s           2026-06-26T04:04:08
/opt/airflow/dags/review_timeout_dag.py                            1           0  0.16s           2026-06-26T04:04:08
================================================================================
[2026-06-26T04:05:05.948+0000] {manager.py:879} INFO - 
================================================================================
DAG File Processing Stats

File Path                                 PID    Runtime      # DAGs    # Errors  Last Runtime    Last Run
----------------------------------------  -----  ---------  --------  ----------  --------------  -------------------
/opt/airflow/dags/weekly_training_dag.py                           1           0  0.15s           2026-06-26T04:04:38
/opt/airflow/dags/review_timeout_dag.py                            1           0  0.17s           2026-06-26T04:04:38
================================================================================
[2026-06-26T04:05:36.266+0000] {manager.py:879} INFO - 
================================================================================
DAG File Processing Stats

File Path                                 PID    Runtime      # DAGs    # Errors  Last Runtime    Last Run
----------------------------------------  -----  ---------  --------  ----------  --------------  -------------------
/opt/airflow/dags/weekly_training_dag.py                           1           0  0.14s           2026-06-26T04:05:09
/opt/airflow/dags/review_timeout_dag.py                            1           0  0.15s           2026-06-26T04:05:09
================================================================================
[2026-06-26T04:06:07.261+0000] {manager.py:879} INFO - 
================================================================================
DAG File Processing Stats

File Path                                 PID    Runtime      # DAGs    # Errors  Last Runtime    Last Run
----------------------------------------  -----  ---------  --------  ----------  --------------  -------------------
/opt/airflow/dags/weekly_training_dag.py                           1           0  0.15s           2026-06-26T04:05:39
/opt/airflow/dags/review_timeout_dag.py                            1           0  0.17s           2026-06-26T04:05:39
================================================================================
[2026-06-26T04:06:18.533+0000] {manager.py:738} INFO - Searching for files in /opt/airflow/dags
[2026-06-26T04:06:18.541+0000] {manager.py:741} INFO - There are 2 files in /opt/airflow/dags
[2026-06-26T04:06:37.683+0000] {manager.py:879} INFO - 
================================================================================
DAG File Processing Stats

File Path                                 PID    Runtime      # DAGs    # Errors  Last Runtime    Last Run
----------------------------------------  -----  ---------  --------  ----------  --------------  -------------------
/opt/airflow/dags/weekly_training_dag.py                           1           0  0.15s           2026-06-26T04:06:10
/opt/airflow/dags/review_timeout_dag.py                            1           0  0.17s           2026-06-26T04:06:10
================================================================================
[2026-06-26T04:07:07.970+0000] {manager.py:879} INFO - 
================================================================================
DAG File Processing Stats

File Path                                 PID    Runtime      # DAGs    # Errors  Last Runtime    Last Run
----------------------------------------  -----  ---------  --------  ----------  --------------  -------------------
/opt/airflow/dags/weekly_training_dag.py                           1           0  0.19s           2026-06-26T04:06:40
/opt/airflow/dags/review_timeout_dag.py                            1           0  0.20s           2026-06-26T04:06:40
================================================================================
[2026-06-26T04:07:38.381+0000] {manager.py:879} INFO - 
================================================================================
DAG File Processing Stats

File Path                                 PID    Runtime      # DAGs    # Errors  Last Runtime    Last Run
----------------------------------------  -----  ---------  --------  ----------  --------------  -------------------
/opt/airflow/dags/weekly_training_dag.py                           1           0  0.18s           2026-06-26T04:07:11
/opt/airflow/dags/review_timeout_dag.py                            1           0  0.19s           2026-06-26T04:07:11
================================================================================
[2026-06-26T04:08:08.652+0000] {manager.py:879} INFO - 
================================================================================
DAG File Processing Stats

File Path                                 PID    Runtime      # DAGs    # Errors  Last Runtime    Last Run
----------------------------------------  -----  ---------  --------  ----------  --------------  -------------------
/opt/airflow/dags/weekly_training_dag.py                           1           0  0.12s           2026-06-26T04:07:41
/opt/airflow/dags/review_timeout_dag.py                            1           0  0.14s           2026-06-26T04:07:41
================================================================================
[2026-06-26T04:08:39.145+0000] {manager.py:879} INFO - 
================================================================================
DAG File Processing Stats

File Path                                 PID    Runtime      # DAGs    # Errors  Last Runtime    Last Run
----------------------------------------  -----  ---------  --------  ----------  --------------  -------------------
/opt/airflow/dags/weekly_training_dag.py                           1           0  0.19s           2026-06-26T04:08:11
/opt/airflow/dags/review_timeout_dag.py                            1           0  0.18s           2026-06-26T04:08:11
================================================================================
