[2026-06-24T03:43:03.337+0000] {processor.py:161} INFO - Started process (PID=180) to work on /opt/airflow/dags/review_timeout_dag.py
[2026-06-24T03:43:03.339+0000] {processor.py:830} INFO - Processing file /opt/airflow/dags/review_timeout_dag.py for tasks to queue
[2026-06-24T03:43:03.341+0000] {logging_mixin.py:188} INFO - [2026-06-24T03:43:03.340+0000] {dagbag.py:538} INFO - Filling up the DagBag from /opt/airflow/dags/review_timeout_dag.py
[2026-06-24T03:43:03.387+0000] {processor.py:840} INFO - DAG(s) 'review_timeout_dag' retrieved from /opt/airflow/dags/review_timeout_dag.py
[2026-06-24T03:43:03.711+0000] {logging_mixin.py:188} INFO - [2026-06-24T03:43:03.710+0000] {override.py:1769} INFO - Created Permission View: can read on DAG:review_timeout_dag
[2026-06-24T03:43:03.724+0000] {logging_mixin.py:188} INFO - [2026-06-24T03:43:03.724+0000] {override.py:1769} INFO - Created Permission View: can delete on DAG:review_timeout_dag
[2026-06-24T03:43:03.730+0000] {logging_mixin.py:188} INFO - [2026-06-24T03:43:03.730+0000] {override.py:1769} INFO - Created Permission View: can edit on DAG:review_timeout_dag
[2026-06-24T03:43:03.730+0000] {logging_mixin.py:188} INFO - [2026-06-24T03:43:03.730+0000] {dag.py:3033} INFO - Sync 1 DAGs
[2026-06-24T03:43:03.740+0000] {logging_mixin.py:188} INFO - [2026-06-24T03:43:03.740+0000] {dag.py:3055} INFO - Creating ORM DAG for review_timeout_dag
[2026-06-24T03:43:03.755+0000] {logging_mixin.py:188} INFO - [2026-06-24T03:43:03.754+0000] {dag.py:3820} INFO - Setting next_dagrun for review_timeout_dag to 2026-06-23T01:00:00+00:00, run_after=2026-06-24T01:00:00+00:00
[2026-06-24T03:43:03.775+0000] {processor.py:183} INFO - Processing /opt/airflow/dags/review_timeout_dag.py took 0.452 seconds
[2026-06-24T03:43:34.103+0000] {processor.py:161} INFO - Started process (PID=191) to work on /opt/airflow/dags/review_timeout_dag.py
[2026-06-24T03:43:34.107+0000] {processor.py:830} INFO - Processing file /opt/airflow/dags/review_timeout_dag.py for tasks to queue
[2026-06-24T03:43:34.114+0000] {logging_mixin.py:188} INFO - [2026-06-24T03:43:34.109+0000] {dagbag.py:538} INFO - Filling up the DagBag from /opt/airflow/dags/review_timeout_dag.py
[2026-06-24T03:43:34.155+0000] {processor.py:840} INFO - DAG(s) 'review_timeout_dag' retrieved from /opt/airflow/dags/review_timeout_dag.py
[2026-06-24T03:43:34.448+0000] {logging_mixin.py:188} INFO - [2026-06-24T03:43:34.448+0000] {dag.py:3033} INFO - Sync 1 DAGs
[2026-06-24T03:43:34.478+0000] {logging_mixin.py:188} INFO - [2026-06-24T03:43:34.477+0000] {dag.py:3820} INFO - Setting next_dagrun for review_timeout_dag to 2026-06-23T01:00:00+00:00, run_after=2026-06-24T01:00:00+00:00
[2026-06-24T03:43:34.519+0000] {processor.py:183} INFO - Processing /opt/airflow/dags/review_timeout_dag.py took 0.433 seconds
[2026-06-24T03:44:04.951+0000] {processor.py:161} INFO - Started process (PID=201) to work on /opt/airflow/dags/review_timeout_dag.py
[2026-06-24T03:44:04.954+0000] {processor.py:830} INFO - Processing file /opt/airflow/dags/review_timeout_dag.py for tasks to queue
[2026-06-24T03:44:04.958+0000] {logging_mixin.py:188} INFO - [2026-06-24T03:44:04.957+0000] {dagbag.py:538} INFO - Filling up the DagBag from /opt/airflow/dags/review_timeout_dag.py
[2026-06-24T03:44:05.007+0000] {processor.py:840} INFO - DAG(s) 'review_timeout_dag' retrieved from /opt/airflow/dags/review_timeout_dag.py
[2026-06-24T03:44:05.056+0000] {logging_mixin.py:188} INFO - [2026-06-24T03:44:05.056+0000] {dag.py:3033} INFO - Sync 1 DAGs
[2026-06-24T03:44:05.077+0000] {logging_mixin.py:188} INFO - [2026-06-24T03:44:05.076+0000] {dag.py:3820} INFO - Setting next_dagrun for review_timeout_dag to 2026-06-23T01:00:00+00:00, run_after=2026-06-24T01:00:00+00:00
[2026-06-24T03:44:05.096+0000] {processor.py:183} INFO - Processing /opt/airflow/dags/review_timeout_dag.py took 0.158 seconds
[2026-06-24T03:44:35.745+0000] {processor.py:161} INFO - Started process (PID=211) to work on /opt/airflow/dags/review_timeout_dag.py
[2026-06-24T03:44:35.746+0000] {processor.py:830} INFO - Processing file /opt/airflow/dags/review_timeout_dag.py for tasks to queue
[2026-06-24T03:44:35.747+0000] {logging_mixin.py:188} INFO - [2026-06-24T03:44:35.747+0000] {dagbag.py:538} INFO - Filling up the DagBag from /opt/airflow/dags/review_timeout_dag.py
[2026-06-24T03:44:35.775+0000] {processor.py:840} INFO - DAG(s) 'review_timeout_dag' retrieved from /opt/airflow/dags/review_timeout_dag.py
[2026-06-24T03:44:35.805+0000] {logging_mixin.py:188} INFO - [2026-06-24T03:44:35.805+0000] {dag.py:3033} INFO - Sync 1 DAGs
[2026-06-24T03:44:35.829+0000] {logging_mixin.py:188} INFO - [2026-06-24T03:44:35.829+0000] {dag.py:3820} INFO - Setting next_dagrun for review_timeout_dag to 2026-06-23T01:00:00+00:00, run_after=2026-06-24T01:00:00+00:00
[2026-06-24T03:44:35.846+0000] {processor.py:183} INFO - Processing /opt/airflow/dags/review_timeout_dag.py took 0.107 seconds
[2026-06-24T03:45:06.395+0000] {processor.py:161} INFO - Started process (PID=221) to work on /opt/airflow/dags/review_timeout_dag.py
[2026-06-24T03:45:06.396+0000] {processor.py:830} INFO - Processing file /opt/airflow/dags/review_timeout_dag.py for tasks to queue
[2026-06-24T03:45:06.399+0000] {logging_mixin.py:188} INFO - [2026-06-24T03:45:06.399+0000] {dagbag.py:538} INFO - Filling up the DagBag from /opt/airflow/dags/review_timeout_dag.py
[2026-06-24T03:45:06.429+0000] {processor.py:840} INFO - DAG(s) 'review_timeout_dag' retrieved from /opt/airflow/dags/review_timeout_dag.py
[2026-06-24T03:45:06.489+0000] {logging_mixin.py:188} INFO - [2026-06-24T03:45:06.489+0000] {dag.py:3033} INFO - Sync 1 DAGs
[2026-06-24T03:45:06.513+0000] {logging_mixin.py:188} INFO - [2026-06-24T03:45:06.513+0000] {dag.py:3820} INFO - Setting next_dagrun for review_timeout_dag to 2026-06-23T01:00:00+00:00, run_after=2026-06-24T01:00:00+00:00
[2026-06-24T03:45:06.530+0000] {processor.py:183} INFO - Processing /opt/airflow/dags/review_timeout_dag.py took 0.145 seconds
[2026-06-24T03:45:36.884+0000] {processor.py:161} INFO - Started process (PID=231) to work on /opt/airflow/dags/review_timeout_dag.py
[2026-06-24T03:45:36.885+0000] {processor.py:830} INFO - Processing file /opt/airflow/dags/review_timeout_dag.py for tasks to queue
[2026-06-24T03:45:36.886+0000] {logging_mixin.py:188} INFO - [2026-06-24T03:45:36.886+0000] {dagbag.py:538} INFO - Filling up the DagBag from /opt/airflow/dags/review_timeout_dag.py
[2026-06-24T03:45:36.911+0000] {processor.py:840} INFO - DAG(s) 'review_timeout_dag' retrieved from /opt/airflow/dags/review_timeout_dag.py
[2026-06-24T03:45:36.948+0000] {logging_mixin.py:188} INFO - [2026-06-24T03:45:36.947+0000] {dag.py:3033} INFO - Sync 1 DAGs
[2026-06-24T03:45:36.978+0000] {logging_mixin.py:188} INFO - [2026-06-24T03:45:36.978+0000] {dag.py:3820} INFO - Setting next_dagrun for review_timeout_dag to 2026-06-23T01:00:00+00:00, run_after=2026-06-24T01:00:00+00:00
[2026-06-24T03:45:36.997+0000] {processor.py:183} INFO - Processing /opt/airflow/dags/review_timeout_dag.py took 0.119 seconds
[2026-06-24T03:46:07.245+0000] {processor.py:161} INFO - Started process (PID=241) to work on /opt/airflow/dags/review_timeout_dag.py
[2026-06-24T03:46:07.246+0000] {processor.py:830} INFO - Processing file /opt/airflow/dags/review_timeout_dag.py for tasks to queue
[2026-06-24T03:46:07.247+0000] {logging_mixin.py:188} INFO - [2026-06-24T03:46:07.247+0000] {dagbag.py:538} INFO - Filling up the DagBag from /opt/airflow/dags/review_timeout_dag.py
[2026-06-24T03:46:07.262+0000] {processor.py:840} INFO - DAG(s) 'review_timeout_dag' retrieved from /opt/airflow/dags/review_timeout_dag.py
[2026-06-24T03:46:07.309+0000] {logging_mixin.py:188} INFO - [2026-06-24T03:46:07.309+0000] {dag.py:3033} INFO - Sync 1 DAGs
[2026-06-24T03:46:07.330+0000] {logging_mixin.py:188} INFO - [2026-06-24T03:46:07.330+0000] {dag.py:3820} INFO - Setting next_dagrun for review_timeout_dag to 2026-06-23T01:00:00+00:00, run_after=2026-06-24T01:00:00+00:00
[2026-06-24T03:46:07.356+0000] {processor.py:183} INFO - Processing /opt/airflow/dags/review_timeout_dag.py took 0.123 seconds
[2026-06-24T03:46:37.556+0000] {processor.py:161} INFO - Started process (PID=251) to work on /opt/airflow/dags/review_timeout_dag.py
[2026-06-24T03:46:37.562+0000] {processor.py:830} INFO - Processing file /opt/airflow/dags/review_timeout_dag.py for tasks to queue
[2026-06-24T03:46:37.564+0000] {logging_mixin.py:188} INFO - [2026-06-24T03:46:37.563+0000] {dagbag.py:538} INFO - Filling up the DagBag from /opt/airflow/dags/review_timeout_dag.py
[2026-06-24T03:46:37.597+0000] {processor.py:840} INFO - DAG(s) 'review_timeout_dag' retrieved from /opt/airflow/dags/review_timeout_dag.py
[2026-06-24T03:46:37.712+0000] {logging_mixin.py:188} INFO - [2026-06-24T03:46:37.711+0000] {dag.py:3033} INFO - Sync 1 DAGs
[2026-06-24T03:46:37.753+0000] {logging_mixin.py:188} INFO - [2026-06-24T03:46:37.752+0000] {dag.py:3820} INFO - Setting next_dagrun for review_timeout_dag to 2026-06-23T01:00:00+00:00, run_after=2026-06-24T01:00:00+00:00
[2026-06-24T03:46:37.778+0000] {processor.py:183} INFO - Processing /opt/airflow/dags/review_timeout_dag.py took 0.233 seconds
[2026-06-24T03:47:07.906+0000] {processor.py:161} INFO - Started process (PID=261) to work on /opt/airflow/dags/review_timeout_dag.py
[2026-06-24T03:47:07.907+0000] {processor.py:830} INFO - Processing file /opt/airflow/dags/review_timeout_dag.py for tasks to queue
[2026-06-24T03:47:07.907+0000] {logging_mixin.py:188} INFO - [2026-06-24T03:47:07.907+0000] {dagbag.py:538} INFO - Filling up the DagBag from /opt/airflow/dags/review_timeout_dag.py
[2026-06-24T03:47:07.941+0000] {processor.py:840} INFO - DAG(s) 'review_timeout_dag' retrieved from /opt/airflow/dags/review_timeout_dag.py
[2026-06-24T03:47:07.976+0000] {logging_mixin.py:188} INFO - [2026-06-24T03:47:07.975+0000] {dag.py:3033} INFO - Sync 1 DAGs
[2026-06-24T03:47:08.000+0000] {logging_mixin.py:188} INFO - [2026-06-24T03:47:08.000+0000] {dag.py:3820} INFO - Setting next_dagrun for review_timeout_dag to 2026-06-23T01:00:00+00:00, run_after=2026-06-24T01:00:00+00:00
[2026-06-24T03:47:08.015+0000] {processor.py:183} INFO - Processing /opt/airflow/dags/review_timeout_dag.py took 0.113 seconds
[2026-06-24T03:47:38.250+0000] {processor.py:161} INFO - Started process (PID=271) to work on /opt/airflow/dags/review_timeout_dag.py
[2026-06-24T03:47:38.251+0000] {processor.py:830} INFO - Processing file /opt/airflow/dags/review_timeout_dag.py for tasks to queue
[2026-06-24T03:47:38.251+0000] {logging_mixin.py:188} INFO - [2026-06-24T03:47:38.251+0000] {dagbag.py:538} INFO - Filling up the DagBag from /opt/airflow/dags/review_timeout_dag.py
[2026-06-24T03:47:38.273+0000] {processor.py:840} INFO - DAG(s) 'review_timeout_dag' retrieved from /opt/airflow/dags/review_timeout_dag.py
[2026-06-24T03:47:38.309+0000] {logging_mixin.py:188} INFO - [2026-06-24T03:47:38.309+0000] {dag.py:3033} INFO - Sync 1 DAGs
[2026-06-24T03:47:38.333+0000] {logging_mixin.py:188} INFO - [2026-06-24T03:47:38.333+0000] {dag.py:3820} INFO - Setting next_dagrun for review_timeout_dag to 2026-06-23T01:00:00+00:00, run_after=2026-06-24T01:00:00+00:00
[2026-06-24T03:47:38.353+0000] {processor.py:183} INFO - Processing /opt/airflow/dags/review_timeout_dag.py took 0.107 seconds
[2026-06-24T03:48:08.692+0000] {processor.py:161} INFO - Started process (PID=281) to work on /opt/airflow/dags/review_timeout_dag.py
[2026-06-24T03:48:08.693+0000] {processor.py:830} INFO - Processing file /opt/airflow/dags/review_timeout_dag.py for tasks to queue
[2026-06-24T03:48:08.697+0000] {logging_mixin.py:188} INFO - [2026-06-24T03:48:08.696+0000] {dagbag.py:538} INFO - Filling up the DagBag from /opt/airflow/dags/review_timeout_dag.py
[2026-06-24T03:48:08.726+0000] {processor.py:840} INFO - DAG(s) 'review_timeout_dag' retrieved from /opt/airflow/dags/review_timeout_dag.py
[2026-06-24T03:48:08.785+0000] {logging_mixin.py:188} INFO - [2026-06-24T03:48:08.785+0000] {dag.py:3033} INFO - Sync 1 DAGs
[2026-06-24T03:48:08.811+0000] {logging_mixin.py:188} INFO - [2026-06-24T03:48:08.811+0000] {dag.py:3820} INFO - Setting next_dagrun for review_timeout_dag to 2026-06-23T01:00:00+00:00, run_after=2026-06-24T01:00:00+00:00
[2026-06-24T03:48:08.833+0000] {processor.py:183} INFO - Processing /opt/airflow/dags/review_timeout_dag.py took 0.151 seconds
[2026-06-24T03:48:39.170+0000] {processor.py:161} INFO - Started process (PID=291) to work on /opt/airflow/dags/review_timeout_dag.py
[2026-06-24T03:48:39.207+0000] {processor.py:830} INFO - Processing file /opt/airflow/dags/review_timeout_dag.py for tasks to queue
[2026-06-24T03:48:39.228+0000] {logging_mixin.py:188} INFO - [2026-06-24T03:48:39.218+0000] {dagbag.py:538} INFO - Filling up the DagBag from /opt/airflow/dags/review_timeout_dag.py
[2026-06-24T03:48:39.391+0000] {processor.py:840} INFO - DAG(s) 'review_timeout_dag' retrieved from /opt/airflow/dags/review_timeout_dag.py
[2026-06-24T03:48:39.879+0000] {logging_mixin.py:188} INFO - [2026-06-24T03:48:39.878+0000] {dag.py:3033} INFO - Sync 1 DAGs
[2026-06-24T03:48:39.996+0000] {logging_mixin.py:188} INFO - [2026-06-24T03:48:39.996+0000] {dag.py:3820} INFO - Setting next_dagrun for review_timeout_dag to 2026-06-23T01:00:00+00:00, run_after=2026-06-24T01:00:00+00:00
[2026-06-24T03:48:40.091+0000] {processor.py:183} INFO - Processing /opt/airflow/dags/review_timeout_dag.py took 0.951 seconds
[2026-06-24T03:49:11.067+0000] {processor.py:161} INFO - Started process (PID=301) to work on /opt/airflow/dags/review_timeout_dag.py
[2026-06-24T03:49:11.070+0000] {processor.py:830} INFO - Processing file /opt/airflow/dags/review_timeout_dag.py for tasks to queue
[2026-06-24T03:49:11.078+0000] {logging_mixin.py:188} INFO - [2026-06-24T03:49:11.076+0000] {dagbag.py:538} INFO - Filling up the DagBag from /opt/airflow/dags/review_timeout_dag.py
[2026-06-24T03:49:11.118+0000] {processor.py:840} INFO - DAG(s) 'review_timeout_dag' retrieved from /opt/airflow/dags/review_timeout_dag.py
[2026-06-24T03:49:11.179+0000] {logging_mixin.py:188} INFO - [2026-06-24T03:49:11.179+0000] {dag.py:3033} INFO - Sync 1 DAGs
[2026-06-24T03:49:11.216+0000] {logging_mixin.py:188} INFO - [2026-06-24T03:49:11.216+0000] {dag.py:3820} INFO - Setting next_dagrun for review_timeout_dag to 2026-06-23T01:00:00+00:00, run_after=2026-06-24T01:00:00+00:00
[2026-06-24T03:49:11.248+0000] {processor.py:183} INFO - Processing /opt/airflow/dags/review_timeout_dag.py took 0.204 seconds
[2026-06-24T03:49:42.015+0000] {processor.py:161} INFO - Started process (PID=311) to work on /opt/airflow/dags/review_timeout_dag.py
[2026-06-24T03:49:42.026+0000] {processor.py:830} INFO - Processing file /opt/airflow/dags/review_timeout_dag.py for tasks to queue
[2026-06-24T03:49:42.035+0000] {logging_mixin.py:188} INFO - [2026-06-24T03:49:42.035+0000] {dagbag.py:538} INFO - Filling up the DagBag from /opt/airflow/dags/review_timeout_dag.py
[2026-06-24T03:49:42.127+0000] {processor.py:840} INFO - DAG(s) 'review_timeout_dag' retrieved from /opt/airflow/dags/review_timeout_dag.py
[2026-06-24T03:49:42.239+0000] {logging_mixin.py:188} INFO - [2026-06-24T03:49:42.237+0000] {dag.py:3033} INFO - Sync 1 DAGs
[2026-06-24T03:49:42.346+0000] {logging_mixin.py:188} INFO - [2026-06-24T03:49:42.346+0000] {dag.py:3820} INFO - Setting next_dagrun for review_timeout_dag to 2026-06-23T01:00:00+00:00, run_after=2026-06-24T01:00:00+00:00
[2026-06-24T03:49:42.395+0000] {processor.py:183} INFO - Processing /opt/airflow/dags/review_timeout_dag.py took 0.385 seconds
[2026-06-24T03:50:12.692+0000] {processor.py:161} INFO - Started process (PID=321) to work on /opt/airflow/dags/review_timeout_dag.py
[2026-06-24T03:50:12.693+0000] {processor.py:830} INFO - Processing file /opt/airflow/dags/review_timeout_dag.py for tasks to queue
[2026-06-24T03:50:12.695+0000] {logging_mixin.py:188} INFO - [2026-06-24T03:50:12.695+0000] {dagbag.py:538} INFO - Filling up the DagBag from /opt/airflow/dags/review_timeout_dag.py
[2026-06-24T03:50:12.720+0000] {processor.py:840} INFO - DAG(s) 'review_timeout_dag' retrieved from /opt/airflow/dags/review_timeout_dag.py
[2026-06-24T03:50:12.757+0000] {logging_mixin.py:188} INFO - [2026-06-24T03:50:12.757+0000] {dag.py:3033} INFO - Sync 1 DAGs
[2026-06-24T03:50:12.781+0000] {logging_mixin.py:188} INFO - [2026-06-24T03:50:12.780+0000] {dag.py:3820} INFO - Setting next_dagrun for review_timeout_dag to 2026-06-23T01:00:00+00:00, run_after=2026-06-24T01:00:00+00:00
[2026-06-24T03:50:12.814+0000] {processor.py:183} INFO - Processing /opt/airflow/dags/review_timeout_dag.py took 0.133 seconds
[2026-06-24T03:50:43.199+0000] {processor.py:161} INFO - Started process (PID=331) to work on /opt/airflow/dags/review_timeout_dag.py
[2026-06-24T03:50:43.200+0000] {processor.py:830} INFO - Processing file /opt/airflow/dags/review_timeout_dag.py for tasks to queue
[2026-06-24T03:50:43.201+0000] {logging_mixin.py:188} INFO - [2026-06-24T03:50:43.201+0000] {dagbag.py:538} INFO - Filling up the DagBag from /opt/airflow/dags/review_timeout_dag.py
[2026-06-24T03:50:43.220+0000] {processor.py:840} INFO - DAG(s) 'review_timeout_dag' retrieved from /opt/airflow/dags/review_timeout_dag.py
[2026-06-24T03:50:43.255+0000] {logging_mixin.py:188} INFO - [2026-06-24T03:50:43.255+0000] {dag.py:3033} INFO - Sync 1 DAGs
[2026-06-24T03:50:43.284+0000] {logging_mixin.py:188} INFO - [2026-06-24T03:50:43.283+0000] {dag.py:3820} INFO - Setting next_dagrun for review_timeout_dag to 2026-06-23T01:00:00+00:00, run_after=2026-06-24T01:00:00+00:00
[2026-06-24T03:50:43.302+0000] {processor.py:183} INFO - Processing /opt/airflow/dags/review_timeout_dag.py took 0.114 seconds
[2026-06-24T03:51:13.655+0000] {processor.py:161} INFO - Started process (PID=341) to work on /opt/airflow/dags/review_timeout_dag.py
[2026-06-24T03:51:13.659+0000] {processor.py:830} INFO - Processing file /opt/airflow/dags/review_timeout_dag.py for tasks to queue
[2026-06-24T03:51:13.662+0000] {logging_mixin.py:188} INFO - [2026-06-24T03:51:13.662+0000] {dagbag.py:538} INFO - Filling up the DagBag from /opt/airflow/dags/review_timeout_dag.py
[2026-06-24T03:51:13.697+0000] {processor.py:840} INFO - DAG(s) 'review_timeout_dag' retrieved from /opt/airflow/dags/review_timeout_dag.py
[2026-06-24T03:51:13.747+0000] {logging_mixin.py:188} INFO - [2026-06-24T03:51:13.747+0000] {dag.py:3033} INFO - Sync 1 DAGs
[2026-06-24T03:51:13.778+0000] {logging_mixin.py:188} INFO - [2026-06-24T03:51:13.778+0000] {dag.py:3820} INFO - Setting next_dagrun for review_timeout_dag to 2026-06-23T01:00:00+00:00, run_after=2026-06-24T01:00:00+00:00
[2026-06-24T03:51:13.824+0000] {processor.py:183} INFO - Processing /opt/airflow/dags/review_timeout_dag.py took 0.178 seconds
[2026-06-24T03:51:44.123+0000] {processor.py:161} INFO - Started process (PID=351) to work on /opt/airflow/dags/review_timeout_dag.py
[2026-06-24T03:51:44.124+0000] {processor.py:830} INFO - Processing file /opt/airflow/dags/review_timeout_dag.py for tasks to queue
[2026-06-24T03:51:44.129+0000] {logging_mixin.py:188} INFO - [2026-06-24T03:51:44.125+0000] {dagbag.py:538} INFO - Filling up the DagBag from /opt/airflow/dags/review_timeout_dag.py
[2026-06-24T03:51:44.152+0000] {processor.py:840} INFO - DAG(s) 'review_timeout_dag' retrieved from /opt/airflow/dags/review_timeout_dag.py
[2026-06-24T03:51:44.192+0000] {logging_mixin.py:188} INFO - [2026-06-24T03:51:44.192+0000] {dag.py:3033} INFO - Sync 1 DAGs
[2026-06-24T03:51:44.218+0000] {logging_mixin.py:188} INFO - [2026-06-24T03:51:44.218+0000] {dag.py:3820} INFO - Setting next_dagrun for review_timeout_dag to 2026-06-23T01:00:00+00:00, run_after=2026-06-24T01:00:00+00:00
[2026-06-24T03:51:44.241+0000] {processor.py:183} INFO - Processing /opt/airflow/dags/review_timeout_dag.py took 0.124 seconds
[2026-06-24T03:52:14.557+0000] {processor.py:161} INFO - Started process (PID=361) to work on /opt/airflow/dags/review_timeout_dag.py
[2026-06-24T03:52:14.559+0000] {processor.py:830} INFO - Processing file /opt/airflow/dags/review_timeout_dag.py for tasks to queue
[2026-06-24T03:52:14.562+0000] {logging_mixin.py:188} INFO - [2026-06-24T03:52:14.561+0000] {dagbag.py:538} INFO - Filling up the DagBag from /opt/airflow/dags/review_timeout_dag.py
[2026-06-24T03:52:14.625+0000] {processor.py:840} INFO - DAG(s) 'review_timeout_dag' retrieved from /opt/airflow/dags/review_timeout_dag.py
[2026-06-24T03:52:14.751+0000] {logging_mixin.py:188} INFO - [2026-06-24T03:52:14.750+0000] {dag.py:3033} INFO - Sync 1 DAGs
[2026-06-24T03:52:14.823+0000] {logging_mixin.py:188} INFO - [2026-06-24T03:52:14.822+0000] {dag.py:3820} INFO - Setting next_dagrun for review_timeout_dag to 2026-06-23T01:00:00+00:00, run_after=2026-06-24T01:00:00+00:00
[2026-06-24T03:52:14.864+0000] {processor.py:183} INFO - Processing /opt/airflow/dags/review_timeout_dag.py took 0.320 seconds
[2026-06-24T03:52:45.097+0000] {processor.py:161} INFO - Started process (PID=371) to work on /opt/airflow/dags/review_timeout_dag.py
[2026-06-24T03:52:45.099+0000] {processor.py:830} INFO - Processing file /opt/airflow/dags/review_timeout_dag.py for tasks to queue
[2026-06-24T03:52:45.100+0000] {logging_mixin.py:188} INFO - [2026-06-24T03:52:45.099+0000] {dagbag.py:538} INFO - Filling up the DagBag from /opt/airflow/dags/review_timeout_dag.py
[2026-06-24T03:52:45.124+0000] {processor.py:840} INFO - DAG(s) 'review_timeout_dag' retrieved from /opt/airflow/dags/review_timeout_dag.py
[2026-06-24T03:52:45.162+0000] {logging_mixin.py:188} INFO - [2026-06-24T03:52:45.162+0000] {dag.py:3033} INFO - Sync 1 DAGs
[2026-06-24T03:52:45.191+0000] {logging_mixin.py:188} INFO - [2026-06-24T03:52:45.191+0000] {dag.py:3820} INFO - Setting next_dagrun for review_timeout_dag to 2026-06-23T01:00:00+00:00, run_after=2026-06-24T01:00:00+00:00
[2026-06-24T03:52:45.210+0000] {processor.py:183} INFO - Processing /opt/airflow/dags/review_timeout_dag.py took 0.120 seconds
[2026-06-24T03:53:15.498+0000] {processor.py:161} INFO - Started process (PID=381) to work on /opt/airflow/dags/review_timeout_dag.py
[2026-06-24T03:53:15.499+0000] {processor.py:830} INFO - Processing file /opt/airflow/dags/review_timeout_dag.py for tasks to queue
[2026-06-24T03:53:15.500+0000] {logging_mixin.py:188} INFO - [2026-06-24T03:53:15.499+0000] {dagbag.py:538} INFO - Filling up the DagBag from /opt/airflow/dags/review_timeout_dag.py
[2026-06-24T03:53:15.526+0000] {processor.py:840} INFO - DAG(s) 'review_timeout_dag' retrieved from /opt/airflow/dags/review_timeout_dag.py
[2026-06-24T03:53:15.555+0000] {logging_mixin.py:188} INFO - [2026-06-24T03:53:15.555+0000] {dag.py:3033} INFO - Sync 1 DAGs
[2026-06-24T03:53:15.576+0000] {logging_mixin.py:188} INFO - [2026-06-24T03:53:15.575+0000] {dag.py:3820} INFO - Setting next_dagrun for review_timeout_dag to 2026-06-23T01:00:00+00:00, run_after=2026-06-24T01:00:00+00:00
[2026-06-24T03:53:15.594+0000] {processor.py:183} INFO - Processing /opt/airflow/dags/review_timeout_dag.py took 0.100 seconds
[2026-06-24T03:53:45.767+0000] {processor.py:161} INFO - Started process (PID=391) to work on /opt/airflow/dags/review_timeout_dag.py
[2026-06-24T03:53:45.767+0000] {processor.py:830} INFO - Processing file /opt/airflow/dags/review_timeout_dag.py for tasks to queue
[2026-06-24T03:53:45.768+0000] {logging_mixin.py:188} INFO - [2026-06-24T03:53:45.768+0000] {dagbag.py:538} INFO - Filling up the DagBag from /opt/airflow/dags/review_timeout_dag.py
[2026-06-24T03:53:45.789+0000] {processor.py:840} INFO - DAG(s) 'review_timeout_dag' retrieved from /opt/airflow/dags/review_timeout_dag.py
[2026-06-24T03:53:45.828+0000] {logging_mixin.py:188} INFO - [2026-06-24T03:53:45.828+0000] {dag.py:3033} INFO - Sync 1 DAGs
[2026-06-24T03:53:45.852+0000] {logging_mixin.py:188} INFO - [2026-06-24T03:53:45.851+0000] {dag.py:3820} INFO - Setting next_dagrun for review_timeout_dag to 2026-06-23T01:00:00+00:00, run_after=2026-06-24T01:00:00+00:00
[2026-06-24T03:53:45.870+0000] {processor.py:183} INFO - Processing /opt/airflow/dags/review_timeout_dag.py took 0.108 seconds
[2026-06-24T03:54:16.125+0000] {processor.py:161} INFO - Started process (PID=401) to work on /opt/airflow/dags/review_timeout_dag.py
[2026-06-24T03:54:16.126+0000] {processor.py:830} INFO - Processing file /opt/airflow/dags/review_timeout_dag.py for tasks to queue
[2026-06-24T03:54:16.129+0000] {logging_mixin.py:188} INFO - [2026-06-24T03:54:16.128+0000] {dagbag.py:538} INFO - Filling up the DagBag from /opt/airflow/dags/review_timeout_dag.py
[2026-06-24T03:54:16.165+0000] {processor.py:840} INFO - DAG(s) 'review_timeout_dag' retrieved from /opt/airflow/dags/review_timeout_dag.py
[2026-06-24T03:54:16.225+0000] {logging_mixin.py:188} INFO - [2026-06-24T03:54:16.224+0000] {dag.py:3033} INFO - Sync 1 DAGs
[2026-06-24T03:54:16.249+0000] {logging_mixin.py:188} INFO - [2026-06-24T03:54:16.249+0000] {dag.py:3820} INFO - Setting next_dagrun for review_timeout_dag to 2026-06-23T01:00:00+00:00, run_after=2026-06-24T01:00:00+00:00
[2026-06-24T03:54:16.267+0000] {processor.py:183} INFO - Processing /opt/airflow/dags/review_timeout_dag.py took 0.152 seconds
[2026-06-24T03:54:46.538+0000] {processor.py:161} INFO - Started process (PID=411) to work on /opt/airflow/dags/review_timeout_dag.py
[2026-06-24T03:54:46.539+0000] {processor.py:830} INFO - Processing file /opt/airflow/dags/review_timeout_dag.py for tasks to queue
[2026-06-24T03:54:46.541+0000] {logging_mixin.py:188} INFO - [2026-06-24T03:54:46.540+0000] {dagbag.py:538} INFO - Filling up the DagBag from /opt/airflow/dags/review_timeout_dag.py
[2026-06-24T03:54:46.569+0000] {processor.py:840} INFO - DAG(s) 'review_timeout_dag' retrieved from /opt/airflow/dags/review_timeout_dag.py
[2026-06-24T03:54:46.607+0000] {logging_mixin.py:188} INFO - [2026-06-24T03:54:46.607+0000] {dag.py:3033} INFO - Sync 1 DAGs
[2026-06-24T03:54:46.632+0000] {logging_mixin.py:188} INFO - [2026-06-24T03:54:46.632+0000] {dag.py:3820} INFO - Setting next_dagrun for review_timeout_dag to 2026-06-23T01:00:00+00:00, run_after=2026-06-24T01:00:00+00:00
[2026-06-24T03:54:46.649+0000] {processor.py:183} INFO - Processing /opt/airflow/dags/review_timeout_dag.py took 0.120 seconds
[2026-06-24T03:55:17.008+0000] {processor.py:161} INFO - Started process (PID=421) to work on /opt/airflow/dags/review_timeout_dag.py
[2026-06-24T03:55:17.009+0000] {processor.py:830} INFO - Processing file /opt/airflow/dags/review_timeout_dag.py for tasks to queue
[2026-06-24T03:55:17.010+0000] {logging_mixin.py:188} INFO - [2026-06-24T03:55:17.010+0000] {dagbag.py:538} INFO - Filling up the DagBag from /opt/airflow/dags/review_timeout_dag.py
[2026-06-24T03:55:17.032+0000] {processor.py:840} INFO - DAG(s) 'review_timeout_dag' retrieved from /opt/airflow/dags/review_timeout_dag.py
[2026-06-24T03:55:17.078+0000] {logging_mixin.py:188} INFO - [2026-06-24T03:55:17.077+0000] {dag.py:3033} INFO - Sync 1 DAGs
[2026-06-24T03:55:17.120+0000] {logging_mixin.py:188} INFO - [2026-06-24T03:55:17.119+0000] {dag.py:3820} INFO - Setting next_dagrun for review_timeout_dag to 2026-06-23T01:00:00+00:00, run_after=2026-06-24T01:00:00+00:00
[2026-06-24T03:55:17.152+0000] {processor.py:183} INFO - Processing /opt/airflow/dags/review_timeout_dag.py took 0.151 seconds
[2026-06-24T03:55:47.445+0000] {processor.py:161} INFO - Started process (PID=431) to work on /opt/airflow/dags/review_timeout_dag.py
[2026-06-24T03:55:47.447+0000] {processor.py:830} INFO - Processing file /opt/airflow/dags/review_timeout_dag.py for tasks to queue
[2026-06-24T03:55:47.448+0000] {logging_mixin.py:188} INFO - [2026-06-24T03:55:47.448+0000] {dagbag.py:538} INFO - Filling up the DagBag from /opt/airflow/dags/review_timeout_dag.py
[2026-06-24T03:55:47.484+0000] {processor.py:840} INFO - DAG(s) 'review_timeout_dag' retrieved from /opt/airflow/dags/review_timeout_dag.py
[2026-06-24T03:55:47.563+0000] {logging_mixin.py:188} INFO - [2026-06-24T03:55:47.563+0000] {dag.py:3033} INFO - Sync 1 DAGs
[2026-06-24T03:55:47.604+0000] {logging_mixin.py:188} INFO - [2026-06-24T03:55:47.604+0000] {dag.py:3820} INFO - Setting next_dagrun for review_timeout_dag to 2026-06-23T01:00:00+00:00, run_after=2026-06-24T01:00:00+00:00
[2026-06-24T03:55:47.630+0000] {processor.py:183} INFO - Processing /opt/airflow/dags/review_timeout_dag.py took 0.198 seconds
[2026-06-24T03:56:17.927+0000] {processor.py:161} INFO - Started process (PID=441) to work on /opt/airflow/dags/review_timeout_dag.py
[2026-06-24T03:56:17.928+0000] {processor.py:830} INFO - Processing file /opt/airflow/dags/review_timeout_dag.py for tasks to queue
[2026-06-24T03:56:17.928+0000] {logging_mixin.py:188} INFO - [2026-06-24T03:56:17.928+0000] {dagbag.py:538} INFO - Filling up the DagBag from /opt/airflow/dags/review_timeout_dag.py
[2026-06-24T03:56:17.953+0000] {processor.py:840} INFO - DAG(s) 'review_timeout_dag' retrieved from /opt/airflow/dags/review_timeout_dag.py
[2026-06-24T03:56:17.987+0000] {logging_mixin.py:188} INFO - [2026-06-24T03:56:17.987+0000] {dag.py:3033} INFO - Sync 1 DAGs
[2026-06-24T03:56:18.010+0000] {logging_mixin.py:188} INFO - [2026-06-24T03:56:18.010+0000] {dag.py:3820} INFO - Setting next_dagrun for review_timeout_dag to 2026-06-23T01:00:00+00:00, run_after=2026-06-24T01:00:00+00:00
[2026-06-24T03:56:18.027+0000] {processor.py:183} INFO - Processing /opt/airflow/dags/review_timeout_dag.py took 0.106 seconds
[2026-06-24T03:56:48.304+0000] {processor.py:161} INFO - Started process (PID=451) to work on /opt/airflow/dags/review_timeout_dag.py
[2026-06-24T03:56:48.305+0000] {processor.py:830} INFO - Processing file /opt/airflow/dags/review_timeout_dag.py for tasks to queue
[2026-06-24T03:56:48.306+0000] {logging_mixin.py:188} INFO - [2026-06-24T03:56:48.305+0000] {dagbag.py:538} INFO - Filling up the DagBag from /opt/airflow/dags/review_timeout_dag.py
[2026-06-24T03:56:48.328+0000] {processor.py:840} INFO - DAG(s) 'review_timeout_dag' retrieved from /opt/airflow/dags/review_timeout_dag.py
[2026-06-24T03:56:48.364+0000] {logging_mixin.py:188} INFO - [2026-06-24T03:56:48.364+0000] {dag.py:3033} INFO - Sync 1 DAGs
[2026-06-24T03:56:48.386+0000] {logging_mixin.py:188} INFO - [2026-06-24T03:56:48.386+0000] {dag.py:3820} INFO - Setting next_dagrun for review_timeout_dag to 2026-06-23T01:00:00+00:00, run_after=2026-06-24T01:00:00+00:00
[2026-06-24T03:56:48.405+0000] {processor.py:183} INFO - Processing /opt/airflow/dags/review_timeout_dag.py took 0.106 seconds
[2026-06-24T03:57:18.605+0000] {processor.py:161} INFO - Started process (PID=461) to work on /opt/airflow/dags/review_timeout_dag.py
[2026-06-24T03:57:18.606+0000] {processor.py:830} INFO - Processing file /opt/airflow/dags/review_timeout_dag.py for tasks to queue
[2026-06-24T03:57:18.607+0000] {logging_mixin.py:188} INFO - [2026-06-24T03:57:18.606+0000] {dagbag.py:538} INFO - Filling up the DagBag from /opt/airflow/dags/review_timeout_dag.py
[2026-06-24T03:57:18.631+0000] {processor.py:840} INFO - DAG(s) 'review_timeout_dag' retrieved from /opt/airflow/dags/review_timeout_dag.py
[2026-06-24T03:57:18.679+0000] {logging_mixin.py:188} INFO - [2026-06-24T03:57:18.679+0000] {dag.py:3033} INFO - Sync 1 DAGs
[2026-06-24T03:57:18.703+0000] {logging_mixin.py:188} INFO - [2026-06-24T03:57:18.703+0000] {dag.py:3820} INFO - Setting next_dagrun for review_timeout_dag to 2026-06-23T01:00:00+00:00, run_after=2026-06-24T01:00:00+00:00
[2026-06-24T03:57:18.723+0000] {processor.py:183} INFO - Processing /opt/airflow/dags/review_timeout_dag.py took 0.123 seconds
[2026-06-24T03:57:48.925+0000] {processor.py:161} INFO - Started process (PID=471) to work on /opt/airflow/dags/review_timeout_dag.py
[2026-06-24T03:57:48.926+0000] {processor.py:830} INFO - Processing file /opt/airflow/dags/review_timeout_dag.py for tasks to queue
[2026-06-24T03:57:48.927+0000] {logging_mixin.py:188} INFO - [2026-06-24T03:57:48.927+0000] {dagbag.py:538} INFO - Filling up the DagBag from /opt/airflow/dags/review_timeout_dag.py
[2026-06-24T03:57:48.960+0000] {processor.py:840} INFO - DAG(s) 'review_timeout_dag' retrieved from /opt/airflow/dags/review_timeout_dag.py
[2026-06-24T03:57:49.004+0000] {logging_mixin.py:188} INFO - [2026-06-24T03:57:49.004+0000] {dag.py:3033} INFO - Sync 1 DAGs
[2026-06-24T03:57:49.029+0000] {logging_mixin.py:188} INFO - [2026-06-24T03:57:49.028+0000] {dag.py:3820} INFO - Setting next_dagrun for review_timeout_dag to 2026-06-23T01:00:00+00:00, run_after=2026-06-24T01:00:00+00:00
[2026-06-24T03:57:49.060+0000] {processor.py:183} INFO - Processing /opt/airflow/dags/review_timeout_dag.py took 0.140 seconds
[2026-06-24T03:58:19.310+0000] {processor.py:161} INFO - Started process (PID=481) to work on /opt/airflow/dags/review_timeout_dag.py
[2026-06-24T03:58:19.312+0000] {processor.py:830} INFO - Processing file /opt/airflow/dags/review_timeout_dag.py for tasks to queue
[2026-06-24T03:58:19.313+0000] {logging_mixin.py:188} INFO - [2026-06-24T03:58:19.313+0000] {dagbag.py:538} INFO - Filling up the DagBag from /opt/airflow/dags/review_timeout_dag.py
[2026-06-24T03:58:19.345+0000] {processor.py:840} INFO - DAG(s) 'review_timeout_dag' retrieved from /opt/airflow/dags/review_timeout_dag.py
[2026-06-24T03:58:19.392+0000] {logging_mixin.py:188} INFO - [2026-06-24T03:58:19.391+0000] {dag.py:3033} INFO - Sync 1 DAGs
[2026-06-24T03:58:19.422+0000] {logging_mixin.py:188} INFO - [2026-06-24T03:58:19.422+0000] {dag.py:3820} INFO - Setting next_dagrun for review_timeout_dag to 2026-06-23T01:00:00+00:00, run_after=2026-06-24T01:00:00+00:00
[2026-06-24T03:58:19.442+0000] {processor.py:183} INFO - Processing /opt/airflow/dags/review_timeout_dag.py took 0.138 seconds
[2026-06-24T03:59:35.257+0000] {processor.py:161} INFO - Started process (PID=181) to work on /opt/airflow/dags/review_timeout_dag.py
[2026-06-24T03:59:35.261+0000] {processor.py:830} INFO - Processing file /opt/airflow/dags/review_timeout_dag.py for tasks to queue
[2026-06-24T03:59:35.269+0000] {logging_mixin.py:188} INFO - [2026-06-24T03:59:35.267+0000] {dagbag.py:538} INFO - Filling up the DagBag from /opt/airflow/dags/review_timeout_dag.py
[2026-06-24T03:59:35.345+0000] {processor.py:840} INFO - DAG(s) 'review_timeout_dag' retrieved from /opt/airflow/dags/review_timeout_dag.py
[2026-06-24T03:59:35.649+0000] {logging_mixin.py:188} INFO - [2026-06-24T03:59:35.649+0000] {dag.py:3033} INFO - Sync 1 DAGs
[2026-06-24T03:59:35.670+0000] {logging_mixin.py:188} INFO - [2026-06-24T03:59:35.670+0000] {dag.py:3820} INFO - Setting next_dagrun for review_timeout_dag to 2026-06-23T01:00:00+00:00, run_after=2026-06-24T01:00:00+00:00
[2026-06-24T03:59:35.709+0000] {processor.py:183} INFO - Processing /opt/airflow/dags/review_timeout_dag.py took 0.476 seconds
[2026-06-24T04:00:06.025+0000] {processor.py:161} INFO - Started process (PID=191) to work on /opt/airflow/dags/review_timeout_dag.py
[2026-06-24T04:00:06.026+0000] {processor.py:830} INFO - Processing file /opt/airflow/dags/review_timeout_dag.py for tasks to queue
[2026-06-24T04:00:06.027+0000] {logging_mixin.py:188} INFO - [2026-06-24T04:00:06.026+0000] {dagbag.py:538} INFO - Filling up the DagBag from /opt/airflow/dags/review_timeout_dag.py
[2026-06-24T04:00:06.050+0000] {processor.py:840} INFO - DAG(s) 'review_timeout_dag' retrieved from /opt/airflow/dags/review_timeout_dag.py
[2026-06-24T04:00:06.085+0000] {logging_mixin.py:188} INFO - [2026-06-24T04:00:06.085+0000] {dag.py:3033} INFO - Sync 1 DAGs
[2026-06-24T04:00:06.110+0000] {logging_mixin.py:188} INFO - [2026-06-24T04:00:06.109+0000] {dag.py:3820} INFO - Setting next_dagrun for review_timeout_dag to 2026-06-23T01:00:00+00:00, run_after=2026-06-24T01:00:00+00:00
[2026-06-24T04:00:06.127+0000] {processor.py:183} INFO - Processing /opt/airflow/dags/review_timeout_dag.py took 0.105 seconds
[2026-06-24T04:00:36.438+0000] {processor.py:161} INFO - Started process (PID=201) to work on /opt/airflow/dags/review_timeout_dag.py
[2026-06-24T04:00:36.441+0000] {processor.py:830} INFO - Processing file /opt/airflow/dags/review_timeout_dag.py for tasks to queue
[2026-06-24T04:00:36.444+0000] {logging_mixin.py:188} INFO - [2026-06-24T04:00:36.443+0000] {dagbag.py:538} INFO - Filling up the DagBag from /opt/airflow/dags/review_timeout_dag.py
[2026-06-24T04:00:36.479+0000] {processor.py:840} INFO - DAG(s) 'review_timeout_dag' retrieved from /opt/airflow/dags/review_timeout_dag.py
[2026-06-24T04:00:36.597+0000] {logging_mixin.py:188} INFO - [2026-06-24T04:00:36.597+0000] {dag.py:3033} INFO - Sync 1 DAGs
[2026-06-24T04:00:36.618+0000] {logging_mixin.py:188} INFO - [2026-06-24T04:00:36.618+0000] {dag.py:3820} INFO - Setting next_dagrun for review_timeout_dag to 2026-06-23T01:00:00+00:00, run_after=2026-06-24T01:00:00+00:00
[2026-06-24T04:00:36.646+0000] {processor.py:183} INFO - Processing /opt/airflow/dags/review_timeout_dag.py took 0.214 seconds
[2026-06-24T04:01:06.945+0000] {processor.py:161} INFO - Started process (PID=211) to work on /opt/airflow/dags/review_timeout_dag.py
[2026-06-24T04:01:06.957+0000] {processor.py:830} INFO - Processing file /opt/airflow/dags/review_timeout_dag.py for tasks to queue
[2026-06-24T04:01:06.959+0000] {logging_mixin.py:188} INFO - [2026-06-24T04:01:06.959+0000] {dagbag.py:538} INFO - Filling up the DagBag from /opt/airflow/dags/review_timeout_dag.py
[2026-06-24T04:01:07.031+0000] {processor.py:840} INFO - DAG(s) 'review_timeout_dag' retrieved from /opt/airflow/dags/review_timeout_dag.py
[2026-06-24T04:01:07.136+0000] {logging_mixin.py:188} INFO - [2026-06-24T04:01:07.136+0000] {dag.py:3033} INFO - Sync 1 DAGs
[2026-06-24T04:01:07.160+0000] {logging_mixin.py:188} INFO - [2026-06-24T04:01:07.160+0000] {dag.py:3820} INFO - Setting next_dagrun for review_timeout_dag to 2026-06-23T01:00:00+00:00, run_after=2026-06-24T01:00:00+00:00
[2026-06-24T04:01:07.183+0000] {processor.py:183} INFO - Processing /opt/airflow/dags/review_timeout_dag.py took 0.262 seconds
[2026-06-24T04:01:37.959+0000] {processor.py:161} INFO - Started process (PID=221) to work on /opt/airflow/dags/review_timeout_dag.py
[2026-06-24T04:01:37.961+0000] {processor.py:830} INFO - Processing file /opt/airflow/dags/review_timeout_dag.py for tasks to queue
[2026-06-24T04:01:37.970+0000] {logging_mixin.py:188} INFO - [2026-06-24T04:01:37.965+0000] {dagbag.py:538} INFO - Filling up the DagBag from /opt/airflow/dags/review_timeout_dag.py
[2026-06-24T04:01:38.013+0000] {processor.py:840} INFO - DAG(s) 'review_timeout_dag' retrieved from /opt/airflow/dags/review_timeout_dag.py
[2026-06-24T04:01:38.074+0000] {logging_mixin.py:188} INFO - [2026-06-24T04:01:38.074+0000] {dag.py:3033} INFO - Sync 1 DAGs
[2026-06-24T04:01:38.101+0000] {logging_mixin.py:188} INFO - [2026-06-24T04:01:38.101+0000] {dag.py:3820} INFO - Setting next_dagrun for review_timeout_dag to 2026-06-23T01:00:00+00:00, run_after=2026-06-24T01:00:00+00:00
[2026-06-24T04:01:38.131+0000] {processor.py:183} INFO - Processing /opt/airflow/dags/review_timeout_dag.py took 0.192 seconds
[2026-06-24T04:02:08.880+0000] {processor.py:161} INFO - Started process (PID=231) to work on /opt/airflow/dags/review_timeout_dag.py
[2026-06-24T04:02:08.885+0000] {processor.py:830} INFO - Processing file /opt/airflow/dags/review_timeout_dag.py for tasks to queue
[2026-06-24T04:02:08.889+0000] {logging_mixin.py:188} INFO - [2026-06-24T04:02:08.889+0000] {dagbag.py:538} INFO - Filling up the DagBag from /opt/airflow/dags/review_timeout_dag.py
[2026-06-24T04:02:09.011+0000] {processor.py:840} INFO - DAG(s) 'review_timeout_dag' retrieved from /opt/airflow/dags/review_timeout_dag.py
[2026-06-24T04:02:09.191+0000] {logging_mixin.py:188} INFO - [2026-06-24T04:02:09.190+0000] {dag.py:3033} INFO - Sync 1 DAGs
[2026-06-24T04:02:09.266+0000] {logging_mixin.py:188} INFO - [2026-06-24T04:02:09.266+0000] {dag.py:3820} INFO - Setting next_dagrun for review_timeout_dag to 2026-06-23T01:00:00+00:00, run_after=2026-06-24T01:00:00+00:00
[2026-06-24T04:02:09.304+0000] {processor.py:183} INFO - Processing /opt/airflow/dags/review_timeout_dag.py took 0.433 seconds
[2026-06-24T04:03:09.813+0000] {processor.py:161} INFO - Started process (PID=181) to work on /opt/airflow/dags/review_timeout_dag.py
[2026-06-24T04:03:09.816+0000] {processor.py:830} INFO - Processing file /opt/airflow/dags/review_timeout_dag.py for tasks to queue
[2026-06-24T04:03:09.819+0000] {logging_mixin.py:188} INFO - [2026-06-24T04:03:09.818+0000] {dagbag.py:538} INFO - Filling up the DagBag from /opt/airflow/dags/review_timeout_dag.py
[2026-06-24T04:03:09.897+0000] {processor.py:840} INFO - DAG(s) 'review_timeout_dag' retrieved from /opt/airflow/dags/review_timeout_dag.py
[2026-06-24T04:03:10.306+0000] {logging_mixin.py:188} INFO - [2026-06-24T04:03:10.306+0000] {dag.py:3033} INFO - Sync 1 DAGs
[2026-06-24T04:03:10.337+0000] {logging_mixin.py:188} INFO - [2026-06-24T04:03:10.337+0000] {dag.py:3820} INFO - Setting next_dagrun for review_timeout_dag to 2026-06-23T01:00:00+00:00, run_after=2026-06-24T01:00:00+00:00
[2026-06-24T04:03:10.374+0000] {processor.py:183} INFO - Processing /opt/airflow/dags/review_timeout_dag.py took 0.570 seconds
[2026-06-24T04:03:40.865+0000] {processor.py:161} INFO - Started process (PID=191) to work on /opt/airflow/dags/review_timeout_dag.py
[2026-06-24T04:03:40.867+0000] {processor.py:830} INFO - Processing file /opt/airflow/dags/review_timeout_dag.py for tasks to queue
[2026-06-24T04:03:40.869+0000] {logging_mixin.py:188} INFO - [2026-06-24T04:03:40.868+0000] {dagbag.py:538} INFO - Filling up the DagBag from /opt/airflow/dags/review_timeout_dag.py
[2026-06-24T04:03:40.915+0000] {processor.py:840} INFO - DAG(s) 'review_timeout_dag' retrieved from /opt/airflow/dags/review_timeout_dag.py
[2026-06-24T04:03:40.964+0000] {logging_mixin.py:188} INFO - [2026-06-24T04:03:40.964+0000] {dag.py:3033} INFO - Sync 1 DAGs
[2026-06-24T04:03:40.996+0000] {logging_mixin.py:188} INFO - [2026-06-24T04:03:40.995+0000] {dag.py:3820} INFO - Setting next_dagrun for review_timeout_dag to 2026-06-23T01:00:00+00:00, run_after=2026-06-24T01:00:00+00:00
[2026-06-24T04:03:41.018+0000] {processor.py:183} INFO - Processing /opt/airflow/dags/review_timeout_dag.py took 0.165 seconds
[2026-06-24T04:04:11.333+0000] {processor.py:161} INFO - Started process (PID=201) to work on /opt/airflow/dags/review_timeout_dag.py
[2026-06-24T04:04:11.334+0000] {processor.py:830} INFO - Processing file /opt/airflow/dags/review_timeout_dag.py for tasks to queue
[2026-06-24T04:04:11.337+0000] {logging_mixin.py:188} INFO - [2026-06-24T04:04:11.337+0000] {dagbag.py:538} INFO - Filling up the DagBag from /opt/airflow/dags/review_timeout_dag.py
[2026-06-24T04:04:11.369+0000] {processor.py:840} INFO - DAG(s) 'review_timeout_dag' retrieved from /opt/airflow/dags/review_timeout_dag.py
[2026-06-24T04:04:11.460+0000] {logging_mixin.py:188} INFO - [2026-06-24T04:04:11.459+0000] {dag.py:3033} INFO - Sync 1 DAGs
[2026-06-24T04:04:11.498+0000] {logging_mixin.py:188} INFO - [2026-06-24T04:04:11.498+0000] {dag.py:3820} INFO - Setting next_dagrun for review_timeout_dag to 2026-06-23T01:00:00+00:00, run_after=2026-06-24T01:00:00+00:00
[2026-06-24T04:04:11.523+0000] {processor.py:183} INFO - Processing /opt/airflow/dags/review_timeout_dag.py took 0.200 seconds
[2026-06-24T04:04:41.677+0000] {processor.py:161} INFO - Started process (PID=211) to work on /opt/airflow/dags/review_timeout_dag.py
[2026-06-24T04:04:41.679+0000] {processor.py:830} INFO - Processing file /opt/airflow/dags/review_timeout_dag.py for tasks to queue
[2026-06-24T04:04:41.681+0000] {logging_mixin.py:188} INFO - [2026-06-24T04:04:41.681+0000] {dagbag.py:538} INFO - Filling up the DagBag from /opt/airflow/dags/review_timeout_dag.py
[2026-06-24T04:04:41.715+0000] {processor.py:840} INFO - DAG(s) 'review_timeout_dag' retrieved from /opt/airflow/dags/review_timeout_dag.py
[2026-06-24T04:04:41.822+0000] {logging_mixin.py:188} INFO - [2026-06-24T04:04:41.821+0000] {dag.py:3033} INFO - Sync 1 DAGs
[2026-06-24T04:04:41.859+0000] {logging_mixin.py:188} INFO - [2026-06-24T04:04:41.858+0000] {dag.py:3820} INFO - Setting next_dagrun for review_timeout_dag to 2026-06-23T01:00:00+00:00, run_after=2026-06-24T01:00:00+00:00
[2026-06-24T04:04:41.885+0000] {processor.py:183} INFO - Processing /opt/airflow/dags/review_timeout_dag.py took 0.224 seconds
[2026-06-24T04:05:12.036+0000] {processor.py:161} INFO - Started process (PID=221) to work on /opt/airflow/dags/review_timeout_dag.py
[2026-06-24T04:05:12.037+0000] {processor.py:830} INFO - Processing file /opt/airflow/dags/review_timeout_dag.py for tasks to queue
[2026-06-24T04:05:12.046+0000] {logging_mixin.py:188} INFO - [2026-06-24T04:05:12.042+0000] {dagbag.py:538} INFO - Filling up the DagBag from /opt/airflow/dags/review_timeout_dag.py
[2026-06-24T04:05:12.133+0000] {processor.py:840} INFO - DAG(s) 'review_timeout_dag' retrieved from /opt/airflow/dags/review_timeout_dag.py
[2026-06-24T04:05:12.244+0000] {logging_mixin.py:188} INFO - [2026-06-24T04:05:12.243+0000] {dag.py:3033} INFO - Sync 1 DAGs
[2026-06-24T04:05:12.289+0000] {logging_mixin.py:188} INFO - [2026-06-24T04:05:12.289+0000] {dag.py:3820} INFO - Setting next_dagrun for review_timeout_dag to 2026-06-23T01:00:00+00:00, run_after=2026-06-24T01:00:00+00:00
[2026-06-24T04:05:12.340+0000] {processor.py:183} INFO - Processing /opt/airflow/dags/review_timeout_dag.py took 0.311 seconds
[2026-06-24T04:05:42.524+0000] {processor.py:161} INFO - Started process (PID=231) to work on /opt/airflow/dags/review_timeout_dag.py
[2026-06-24T04:05:42.526+0000] {processor.py:830} INFO - Processing file /opt/airflow/dags/review_timeout_dag.py for tasks to queue
[2026-06-24T04:05:42.528+0000] {logging_mixin.py:188} INFO - [2026-06-24T04:05:42.527+0000] {dagbag.py:538} INFO - Filling up the DagBag from /opt/airflow/dags/review_timeout_dag.py
[2026-06-24T04:05:42.591+0000] {processor.py:840} INFO - DAG(s) 'review_timeout_dag' retrieved from /opt/airflow/dags/review_timeout_dag.py
[2026-06-24T04:05:42.692+0000] {logging_mixin.py:188} INFO - [2026-06-24T04:05:42.691+0000] {dag.py:3033} INFO - Sync 1 DAGs
[2026-06-24T04:05:42.809+0000] {logging_mixin.py:188} INFO - [2026-06-24T04:05:42.809+0000] {dag.py:3820} INFO - Setting next_dagrun for review_timeout_dag to 2026-06-23T01:00:00+00:00, run_after=2026-06-24T01:00:00+00:00
[2026-06-24T04:05:42.870+0000] {processor.py:183} INFO - Processing /opt/airflow/dags/review_timeout_dag.py took 0.366 seconds
[2026-06-24T04:06:13.387+0000] {processor.py:161} INFO - Started process (PID=241) to work on /opt/airflow/dags/review_timeout_dag.py
[2026-06-24T04:06:13.388+0000] {processor.py:830} INFO - Processing file /opt/airflow/dags/review_timeout_dag.py for tasks to queue
[2026-06-24T04:06:13.389+0000] {logging_mixin.py:188} INFO - [2026-06-24T04:06:13.389+0000] {dagbag.py:538} INFO - Filling up the DagBag from /opt/airflow/dags/review_timeout_dag.py
[2026-06-24T04:06:13.419+0000] {processor.py:840} INFO - DAG(s) 'review_timeout_dag' retrieved from /opt/airflow/dags/review_timeout_dag.py
[2026-06-24T04:06:13.459+0000] {logging_mixin.py:188} INFO - [2026-06-24T04:06:13.459+0000] {dag.py:3033} INFO - Sync 1 DAGs
[2026-06-24T04:06:13.484+0000] {logging_mixin.py:188} INFO - [2026-06-24T04:06:13.484+0000] {dag.py:3820} INFO - Setting next_dagrun for review_timeout_dag to 2026-06-23T01:00:00+00:00, run_after=2026-06-24T01:00:00+00:00
[2026-06-24T04:06:13.506+0000] {processor.py:183} INFO - Processing /opt/airflow/dags/review_timeout_dag.py took 0.128 seconds
[2026-06-24T04:06:43.884+0000] {processor.py:161} INFO - Started process (PID=251) to work on /opt/airflow/dags/review_timeout_dag.py
[2026-06-24T04:06:43.886+0000] {processor.py:830} INFO - Processing file /opt/airflow/dags/review_timeout_dag.py for tasks to queue
[2026-06-24T04:06:43.888+0000] {logging_mixin.py:188} INFO - [2026-06-24T04:06:43.887+0000] {dagbag.py:538} INFO - Filling up the DagBag from /opt/airflow/dags/review_timeout_dag.py
[2026-06-24T04:06:43.921+0000] {processor.py:840} INFO - DAG(s) 'review_timeout_dag' retrieved from /opt/airflow/dags/review_timeout_dag.py
[2026-06-24T04:06:43.988+0000] {logging_mixin.py:188} INFO - [2026-06-24T04:06:43.988+0000] {dag.py:3033} INFO - Sync 1 DAGs
[2026-06-24T04:06:44.048+0000] {logging_mixin.py:188} INFO - [2026-06-24T04:06:44.047+0000] {dag.py:3820} INFO - Setting next_dagrun for review_timeout_dag to 2026-06-23T01:00:00+00:00, run_after=2026-06-24T01:00:00+00:00
[2026-06-24T04:06:44.099+0000] {processor.py:183} INFO - Processing /opt/airflow/dags/review_timeout_dag.py took 0.231 seconds
[2026-06-24T04:07:14.257+0000] {processor.py:161} INFO - Started process (PID=261) to work on /opt/airflow/dags/review_timeout_dag.py
[2026-06-24T04:07:14.259+0000] {processor.py:830} INFO - Processing file /opt/airflow/dags/review_timeout_dag.py for tasks to queue
[2026-06-24T04:07:14.260+0000] {logging_mixin.py:188} INFO - [2026-06-24T04:07:14.259+0000] {dagbag.py:538} INFO - Filling up the DagBag from /opt/airflow/dags/review_timeout_dag.py
[2026-06-24T04:07:14.286+0000] {processor.py:840} INFO - DAG(s) 'review_timeout_dag' retrieved from /opt/airflow/dags/review_timeout_dag.py
[2026-06-24T04:07:14.327+0000] {logging_mixin.py:188} INFO - [2026-06-24T04:07:14.327+0000] {dag.py:3033} INFO - Sync 1 DAGs
[2026-06-24T04:07:14.351+0000] {logging_mixin.py:188} INFO - [2026-06-24T04:07:14.351+0000] {dag.py:3820} INFO - Setting next_dagrun for review_timeout_dag to 2026-06-23T01:00:00+00:00, run_after=2026-06-24T01:00:00+00:00
[2026-06-24T04:07:14.374+0000] {processor.py:183} INFO - Processing /opt/airflow/dags/review_timeout_dag.py took 0.126 seconds
[2026-06-24T04:07:44.610+0000] {processor.py:161} INFO - Started process (PID=271) to work on /opt/airflow/dags/review_timeout_dag.py
[2026-06-24T04:07:44.611+0000] {processor.py:830} INFO - Processing file /opt/airflow/dags/review_timeout_dag.py for tasks to queue
[2026-06-24T04:07:44.613+0000] {logging_mixin.py:188} INFO - [2026-06-24T04:07:44.612+0000] {dagbag.py:538} INFO - Filling up the DagBag from /opt/airflow/dags/review_timeout_dag.py
[2026-06-24T04:07:44.646+0000] {processor.py:840} INFO - DAG(s) 'review_timeout_dag' retrieved from /opt/airflow/dags/review_timeout_dag.py
[2026-06-24T04:07:44.733+0000] {logging_mixin.py:188} INFO - [2026-06-24T04:07:44.733+0000] {dag.py:3033} INFO - Sync 1 DAGs
[2026-06-24T04:07:44.776+0000] {logging_mixin.py:188} INFO - [2026-06-24T04:07:44.776+0000] {dag.py:3820} INFO - Setting next_dagrun for review_timeout_dag to 2026-06-23T01:00:00+00:00, run_after=2026-06-24T01:00:00+00:00
[2026-06-24T04:07:44.840+0000] {processor.py:183} INFO - Processing /opt/airflow/dags/review_timeout_dag.py took 0.239 seconds
[2026-06-24T04:08:15.439+0000] {processor.py:161} INFO - Started process (PID=281) to work on /opt/airflow/dags/review_timeout_dag.py
[2026-06-24T04:08:15.440+0000] {processor.py:830} INFO - Processing file /opt/airflow/dags/review_timeout_dag.py for tasks to queue
[2026-06-24T04:08:15.442+0000] {logging_mixin.py:188} INFO - [2026-06-24T04:08:15.441+0000] {dagbag.py:538} INFO - Filling up the DagBag from /opt/airflow/dags/review_timeout_dag.py
[2026-06-24T04:08:15.477+0000] {processor.py:840} INFO - DAG(s) 'review_timeout_dag' retrieved from /opt/airflow/dags/review_timeout_dag.py
[2026-06-24T04:08:15.532+0000] {logging_mixin.py:188} INFO - [2026-06-24T04:08:15.532+0000] {dag.py:3033} INFO - Sync 1 DAGs
[2026-06-24T04:08:15.559+0000] {logging_mixin.py:188} INFO - [2026-06-24T04:08:15.559+0000] {dag.py:3820} INFO - Setting next_dagrun for review_timeout_dag to 2026-06-23T01:00:00+00:00, run_after=2026-06-24T01:00:00+00:00
[2026-06-24T04:08:15.585+0000] {processor.py:183} INFO - Processing /opt/airflow/dags/review_timeout_dag.py took 0.156 seconds
[2026-06-24T04:08:45.834+0000] {processor.py:161} INFO - Started process (PID=291) to work on /opt/airflow/dags/review_timeout_dag.py
[2026-06-24T04:08:45.834+0000] {processor.py:830} INFO - Processing file /opt/airflow/dags/review_timeout_dag.py for tasks to queue
[2026-06-24T04:08:45.836+0000] {logging_mixin.py:188} INFO - [2026-06-24T04:08:45.836+0000] {dagbag.py:538} INFO - Filling up the DagBag from /opt/airflow/dags/review_timeout_dag.py
[2026-06-24T04:08:45.854+0000] {processor.py:840} INFO - DAG(s) 'review_timeout_dag' retrieved from /opt/airflow/dags/review_timeout_dag.py
[2026-06-24T04:08:45.887+0000] {logging_mixin.py:188} INFO - [2026-06-24T04:08:45.887+0000] {dag.py:3033} INFO - Sync 1 DAGs
[2026-06-24T04:08:45.915+0000] {logging_mixin.py:188} INFO - [2026-06-24T04:08:45.915+0000] {dag.py:3820} INFO - Setting next_dagrun for review_timeout_dag to 2026-06-23T01:00:00+00:00, run_after=2026-06-24T01:00:00+00:00
[2026-06-24T04:08:45.937+0000] {processor.py:183} INFO - Processing /opt/airflow/dags/review_timeout_dag.py took 0.110 seconds
[2026-06-24T04:09:16.034+0000] {processor.py:161} INFO - Started process (PID=301) to work on /opt/airflow/dags/review_timeout_dag.py
[2026-06-24T04:09:16.035+0000] {processor.py:830} INFO - Processing file /opt/airflow/dags/review_timeout_dag.py for tasks to queue
[2026-06-24T04:09:16.036+0000] {logging_mixin.py:188} INFO - [2026-06-24T04:09:16.036+0000] {dagbag.py:538} INFO - Filling up the DagBag from /opt/airflow/dags/review_timeout_dag.py
[2026-06-24T04:09:16.069+0000] {processor.py:840} INFO - DAG(s) 'review_timeout_dag' retrieved from /opt/airflow/dags/review_timeout_dag.py
[2026-06-24T04:09:16.123+0000] {logging_mixin.py:188} INFO - [2026-06-24T04:09:16.123+0000] {dag.py:3033} INFO - Sync 1 DAGs
[2026-06-24T04:09:16.149+0000] {logging_mixin.py:188} INFO - [2026-06-24T04:09:16.149+0000] {dag.py:3820} INFO - Setting next_dagrun for review_timeout_dag to 2026-06-23T01:00:00+00:00, run_after=2026-06-24T01:00:00+00:00
[2026-06-24T04:09:16.169+0000] {processor.py:183} INFO - Processing /opt/airflow/dags/review_timeout_dag.py took 0.140 seconds
[2026-06-24T04:09:46.338+0000] {processor.py:161} INFO - Started process (PID=311) to work on /opt/airflow/dags/review_timeout_dag.py
[2026-06-24T04:09:46.340+0000] {processor.py:830} INFO - Processing file /opt/airflow/dags/review_timeout_dag.py for tasks to queue
[2026-06-24T04:09:46.342+0000] {logging_mixin.py:188} INFO - [2026-06-24T04:09:46.341+0000] {dagbag.py:538} INFO - Filling up the DagBag from /opt/airflow/dags/review_timeout_dag.py
[2026-06-24T04:09:46.381+0000] {processor.py:840} INFO - DAG(s) 'review_timeout_dag' retrieved from /opt/airflow/dags/review_timeout_dag.py
[2026-06-24T04:09:46.434+0000] {logging_mixin.py:188} INFO - [2026-06-24T04:09:46.433+0000] {dag.py:3033} INFO - Sync 1 DAGs
[2026-06-24T04:09:46.460+0000] {logging_mixin.py:188} INFO - [2026-06-24T04:09:46.460+0000] {dag.py:3820} INFO - Setting next_dagrun for review_timeout_dag to 2026-06-23T01:00:00+00:00, run_after=2026-06-24T01:00:00+00:00
[2026-06-24T04:09:46.486+0000] {processor.py:183} INFO - Processing /opt/airflow/dags/review_timeout_dag.py took 0.164 seconds
[2026-06-24T04:10:17.178+0000] {processor.py:161} INFO - Started process (PID=321) to work on /opt/airflow/dags/review_timeout_dag.py
[2026-06-24T04:10:17.180+0000] {processor.py:830} INFO - Processing file /opt/airflow/dags/review_timeout_dag.py for tasks to queue
[2026-06-24T04:10:17.183+0000] {logging_mixin.py:188} INFO - [2026-06-24T04:10:17.182+0000] {dagbag.py:538} INFO - Filling up the DagBag from /opt/airflow/dags/review_timeout_dag.py
[2026-06-24T04:10:17.259+0000] {processor.py:840} INFO - DAG(s) 'review_timeout_dag' retrieved from /opt/airflow/dags/review_timeout_dag.py
[2026-06-24T04:10:17.353+0000] {logging_mixin.py:188} INFO - [2026-06-24T04:10:17.353+0000] {dag.py:3033} INFO - Sync 1 DAGs
[2026-06-24T04:10:17.395+0000] {logging_mixin.py:188} INFO - [2026-06-24T04:10:17.395+0000] {dag.py:3820} INFO - Setting next_dagrun for review_timeout_dag to 2026-06-23T01:00:00+00:00, run_after=2026-06-24T01:00:00+00:00
[2026-06-24T04:10:17.428+0000] {processor.py:183} INFO - Processing /opt/airflow/dags/review_timeout_dag.py took 0.277 seconds
[2026-06-24T04:10:48.027+0000] {processor.py:161} INFO - Started process (PID=331) to work on /opt/airflow/dags/review_timeout_dag.py
[2026-06-24T04:10:48.029+0000] {processor.py:830} INFO - Processing file /opt/airflow/dags/review_timeout_dag.py for tasks to queue
[2026-06-24T04:10:48.032+0000] {logging_mixin.py:188} INFO - [2026-06-24T04:10:48.031+0000] {dagbag.py:538} INFO - Filling up the DagBag from /opt/airflow/dags/review_timeout_dag.py
[2026-06-24T04:10:48.067+0000] {processor.py:840} INFO - DAG(s) 'review_timeout_dag' retrieved from /opt/airflow/dags/review_timeout_dag.py
[2026-06-24T04:10:48.131+0000] {logging_mixin.py:188} INFO - [2026-06-24T04:10:48.131+0000] {dag.py:3033} INFO - Sync 1 DAGs
[2026-06-24T04:10:48.169+0000] {logging_mixin.py:188} INFO - [2026-06-24T04:10:48.169+0000] {dag.py:3820} INFO - Setting next_dagrun for review_timeout_dag to 2026-06-23T01:00:00+00:00, run_after=2026-06-24T01:00:00+00:00
[2026-06-24T04:10:49.841+0000] {processor.py:183} INFO - Processing /opt/airflow/dags/review_timeout_dag.py took 1.834 seconds
[2026-06-24T04:11:20.133+0000] {processor.py:161} INFO - Started process (PID=341) to work on /opt/airflow/dags/review_timeout_dag.py
[2026-06-24T04:11:20.136+0000] {processor.py:830} INFO - Processing file /opt/airflow/dags/review_timeout_dag.py for tasks to queue
[2026-06-24T04:11:20.138+0000] {logging_mixin.py:188} INFO - [2026-06-24T04:11:20.137+0000] {dagbag.py:538} INFO - Filling up the DagBag from /opt/airflow/dags/review_timeout_dag.py
[2026-06-24T04:11:20.168+0000] {processor.py:840} INFO - DAG(s) 'review_timeout_dag' retrieved from /opt/airflow/dags/review_timeout_dag.py
[2026-06-24T04:11:20.212+0000] {logging_mixin.py:188} INFO - [2026-06-24T04:11:20.212+0000] {dag.py:3033} INFO - Sync 1 DAGs
[2026-06-24T04:11:20.244+0000] {logging_mixin.py:188} INFO - [2026-06-24T04:11:20.244+0000] {dag.py:3820} INFO - Setting next_dagrun for review_timeout_dag to 2026-06-23T01:00:00+00:00, run_after=2026-06-24T01:00:00+00:00
[2026-06-24T04:11:20.267+0000] {processor.py:183} INFO - Processing /opt/airflow/dags/review_timeout_dag.py took 0.145 seconds
[2026-06-24T04:11:50.688+0000] {processor.py:161} INFO - Started process (PID=351) to work on /opt/airflow/dags/review_timeout_dag.py
[2026-06-24T04:11:50.690+0000] {processor.py:830} INFO - Processing file /opt/airflow/dags/review_timeout_dag.py for tasks to queue
[2026-06-24T04:11:50.693+0000] {logging_mixin.py:188} INFO - [2026-06-24T04:11:50.692+0000] {dagbag.py:538} INFO - Filling up the DagBag from /opt/airflow/dags/review_timeout_dag.py
[2026-06-24T04:11:50.732+0000] {processor.py:840} INFO - DAG(s) 'review_timeout_dag' retrieved from /opt/airflow/dags/review_timeout_dag.py
[2026-06-24T04:11:50.804+0000] {logging_mixin.py:188} INFO - [2026-06-24T04:11:50.803+0000] {dag.py:3033} INFO - Sync 1 DAGs
[2026-06-24T04:11:50.833+0000] {logging_mixin.py:188} INFO - [2026-06-24T04:11:50.833+0000] {dag.py:3820} INFO - Setting next_dagrun for review_timeout_dag to 2026-06-23T01:00:00+00:00, run_after=2026-06-24T01:00:00+00:00
[2026-06-24T04:11:50.853+0000] {processor.py:183} INFO - Processing /opt/airflow/dags/review_timeout_dag.py took 0.177 seconds
[2026-06-24T04:12:21.290+0000] {processor.py:161} INFO - Started process (PID=361) to work on /opt/airflow/dags/review_timeout_dag.py
[2026-06-24T04:12:21.299+0000] {processor.py:830} INFO - Processing file /opt/airflow/dags/review_timeout_dag.py for tasks to queue
[2026-06-24T04:12:21.305+0000] {logging_mixin.py:188} INFO - [2026-06-24T04:12:21.304+0000] {dagbag.py:538} INFO - Filling up the DagBag from /opt/airflow/dags/review_timeout_dag.py
[2026-06-24T04:12:21.406+0000] {processor.py:840} INFO - DAG(s) 'review_timeout_dag' retrieved from /opt/airflow/dags/review_timeout_dag.py
[2026-06-24T04:12:21.989+0000] {logging_mixin.py:188} INFO - [2026-06-24T04:12:21.989+0000] {dag.py:3033} INFO - Sync 1 DAGs
[2026-06-24T04:12:22.070+0000] {logging_mixin.py:188} INFO - [2026-06-24T04:12:22.070+0000] {dag.py:3820} INFO - Setting next_dagrun for review_timeout_dag to 2026-06-23T01:00:00+00:00, run_after=2026-06-24T01:00:00+00:00
[2026-06-24T04:12:22.139+0000] {processor.py:183} INFO - Processing /opt/airflow/dags/review_timeout_dag.py took 0.885 seconds
[2026-06-24T04:12:52.994+0000] {processor.py:161} INFO - Started process (PID=371) to work on /opt/airflow/dags/review_timeout_dag.py
[2026-06-24T04:12:52.996+0000] {processor.py:830} INFO - Processing file /opt/airflow/dags/review_timeout_dag.py for tasks to queue
[2026-06-24T04:12:52.999+0000] {logging_mixin.py:188} INFO - [2026-06-24T04:12:52.998+0000] {dagbag.py:538} INFO - Filling up the DagBag from /opt/airflow/dags/review_timeout_dag.py
[2026-06-24T04:12:53.279+0000] {processor.py:840} INFO - DAG(s) 'review_timeout_dag' retrieved from /opt/airflow/dags/review_timeout_dag.py
[2026-06-24T04:12:53.451+0000] {logging_mixin.py:188} INFO - [2026-06-24T04:12:53.450+0000] {dag.py:3033} INFO - Sync 1 DAGs
[2026-06-24T04:12:53.606+0000] {logging_mixin.py:188} INFO - [2026-06-24T04:12:53.606+0000] {dag.py:3820} INFO - Setting next_dagrun for review_timeout_dag to 2026-06-23T01:00:00+00:00, run_after=2026-06-24T01:00:00+00:00
[2026-06-24T04:12:53.712+0000] {processor.py:183} INFO - Processing /opt/airflow/dags/review_timeout_dag.py took 0.731 seconds
[2026-06-24T04:13:24.615+0000] {processor.py:161} INFO - Started process (PID=381) to work on /opt/airflow/dags/review_timeout_dag.py
[2026-06-24T04:13:24.619+0000] {processor.py:830} INFO - Processing file /opt/airflow/dags/review_timeout_dag.py for tasks to queue
[2026-06-24T04:13:24.623+0000] {logging_mixin.py:188} INFO - [2026-06-24T04:13:24.622+0000] {dagbag.py:538} INFO - Filling up the DagBag from /opt/airflow/dags/review_timeout_dag.py
[2026-06-24T04:13:24.654+0000] {processor.py:840} INFO - DAG(s) 'review_timeout_dag' retrieved from /opt/airflow/dags/review_timeout_dag.py
[2026-06-24T04:13:24.765+0000] {logging_mixin.py:188} INFO - [2026-06-24T04:13:24.760+0000] {dag.py:3033} INFO - Sync 1 DAGs
[2026-06-24T04:13:24.838+0000] {logging_mixin.py:188} INFO - [2026-06-24T04:13:24.838+0000] {dag.py:3820} INFO - Setting next_dagrun for review_timeout_dag to 2026-06-23T01:00:00+00:00, run_after=2026-06-24T01:00:00+00:00
[2026-06-24T04:13:24.957+0000] {processor.py:183} INFO - Processing /opt/airflow/dags/review_timeout_dag.py took 0.354 seconds
[2026-06-24T04:13:55.195+0000] {processor.py:161} INFO - Started process (PID=391) to work on /opt/airflow/dags/review_timeout_dag.py
[2026-06-24T04:13:55.202+0000] {processor.py:830} INFO - Processing file /opt/airflow/dags/review_timeout_dag.py for tasks to queue
[2026-06-24T04:13:55.204+0000] {logging_mixin.py:188} INFO - [2026-06-24T04:13:55.204+0000] {dagbag.py:538} INFO - Filling up the DagBag from /opt/airflow/dags/review_timeout_dag.py
[2026-06-24T04:13:55.309+0000] {processor.py:840} INFO - DAG(s) 'review_timeout_dag' retrieved from /opt/airflow/dags/review_timeout_dag.py
[2026-06-24T04:13:55.581+0000] {logging_mixin.py:188} INFO - [2026-06-24T04:13:55.580+0000] {dag.py:3033} INFO - Sync 1 DAGs
[2026-06-24T04:13:55.704+0000] {logging_mixin.py:188} INFO - [2026-06-24T04:13:55.701+0000] {dag.py:3820} INFO - Setting next_dagrun for review_timeout_dag to 2026-06-23T01:00:00+00:00, run_after=2026-06-24T01:00:00+00:00
[2026-06-24T04:13:55.832+0000] {processor.py:183} INFO - Processing /opt/airflow/dags/review_timeout_dag.py took 0.664 seconds
[2026-06-24T04:14:26.515+0000] {processor.py:161} INFO - Started process (PID=401) to work on /opt/airflow/dags/review_timeout_dag.py
[2026-06-24T04:14:26.521+0000] {processor.py:830} INFO - Processing file /opt/airflow/dags/review_timeout_dag.py for tasks to queue
[2026-06-24T04:14:26.531+0000] {logging_mixin.py:188} INFO - [2026-06-24T04:14:26.528+0000] {dagbag.py:538} INFO - Filling up the DagBag from /opt/airflow/dags/review_timeout_dag.py
[2026-06-24T04:14:26.578+0000] {processor.py:840} INFO - DAG(s) 'review_timeout_dag' retrieved from /opt/airflow/dags/review_timeout_dag.py
[2026-06-24T04:14:26.738+0000] {logging_mixin.py:188} INFO - [2026-06-24T04:14:26.738+0000] {dag.py:3033} INFO - Sync 1 DAGs
[2026-06-24T04:14:26.798+0000] {logging_mixin.py:188} INFO - [2026-06-24T04:14:26.798+0000] {dag.py:3820} INFO - Setting next_dagrun for review_timeout_dag to 2026-06-23T01:00:00+00:00, run_after=2026-06-24T01:00:00+00:00
[2026-06-24T04:14:26.853+0000] {processor.py:183} INFO - Processing /opt/airflow/dags/review_timeout_dag.py took 0.345 seconds
[2026-06-24T04:14:57.427+0000] {processor.py:161} INFO - Started process (PID=411) to work on /opt/airflow/dags/review_timeout_dag.py
[2026-06-24T04:14:57.430+0000] {processor.py:830} INFO - Processing file /opt/airflow/dags/review_timeout_dag.py for tasks to queue
[2026-06-24T04:14:57.437+0000] {logging_mixin.py:188} INFO - [2026-06-24T04:14:57.434+0000] {dagbag.py:538} INFO - Filling up the DagBag from /opt/airflow/dags/review_timeout_dag.py
[2026-06-24T04:14:57.511+0000] {processor.py:840} INFO - DAG(s) 'review_timeout_dag' retrieved from /opt/airflow/dags/review_timeout_dag.py
[2026-06-24T04:14:57.595+0000] {logging_mixin.py:188} INFO - [2026-06-24T04:14:57.595+0000] {dag.py:3033} INFO - Sync 1 DAGs
[2026-06-24T04:14:57.636+0000] {logging_mixin.py:188} INFO - [2026-06-24T04:14:57.635+0000] {dag.py:3820} INFO - Setting next_dagrun for review_timeout_dag to 2026-06-23T01:00:00+00:00, run_after=2026-06-24T01:00:00+00:00
[2026-06-24T04:14:58.047+0000] {processor.py:183} INFO - Processing /opt/airflow/dags/review_timeout_dag.py took 0.632 seconds
[2026-06-24T04:15:28.287+0000] {processor.py:161} INFO - Started process (PID=421) to work on /opt/airflow/dags/review_timeout_dag.py
[2026-06-24T04:15:28.438+0000] {processor.py:830} INFO - Processing file /opt/airflow/dags/review_timeout_dag.py for tasks to queue
[2026-06-24T04:15:28.448+0000] {logging_mixin.py:188} INFO - [2026-06-24T04:15:28.446+0000] {dagbag.py:538} INFO - Filling up the DagBag from /opt/airflow/dags/review_timeout_dag.py
[2026-06-24T04:15:28.688+0000] {processor.py:840} INFO - DAG(s) 'review_timeout_dag' retrieved from /opt/airflow/dags/review_timeout_dag.py
[2026-06-24T04:15:29.132+0000] {logging_mixin.py:188} INFO - [2026-06-24T04:15:29.131+0000] {dag.py:3033} INFO - Sync 1 DAGs
[2026-06-24T04:15:29.795+0000] {logging_mixin.py:188} INFO - [2026-06-24T04:15:29.794+0000] {dag.py:3820} INFO - Setting next_dagrun for review_timeout_dag to 2026-06-23T01:00:00+00:00, run_after=2026-06-24T01:00:00+00:00
[2026-06-24T04:15:29.925+0000] {processor.py:183} INFO - Processing /opt/airflow/dags/review_timeout_dag.py took 1.652 seconds
[2026-06-24T04:16:01.114+0000] {processor.py:161} INFO - Started process (PID=431) to work on /opt/airflow/dags/review_timeout_dag.py
[2026-06-24T04:16:01.120+0000] {processor.py:830} INFO - Processing file /opt/airflow/dags/review_timeout_dag.py for tasks to queue
[2026-06-24T04:16:01.123+0000] {logging_mixin.py:188} INFO - [2026-06-24T04:16:01.122+0000] {dagbag.py:538} INFO - Filling up the DagBag from /opt/airflow/dags/review_timeout_dag.py
[2026-06-24T04:16:01.197+0000] {processor.py:840} INFO - DAG(s) 'review_timeout_dag' retrieved from /opt/airflow/dags/review_timeout_dag.py
[2026-06-24T04:16:01.331+0000] {logging_mixin.py:188} INFO - [2026-06-24T04:16:01.331+0000] {dag.py:3033} INFO - Sync 1 DAGs
[2026-06-24T04:16:01.422+0000] {logging_mixin.py:188} INFO - [2026-06-24T04:16:01.421+0000] {dag.py:3820} INFO - Setting next_dagrun for review_timeout_dag to 2026-06-23T01:00:00+00:00, run_after=2026-06-24T01:00:00+00:00
[2026-06-24T04:16:01.497+0000] {processor.py:183} INFO - Processing /opt/airflow/dags/review_timeout_dag.py took 0.408 seconds
[2026-06-24T04:16:32.646+0000] {processor.py:161} INFO - Started process (PID=441) to work on /opt/airflow/dags/review_timeout_dag.py
[2026-06-24T04:16:32.663+0000] {processor.py:830} INFO - Processing file /opt/airflow/dags/review_timeout_dag.py for tasks to queue
[2026-06-24T04:16:32.668+0000] {logging_mixin.py:188} INFO - [2026-06-24T04:16:32.667+0000] {dagbag.py:538} INFO - Filling up the DagBag from /opt/airflow/dags/review_timeout_dag.py
[2026-06-24T04:16:32.740+0000] {processor.py:840} INFO - DAG(s) 'review_timeout_dag' retrieved from /opt/airflow/dags/review_timeout_dag.py
[2026-06-24T04:16:32.862+0000] {logging_mixin.py:188} INFO - [2026-06-24T04:16:32.861+0000] {dag.py:3033} INFO - Sync 1 DAGs
[2026-06-24T04:16:32.946+0000] {logging_mixin.py:188} INFO - [2026-06-24T04:16:32.945+0000] {dag.py:3820} INFO - Setting next_dagrun for review_timeout_dag to 2026-06-23T01:00:00+00:00, run_after=2026-06-24T01:00:00+00:00
[2026-06-24T04:16:33.007+0000] {processor.py:183} INFO - Processing /opt/airflow/dags/review_timeout_dag.py took 0.391 seconds
[2026-06-24T04:17:03.865+0000] {processor.py:161} INFO - Started process (PID=451) to work on /opt/airflow/dags/review_timeout_dag.py
[2026-06-24T04:17:03.880+0000] {processor.py:830} INFO - Processing file /opt/airflow/dags/review_timeout_dag.py for tasks to queue
[2026-06-24T04:17:03.890+0000] {logging_mixin.py:188} INFO - [2026-06-24T04:17:03.888+0000] {dagbag.py:538} INFO - Filling up the DagBag from /opt/airflow/dags/review_timeout_dag.py
[2026-06-24T04:17:04.011+0000] {processor.py:840} INFO - DAG(s) 'review_timeout_dag' retrieved from /opt/airflow/dags/review_timeout_dag.py
[2026-06-24T04:17:04.411+0000] {logging_mixin.py:188} INFO - [2026-06-24T04:17:04.411+0000] {dag.py:3033} INFO - Sync 1 DAGs
[2026-06-24T04:17:04.509+0000] {logging_mixin.py:188} INFO - [2026-06-24T04:17:04.509+0000] {dag.py:3820} INFO - Setting next_dagrun for review_timeout_dag to 2026-06-23T01:00:00+00:00, run_after=2026-06-24T01:00:00+00:00
[2026-06-24T04:17:04.608+0000] {processor.py:183} INFO - Processing /opt/airflow/dags/review_timeout_dag.py took 0.807 seconds
[2026-06-24T04:17:35.388+0000] {processor.py:161} INFO - Started process (PID=461) to work on /opt/airflow/dags/review_timeout_dag.py
[2026-06-24T04:17:35.396+0000] {processor.py:830} INFO - Processing file /opt/airflow/dags/review_timeout_dag.py for tasks to queue
[2026-06-24T04:17:35.401+0000] {logging_mixin.py:188} INFO - [2026-06-24T04:17:35.399+0000] {dagbag.py:538} INFO - Filling up the DagBag from /opt/airflow/dags/review_timeout_dag.py
[2026-06-24T04:17:35.473+0000] {processor.py:840} INFO - DAG(s) 'review_timeout_dag' retrieved from /opt/airflow/dags/review_timeout_dag.py
[2026-06-24T04:17:35.648+0000] {logging_mixin.py:188} INFO - [2026-06-24T04:17:35.647+0000] {dag.py:3033} INFO - Sync 1 DAGs
[2026-06-24T04:17:35.746+0000] {logging_mixin.py:188} INFO - [2026-06-24T04:17:35.746+0000] {dag.py:3820} INFO - Setting next_dagrun for review_timeout_dag to 2026-06-23T01:00:00+00:00, run_after=2026-06-24T01:00:00+00:00
[2026-06-24T04:17:35.794+0000] {processor.py:183} INFO - Processing /opt/airflow/dags/review_timeout_dag.py took 0.424 seconds
[2026-06-24T04:18:06.339+0000] {processor.py:161} INFO - Started process (PID=471) to work on /opt/airflow/dags/review_timeout_dag.py
[2026-06-24T04:18:06.341+0000] {processor.py:830} INFO - Processing file /opt/airflow/dags/review_timeout_dag.py for tasks to queue
[2026-06-24T04:18:06.343+0000] {logging_mixin.py:188} INFO - [2026-06-24T04:18:06.342+0000] {dagbag.py:538} INFO - Filling up the DagBag from /opt/airflow/dags/review_timeout_dag.py
[2026-06-24T04:18:06.393+0000] {processor.py:840} INFO - DAG(s) 'review_timeout_dag' retrieved from /opt/airflow/dags/review_timeout_dag.py
[2026-06-24T04:18:06.459+0000] {logging_mixin.py:188} INFO - [2026-06-24T04:18:06.459+0000] {dag.py:3033} INFO - Sync 1 DAGs
[2026-06-24T04:18:06.504+0000] {logging_mixin.py:188} INFO - [2026-06-24T04:18:06.504+0000] {dag.py:3820} INFO - Setting next_dagrun for review_timeout_dag to 2026-06-23T01:00:00+00:00, run_after=2026-06-24T01:00:00+00:00
[2026-06-24T04:18:06.538+0000] {processor.py:183} INFO - Processing /opt/airflow/dags/review_timeout_dag.py took 0.214 seconds
[2026-06-24T04:18:36.664+0000] {processor.py:161} INFO - Started process (PID=481) to work on /opt/airflow/dags/review_timeout_dag.py
[2026-06-24T04:18:36.667+0000] {processor.py:830} INFO - Processing file /opt/airflow/dags/review_timeout_dag.py for tasks to queue
[2026-06-24T04:18:36.668+0000] {logging_mixin.py:188} INFO - [2026-06-24T04:18:36.667+0000] {dagbag.py:538} INFO - Filling up the DagBag from /opt/airflow/dags/review_timeout_dag.py
[2026-06-24T04:18:36.693+0000] {processor.py:840} INFO - DAG(s) 'review_timeout_dag' retrieved from /opt/airflow/dags/review_timeout_dag.py
[2026-06-24T04:18:36.730+0000] {logging_mixin.py:188} INFO - [2026-06-24T04:18:36.730+0000] {dag.py:3033} INFO - Sync 1 DAGs
[2026-06-24T04:18:36.758+0000] {logging_mixin.py:188} INFO - [2026-06-24T04:18:36.758+0000] {dag.py:3820} INFO - Setting next_dagrun for review_timeout_dag to 2026-06-23T01:00:00+00:00, run_after=2026-06-24T01:00:00+00:00
[2026-06-24T04:18:36.775+0000] {processor.py:183} INFO - Processing /opt/airflow/dags/review_timeout_dag.py took 0.116 seconds
[2026-06-24T04:19:07.357+0000] {processor.py:161} INFO - Started process (PID=491) to work on /opt/airflow/dags/review_timeout_dag.py
[2026-06-24T04:19:07.361+0000] {processor.py:830} INFO - Processing file /opt/airflow/dags/review_timeout_dag.py for tasks to queue
[2026-06-24T04:19:07.367+0000] {logging_mixin.py:188} INFO - [2026-06-24T04:19:07.364+0000] {dagbag.py:538} INFO - Filling up the DagBag from /opt/airflow/dags/review_timeout_dag.py
[2026-06-24T04:19:07.409+0000] {processor.py:840} INFO - DAG(s) 'review_timeout_dag' retrieved from /opt/airflow/dags/review_timeout_dag.py
[2026-06-24T04:19:07.491+0000] {logging_mixin.py:188} INFO - [2026-06-24T04:19:07.490+0000] {dag.py:3033} INFO - Sync 1 DAGs
[2026-06-24T04:19:07.536+0000] {logging_mixin.py:188} INFO - [2026-06-24T04:19:07.536+0000] {dag.py:3820} INFO - Setting next_dagrun for review_timeout_dag to 2026-06-23T01:00:00+00:00, run_after=2026-06-24T01:00:00+00:00
[2026-06-24T04:19:07.563+0000] {processor.py:183} INFO - Processing /opt/airflow/dags/review_timeout_dag.py took 0.215 seconds
[2026-06-24T04:19:37.867+0000] {processor.py:161} INFO - Started process (PID=501) to work on /opt/airflow/dags/review_timeout_dag.py
[2026-06-24T04:19:37.868+0000] {processor.py:830} INFO - Processing file /opt/airflow/dags/review_timeout_dag.py for tasks to queue
[2026-06-24T04:19:37.873+0000] {logging_mixin.py:188} INFO - [2026-06-24T04:19:37.869+0000] {dagbag.py:538} INFO - Filling up the DagBag from /opt/airflow/dags/review_timeout_dag.py
[2026-06-24T04:19:37.902+0000] {processor.py:840} INFO - DAG(s) 'review_timeout_dag' retrieved from /opt/airflow/dags/review_timeout_dag.py
[2026-06-24T04:19:37.955+0000] {logging_mixin.py:188} INFO - [2026-06-24T04:19:37.955+0000] {dag.py:3033} INFO - Sync 1 DAGs
[2026-06-24T04:19:37.986+0000] {logging_mixin.py:188} INFO - [2026-06-24T04:19:37.986+0000] {dag.py:3820} INFO - Setting next_dagrun for review_timeout_dag to 2026-06-23T01:00:00+00:00, run_after=2026-06-24T01:00:00+00:00
[2026-06-24T04:19:38.004+0000] {processor.py:183} INFO - Processing /opt/airflow/dags/review_timeout_dag.py took 0.143 seconds
[2026-06-24T04:20:08.192+0000] {processor.py:161} INFO - Started process (PID=511) to work on /opt/airflow/dags/review_timeout_dag.py
[2026-06-24T04:20:08.193+0000] {processor.py:830} INFO - Processing file /opt/airflow/dags/review_timeout_dag.py for tasks to queue
[2026-06-24T04:20:08.195+0000] {logging_mixin.py:188} INFO - [2026-06-24T04:20:08.194+0000] {dagbag.py:538} INFO - Filling up the DagBag from /opt/airflow/dags/review_timeout_dag.py
[2026-06-24T04:20:08.233+0000] {processor.py:840} INFO - DAG(s) 'review_timeout_dag' retrieved from /opt/airflow/dags/review_timeout_dag.py
[2026-06-24T04:20:08.295+0000] {logging_mixin.py:188} INFO - [2026-06-24T04:20:08.295+0000] {dag.py:3033} INFO - Sync 1 DAGs
[2026-06-24T04:20:08.327+0000] {logging_mixin.py:188} INFO - [2026-06-24T04:20:08.327+0000] {dag.py:3820} INFO - Setting next_dagrun for review_timeout_dag to 2026-06-23T01:00:00+00:00, run_after=2026-06-24T01:00:00+00:00
[2026-06-24T04:20:08.355+0000] {processor.py:183} INFO - Processing /opt/airflow/dags/review_timeout_dag.py took 0.173 seconds
[2026-06-24T04:20:38.832+0000] {processor.py:161} INFO - Started process (PID=521) to work on /opt/airflow/dags/review_timeout_dag.py
[2026-06-24T04:20:38.835+0000] {processor.py:830} INFO - Processing file /opt/airflow/dags/review_timeout_dag.py for tasks to queue
[2026-06-24T04:20:38.837+0000] {logging_mixin.py:188} INFO - [2026-06-24T04:20:38.836+0000] {dagbag.py:538} INFO - Filling up the DagBag from /opt/airflow/dags/review_timeout_dag.py
[2026-06-24T04:20:38.890+0000] {processor.py:840} INFO - DAG(s) 'review_timeout_dag' retrieved from /opt/airflow/dags/review_timeout_dag.py
[2026-06-24T04:20:38.961+0000] {logging_mixin.py:188} INFO - [2026-06-24T04:20:38.961+0000] {dag.py:3033} INFO - Sync 1 DAGs
[2026-06-24T04:20:39.006+0000] {logging_mixin.py:188} INFO - [2026-06-24T04:20:39.006+0000] {dag.py:3820} INFO - Setting next_dagrun for review_timeout_dag to 2026-06-23T01:00:00+00:00, run_after=2026-06-24T01:00:00+00:00
[2026-06-24T04:20:39.030+0000] {processor.py:183} INFO - Processing /opt/airflow/dags/review_timeout_dag.py took 0.211 seconds
[2026-06-24T04:21:09.603+0000] {processor.py:161} INFO - Started process (PID=531) to work on /opt/airflow/dags/review_timeout_dag.py
[2026-06-24T04:21:09.606+0000] {processor.py:830} INFO - Processing file /opt/airflow/dags/review_timeout_dag.py for tasks to queue
[2026-06-24T04:21:09.609+0000] {logging_mixin.py:188} INFO - [2026-06-24T04:21:09.608+0000] {dagbag.py:538} INFO - Filling up the DagBag from /opt/airflow/dags/review_timeout_dag.py
[2026-06-24T04:21:09.657+0000] {processor.py:840} INFO - DAG(s) 'review_timeout_dag' retrieved from /opt/airflow/dags/review_timeout_dag.py
[2026-06-24T04:21:09.743+0000] {logging_mixin.py:188} INFO - [2026-06-24T04:21:09.742+0000] {dag.py:3033} INFO - Sync 1 DAGs
[2026-06-24T04:21:09.794+0000] {logging_mixin.py:188} INFO - [2026-06-24T04:21:09.794+0000] {dag.py:3820} INFO - Setting next_dagrun for review_timeout_dag to 2026-06-23T01:00:00+00:00, run_after=2026-06-24T01:00:00+00:00
[2026-06-24T04:21:09.835+0000] {processor.py:183} INFO - Processing /opt/airflow/dags/review_timeout_dag.py took 0.250 seconds
[2026-06-24T04:21:40.384+0000] {processor.py:161} INFO - Started process (PID=541) to work on /opt/airflow/dags/review_timeout_dag.py
[2026-06-24T04:21:40.386+0000] {processor.py:830} INFO - Processing file /opt/airflow/dags/review_timeout_dag.py for tasks to queue
[2026-06-24T04:21:40.390+0000] {logging_mixin.py:188} INFO - [2026-06-24T04:21:40.389+0000] {dagbag.py:538} INFO - Filling up the DagBag from /opt/airflow/dags/review_timeout_dag.py
[2026-06-24T04:21:40.439+0000] {processor.py:840} INFO - DAG(s) 'review_timeout_dag' retrieved from /opt/airflow/dags/review_timeout_dag.py
[2026-06-24T04:21:40.532+0000] {logging_mixin.py:188} INFO - [2026-06-24T04:21:40.531+0000] {dag.py:3033} INFO - Sync 1 DAGs
[2026-06-24T04:21:40.580+0000] {logging_mixin.py:188} INFO - [2026-06-24T04:21:40.580+0000] {dag.py:3820} INFO - Setting next_dagrun for review_timeout_dag to 2026-06-23T01:00:00+00:00, run_after=2026-06-24T01:00:00+00:00
[2026-06-24T04:21:40.616+0000] {processor.py:183} INFO - Processing /opt/airflow/dags/review_timeout_dag.py took 0.248 seconds
[2026-06-24T04:22:10.673+0000] {processor.py:161} INFO - Started process (PID=551) to work on /opt/airflow/dags/review_timeout_dag.py
[2026-06-24T04:22:10.674+0000] {processor.py:830} INFO - Processing file /opt/airflow/dags/review_timeout_dag.py for tasks to queue
[2026-06-24T04:22:10.675+0000] {logging_mixin.py:188} INFO - [2026-06-24T04:22:10.674+0000] {dagbag.py:538} INFO - Filling up the DagBag from /opt/airflow/dags/review_timeout_dag.py
[2026-06-24T04:22:10.694+0000] {processor.py:840} INFO - DAG(s) 'review_timeout_dag' retrieved from /opt/airflow/dags/review_timeout_dag.py
[2026-06-24T04:22:10.737+0000] {logging_mixin.py:188} INFO - [2026-06-24T04:22:10.737+0000] {dag.py:3033} INFO - Sync 1 DAGs
[2026-06-24T04:22:10.759+0000] {logging_mixin.py:188} INFO - [2026-06-24T04:22:10.759+0000] {dag.py:3820} INFO - Setting next_dagrun for review_timeout_dag to 2026-06-23T01:00:00+00:00, run_after=2026-06-24T01:00:00+00:00
[2026-06-24T04:22:10.771+0000] {processor.py:183} INFO - Processing /opt/airflow/dags/review_timeout_dag.py took 0.108 seconds
[2026-06-24T04:22:41.105+0000] {processor.py:161} INFO - Started process (PID=561) to work on /opt/airflow/dags/review_timeout_dag.py
[2026-06-24T04:22:41.109+0000] {processor.py:830} INFO - Processing file /opt/airflow/dags/review_timeout_dag.py for tasks to queue
[2026-06-24T04:22:41.111+0000] {logging_mixin.py:188} INFO - [2026-06-24T04:22:41.111+0000] {dagbag.py:538} INFO - Filling up the DagBag from /opt/airflow/dags/review_timeout_dag.py
[2026-06-24T04:22:41.152+0000] {processor.py:840} INFO - DAG(s) 'review_timeout_dag' retrieved from /opt/airflow/dags/review_timeout_dag.py
[2026-06-24T04:22:41.212+0000] {logging_mixin.py:188} INFO - [2026-06-24T04:22:41.211+0000] {dag.py:3033} INFO - Sync 1 DAGs
[2026-06-24T04:22:41.241+0000] {logging_mixin.py:188} INFO - [2026-06-24T04:22:41.241+0000] {dag.py:3820} INFO - Setting next_dagrun for review_timeout_dag to 2026-06-23T01:00:00+00:00, run_after=2026-06-24T01:00:00+00:00
[2026-06-24T04:22:41.276+0000] {processor.py:183} INFO - Processing /opt/airflow/dags/review_timeout_dag.py took 0.183 seconds
[2026-06-24T04:23:11.472+0000] {processor.py:161} INFO - Started process (PID=571) to work on /opt/airflow/dags/review_timeout_dag.py
[2026-06-24T04:23:11.475+0000] {processor.py:830} INFO - Processing file /opt/airflow/dags/review_timeout_dag.py for tasks to queue
[2026-06-24T04:23:11.480+0000] {logging_mixin.py:188} INFO - [2026-06-24T04:23:11.479+0000] {dagbag.py:538} INFO - Filling up the DagBag from /opt/airflow/dags/review_timeout_dag.py
[2026-06-24T04:23:11.516+0000] {processor.py:840} INFO - DAG(s) 'review_timeout_dag' retrieved from /opt/airflow/dags/review_timeout_dag.py
[2026-06-24T04:23:11.560+0000] {logging_mixin.py:188} INFO - [2026-06-24T04:23:11.559+0000] {dag.py:3033} INFO - Sync 1 DAGs
[2026-06-24T04:23:11.587+0000] {logging_mixin.py:188} INFO - [2026-06-24T04:23:11.586+0000] {dag.py:3820} INFO - Setting next_dagrun for review_timeout_dag to 2026-06-23T01:00:00+00:00, run_after=2026-06-24T01:00:00+00:00
[2026-06-24T04:23:11.648+0000] {processor.py:183} INFO - Processing /opt/airflow/dags/review_timeout_dag.py took 0.211 seconds
[2026-06-24T04:23:41.812+0000] {processor.py:161} INFO - Started process (PID=581) to work on /opt/airflow/dags/review_timeout_dag.py
[2026-06-24T04:23:41.819+0000] {processor.py:830} INFO - Processing file /opt/airflow/dags/review_timeout_dag.py for tasks to queue
[2026-06-24T04:23:41.820+0000] {logging_mixin.py:188} INFO - [2026-06-24T04:23:41.820+0000] {dagbag.py:538} INFO - Filling up the DagBag from /opt/airflow/dags/review_timeout_dag.py
[2026-06-24T04:23:41.852+0000] {processor.py:840} INFO - DAG(s) 'review_timeout_dag' retrieved from /opt/airflow/dags/review_timeout_dag.py
[2026-06-24T04:23:41.901+0000] {logging_mixin.py:188} INFO - [2026-06-24T04:23:41.901+0000] {dag.py:3033} INFO - Sync 1 DAGs
[2026-06-24T04:23:41.930+0000] {logging_mixin.py:188} INFO - [2026-06-24T04:23:41.929+0000] {dag.py:3820} INFO - Setting next_dagrun for review_timeout_dag to 2026-06-23T01:00:00+00:00, run_after=2026-06-24T01:00:00+00:00
[2026-06-24T04:23:41.957+0000] {processor.py:183} INFO - Processing /opt/airflow/dags/review_timeout_dag.py took 0.159 seconds
[2026-06-24T04:24:12.330+0000] {processor.py:161} INFO - Started process (PID=591) to work on /opt/airflow/dags/review_timeout_dag.py
[2026-06-24T04:24:12.332+0000] {processor.py:830} INFO - Processing file /opt/airflow/dags/review_timeout_dag.py for tasks to queue
[2026-06-24T04:24:12.334+0000] {logging_mixin.py:188} INFO - [2026-06-24T04:24:12.333+0000] {dagbag.py:538} INFO - Filling up the DagBag from /opt/airflow/dags/review_timeout_dag.py
[2026-06-24T04:24:12.367+0000] {processor.py:840} INFO - DAG(s) 'review_timeout_dag' retrieved from /opt/airflow/dags/review_timeout_dag.py
[2026-06-24T04:24:12.422+0000] {logging_mixin.py:188} INFO - [2026-06-24T04:24:12.422+0000] {dag.py:3033} INFO - Sync 1 DAGs
[2026-06-24T04:24:12.453+0000] {logging_mixin.py:188} INFO - [2026-06-24T04:24:12.453+0000] {dag.py:3820} INFO - Setting next_dagrun for review_timeout_dag to 2026-06-23T01:00:00+00:00, run_after=2026-06-24T01:00:00+00:00
[2026-06-24T04:24:12.471+0000] {processor.py:183} INFO - Processing /opt/airflow/dags/review_timeout_dag.py took 0.156 seconds
[2026-06-24T04:24:42.767+0000] {processor.py:161} INFO - Started process (PID=601) to work on /opt/airflow/dags/review_timeout_dag.py
[2026-06-24T04:24:42.769+0000] {processor.py:830} INFO - Processing file /opt/airflow/dags/review_timeout_dag.py for tasks to queue
[2026-06-24T04:24:42.770+0000] {logging_mixin.py:188} INFO - [2026-06-24T04:24:42.770+0000] {dagbag.py:538} INFO - Filling up the DagBag from /opt/airflow/dags/review_timeout_dag.py
[2026-06-24T04:24:42.801+0000] {processor.py:840} INFO - DAG(s) 'review_timeout_dag' retrieved from /opt/airflow/dags/review_timeout_dag.py
[2026-06-24T04:24:42.844+0000] {logging_mixin.py:188} INFO - [2026-06-24T04:24:42.844+0000] {dag.py:3033} INFO - Sync 1 DAGs
[2026-06-24T04:24:42.869+0000] {logging_mixin.py:188} INFO - [2026-06-24T04:24:42.869+0000] {dag.py:3820} INFO - Setting next_dagrun for review_timeout_dag to 2026-06-23T01:00:00+00:00, run_after=2026-06-24T01:00:00+00:00
[2026-06-24T04:24:42.886+0000] {processor.py:183} INFO - Processing /opt/airflow/dags/review_timeout_dag.py took 0.125 seconds
[2026-06-24T04:25:13.286+0000] {processor.py:161} INFO - Started process (PID=611) to work on /opt/airflow/dags/review_timeout_dag.py
[2026-06-24T04:25:13.288+0000] {processor.py:830} INFO - Processing file /opt/airflow/dags/review_timeout_dag.py for tasks to queue
[2026-06-24T04:25:13.289+0000] {logging_mixin.py:188} INFO - [2026-06-24T04:25:13.288+0000] {dagbag.py:538} INFO - Filling up the DagBag from /opt/airflow/dags/review_timeout_dag.py
[2026-06-24T04:25:13.315+0000] {processor.py:840} INFO - DAG(s) 'review_timeout_dag' retrieved from /opt/airflow/dags/review_timeout_dag.py
[2026-06-24T04:25:13.362+0000] {logging_mixin.py:188} INFO - [2026-06-24T04:25:13.361+0000] {dag.py:3033} INFO - Sync 1 DAGs
[2026-06-24T04:25:13.392+0000] {logging_mixin.py:188} INFO - [2026-06-24T04:25:13.392+0000] {dag.py:3820} INFO - Setting next_dagrun for review_timeout_dag to 2026-06-23T01:00:00+00:00, run_after=2026-06-24T01:00:00+00:00
[2026-06-24T04:25:13.410+0000] {processor.py:183} INFO - Processing /opt/airflow/dags/review_timeout_dag.py took 0.132 seconds
[2026-06-24T04:25:43.720+0000] {processor.py:161} INFO - Started process (PID=621) to work on /opt/airflow/dags/review_timeout_dag.py
[2026-06-24T04:25:43.724+0000] {processor.py:830} INFO - Processing file /opt/airflow/dags/review_timeout_dag.py for tasks to queue
[2026-06-24T04:25:43.727+0000] {logging_mixin.py:188} INFO - [2026-06-24T04:25:43.726+0000] {dagbag.py:538} INFO - Filling up the DagBag from /opt/airflow/dags/review_timeout_dag.py
[2026-06-24T04:25:43.785+0000] {processor.py:840} INFO - DAG(s) 'review_timeout_dag' retrieved from /opt/airflow/dags/review_timeout_dag.py
[2026-06-24T04:25:43.913+0000] {logging_mixin.py:188} INFO - [2026-06-24T04:25:43.913+0000] {dag.py:3033} INFO - Sync 1 DAGs
[2026-06-24T04:25:43.963+0000] {logging_mixin.py:188} INFO - [2026-06-24T04:25:43.963+0000] {dag.py:3820} INFO - Setting next_dagrun for review_timeout_dag to 2026-06-23T01:00:00+00:00, run_after=2026-06-24T01:00:00+00:00
[2026-06-24T04:25:44.001+0000] {processor.py:183} INFO - Processing /opt/airflow/dags/review_timeout_dag.py took 0.308 seconds
[2026-06-24T04:26:14.275+0000] {processor.py:161} INFO - Started process (PID=631) to work on /opt/airflow/dags/review_timeout_dag.py
[2026-06-24T04:26:14.277+0000] {processor.py:830} INFO - Processing file /opt/airflow/dags/review_timeout_dag.py for tasks to queue
[2026-06-24T04:26:14.279+0000] {logging_mixin.py:188} INFO - [2026-06-24T04:26:14.278+0000] {dagbag.py:538} INFO - Filling up the DagBag from /opt/airflow/dags/review_timeout_dag.py
[2026-06-24T04:26:14.322+0000] {processor.py:840} INFO - DAG(s) 'review_timeout_dag' retrieved from /opt/airflow/dags/review_timeout_dag.py
[2026-06-24T04:26:14.384+0000] {logging_mixin.py:188} INFO - [2026-06-24T04:26:14.384+0000] {dag.py:3033} INFO - Sync 1 DAGs
[2026-06-24T04:26:14.422+0000] {logging_mixin.py:188} INFO - [2026-06-24T04:26:14.421+0000] {dag.py:3820} INFO - Setting next_dagrun for review_timeout_dag to 2026-06-23T01:00:00+00:00, run_after=2026-06-24T01:00:00+00:00
[2026-06-24T04:26:14.450+0000] {processor.py:183} INFO - Processing /opt/airflow/dags/review_timeout_dag.py took 0.187 seconds
[2026-06-24T04:26:44.537+0000] {processor.py:161} INFO - Started process (PID=641) to work on /opt/airflow/dags/review_timeout_dag.py
[2026-06-24T04:26:44.538+0000] {processor.py:830} INFO - Processing file /opt/airflow/dags/review_timeout_dag.py for tasks to queue
[2026-06-24T04:26:44.540+0000] {logging_mixin.py:188} INFO - [2026-06-24T04:26:44.539+0000] {dagbag.py:538} INFO - Filling up the DagBag from /opt/airflow/dags/review_timeout_dag.py
[2026-06-24T04:26:44.566+0000] {processor.py:840} INFO - DAG(s) 'review_timeout_dag' retrieved from /opt/airflow/dags/review_timeout_dag.py
[2026-06-24T04:26:44.617+0000] {logging_mixin.py:188} INFO - [2026-06-24T04:26:44.616+0000] {dag.py:3033} INFO - Sync 1 DAGs
[2026-06-24T04:26:44.645+0000] {logging_mixin.py:188} INFO - [2026-06-24T04:26:44.645+0000] {dag.py:3820} INFO - Setting next_dagrun for review_timeout_dag to 2026-06-23T01:00:00+00:00, run_after=2026-06-24T01:00:00+00:00
[2026-06-24T04:26:44.669+0000] {processor.py:183} INFO - Processing /opt/airflow/dags/review_timeout_dag.py took 0.138 seconds
[2026-06-24T04:27:15.004+0000] {processor.py:161} INFO - Started process (PID=651) to work on /opt/airflow/dags/review_timeout_dag.py
[2026-06-24T04:27:15.007+0000] {processor.py:830} INFO - Processing file /opt/airflow/dags/review_timeout_dag.py for tasks to queue
[2026-06-24T04:27:15.010+0000] {logging_mixin.py:188} INFO - [2026-06-24T04:27:15.010+0000] {dagbag.py:538} INFO - Filling up the DagBag from /opt/airflow/dags/review_timeout_dag.py
[2026-06-24T04:27:15.070+0000] {processor.py:840} INFO - DAG(s) 'review_timeout_dag' retrieved from /opt/airflow/dags/review_timeout_dag.py
[2026-06-24T04:27:15.189+0000] {logging_mixin.py:188} INFO - [2026-06-24T04:27:15.189+0000] {dag.py:3033} INFO - Sync 1 DAGs
[2026-06-24T08:49:06.954+0000] {processor.py:161} INFO - Started process (PID=659) to work on /opt/airflow/dags/review_timeout_dag.py
[2026-06-24T08:49:06.957+0000] {processor.py:830} INFO - Processing file /opt/airflow/dags/review_timeout_dag.py for tasks to queue
[2026-06-24T08:49:06.961+0000] {logging_mixin.py:188} INFO - [2026-06-24T08:49:06.960+0000] {dagbag.py:538} INFO - Filling up the DagBag from /opt/airflow/dags/review_timeout_dag.py
[2026-06-24T08:49:07.018+0000] {processor.py:840} INFO - DAG(s) 'review_timeout_dag' retrieved from /opt/airflow/dags/review_timeout_dag.py
[2026-06-24T08:49:07.075+0000] {logging_mixin.py:188} INFO - [2026-06-24T08:49:07.074+0000] {dag.py:3033} INFO - Sync 1 DAGs
[2026-06-24T08:49:07.104+0000] {logging_mixin.py:188} INFO - [2026-06-24T08:49:07.104+0000] {dag.py:3820} INFO - Setting next_dagrun for review_timeout_dag to 2026-06-23T01:00:00+00:00, run_after=2026-06-24T01:00:00+00:00
[2026-06-24T08:49:07.127+0000] {processor.py:183} INFO - Processing /opt/airflow/dags/review_timeout_dag.py took 0.191 seconds
[2026-06-24T08:49:38.601+0000] {processor.py:161} INFO - Started process (PID=669) to work on /opt/airflow/dags/review_timeout_dag.py
[2026-06-24T08:49:38.613+0000] {processor.py:830} INFO - Processing file /opt/airflow/dags/review_timeout_dag.py for tasks to queue
[2026-06-24T08:49:38.624+0000] {logging_mixin.py:188} INFO - [2026-06-24T08:49:38.617+0000] {dagbag.py:538} INFO - Filling up the DagBag from /opt/airflow/dags/review_timeout_dag.py
[2026-06-24T08:49:39.219+0000] {processor.py:840} INFO - DAG(s) 'review_timeout_dag' retrieved from /opt/airflow/dags/review_timeout_dag.py
[2026-06-24T08:49:39.739+0000] {logging_mixin.py:188} INFO - [2026-06-24T08:49:39.739+0000] {dag.py:3033} INFO - Sync 1 DAGs
[2026-06-24T08:49:39.942+0000] {logging_mixin.py:188} INFO - [2026-06-24T08:49:39.941+0000] {dag.py:3820} INFO - Setting next_dagrun for review_timeout_dag to 2026-06-23T01:00:00+00:00, run_after=2026-06-24T01:00:00+00:00
[2026-06-24T08:49:40.055+0000] {processor.py:183} INFO - Processing /opt/airflow/dags/review_timeout_dag.py took 1.695 seconds
[2026-06-24T08:50:10.527+0000] {processor.py:161} INFO - Started process (PID=679) to work on /opt/airflow/dags/review_timeout_dag.py
[2026-06-24T08:50:10.528+0000] {processor.py:830} INFO - Processing file /opt/airflow/dags/review_timeout_dag.py for tasks to queue
[2026-06-24T08:50:10.533+0000] {logging_mixin.py:188} INFO - [2026-06-24T08:50:10.530+0000] {dagbag.py:538} INFO - Filling up the DagBag from /opt/airflow/dags/review_timeout_dag.py
[2026-06-24T08:50:10.593+0000] {processor.py:840} INFO - DAG(s) 'review_timeout_dag' retrieved from /opt/airflow/dags/review_timeout_dag.py
[2026-06-24T08:50:10.689+0000] {logging_mixin.py:188} INFO - [2026-06-24T08:50:10.688+0000] {dag.py:3033} INFO - Sync 1 DAGs
[2026-06-24T08:50:10.758+0000] {logging_mixin.py:188} INFO - [2026-06-24T08:50:10.758+0000] {dag.py:3820} INFO - Setting next_dagrun for review_timeout_dag to 2026-06-23T01:00:00+00:00, run_after=2026-06-24T01:00:00+00:00
[2026-06-24T08:50:10.788+0000] {processor.py:183} INFO - Processing /opt/airflow/dags/review_timeout_dag.py took 0.280 seconds
[2026-06-24T08:50:41.072+0000] {processor.py:161} INFO - Started process (PID=689) to work on /opt/airflow/dags/review_timeout_dag.py
[2026-06-24T08:50:41.074+0000] {processor.py:830} INFO - Processing file /opt/airflow/dags/review_timeout_dag.py for tasks to queue
[2026-06-24T08:50:41.076+0000] {logging_mixin.py:188} INFO - [2026-06-24T08:50:41.075+0000] {dagbag.py:538} INFO - Filling up the DagBag from /opt/airflow/dags/review_timeout_dag.py
[2026-06-24T08:50:41.145+0000] {processor.py:840} INFO - DAG(s) 'review_timeout_dag' retrieved from /opt/airflow/dags/review_timeout_dag.py
[2026-06-24T08:50:41.215+0000] {logging_mixin.py:188} INFO - [2026-06-24T08:50:41.215+0000] {dag.py:3033} INFO - Sync 1 DAGs
[2026-06-24T08:50:41.287+0000] {logging_mixin.py:188} INFO - [2026-06-24T08:50:41.287+0000] {dag.py:3820} INFO - Setting next_dagrun for review_timeout_dag to 2026-06-23T01:00:00+00:00, run_after=2026-06-24T01:00:00+00:00
[2026-06-24T08:50:41.347+0000] {processor.py:183} INFO - Processing /opt/airflow/dags/review_timeout_dag.py took 0.289 seconds
[2026-06-24T08:51:12.325+0000] {processor.py:161} INFO - Started process (PID=699) to work on /opt/airflow/dags/review_timeout_dag.py
[2026-06-24T08:51:12.366+0000] {processor.py:830} INFO - Processing file /opt/airflow/dags/review_timeout_dag.py for tasks to queue
[2026-06-24T08:51:12.392+0000] {logging_mixin.py:188} INFO - [2026-06-24T08:51:12.377+0000] {dagbag.py:538} INFO - Filling up the DagBag from /opt/airflow/dags/review_timeout_dag.py
[2026-06-24T08:51:13.071+0000] {processor.py:840} INFO - DAG(s) 'review_timeout_dag' retrieved from /opt/airflow/dags/review_timeout_dag.py
[2026-06-24T08:51:13.297+0000] {logging_mixin.py:188} INFO - [2026-06-24T08:51:13.293+0000] {dag.py:3033} INFO - Sync 1 DAGs
[2026-06-24T08:51:13.400+0000] {logging_mixin.py:188} INFO - [2026-06-24T08:51:13.400+0000] {dag.py:3820} INFO - Setting next_dagrun for review_timeout_dag to 2026-06-23T01:00:00+00:00, run_after=2026-06-24T01:00:00+00:00
[2026-06-24T08:51:13.435+0000] {processor.py:183} INFO - Processing /opt/airflow/dags/review_timeout_dag.py took 1.182 seconds
[2026-06-24T08:51:43.660+0000] {processor.py:161} INFO - Started process (PID=709) to work on /opt/airflow/dags/review_timeout_dag.py
[2026-06-24T08:51:43.661+0000] {processor.py:830} INFO - Processing file /opt/airflow/dags/review_timeout_dag.py for tasks to queue
[2026-06-24T08:51:43.663+0000] {logging_mixin.py:188} INFO - [2026-06-24T08:51:43.663+0000] {dagbag.py:538} INFO - Filling up the DagBag from /opt/airflow/dags/review_timeout_dag.py
[2026-06-24T08:51:43.693+0000] {processor.py:840} INFO - DAG(s) 'review_timeout_dag' retrieved from /opt/airflow/dags/review_timeout_dag.py
[2026-06-24T08:51:43.750+0000] {logging_mixin.py:188} INFO - [2026-06-24T08:51:43.750+0000] {dag.py:3033} INFO - Sync 1 DAGs
[2026-06-24T08:51:43.783+0000] {logging_mixin.py:188} INFO - [2026-06-24T08:51:43.782+0000] {dag.py:3820} INFO - Setting next_dagrun for review_timeout_dag to 2026-06-23T01:00:00+00:00, run_after=2026-06-24T01:00:00+00:00
[2026-06-24T08:51:43.814+0000] {processor.py:183} INFO - Processing /opt/airflow/dags/review_timeout_dag.py took 0.162 seconds
[2026-06-24T08:52:13.971+0000] {processor.py:161} INFO - Started process (PID=719) to work on /opt/airflow/dags/review_timeout_dag.py
[2026-06-24T08:52:13.972+0000] {processor.py:830} INFO - Processing file /opt/airflow/dags/review_timeout_dag.py for tasks to queue
[2026-06-24T08:52:13.974+0000] {logging_mixin.py:188} INFO - [2026-06-24T08:52:13.973+0000] {dagbag.py:538} INFO - Filling up the DagBag from /opt/airflow/dags/review_timeout_dag.py
[2026-06-24T08:52:14.012+0000] {processor.py:840} INFO - DAG(s) 'review_timeout_dag' retrieved from /opt/airflow/dags/review_timeout_dag.py
[2026-06-24T08:52:14.078+0000] {logging_mixin.py:188} INFO - [2026-06-24T08:52:14.077+0000] {dag.py:3033} INFO - Sync 1 DAGs
[2026-06-24T08:52:14.113+0000] {logging_mixin.py:188} INFO - [2026-06-24T08:52:14.113+0000] {dag.py:3820} INFO - Setting next_dagrun for review_timeout_dag to 2026-06-23T01:00:00+00:00, run_after=2026-06-24T01:00:00+00:00
[2026-06-24T08:52:14.138+0000] {processor.py:183} INFO - Processing /opt/airflow/dags/review_timeout_dag.py took 0.177 seconds
[2026-06-24T08:52:44.307+0000] {processor.py:161} INFO - Started process (PID=729) to work on /opt/airflow/dags/review_timeout_dag.py
[2026-06-24T08:52:44.308+0000] {processor.py:830} INFO - Processing file /opt/airflow/dags/review_timeout_dag.py for tasks to queue
[2026-06-24T08:52:44.310+0000] {logging_mixin.py:188} INFO - [2026-06-24T08:52:44.310+0000] {dagbag.py:538} INFO - Filling up the DagBag from /opt/airflow/dags/review_timeout_dag.py
[2026-06-24T08:52:44.339+0000] {processor.py:840} INFO - DAG(s) 'review_timeout_dag' retrieved from /opt/airflow/dags/review_timeout_dag.py
[2026-06-24T08:52:44.399+0000] {logging_mixin.py:188} INFO - [2026-06-24T08:52:44.398+0000] {dag.py:3033} INFO - Sync 1 DAGs
[2026-06-24T08:52:44.444+0000] {logging_mixin.py:188} INFO - [2026-06-24T08:52:44.444+0000] {dag.py:3820} INFO - Setting next_dagrun for review_timeout_dag to 2026-06-23T01:00:00+00:00, run_after=2026-06-24T01:00:00+00:00
[2026-06-24T08:52:44.470+0000] {processor.py:183} INFO - Processing /opt/airflow/dags/review_timeout_dag.py took 0.170 seconds
[2026-06-24T08:53:14.586+0000] {processor.py:161} INFO - Started process (PID=739) to work on /opt/airflow/dags/review_timeout_dag.py
[2026-06-24T08:53:14.587+0000] {processor.py:830} INFO - Processing file /opt/airflow/dags/review_timeout_dag.py for tasks to queue
[2026-06-24T08:53:14.588+0000] {logging_mixin.py:188} INFO - [2026-06-24T08:53:14.588+0000] {dagbag.py:538} INFO - Filling up the DagBag from /opt/airflow/dags/review_timeout_dag.py
[2026-06-24T08:53:14.632+0000] {processor.py:840} INFO - DAG(s) 'review_timeout_dag' retrieved from /opt/airflow/dags/review_timeout_dag.py
[2026-06-24T08:53:14.693+0000] {logging_mixin.py:188} INFO - [2026-06-24T08:53:14.693+0000] {dag.py:3033} INFO - Sync 1 DAGs
[2026-06-24T08:53:14.743+0000] {logging_mixin.py:188} INFO - [2026-06-24T08:53:14.742+0000] {dag.py:3820} INFO - Setting next_dagrun for review_timeout_dag to 2026-06-23T01:00:00+00:00, run_after=2026-06-24T01:00:00+00:00
[2026-06-24T08:53:14.766+0000] {processor.py:183} INFO - Processing /opt/airflow/dags/review_timeout_dag.py took 0.187 seconds
[2026-06-24T08:53:45.038+0000] {processor.py:161} INFO - Started process (PID=749) to work on /opt/airflow/dags/review_timeout_dag.py
[2026-06-24T08:53:45.040+0000] {processor.py:830} INFO - Processing file /opt/airflow/dags/review_timeout_dag.py for tasks to queue
[2026-06-24T08:53:45.044+0000] {logging_mixin.py:188} INFO - [2026-06-24T08:53:45.043+0000] {dagbag.py:538} INFO - Filling up the DagBag from /opt/airflow/dags/review_timeout_dag.py
[2026-06-24T08:53:45.096+0000] {processor.py:840} INFO - DAG(s) 'review_timeout_dag' retrieved from /opt/airflow/dags/review_timeout_dag.py
[2026-06-24T08:53:45.180+0000] {logging_mixin.py:188} INFO - [2026-06-24T08:53:45.180+0000] {dag.py:3033} INFO - Sync 1 DAGs
[2026-06-24T08:53:45.222+0000] {logging_mixin.py:188} INFO - [2026-06-24T08:53:45.222+0000] {dag.py:3820} INFO - Setting next_dagrun for review_timeout_dag to 2026-06-23T01:00:00+00:00, run_after=2026-06-24T01:00:00+00:00
[2026-06-24T08:53:45.265+0000] {processor.py:183} INFO - Processing /opt/airflow/dags/review_timeout_dag.py took 0.238 seconds
[2026-06-24T08:54:15.326+0000] {processor.py:161} INFO - Started process (PID=759) to work on /opt/airflow/dags/review_timeout_dag.py
[2026-06-24T08:54:15.327+0000] {processor.py:830} INFO - Processing file /opt/airflow/dags/review_timeout_dag.py for tasks to queue
[2026-06-24T08:54:15.329+0000] {logging_mixin.py:188} INFO - [2026-06-24T08:54:15.328+0000] {dagbag.py:538} INFO - Filling up the DagBag from /opt/airflow/dags/review_timeout_dag.py
[2026-06-24T08:54:15.360+0000] {processor.py:840} INFO - DAG(s) 'review_timeout_dag' retrieved from /opt/airflow/dags/review_timeout_dag.py
[2026-06-24T08:54:15.413+0000] {logging_mixin.py:188} INFO - [2026-06-24T08:54:15.412+0000] {dag.py:3033} INFO - Sync 1 DAGs
[2026-06-24T08:54:15.438+0000] {logging_mixin.py:188} INFO - [2026-06-24T08:54:15.438+0000] {dag.py:3820} INFO - Setting next_dagrun for review_timeout_dag to 2026-06-23T01:00:00+00:00, run_after=2026-06-24T01:00:00+00:00
[2026-06-24T08:54:15.455+0000] {processor.py:183} INFO - Processing /opt/airflow/dags/review_timeout_dag.py took 0.135 seconds
[2026-06-24T08:54:45.806+0000] {processor.py:161} INFO - Started process (PID=769) to work on /opt/airflow/dags/review_timeout_dag.py
[2026-06-24T08:54:45.813+0000] {processor.py:830} INFO - Processing file /opt/airflow/dags/review_timeout_dag.py for tasks to queue
[2026-06-24T08:54:45.816+0000] {logging_mixin.py:188} INFO - [2026-06-24T08:54:45.816+0000] {dagbag.py:538} INFO - Filling up the DagBag from /opt/airflow/dags/review_timeout_dag.py
[2026-06-24T08:54:45.858+0000] {processor.py:840} INFO - DAG(s) 'review_timeout_dag' retrieved from /opt/airflow/dags/review_timeout_dag.py
[2026-06-24T08:54:45.931+0000] {logging_mixin.py:188} INFO - [2026-06-24T08:54:45.931+0000] {dag.py:3033} INFO - Sync 1 DAGs
[2026-06-24T08:54:45.974+0000] {logging_mixin.py:188} INFO - [2026-06-24T08:54:45.974+0000] {dag.py:3820} INFO - Setting next_dagrun for review_timeout_dag to 2026-06-23T01:00:00+00:00, run_after=2026-06-24T01:00:00+00:00
[2026-06-24T08:54:46.006+0000] {processor.py:183} INFO - Processing /opt/airflow/dags/review_timeout_dag.py took 0.219 seconds
[2026-06-24T08:55:16.149+0000] {processor.py:161} INFO - Started process (PID=779) to work on /opt/airflow/dags/review_timeout_dag.py
[2026-06-24T08:55:16.156+0000] {processor.py:830} INFO - Processing file /opt/airflow/dags/review_timeout_dag.py for tasks to queue
[2026-06-24T08:55:16.166+0000] {logging_mixin.py:188} INFO - [2026-06-24T08:55:16.163+0000] {dagbag.py:538} INFO - Filling up the DagBag from /opt/airflow/dags/review_timeout_dag.py
[2026-06-24T08:55:16.244+0000] {processor.py:840} INFO - DAG(s) 'review_timeout_dag' retrieved from /opt/airflow/dags/review_timeout_dag.py
[2026-06-24T08:55:16.357+0000] {logging_mixin.py:188} INFO - [2026-06-24T08:55:16.357+0000] {dag.py:3033} INFO - Sync 1 DAGs
[2026-06-24T08:55:16.453+0000] {logging_mixin.py:188} INFO - [2026-06-24T08:55:16.453+0000] {dag.py:3820} INFO - Setting next_dagrun for review_timeout_dag to 2026-06-23T01:00:00+00:00, run_after=2026-06-24T01:00:00+00:00
[2026-06-24T08:55:16.541+0000] {processor.py:183} INFO - Processing /opt/airflow/dags/review_timeout_dag.py took 0.418 seconds
[2026-06-24T08:55:48.022+0000] {processor.py:161} INFO - Started process (PID=789) to work on /opt/airflow/dags/review_timeout_dag.py
[2026-06-24T08:55:48.231+0000] {processor.py:830} INFO - Processing file /opt/airflow/dags/review_timeout_dag.py for tasks to queue
[2026-06-24T08:55:48.417+0000] {logging_mixin.py:188} INFO - [2026-06-24T08:55:48.402+0000] {dagbag.py:538} INFO - Filling up the DagBag from /opt/airflow/dags/review_timeout_dag.py
[2026-06-24T08:55:52.456+0000] {processor.py:840} INFO - DAG(s) 'review_timeout_dag' retrieved from /opt/airflow/dags/review_timeout_dag.py
[2026-06-24T08:55:54.516+0000] {logging_mixin.py:188} INFO - [2026-06-24T08:55:54.505+0000] {dag.py:3033} INFO - Sync 1 DAGs
[2026-06-24T08:55:56.762+0000] {logging_mixin.py:188} INFO - [2026-06-24T08:55:56.652+0000] {dag.py:3820} INFO - Setting next_dagrun for review_timeout_dag to 2026-06-23T01:00:00+00:00, run_after=2026-06-24T01:00:00+00:00
[2026-06-24T08:55:57.401+0000] {processor.py:183} INFO - Processing /opt/airflow/dags/review_timeout_dag.py took 9.672 seconds
[2026-06-24T08:56:28.063+0000] {processor.py:161} INFO - Started process (PID=799) to work on /opt/airflow/dags/review_timeout_dag.py
[2026-06-24T08:56:28.066+0000] {processor.py:830} INFO - Processing file /opt/airflow/dags/review_timeout_dag.py for tasks to queue
[2026-06-24T08:56:28.070+0000] {logging_mixin.py:188} INFO - [2026-06-24T08:56:28.069+0000] {dagbag.py:538} INFO - Filling up the DagBag from /opt/airflow/dags/review_timeout_dag.py
[2026-06-24T08:56:28.125+0000] {processor.py:840} INFO - DAG(s) 'review_timeout_dag' retrieved from /opt/airflow/dags/review_timeout_dag.py
[2026-06-24T08:56:28.222+0000] {logging_mixin.py:188} INFO - [2026-06-24T08:56:28.222+0000] {dag.py:3033} INFO - Sync 1 DAGs
[2026-06-24T08:56:28.284+0000] {logging_mixin.py:188} INFO - [2026-06-24T08:56:28.284+0000] {dag.py:3820} INFO - Setting next_dagrun for review_timeout_dag to 2026-06-23T01:00:00+00:00, run_after=2026-06-24T01:00:00+00:00
[2026-06-24T08:56:28.325+0000] {processor.py:183} INFO - Processing /opt/airflow/dags/review_timeout_dag.py took 0.282 seconds
[2026-06-24T08:56:58.731+0000] {processor.py:161} INFO - Started process (PID=809) to work on /opt/airflow/dags/review_timeout_dag.py
[2026-06-24T08:56:58.736+0000] {processor.py:830} INFO - Processing file /opt/airflow/dags/review_timeout_dag.py for tasks to queue
[2026-06-24T08:56:58.744+0000] {logging_mixin.py:188} INFO - [2026-06-24T08:56:58.738+0000] {dagbag.py:538} INFO - Filling up the DagBag from /opt/airflow/dags/review_timeout_dag.py
[2026-06-24T08:56:58.872+0000] {processor.py:840} INFO - DAG(s) 'review_timeout_dag' retrieved from /opt/airflow/dags/review_timeout_dag.py
[2026-06-24T08:57:00.874+0000] {logging_mixin.py:188} INFO - [2026-06-24T08:57:00.862+0000] {dag.py:3033} INFO - Sync 1 DAGs
[2026-06-24T08:57:01.269+0000] {logging_mixin.py:188} INFO - [2026-06-24T08:57:01.196+0000] {dag.py:3820} INFO - Setting next_dagrun for review_timeout_dag to 2026-06-23T01:00:00+00:00, run_after=2026-06-24T01:00:00+00:00
[2026-06-24T08:57:01.985+0000] {processor.py:183} INFO - Processing /opt/airflow/dags/review_timeout_dag.py took 3.276 seconds
[2026-06-24T08:57:34.505+0000] {processor.py:161} INFO - Started process (PID=819) to work on /opt/airflow/dags/review_timeout_dag.py
[2026-06-24T08:57:34.524+0000] {processor.py:830} INFO - Processing file /opt/airflow/dags/review_timeout_dag.py for tasks to queue
[2026-06-24T08:57:34.640+0000] {logging_mixin.py:188} INFO - [2026-06-24T08:57:34.538+0000] {dagbag.py:538} INFO - Filling up the DagBag from /opt/airflow/dags/review_timeout_dag.py
[2026-06-24T08:57:35.213+0000] {processor.py:840} INFO - DAG(s) 'review_timeout_dag' retrieved from /opt/airflow/dags/review_timeout_dag.py
[2026-06-24T08:57:35.572+0000] {logging_mixin.py:188} INFO - [2026-06-24T08:57:35.571+0000] {dag.py:3033} INFO - Sync 1 DAGs
[2026-06-24T08:57:35.671+0000] {logging_mixin.py:188} INFO - [2026-06-24T08:57:35.671+0000] {dag.py:3820} INFO - Setting next_dagrun for review_timeout_dag to 2026-06-23T01:00:00+00:00, run_after=2026-06-24T01:00:00+00:00
[2026-06-24T08:57:35.741+0000] {processor.py:183} INFO - Processing /opt/airflow/dags/review_timeout_dag.py took 1.304 seconds
[2026-06-24T08:58:06.047+0000] {processor.py:161} INFO - Started process (PID=829) to work on /opt/airflow/dags/review_timeout_dag.py
[2026-06-24T08:58:06.056+0000] {processor.py:830} INFO - Processing file /opt/airflow/dags/review_timeout_dag.py for tasks to queue
[2026-06-24T08:58:06.063+0000] {logging_mixin.py:188} INFO - [2026-06-24T08:58:06.062+0000] {dagbag.py:538} INFO - Filling up the DagBag from /opt/airflow/dags/review_timeout_dag.py
[2026-06-24T08:58:06.171+0000] {processor.py:840} INFO - DAG(s) 'review_timeout_dag' retrieved from /opt/airflow/dags/review_timeout_dag.py
[2026-06-24T08:58:06.356+0000] {logging_mixin.py:188} INFO - [2026-06-24T08:58:06.355+0000] {dag.py:3033} INFO - Sync 1 DAGs
[2026-06-24T08:58:06.451+0000] {logging_mixin.py:188} INFO - [2026-06-24T08:58:06.451+0000] {dag.py:3820} INFO - Setting next_dagrun for review_timeout_dag to 2026-06-23T01:00:00+00:00, run_after=2026-06-24T01:00:00+00:00
[2026-06-24T08:58:06.517+0000] {processor.py:183} INFO - Processing /opt/airflow/dags/review_timeout_dag.py took 0.501 seconds
[2026-06-24T08:58:37.439+0000] {processor.py:161} INFO - Started process (PID=839) to work on /opt/airflow/dags/review_timeout_dag.py
[2026-06-24T08:58:37.441+0000] {processor.py:830} INFO - Processing file /opt/airflow/dags/review_timeout_dag.py for tasks to queue
[2026-06-24T08:58:37.446+0000] {logging_mixin.py:188} INFO - [2026-06-24T08:58:37.443+0000] {dagbag.py:538} INFO - Filling up the DagBag from /opt/airflow/dags/review_timeout_dag.py
[2026-06-24T08:58:37.496+0000] {processor.py:840} INFO - DAG(s) 'review_timeout_dag' retrieved from /opt/airflow/dags/review_timeout_dag.py
[2026-06-24T08:58:37.598+0000] {logging_mixin.py:188} INFO - [2026-06-24T08:58:37.597+0000] {dag.py:3033} INFO - Sync 1 DAGs
[2026-06-24T08:58:37.660+0000] {logging_mixin.py:188} INFO - [2026-06-24T08:58:37.660+0000] {dag.py:3820} INFO - Setting next_dagrun for review_timeout_dag to 2026-06-23T01:00:00+00:00, run_after=2026-06-24T01:00:00+00:00
[2026-06-24T08:58:37.693+0000] {processor.py:183} INFO - Processing /opt/airflow/dags/review_timeout_dag.py took 0.267 seconds
[2026-06-24T08:59:08.395+0000] {processor.py:161} INFO - Started process (PID=849) to work on /opt/airflow/dags/review_timeout_dag.py
[2026-06-24T08:59:08.399+0000] {processor.py:830} INFO - Processing file /opt/airflow/dags/review_timeout_dag.py for tasks to queue
[2026-06-24T08:59:08.402+0000] {logging_mixin.py:188} INFO - [2026-06-24T08:59:08.401+0000] {dagbag.py:538} INFO - Filling up the DagBag from /opt/airflow/dags/review_timeout_dag.py
[2026-06-24T08:59:08.550+0000] {processor.py:840} INFO - DAG(s) 'review_timeout_dag' retrieved from /opt/airflow/dags/review_timeout_dag.py
[2026-06-24T08:59:08.715+0000] {logging_mixin.py:188} INFO - [2026-06-24T08:59:08.714+0000] {dag.py:3033} INFO - Sync 1 DAGs
[2026-06-24T08:59:08.834+0000] {logging_mixin.py:188} INFO - [2026-06-24T08:59:08.832+0000] {dag.py:3820} INFO - Setting next_dagrun for review_timeout_dag to 2026-06-23T01:00:00+00:00, run_after=2026-06-24T01:00:00+00:00
[2026-06-24T08:59:08.910+0000] {processor.py:183} INFO - Processing /opt/airflow/dags/review_timeout_dag.py took 0.541 seconds
[2026-06-24T08:59:39.338+0000] {processor.py:161} INFO - Started process (PID=859) to work on /opt/airflow/dags/review_timeout_dag.py
[2026-06-24T08:59:39.347+0000] {processor.py:830} INFO - Processing file /opt/airflow/dags/review_timeout_dag.py for tasks to queue
[2026-06-24T08:59:39.350+0000] {logging_mixin.py:188} INFO - [2026-06-24T08:59:39.350+0000] {dagbag.py:538} INFO - Filling up the DagBag from /opt/airflow/dags/review_timeout_dag.py
[2026-06-24T08:59:39.508+0000] {processor.py:840} INFO - DAG(s) 'review_timeout_dag' retrieved from /opt/airflow/dags/review_timeout_dag.py
[2026-06-24T08:59:39.636+0000] {logging_mixin.py:188} INFO - [2026-06-24T08:59:39.636+0000] {dag.py:3033} INFO - Sync 1 DAGs
[2026-06-24T08:59:39.843+0000] {logging_mixin.py:188} INFO - [2026-06-24T08:59:39.843+0000] {dag.py:3820} INFO - Setting next_dagrun for review_timeout_dag to 2026-06-23T01:00:00+00:00, run_after=2026-06-24T01:00:00+00:00
[2026-06-24T08:59:39.894+0000] {processor.py:183} INFO - Processing /opt/airflow/dags/review_timeout_dag.py took 0.567 seconds
[2026-06-24T09:00:10.688+0000] {processor.py:161} INFO - Started process (PID=869) to work on /opt/airflow/dags/review_timeout_dag.py
[2026-06-24T09:00:10.692+0000] {processor.py:830} INFO - Processing file /opt/airflow/dags/review_timeout_dag.py for tasks to queue
[2026-06-24T09:00:10.693+0000] {logging_mixin.py:188} INFO - [2026-06-24T09:00:10.693+0000] {dagbag.py:538} INFO - Filling up the DagBag from /opt/airflow/dags/review_timeout_dag.py
[2026-06-24T09:00:10.737+0000] {processor.py:840} INFO - DAG(s) 'review_timeout_dag' retrieved from /opt/airflow/dags/review_timeout_dag.py
[2026-06-24T09:00:10.791+0000] {logging_mixin.py:188} INFO - [2026-06-24T09:00:10.791+0000] {dag.py:3033} INFO - Sync 1 DAGs
[2026-06-24T09:00:10.829+0000] {logging_mixin.py:188} INFO - [2026-06-24T09:00:10.829+0000] {dag.py:3820} INFO - Setting next_dagrun for review_timeout_dag to 2026-06-23T01:00:00+00:00, run_after=2026-06-24T01:00:00+00:00
[2026-06-24T09:00:10.852+0000] {processor.py:183} INFO - Processing /opt/airflow/dags/review_timeout_dag.py took 0.174 seconds
[2026-06-24T09:00:41.131+0000] {processor.py:161} INFO - Started process (PID=879) to work on /opt/airflow/dags/review_timeout_dag.py
[2026-06-24T09:00:41.133+0000] {processor.py:830} INFO - Processing file /opt/airflow/dags/review_timeout_dag.py for tasks to queue
[2026-06-24T09:00:41.135+0000] {logging_mixin.py:188} INFO - [2026-06-24T09:00:41.134+0000] {dagbag.py:538} INFO - Filling up the DagBag from /opt/airflow/dags/review_timeout_dag.py
[2026-06-24T09:00:41.164+0000] {processor.py:840} INFO - DAG(s) 'review_timeout_dag' retrieved from /opt/airflow/dags/review_timeout_dag.py
[2026-06-24T09:00:41.219+0000] {logging_mixin.py:188} INFO - [2026-06-24T09:00:41.218+0000] {dag.py:3033} INFO - Sync 1 DAGs
[2026-06-24T09:00:41.273+0000] {logging_mixin.py:188} INFO - [2026-06-24T09:00:41.273+0000] {dag.py:3820} INFO - Setting next_dagrun for review_timeout_dag to 2026-06-23T01:00:00+00:00, run_after=2026-06-24T01:00:00+00:00
[2026-06-24T09:00:41.302+0000] {processor.py:183} INFO - Processing /opt/airflow/dags/review_timeout_dag.py took 0.177 seconds
[2026-06-24T09:01:11.364+0000] {processor.py:161} INFO - Started process (PID=889) to work on /opt/airflow/dags/review_timeout_dag.py
[2026-06-24T09:01:11.365+0000] {processor.py:830} INFO - Processing file /opt/airflow/dags/review_timeout_dag.py for tasks to queue
[2026-06-24T09:01:11.367+0000] {logging_mixin.py:188} INFO - [2026-06-24T09:01:11.366+0000] {dagbag.py:538} INFO - Filling up the DagBag from /opt/airflow/dags/review_timeout_dag.py
[2026-06-24T09:01:11.396+0000] {processor.py:840} INFO - DAG(s) 'review_timeout_dag' retrieved from /opt/airflow/dags/review_timeout_dag.py
[2026-06-24T09:01:11.453+0000] {logging_mixin.py:188} INFO - [2026-06-24T09:01:11.453+0000] {dag.py:3033} INFO - Sync 1 DAGs
[2026-06-24T09:01:11.481+0000] {logging_mixin.py:188} INFO - [2026-06-24T09:01:11.481+0000] {dag.py:3820} INFO - Setting next_dagrun for review_timeout_dag to 2026-06-23T01:00:00+00:00, run_after=2026-06-24T01:00:00+00:00
[2026-06-24T09:01:11.508+0000] {processor.py:183} INFO - Processing /opt/airflow/dags/review_timeout_dag.py took 0.151 seconds
[2026-06-24T09:01:41.780+0000] {processor.py:161} INFO - Started process (PID=899) to work on /opt/airflow/dags/review_timeout_dag.py
[2026-06-24T09:01:41.782+0000] {processor.py:830} INFO - Processing file /opt/airflow/dags/review_timeout_dag.py for tasks to queue
[2026-06-24T09:01:41.783+0000] {logging_mixin.py:188} INFO - [2026-06-24T09:01:41.783+0000] {dagbag.py:538} INFO - Filling up the DagBag from /opt/airflow/dags/review_timeout_dag.py
[2026-06-24T09:01:41.812+0000] {processor.py:840} INFO - DAG(s) 'review_timeout_dag' retrieved from /opt/airflow/dags/review_timeout_dag.py
[2026-06-24T09:01:41.866+0000] {logging_mixin.py:188} INFO - [2026-06-24T09:01:41.865+0000] {dag.py:3033} INFO - Sync 1 DAGs
[2026-06-24T09:01:41.933+0000] {logging_mixin.py:188} INFO - [2026-06-24T09:01:41.933+0000] {dag.py:3820} INFO - Setting next_dagrun for review_timeout_dag to 2026-06-23T01:00:00+00:00, run_after=2026-06-24T01:00:00+00:00
[2026-06-24T09:01:42.014+0000] {processor.py:183} INFO - Processing /opt/airflow/dags/review_timeout_dag.py took 0.241 seconds
[2026-06-24T09:02:15.200+0000] {processor.py:161} INFO - Started process (PID=909) to work on /opt/airflow/dags/review_timeout_dag.py
[2026-06-24T09:02:15.229+0000] {processor.py:830} INFO - Processing file /opt/airflow/dags/review_timeout_dag.py for tasks to queue
[2026-06-24T09:02:15.331+0000] {logging_mixin.py:188} INFO - [2026-06-24T09:02:15.317+0000] {dagbag.py:538} INFO - Filling up the DagBag from /opt/airflow/dags/review_timeout_dag.py
[2026-06-24T09:02:15.516+0000] {processor.py:840} INFO - DAG(s) 'review_timeout_dag' retrieved from /opt/airflow/dags/review_timeout_dag.py
[2026-06-24T09:02:15.654+0000] {logging_mixin.py:188} INFO - [2026-06-24T09:02:15.653+0000] {dag.py:3033} INFO - Sync 1 DAGs
[2026-06-24T09:02:15.813+0000] {logging_mixin.py:188} INFO - [2026-06-24T09:02:15.813+0000] {dag.py:3820} INFO - Setting next_dagrun for review_timeout_dag to 2026-06-23T01:00:00+00:00, run_after=2026-06-24T01:00:00+00:00
[2026-06-24T09:02:15.902+0000] {processor.py:183} INFO - Processing /opt/airflow/dags/review_timeout_dag.py took 0.825 seconds
[2026-06-24T09:02:46.248+0000] {processor.py:161} INFO - Started process (PID=919) to work on /opt/airflow/dags/review_timeout_dag.py
[2026-06-24T09:02:46.257+0000] {processor.py:830} INFO - Processing file /opt/airflow/dags/review_timeout_dag.py for tasks to queue
[2026-06-24T09:02:46.264+0000] {logging_mixin.py:188} INFO - [2026-06-24T09:02:46.262+0000] {dagbag.py:538} INFO - Filling up the DagBag from /opt/airflow/dags/review_timeout_dag.py
[2026-06-24T09:02:46.307+0000] {processor.py:840} INFO - DAG(s) 'review_timeout_dag' retrieved from /opt/airflow/dags/review_timeout_dag.py
[2026-06-24T09:02:46.404+0000] {logging_mixin.py:188} INFO - [2026-06-24T09:02:46.404+0000] {dag.py:3033} INFO - Sync 1 DAGs
[2026-06-24T09:02:46.456+0000] {logging_mixin.py:188} INFO - [2026-06-24T09:02:46.456+0000] {dag.py:3820} INFO - Setting next_dagrun for review_timeout_dag to 2026-06-23T01:00:00+00:00, run_after=2026-06-24T01:00:00+00:00
[2026-06-24T09:02:46.486+0000] {processor.py:183} INFO - Processing /opt/airflow/dags/review_timeout_dag.py took 0.254 seconds
[2026-06-24T09:03:18.155+0000] {processor.py:161} INFO - Started process (PID=929) to work on /opt/airflow/dags/review_timeout_dag.py
[2026-06-24T09:03:18.160+0000] {processor.py:830} INFO - Processing file /opt/airflow/dags/review_timeout_dag.py for tasks to queue
[2026-06-24T09:03:18.178+0000] {logging_mixin.py:188} INFO - [2026-06-24T09:03:18.165+0000] {dagbag.py:538} INFO - Filling up the DagBag from /opt/airflow/dags/review_timeout_dag.py
[2026-06-24T09:03:18.368+0000] {processor.py:840} INFO - DAG(s) 'review_timeout_dag' retrieved from /opt/airflow/dags/review_timeout_dag.py
[2026-06-24T09:03:18.572+0000] {logging_mixin.py:188} INFO - [2026-06-24T09:03:18.571+0000] {dag.py:3033} INFO - Sync 1 DAGs
[2026-06-24T09:03:18.760+0000] {logging_mixin.py:188} INFO - [2026-06-24T09:03:18.759+0000] {dag.py:3820} INFO - Setting next_dagrun for review_timeout_dag to 2026-06-23T01:00:00+00:00, run_after=2026-06-24T01:00:00+00:00
[2026-06-24T09:03:19.131+0000] {processor.py:183} INFO - Processing /opt/airflow/dags/review_timeout_dag.py took 1.110 seconds
[2026-06-24T09:03:50.195+0000] {processor.py:161} INFO - Started process (PID=939) to work on /opt/airflow/dags/review_timeout_dag.py
[2026-06-24T09:03:50.198+0000] {processor.py:830} INFO - Processing file /opt/airflow/dags/review_timeout_dag.py for tasks to queue
[2026-06-24T09:03:50.200+0000] {logging_mixin.py:188} INFO - [2026-06-24T09:03:50.199+0000] {dagbag.py:538} INFO - Filling up the DagBag from /opt/airflow/dags/review_timeout_dag.py
[2026-06-24T09:03:50.246+0000] {processor.py:840} INFO - DAG(s) 'review_timeout_dag' retrieved from /opt/airflow/dags/review_timeout_dag.py
[2026-06-24T09:03:50.348+0000] {logging_mixin.py:188} INFO - [2026-06-24T09:03:50.347+0000] {dag.py:3033} INFO - Sync 1 DAGs
[2026-06-24T09:03:50.437+0000] {logging_mixin.py:188} INFO - [2026-06-24T09:03:50.436+0000] {dag.py:3820} INFO - Setting next_dagrun for review_timeout_dag to 2026-06-23T01:00:00+00:00, run_after=2026-06-24T01:00:00+00:00
[2026-06-24T09:03:50.469+0000] {processor.py:183} INFO - Processing /opt/airflow/dags/review_timeout_dag.py took 0.288 seconds
[2026-06-24T09:04:20.940+0000] {processor.py:161} INFO - Started process (PID=949) to work on /opt/airflow/dags/review_timeout_dag.py
[2026-06-24T09:04:20.943+0000] {processor.py:830} INFO - Processing file /opt/airflow/dags/review_timeout_dag.py for tasks to queue
[2026-06-24T09:04:20.948+0000] {logging_mixin.py:188} INFO - [2026-06-24T09:04:20.945+0000] {dagbag.py:538} INFO - Filling up the DagBag from /opt/airflow/dags/review_timeout_dag.py
[2026-06-24T09:04:21.007+0000] {processor.py:840} INFO - DAG(s) 'review_timeout_dag' retrieved from /opt/airflow/dags/review_timeout_dag.py
[2026-06-24T09:04:21.129+0000] {logging_mixin.py:188} INFO - [2026-06-24T09:04:21.129+0000] {dag.py:3033} INFO - Sync 1 DAGs
[2026-06-24T09:04:21.195+0000] {logging_mixin.py:188} INFO - [2026-06-24T09:04:21.195+0000] {dag.py:3820} INFO - Setting next_dagrun for review_timeout_dag to 2026-06-23T01:00:00+00:00, run_after=2026-06-24T01:00:00+00:00
[2026-06-24T09:04:21.245+0000] {processor.py:183} INFO - Processing /opt/airflow/dags/review_timeout_dag.py took 0.325 seconds
[2026-06-24T09:04:51.654+0000] {processor.py:161} INFO - Started process (PID=959) to work on /opt/airflow/dags/review_timeout_dag.py
[2026-06-24T09:04:51.656+0000] {processor.py:830} INFO - Processing file /opt/airflow/dags/review_timeout_dag.py for tasks to queue
[2026-06-24T09:04:51.658+0000] {logging_mixin.py:188} INFO - [2026-06-24T09:04:51.657+0000] {dagbag.py:538} INFO - Filling up the DagBag from /opt/airflow/dags/review_timeout_dag.py
[2026-06-24T09:04:51.701+0000] {processor.py:840} INFO - DAG(s) 'review_timeout_dag' retrieved from /opt/airflow/dags/review_timeout_dag.py
[2026-06-24T09:04:51.759+0000] {logging_mixin.py:188} INFO - [2026-06-24T09:04:51.759+0000] {dag.py:3033} INFO - Sync 1 DAGs
[2026-06-24T09:04:51.793+0000] {logging_mixin.py:188} INFO - [2026-06-24T09:04:51.793+0000] {dag.py:3820} INFO - Setting next_dagrun for review_timeout_dag to 2026-06-23T01:00:00+00:00, run_after=2026-06-24T01:00:00+00:00
[2026-06-24T09:04:51.819+0000] {processor.py:183} INFO - Processing /opt/airflow/dags/review_timeout_dag.py took 0.172 seconds
[2026-06-24T09:05:22.600+0000] {processor.py:161} INFO - Started process (PID=969) to work on /opt/airflow/dags/review_timeout_dag.py
[2026-06-24T09:05:22.604+0000] {processor.py:830} INFO - Processing file /opt/airflow/dags/review_timeout_dag.py for tasks to queue
[2026-06-24T09:05:22.614+0000] {logging_mixin.py:188} INFO - [2026-06-24T09:05:22.610+0000] {dagbag.py:538} INFO - Filling up the DagBag from /opt/airflow/dags/review_timeout_dag.py
[2026-06-24T09:05:22.724+0000] {processor.py:840} INFO - DAG(s) 'review_timeout_dag' retrieved from /opt/airflow/dags/review_timeout_dag.py
[2026-06-24T09:05:22.941+0000] {logging_mixin.py:188} INFO - [2026-06-24T09:05:22.938+0000] {dag.py:3033} INFO - Sync 1 DAGs
[2026-06-24T09:05:23.019+0000] {logging_mixin.py:188} INFO - [2026-06-24T09:05:23.018+0000] {dag.py:3820} INFO - Setting next_dagrun for review_timeout_dag to 2026-06-23T01:00:00+00:00, run_after=2026-06-24T01:00:00+00:00
[2026-06-24T09:05:23.074+0000] {processor.py:183} INFO - Processing /opt/airflow/dags/review_timeout_dag.py took 0.864 seconds
[2026-06-24T09:05:53.190+0000] {processor.py:161} INFO - Started process (PID=979) to work on /opt/airflow/dags/review_timeout_dag.py
[2026-06-24T09:05:53.191+0000] {processor.py:830} INFO - Processing file /opt/airflow/dags/review_timeout_dag.py for tasks to queue
[2026-06-24T09:05:53.192+0000] {logging_mixin.py:188} INFO - [2026-06-24T09:05:53.192+0000] {dagbag.py:538} INFO - Filling up the DagBag from /opt/airflow/dags/review_timeout_dag.py
[2026-06-24T09:05:53.231+0000] {processor.py:840} INFO - DAG(s) 'review_timeout_dag' retrieved from /opt/airflow/dags/review_timeout_dag.py
[2026-06-24T09:05:53.305+0000] {logging_mixin.py:188} INFO - [2026-06-24T09:05:53.305+0000] {dag.py:3033} INFO - Sync 1 DAGs
[2026-06-24T09:05:53.347+0000] {logging_mixin.py:188} INFO - [2026-06-24T09:05:53.346+0000] {dag.py:3820} INFO - Setting next_dagrun for review_timeout_dag to 2026-06-23T01:00:00+00:00, run_after=2026-06-24T01:00:00+00:00
[2026-06-24T09:05:53.378+0000] {processor.py:183} INFO - Processing /opt/airflow/dags/review_timeout_dag.py took 0.197 seconds
[2026-06-24T09:06:23.469+0000] {processor.py:161} INFO - Started process (PID=989) to work on /opt/airflow/dags/review_timeout_dag.py
[2026-06-24T09:06:23.471+0000] {processor.py:830} INFO - Processing file /opt/airflow/dags/review_timeout_dag.py for tasks to queue
[2026-06-24T09:06:23.472+0000] {logging_mixin.py:188} INFO - [2026-06-24T09:06:23.471+0000] {dagbag.py:538} INFO - Filling up the DagBag from /opt/airflow/dags/review_timeout_dag.py
[2026-06-24T09:06:23.516+0000] {processor.py:840} INFO - DAG(s) 'review_timeout_dag' retrieved from /opt/airflow/dags/review_timeout_dag.py
[2026-06-24T09:06:23.597+0000] {logging_mixin.py:188} INFO - [2026-06-24T09:06:23.597+0000] {dag.py:3033} INFO - Sync 1 DAGs
[2026-06-24T09:06:23.636+0000] {logging_mixin.py:188} INFO - [2026-06-24T09:06:23.636+0000] {dag.py:3820} INFO - Setting next_dagrun for review_timeout_dag to 2026-06-23T01:00:00+00:00, run_after=2026-06-24T01:00:00+00:00
[2026-06-24T09:06:23.666+0000] {processor.py:183} INFO - Processing /opt/airflow/dags/review_timeout_dag.py took 0.209 seconds
[2026-06-24T09:06:53.948+0000] {processor.py:161} INFO - Started process (PID=999) to work on /opt/airflow/dags/review_timeout_dag.py
[2026-06-24T09:06:53.950+0000] {processor.py:830} INFO - Processing file /opt/airflow/dags/review_timeout_dag.py for tasks to queue
[2026-06-24T09:06:53.960+0000] {logging_mixin.py:188} INFO - [2026-06-24T09:06:53.956+0000] {dagbag.py:538} INFO - Filling up the DagBag from /opt/airflow/dags/review_timeout_dag.py
[2026-06-24T09:06:54.000+0000] {processor.py:840} INFO - DAG(s) 'review_timeout_dag' retrieved from /opt/airflow/dags/review_timeout_dag.py
[2026-06-24T09:06:54.057+0000] {logging_mixin.py:188} INFO - [2026-06-24T09:06:54.057+0000] {dag.py:3033} INFO - Sync 1 DAGs
[2026-06-24T09:06:54.098+0000] {logging_mixin.py:188} INFO - [2026-06-24T09:06:54.098+0000] {dag.py:3820} INFO - Setting next_dagrun for review_timeout_dag to 2026-06-23T01:00:00+00:00, run_after=2026-06-24T01:00:00+00:00
[2026-06-24T09:06:54.133+0000] {processor.py:183} INFO - Processing /opt/airflow/dags/review_timeout_dag.py took 0.200 seconds
[2026-06-24T09:07:24.262+0000] {processor.py:161} INFO - Started process (PID=1009) to work on /opt/airflow/dags/review_timeout_dag.py
[2026-06-24T09:07:24.263+0000] {processor.py:830} INFO - Processing file /opt/airflow/dags/review_timeout_dag.py for tasks to queue
[2026-06-24T09:07:24.265+0000] {logging_mixin.py:188} INFO - [2026-06-24T09:07:24.264+0000] {dagbag.py:538} INFO - Filling up the DagBag from /opt/airflow/dags/review_timeout_dag.py
[2026-06-24T09:07:24.295+0000] {processor.py:840} INFO - DAG(s) 'review_timeout_dag' retrieved from /opt/airflow/dags/review_timeout_dag.py
[2026-06-24T09:07:24.351+0000] {logging_mixin.py:188} INFO - [2026-06-24T09:07:24.351+0000] {dag.py:3033} INFO - Sync 1 DAGs
[2026-06-24T09:07:24.389+0000] {logging_mixin.py:188} INFO - [2026-06-24T09:07:24.389+0000] {dag.py:3820} INFO - Setting next_dagrun for review_timeout_dag to 2026-06-23T01:00:00+00:00, run_after=2026-06-24T01:00:00+00:00
[2026-06-24T09:07:24.416+0000] {processor.py:183} INFO - Processing /opt/airflow/dags/review_timeout_dag.py took 0.162 seconds
[2026-06-24T09:07:54.769+0000] {processor.py:161} INFO - Started process (PID=1019) to work on /opt/airflow/dags/review_timeout_dag.py
[2026-06-24T09:07:54.771+0000] {processor.py:830} INFO - Processing file /opt/airflow/dags/review_timeout_dag.py for tasks to queue
[2026-06-24T09:07:54.776+0000] {logging_mixin.py:188} INFO - [2026-06-24T09:07:54.774+0000] {dagbag.py:538} INFO - Filling up the DagBag from /opt/airflow/dags/review_timeout_dag.py
[2026-06-24T09:07:54.862+0000] {processor.py:840} INFO - DAG(s) 'review_timeout_dag' retrieved from /opt/airflow/dags/review_timeout_dag.py
[2026-06-24T09:07:55.008+0000] {logging_mixin.py:188} INFO - [2026-06-24T09:07:55.008+0000] {dag.py:3033} INFO - Sync 1 DAGs
[2026-06-24T09:07:55.096+0000] {logging_mixin.py:188} INFO - [2026-06-24T09:07:55.096+0000] {dag.py:3820} INFO - Setting next_dagrun for review_timeout_dag to 2026-06-23T01:00:00+00:00, run_after=2026-06-24T01:00:00+00:00
[2026-06-24T09:07:55.231+0000] {processor.py:183} INFO - Processing /opt/airflow/dags/review_timeout_dag.py took 0.479 seconds
[2026-06-24T09:08:26.433+0000] {processor.py:161} INFO - Started process (PID=1029) to work on /opt/airflow/dags/review_timeout_dag.py
[2026-06-24T09:08:26.439+0000] {processor.py:830} INFO - Processing file /opt/airflow/dags/review_timeout_dag.py for tasks to queue
[2026-06-24T09:08:26.448+0000] {logging_mixin.py:188} INFO - [2026-06-24T09:08:26.442+0000] {dagbag.py:538} INFO - Filling up the DagBag from /opt/airflow/dags/review_timeout_dag.py
[2026-06-24T09:08:26.568+0000] {processor.py:840} INFO - DAG(s) 'review_timeout_dag' retrieved from /opt/airflow/dags/review_timeout_dag.py
[2026-06-24T09:08:26.704+0000] {logging_mixin.py:188} INFO - [2026-06-24T09:08:26.703+0000] {dag.py:3033} INFO - Sync 1 DAGs
[2026-06-24T09:08:26.766+0000] {logging_mixin.py:188} INFO - [2026-06-24T09:08:26.766+0000] {dag.py:3820} INFO - Setting next_dagrun for review_timeout_dag to 2026-06-23T01:00:00+00:00, run_after=2026-06-24T01:00:00+00:00
[2026-06-24T09:08:26.825+0000] {processor.py:183} INFO - Processing /opt/airflow/dags/review_timeout_dag.py took 0.473 seconds
[2026-06-24T09:08:57.442+0000] {processor.py:161} INFO - Started process (PID=1039) to work on /opt/airflow/dags/review_timeout_dag.py
[2026-06-24T09:08:57.449+0000] {processor.py:830} INFO - Processing file /opt/airflow/dags/review_timeout_dag.py for tasks to queue
[2026-06-24T09:08:57.455+0000] {logging_mixin.py:188} INFO - [2026-06-24T09:08:57.453+0000] {dagbag.py:538} INFO - Filling up the DagBag from /opt/airflow/dags/review_timeout_dag.py
[2026-06-24T09:08:57.540+0000] {processor.py:840} INFO - DAG(s) 'review_timeout_dag' retrieved from /opt/airflow/dags/review_timeout_dag.py
[2026-06-24T09:08:58.003+0000] {logging_mixin.py:188} INFO - [2026-06-24T09:08:58.002+0000] {dag.py:3033} INFO - Sync 1 DAGs
[2026-06-24T09:08:58.225+0000] {logging_mixin.py:188} INFO - [2026-06-24T09:08:58.224+0000] {dag.py:3820} INFO - Setting next_dagrun for review_timeout_dag to 2026-06-23T01:00:00+00:00, run_after=2026-06-24T01:00:00+00:00
[2026-06-24T09:08:59.315+0000] {processor.py:183} INFO - Processing /opt/airflow/dags/review_timeout_dag.py took 2.028 seconds
[2026-06-24T09:09:30.319+0000] {processor.py:161} INFO - Started process (PID=1049) to work on /opt/airflow/dags/review_timeout_dag.py
[2026-06-24T09:09:30.321+0000] {processor.py:830} INFO - Processing file /opt/airflow/dags/review_timeout_dag.py for tasks to queue
[2026-06-24T09:09:30.323+0000] {logging_mixin.py:188} INFO - [2026-06-24T09:09:30.322+0000] {dagbag.py:538} INFO - Filling up the DagBag from /opt/airflow/dags/review_timeout_dag.py
[2026-06-24T09:09:30.388+0000] {processor.py:840} INFO - DAG(s) 'review_timeout_dag' retrieved from /opt/airflow/dags/review_timeout_dag.py
[2026-06-24T09:09:30.455+0000] {logging_mixin.py:188} INFO - [2026-06-24T09:09:30.455+0000] {dag.py:3033} INFO - Sync 1 DAGs
[2026-06-24T09:09:30.501+0000] {logging_mixin.py:188} INFO - [2026-06-24T09:09:30.501+0000] {dag.py:3820} INFO - Setting next_dagrun for review_timeout_dag to 2026-06-23T01:00:00+00:00, run_after=2026-06-24T01:00:00+00:00
[2026-06-24T09:09:30.529+0000] {processor.py:183} INFO - Processing /opt/airflow/dags/review_timeout_dag.py took 0.219 seconds
[2026-06-24T09:10:01.694+0000] {processor.py:161} INFO - Started process (PID=1059) to work on /opt/airflow/dags/review_timeout_dag.py
[2026-06-24T09:10:01.733+0000] {processor.py:830} INFO - Processing file /opt/airflow/dags/review_timeout_dag.py for tasks to queue
[2026-06-24T09:10:01.745+0000] {logging_mixin.py:188} INFO - [2026-06-24T09:10:01.739+0000] {dagbag.py:538} INFO - Filling up the DagBag from /opt/airflow/dags/review_timeout_dag.py
[2026-06-24T09:10:02.078+0000] {processor.py:840} INFO - DAG(s) 'review_timeout_dag' retrieved from /opt/airflow/dags/review_timeout_dag.py
[2026-06-24T09:10:03.044+0000] {logging_mixin.py:188} INFO - [2026-06-24T09:10:03.043+0000] {dag.py:3033} INFO - Sync 1 DAGs
[2026-06-24T09:10:03.364+0000] {logging_mixin.py:188} INFO - [2026-06-24T09:10:03.363+0000] {dag.py:3820} INFO - Setting next_dagrun for review_timeout_dag to 2026-06-23T01:00:00+00:00, run_after=2026-06-24T01:00:00+00:00
[2026-06-24T09:10:03.510+0000] {processor.py:183} INFO - Processing /opt/airflow/dags/review_timeout_dag.py took 1.984 seconds
[2026-06-24T09:10:34.383+0000] {processor.py:161} INFO - Started process (PID=1069) to work on /opt/airflow/dags/review_timeout_dag.py
[2026-06-24T09:10:34.439+0000] {processor.py:830} INFO - Processing file /opt/airflow/dags/review_timeout_dag.py for tasks to queue
[2026-06-24T09:10:34.472+0000] {logging_mixin.py:188} INFO - [2026-06-24T09:10:34.448+0000] {dagbag.py:538} INFO - Filling up the DagBag from /opt/airflow/dags/review_timeout_dag.py
[2026-06-24T09:10:34.637+0000] {processor.py:840} INFO - DAG(s) 'review_timeout_dag' retrieved from /opt/airflow/dags/review_timeout_dag.py
[2026-06-24T09:10:35.020+0000] {logging_mixin.py:188} INFO - [2026-06-24T09:10:35.019+0000] {dag.py:3033} INFO - Sync 1 DAGs
[2026-06-24T09:10:35.228+0000] {logging_mixin.py:188} INFO - [2026-06-24T09:10:35.225+0000] {dag.py:3820} INFO - Setting next_dagrun for review_timeout_dag to 2026-06-23T01:00:00+00:00, run_after=2026-06-24T01:00:00+00:00
[2026-06-24T09:10:37.492+0000] {processor.py:183} INFO - Processing /opt/airflow/dags/review_timeout_dag.py took 3.178 seconds
[2026-06-24T09:11:11.353+0000] {processor.py:161} INFO - Started process (PID=1079) to work on /opt/airflow/dags/review_timeout_dag.py
[2026-06-24T09:11:11.378+0000] {processor.py:830} INFO - Processing file /opt/airflow/dags/review_timeout_dag.py for tasks to queue
[2026-06-24T09:11:11.389+0000] {logging_mixin.py:188} INFO - [2026-06-24T09:11:11.387+0000] {dagbag.py:538} INFO - Filling up the DagBag from /opt/airflow/dags/review_timeout_dag.py
[2026-06-24T09:11:11.733+0000] {processor.py:840} INFO - DAG(s) 'review_timeout_dag' retrieved from /opt/airflow/dags/review_timeout_dag.py
[2026-06-24T09:11:11.966+0000] {logging_mixin.py:188} INFO - [2026-06-24T09:11:11.966+0000] {dag.py:3033} INFO - Sync 1 DAGs
[2026-06-24T09:11:12.084+0000] {logging_mixin.py:188} INFO - [2026-06-24T09:11:12.083+0000] {dag.py:3820} INFO - Setting next_dagrun for review_timeout_dag to 2026-06-23T01:00:00+00:00, run_after=2026-06-24T01:00:00+00:00
[2026-06-24T09:11:12.164+0000] {processor.py:183} INFO - Processing /opt/airflow/dags/review_timeout_dag.py took 0.970 seconds
[2026-06-24T09:11:42.536+0000] {processor.py:161} INFO - Started process (PID=1089) to work on /opt/airflow/dags/review_timeout_dag.py
[2026-06-24T09:11:42.542+0000] {processor.py:830} INFO - Processing file /opt/airflow/dags/review_timeout_dag.py for tasks to queue
[2026-06-24T09:11:42.546+0000] {logging_mixin.py:188} INFO - [2026-06-24T09:11:42.545+0000] {dagbag.py:538} INFO - Filling up the DagBag from /opt/airflow/dags/review_timeout_dag.py
[2026-06-24T09:11:42.693+0000] {processor.py:840} INFO - DAG(s) 'review_timeout_dag' retrieved from /opt/airflow/dags/review_timeout_dag.py
[2026-06-24T09:11:42.985+0000] {logging_mixin.py:188} INFO - [2026-06-24T09:11:42.984+0000] {dag.py:3033} INFO - Sync 1 DAGs
[2026-06-24T09:11:43.108+0000] {logging_mixin.py:188} INFO - [2026-06-24T09:11:43.108+0000] {dag.py:3820} INFO - Setting next_dagrun for review_timeout_dag to 2026-06-23T01:00:00+00:00, run_after=2026-06-24T01:00:00+00:00
[2026-06-24T09:11:43.187+0000] {processor.py:183} INFO - Processing /opt/airflow/dags/review_timeout_dag.py took 0.693 seconds
[2026-06-24T09:12:13.522+0000] {processor.py:161} INFO - Started process (PID=1102) to work on /opt/airflow/dags/review_timeout_dag.py
[2026-06-24T09:12:13.533+0000] {processor.py:830} INFO - Processing file /opt/airflow/dags/review_timeout_dag.py for tasks to queue
[2026-06-24T09:12:13.537+0000] {logging_mixin.py:188} INFO - [2026-06-24T09:12:13.535+0000] {dagbag.py:538} INFO - Filling up the DagBag from /opt/airflow/dags/review_timeout_dag.py
[2026-06-24T09:12:13.653+0000] {processor.py:840} INFO - DAG(s) 'review_timeout_dag' retrieved from /opt/airflow/dags/review_timeout_dag.py
[2026-06-24T09:12:13.855+0000] {logging_mixin.py:188} INFO - [2026-06-24T09:12:13.854+0000] {dag.py:3033} INFO - Sync 1 DAGs
[2026-06-24T09:12:13.968+0000] {logging_mixin.py:188} INFO - [2026-06-24T09:12:13.967+0000] {dag.py:3820} INFO - Setting next_dagrun for review_timeout_dag to 2026-06-23T01:00:00+00:00, run_after=2026-06-24T01:00:00+00:00
[2026-06-24T09:12:14.046+0000] {processor.py:183} INFO - Processing /opt/airflow/dags/review_timeout_dag.py took 0.546 seconds
[2026-06-24T09:12:44.298+0000] {processor.py:161} INFO - Started process (PID=1109) to work on /opt/airflow/dags/review_timeout_dag.py
[2026-06-24T09:12:44.308+0000] {processor.py:830} INFO - Processing file /opt/airflow/dags/review_timeout_dag.py for tasks to queue
[2026-06-24T09:12:44.329+0000] {logging_mixin.py:188} INFO - [2026-06-24T09:12:44.320+0000] {dagbag.py:538} INFO - Filling up the DagBag from /opt/airflow/dags/review_timeout_dag.py
[2026-06-24T09:12:44.610+0000] {processor.py:840} INFO - DAG(s) 'review_timeout_dag' retrieved from /opt/airflow/dags/review_timeout_dag.py
[2026-06-24T09:12:48.204+0000] {logging_mixin.py:188} INFO - [2026-06-24T09:12:48.187+0000] {dag.py:3033} INFO - Sync 1 DAGs
[2026-06-24T09:12:48.428+0000] {logging_mixin.py:188} INFO - [2026-06-24T09:12:48.427+0000] {dag.py:3820} INFO - Setting next_dagrun for review_timeout_dag to 2026-06-23T01:00:00+00:00, run_after=2026-06-24T01:00:00+00:00
[2026-06-24T09:12:48.661+0000] {processor.py:183} INFO - Processing /opt/airflow/dags/review_timeout_dag.py took 4.414 seconds
[2026-06-24T09:13:27.263+0000] {processor.py:161} INFO - Started process (PID=1119) to work on /opt/airflow/dags/review_timeout_dag.py
[2026-06-24T09:13:27.276+0000] {processor.py:830} INFO - Processing file /opt/airflow/dags/review_timeout_dag.py for tasks to queue
[2026-06-24T09:13:27.402+0000] {logging_mixin.py:188} INFO - [2026-06-24T09:13:27.316+0000] {dagbag.py:538} INFO - Filling up the DagBag from /opt/airflow/dags/review_timeout_dag.py
[2026-06-24T09:13:27.588+0000] {processor.py:840} INFO - DAG(s) 'review_timeout_dag' retrieved from /opt/airflow/dags/review_timeout_dag.py
[2026-06-24T09:13:28.091+0000] {logging_mixin.py:188} INFO - [2026-06-24T09:13:28.090+0000] {dag.py:3033} INFO - Sync 1 DAGs
[2026-06-24T09:13:28.659+0000] {logging_mixin.py:188} INFO - [2026-06-24T09:13:28.652+0000] {dag.py:3820} INFO - Setting next_dagrun for review_timeout_dag to 2026-06-23T01:00:00+00:00, run_after=2026-06-24T01:00:00+00:00
[2026-06-24T09:13:28.964+0000] {processor.py:183} INFO - Processing /opt/airflow/dags/review_timeout_dag.py took 2.019 seconds
[2026-06-24T09:13:59.689+0000] {processor.py:161} INFO - Started process (PID=1129) to work on /opt/airflow/dags/review_timeout_dag.py
[2026-06-24T09:13:59.702+0000] {processor.py:830} INFO - Processing file /opt/airflow/dags/review_timeout_dag.py for tasks to queue
[2026-06-24T09:13:59.722+0000] {logging_mixin.py:188} INFO - [2026-06-24T09:13:59.715+0000] {dagbag.py:538} INFO - Filling up the DagBag from /opt/airflow/dags/review_timeout_dag.py
[2026-06-24T09:14:00.106+0000] {processor.py:840} INFO - DAG(s) 'review_timeout_dag' retrieved from /opt/airflow/dags/review_timeout_dag.py
[2026-06-24T09:14:00.465+0000] {logging_mixin.py:188} INFO - [2026-06-24T09:14:00.463+0000] {dag.py:3033} INFO - Sync 1 DAGs
[2026-06-24T09:14:00.758+0000] {logging_mixin.py:188} INFO - [2026-06-24T09:14:00.758+0000] {dag.py:3820} INFO - Setting next_dagrun for review_timeout_dag to 2026-06-23T01:00:00+00:00, run_after=2026-06-24T01:00:00+00:00
[2026-06-24T09:14:01.133+0000] {processor.py:183} INFO - Processing /opt/airflow/dags/review_timeout_dag.py took 1.561 seconds
[2026-06-24T09:14:33.494+0000] {processor.py:161} INFO - Started process (PID=1139) to work on /opt/airflow/dags/review_timeout_dag.py
[2026-06-24T09:14:33.505+0000] {processor.py:830} INFO - Processing file /opt/airflow/dags/review_timeout_dag.py for tasks to queue
[2026-06-24T09:14:33.555+0000] {logging_mixin.py:188} INFO - [2026-06-24T09:14:33.554+0000] {dagbag.py:538} INFO - Filling up the DagBag from /opt/airflow/dags/review_timeout_dag.py
[2026-06-24T09:14:33.859+0000] {processor.py:840} INFO - DAG(s) 'review_timeout_dag' retrieved from /opt/airflow/dags/review_timeout_dag.py
[2026-06-24T09:14:34.110+0000] {logging_mixin.py:188} INFO - [2026-06-24T09:14:34.109+0000] {dag.py:3033} INFO - Sync 1 DAGs
[2026-06-24T09:14:34.295+0000] {logging_mixin.py:188} INFO - [2026-06-24T09:14:34.293+0000] {dag.py:3820} INFO - Setting next_dagrun for review_timeout_dag to 2026-06-23T01:00:00+00:00, run_after=2026-06-24T01:00:00+00:00
[2026-06-24T09:14:34.510+0000] {processor.py:183} INFO - Processing /opt/airflow/dags/review_timeout_dag.py took 1.301 seconds
[2026-06-24T09:15:05.109+0000] {processor.py:161} INFO - Started process (PID=1149) to work on /opt/airflow/dags/review_timeout_dag.py
[2026-06-24T09:15:05.118+0000] {processor.py:830} INFO - Processing file /opt/airflow/dags/review_timeout_dag.py for tasks to queue
[2026-06-24T09:15:05.126+0000] {logging_mixin.py:188} INFO - [2026-06-24T09:15:05.124+0000] {dagbag.py:538} INFO - Filling up the DagBag from /opt/airflow/dags/review_timeout_dag.py
[2026-06-24T09:15:05.335+0000] {processor.py:840} INFO - DAG(s) 'review_timeout_dag' retrieved from /opt/airflow/dags/review_timeout_dag.py
[2026-06-24T09:15:05.581+0000] {logging_mixin.py:188} INFO - [2026-06-24T09:15:05.580+0000] {dag.py:3033} INFO - Sync 1 DAGs
[2026-06-24T09:15:05.720+0000] {logging_mixin.py:188} INFO - [2026-06-24T09:15:05.718+0000] {dag.py:3820} INFO - Setting next_dagrun for review_timeout_dag to 2026-06-23T01:00:00+00:00, run_after=2026-06-24T01:00:00+00:00
[2026-06-24T09:15:06.227+0000] {processor.py:183} INFO - Processing /opt/airflow/dags/review_timeout_dag.py took 1.187 seconds
[2026-06-24T09:15:36.858+0000] {processor.py:161} INFO - Started process (PID=1159) to work on /opt/airflow/dags/review_timeout_dag.py
[2026-06-24T09:15:36.869+0000] {processor.py:830} INFO - Processing file /opt/airflow/dags/review_timeout_dag.py for tasks to queue
[2026-06-24T09:15:36.876+0000] {logging_mixin.py:188} INFO - [2026-06-24T09:15:36.872+0000] {dagbag.py:538} INFO - Filling up the DagBag from /opt/airflow/dags/review_timeout_dag.py
[2026-06-24T09:15:36.987+0000] {processor.py:840} INFO - DAG(s) 'review_timeout_dag' retrieved from /opt/airflow/dags/review_timeout_dag.py
[2026-06-24T09:15:37.197+0000] {logging_mixin.py:188} INFO - [2026-06-24T09:15:37.197+0000] {dag.py:3033} INFO - Sync 1 DAGs
[2026-06-24T09:15:37.315+0000] {logging_mixin.py:188} INFO - [2026-06-24T09:15:37.315+0000] {dag.py:3820} INFO - Setting next_dagrun for review_timeout_dag to 2026-06-23T01:00:00+00:00, run_after=2026-06-24T01:00:00+00:00
[2026-06-24T09:15:37.417+0000] {processor.py:183} INFO - Processing /opt/airflow/dags/review_timeout_dag.py took 0.598 seconds
[2026-06-24T09:16:07.842+0000] {processor.py:161} INFO - Started process (PID=1169) to work on /opt/airflow/dags/review_timeout_dag.py
[2026-06-24T09:16:07.849+0000] {processor.py:830} INFO - Processing file /opt/airflow/dags/review_timeout_dag.py for tasks to queue
[2026-06-24T09:16:07.853+0000] {logging_mixin.py:188} INFO - [2026-06-24T09:16:07.852+0000] {dagbag.py:538} INFO - Filling up the DagBag from /opt/airflow/dags/review_timeout_dag.py
[2026-06-24T09:16:07.991+0000] {processor.py:840} INFO - DAG(s) 'review_timeout_dag' retrieved from /opt/airflow/dags/review_timeout_dag.py
[2026-06-24T09:16:08.229+0000] {logging_mixin.py:188} INFO - [2026-06-24T09:16:08.228+0000] {dag.py:3033} INFO - Sync 1 DAGs
[2026-06-24T09:16:08.319+0000] {logging_mixin.py:188} INFO - [2026-06-24T09:16:08.319+0000] {dag.py:3820} INFO - Setting next_dagrun for review_timeout_dag to 2026-06-23T01:00:00+00:00, run_after=2026-06-24T01:00:00+00:00
[2026-06-24T09:16:08.401+0000] {processor.py:183} INFO - Processing /opt/airflow/dags/review_timeout_dag.py took 0.646 seconds
[2026-06-24T09:16:39.371+0000] {processor.py:161} INFO - Started process (PID=1179) to work on /opt/airflow/dags/review_timeout_dag.py
[2026-06-24T09:16:39.375+0000] {processor.py:830} INFO - Processing file /opt/airflow/dags/review_timeout_dag.py for tasks to queue
[2026-06-24T09:16:39.379+0000] {logging_mixin.py:188} INFO - [2026-06-24T09:16:39.377+0000] {dagbag.py:538} INFO - Filling up the DagBag from /opt/airflow/dags/review_timeout_dag.py
[2026-06-24T09:16:39.492+0000] {processor.py:840} INFO - DAG(s) 'review_timeout_dag' retrieved from /opt/airflow/dags/review_timeout_dag.py
[2026-06-24T09:16:39.702+0000] {logging_mixin.py:188} INFO - [2026-06-24T09:16:39.702+0000] {dag.py:3033} INFO - Sync 1 DAGs
[2026-06-24T09:16:39.861+0000] {logging_mixin.py:188} INFO - [2026-06-24T09:16:39.859+0000] {dag.py:3820} INFO - Setting next_dagrun for review_timeout_dag to 2026-06-23T01:00:00+00:00, run_after=2026-06-24T01:00:00+00:00
[2026-06-24T09:16:40.004+0000] {processor.py:183} INFO - Processing /opt/airflow/dags/review_timeout_dag.py took 0.668 seconds
[2026-06-24T09:17:10.427+0000] {processor.py:161} INFO - Started process (PID=1189) to work on /opt/airflow/dags/review_timeout_dag.py
[2026-06-24T09:17:10.430+0000] {processor.py:830} INFO - Processing file /opt/airflow/dags/review_timeout_dag.py for tasks to queue
[2026-06-24T09:17:10.434+0000] {logging_mixin.py:188} INFO - [2026-06-24T09:17:10.433+0000] {dagbag.py:538} INFO - Filling up the DagBag from /opt/airflow/dags/review_timeout_dag.py
[2026-06-24T09:17:10.529+0000] {processor.py:840} INFO - DAG(s) 'review_timeout_dag' retrieved from /opt/airflow/dags/review_timeout_dag.py
[2026-06-24T09:17:10.704+0000] {logging_mixin.py:188} INFO - [2026-06-24T09:17:10.704+0000] {dag.py:3033} INFO - Sync 1 DAGs
[2026-06-24T09:17:10.786+0000] {logging_mixin.py:188} INFO - [2026-06-24T09:17:10.785+0000] {dag.py:3820} INFO - Setting next_dagrun for review_timeout_dag to 2026-06-23T01:00:00+00:00, run_after=2026-06-24T01:00:00+00:00
[2026-06-24T09:17:10.878+0000] {processor.py:183} INFO - Processing /opt/airflow/dags/review_timeout_dag.py took 0.474 seconds
[2026-06-24T09:17:42.850+0000] {processor.py:161} INFO - Started process (PID=1199) to work on /opt/airflow/dags/review_timeout_dag.py
[2026-06-24T09:17:42.854+0000] {processor.py:830} INFO - Processing file /opt/airflow/dags/review_timeout_dag.py for tasks to queue
[2026-06-24T09:17:42.859+0000] {logging_mixin.py:188} INFO - [2026-06-24T09:17:42.857+0000] {dagbag.py:538} INFO - Filling up the DagBag from /opt/airflow/dags/review_timeout_dag.py
[2026-06-24T09:17:43.158+0000] {processor.py:840} INFO - DAG(s) 'review_timeout_dag' retrieved from /opt/airflow/dags/review_timeout_dag.py
[2026-06-24T09:17:43.424+0000] {logging_mixin.py:188} INFO - [2026-06-24T09:17:43.424+0000] {dag.py:3033} INFO - Sync 1 DAGs
[2026-06-24T09:17:43.523+0000] {logging_mixin.py:188} INFO - [2026-06-24T09:17:43.519+0000] {dag.py:3820} INFO - Setting next_dagrun for review_timeout_dag to 2026-06-23T01:00:00+00:00, run_after=2026-06-24T01:00:00+00:00
[2026-06-24T09:17:43.614+0000] {processor.py:183} INFO - Processing /opt/airflow/dags/review_timeout_dag.py took 1.451 seconds
[2026-06-24T09:18:15.276+0000] {processor.py:161} INFO - Started process (PID=1209) to work on /opt/airflow/dags/review_timeout_dag.py
[2026-06-24T09:18:15.299+0000] {processor.py:830} INFO - Processing file /opt/airflow/dags/review_timeout_dag.py for tasks to queue
[2026-06-24T09:18:15.307+0000] {logging_mixin.py:188} INFO - [2026-06-24T09:18:15.302+0000] {dagbag.py:538} INFO - Filling up the DagBag from /opt/airflow/dags/review_timeout_dag.py
[2026-06-24T09:18:15.583+0000] {processor.py:840} INFO - DAG(s) 'review_timeout_dag' retrieved from /opt/airflow/dags/review_timeout_dag.py
[2026-06-24T09:18:15.776+0000] {logging_mixin.py:188} INFO - [2026-06-24T09:18:15.775+0000] {dag.py:3033} INFO - Sync 1 DAGs
[2026-06-24T09:18:15.986+0000] {logging_mixin.py:188} INFO - [2026-06-24T09:18:15.985+0000] {dag.py:3820} INFO - Setting next_dagrun for review_timeout_dag to 2026-06-23T01:00:00+00:00, run_after=2026-06-24T01:00:00+00:00
[2026-06-24T09:18:16.138+0000] {processor.py:183} INFO - Processing /opt/airflow/dags/review_timeout_dag.py took 0.900 seconds
[2026-06-24T09:18:46.785+0000] {processor.py:161} INFO - Started process (PID=1219) to work on /opt/airflow/dags/review_timeout_dag.py
[2026-06-24T09:18:46.793+0000] {processor.py:830} INFO - Processing file /opt/airflow/dags/review_timeout_dag.py for tasks to queue
[2026-06-24T09:18:46.796+0000] {logging_mixin.py:188} INFO - [2026-06-24T09:18:46.794+0000] {dagbag.py:538} INFO - Filling up the DagBag from /opt/airflow/dags/review_timeout_dag.py
[2026-06-24T09:18:46.893+0000] {processor.py:840} INFO - DAG(s) 'review_timeout_dag' retrieved from /opt/airflow/dags/review_timeout_dag.py
[2026-06-24T09:18:47.043+0000] {logging_mixin.py:188} INFO - [2026-06-24T09:18:47.042+0000] {dag.py:3033} INFO - Sync 1 DAGs
[2026-06-24T09:18:47.137+0000] {logging_mixin.py:188} INFO - [2026-06-24T09:18:47.136+0000] {dag.py:3820} INFO - Setting next_dagrun for review_timeout_dag to 2026-06-23T01:00:00+00:00, run_after=2026-06-24T01:00:00+00:00
[2026-06-24T09:18:47.275+0000] {processor.py:183} INFO - Processing /opt/airflow/dags/review_timeout_dag.py took 0.505 seconds
[2026-06-24T09:19:17.380+0000] {processor.py:161} INFO - Started process (PID=1229) to work on /opt/airflow/dags/review_timeout_dag.py
[2026-06-24T09:19:17.382+0000] {processor.py:830} INFO - Processing file /opt/airflow/dags/review_timeout_dag.py for tasks to queue
[2026-06-24T09:19:17.384+0000] {logging_mixin.py:188} INFO - [2026-06-24T09:19:17.383+0000] {dagbag.py:538} INFO - Filling up the DagBag from /opt/airflow/dags/review_timeout_dag.py
[2026-06-24T09:19:17.425+0000] {processor.py:840} INFO - DAG(s) 'review_timeout_dag' retrieved from /opt/airflow/dags/review_timeout_dag.py
[2026-06-24T09:19:17.492+0000] {logging_mixin.py:188} INFO - [2026-06-24T09:19:17.491+0000] {dag.py:3033} INFO - Sync 1 DAGs
[2026-06-24T09:19:17.557+0000] {logging_mixin.py:188} INFO - [2026-06-24T09:19:17.557+0000] {dag.py:3820} INFO - Setting next_dagrun for review_timeout_dag to 2026-06-23T01:00:00+00:00, run_after=2026-06-24T01:00:00+00:00
[2026-06-24T09:19:17.603+0000] {processor.py:183} INFO - Processing /opt/airflow/dags/review_timeout_dag.py took 0.235 seconds
[2026-06-24T09:19:47.952+0000] {processor.py:161} INFO - Started process (PID=1239) to work on /opt/airflow/dags/review_timeout_dag.py
[2026-06-24T09:19:47.957+0000] {processor.py:830} INFO - Processing file /opt/airflow/dags/review_timeout_dag.py for tasks to queue
[2026-06-24T09:19:47.967+0000] {logging_mixin.py:188} INFO - [2026-06-24T09:19:47.964+0000] {dagbag.py:538} INFO - Filling up the DagBag from /opt/airflow/dags/review_timeout_dag.py
[2026-06-24T09:19:48.058+0000] {processor.py:840} INFO - DAG(s) 'review_timeout_dag' retrieved from /opt/airflow/dags/review_timeout_dag.py
[2026-06-24T09:19:48.188+0000] {logging_mixin.py:188} INFO - [2026-06-24T09:19:48.187+0000] {dag.py:3033} INFO - Sync 1 DAGs
[2026-06-24T09:19:48.241+0000] {logging_mixin.py:188} INFO - [2026-06-24T09:19:48.241+0000] {dag.py:3820} INFO - Setting next_dagrun for review_timeout_dag to 2026-06-23T01:00:00+00:00, run_after=2026-06-24T01:00:00+00:00
[2026-06-24T09:19:48.283+0000] {processor.py:183} INFO - Processing /opt/airflow/dags/review_timeout_dag.py took 0.352 seconds
[2026-06-24T09:20:18.625+0000] {processor.py:161} INFO - Started process (PID=1249) to work on /opt/airflow/dags/review_timeout_dag.py
[2026-06-24T09:20:18.629+0000] {processor.py:830} INFO - Processing file /opt/airflow/dags/review_timeout_dag.py for tasks to queue
[2026-06-24T09:20:18.633+0000] {logging_mixin.py:188} INFO - [2026-06-24T09:20:18.630+0000] {dagbag.py:538} INFO - Filling up the DagBag from /opt/airflow/dags/review_timeout_dag.py
[2026-06-24T09:20:18.696+0000] {processor.py:840} INFO - DAG(s) 'review_timeout_dag' retrieved from /opt/airflow/dags/review_timeout_dag.py
[2026-06-24T09:20:18.790+0000] {logging_mixin.py:188} INFO - [2026-06-24T09:20:18.789+0000] {dag.py:3033} INFO - Sync 1 DAGs
[2026-06-24T09:20:18.853+0000] {logging_mixin.py:188} INFO - [2026-06-24T09:20:18.852+0000] {dag.py:3820} INFO - Setting next_dagrun for review_timeout_dag to 2026-06-23T01:00:00+00:00, run_after=2026-06-24T01:00:00+00:00
[2026-06-24T09:20:18.910+0000] {processor.py:183} INFO - Processing /opt/airflow/dags/review_timeout_dag.py took 0.304 seconds
[2026-06-24T09:20:49.553+0000] {processor.py:161} INFO - Started process (PID=1259) to work on /opt/airflow/dags/review_timeout_dag.py
[2026-06-24T09:20:49.560+0000] {processor.py:830} INFO - Processing file /opt/airflow/dags/review_timeout_dag.py for tasks to queue
[2026-06-24T09:20:49.576+0000] {logging_mixin.py:188} INFO - [2026-06-24T09:20:49.571+0000] {dagbag.py:538} INFO - Filling up the DagBag from /opt/airflow/dags/review_timeout_dag.py
[2026-06-24T09:20:49.751+0000] {processor.py:840} INFO - DAG(s) 'review_timeout_dag' retrieved from /opt/airflow/dags/review_timeout_dag.py
[2026-06-24T09:20:50.488+0000] {logging_mixin.py:188} INFO - [2026-06-24T09:20:50.486+0000] {dag.py:3033} INFO - Sync 1 DAGs
[2026-06-24T09:20:50.746+0000] {logging_mixin.py:188} INFO - [2026-06-24T09:20:50.745+0000] {dag.py:3820} INFO - Setting next_dagrun for review_timeout_dag to 2026-06-23T01:00:00+00:00, run_after=2026-06-24T01:00:00+00:00
[2026-06-24T09:20:50.840+0000] {processor.py:183} INFO - Processing /opt/airflow/dags/review_timeout_dag.py took 1.326 seconds
[2026-06-24T09:21:21.216+0000] {processor.py:161} INFO - Started process (PID=1269) to work on /opt/airflow/dags/review_timeout_dag.py
[2026-06-24T09:21:21.224+0000] {processor.py:830} INFO - Processing file /opt/airflow/dags/review_timeout_dag.py for tasks to queue
[2026-06-24T09:21:21.229+0000] {logging_mixin.py:188} INFO - [2026-06-24T09:21:21.228+0000] {dagbag.py:538} INFO - Filling up the DagBag from /opt/airflow/dags/review_timeout_dag.py
[2026-06-24T09:21:21.306+0000] {processor.py:840} INFO - DAG(s) 'review_timeout_dag' retrieved from /opt/airflow/dags/review_timeout_dag.py
[2026-06-24T09:21:21.393+0000] {logging_mixin.py:188} INFO - [2026-06-24T09:21:21.393+0000] {dag.py:3033} INFO - Sync 1 DAGs
[2026-06-24T09:21:21.431+0000] {logging_mixin.py:188} INFO - [2026-06-24T09:21:21.430+0000] {dag.py:3820} INFO - Setting next_dagrun for review_timeout_dag to 2026-06-23T01:00:00+00:00, run_after=2026-06-24T01:00:00+00:00
[2026-06-24T09:21:21.468+0000] {processor.py:183} INFO - Processing /opt/airflow/dags/review_timeout_dag.py took 0.304 seconds
[2026-06-24T09:21:51.687+0000] {processor.py:161} INFO - Started process (PID=1279) to work on /opt/airflow/dags/review_timeout_dag.py
[2026-06-24T09:21:51.690+0000] {processor.py:830} INFO - Processing file /opt/airflow/dags/review_timeout_dag.py for tasks to queue
[2026-06-24T09:21:51.698+0000] {logging_mixin.py:188} INFO - [2026-06-24T09:21:51.696+0000] {dagbag.py:538} INFO - Filling up the DagBag from /opt/airflow/dags/review_timeout_dag.py
[2026-06-24T09:21:51.755+0000] {processor.py:840} INFO - DAG(s) 'review_timeout_dag' retrieved from /opt/airflow/dags/review_timeout_dag.py
[2026-06-24T09:21:51.837+0000] {logging_mixin.py:188} INFO - [2026-06-24T09:21:51.837+0000] {dag.py:3033} INFO - Sync 1 DAGs
[2026-06-24T09:21:51.908+0000] {logging_mixin.py:188} INFO - [2026-06-24T09:21:51.908+0000] {dag.py:3820} INFO - Setting next_dagrun for review_timeout_dag to 2026-06-23T01:00:00+00:00, run_after=2026-06-24T01:00:00+00:00
[2026-06-24T09:21:51.956+0000] {processor.py:183} INFO - Processing /opt/airflow/dags/review_timeout_dag.py took 0.283 seconds
[2026-06-24T09:22:22.519+0000] {processor.py:161} INFO - Started process (PID=1289) to work on /opt/airflow/dags/review_timeout_dag.py
[2026-06-24T09:22:22.525+0000] {processor.py:830} INFO - Processing file /opt/airflow/dags/review_timeout_dag.py for tasks to queue
[2026-06-24T09:22:22.534+0000] {logging_mixin.py:188} INFO - [2026-06-24T09:22:22.530+0000] {dagbag.py:538} INFO - Filling up the DagBag from /opt/airflow/dags/review_timeout_dag.py
[2026-06-24T09:22:22.624+0000] {processor.py:840} INFO - DAG(s) 'review_timeout_dag' retrieved from /opt/airflow/dags/review_timeout_dag.py
[2026-06-24T09:22:22.838+0000] {logging_mixin.py:188} INFO - [2026-06-24T09:22:22.837+0000] {dag.py:3033} INFO - Sync 1 DAGs
[2026-06-24T09:22:23.041+0000] {logging_mixin.py:188} INFO - [2026-06-24T09:22:23.040+0000] {dag.py:3820} INFO - Setting next_dagrun for review_timeout_dag to 2026-06-23T01:00:00+00:00, run_after=2026-06-24T01:00:00+00:00
[2026-06-24T09:22:23.247+0000] {processor.py:183} INFO - Processing /opt/airflow/dags/review_timeout_dag.py took 0.768 seconds
[2026-06-24T09:22:53.564+0000] {processor.py:161} INFO - Started process (PID=1299) to work on /opt/airflow/dags/review_timeout_dag.py
[2026-06-24T09:22:53.566+0000] {processor.py:830} INFO - Processing file /opt/airflow/dags/review_timeout_dag.py for tasks to queue
[2026-06-24T09:22:53.569+0000] {logging_mixin.py:188} INFO - [2026-06-24T09:22:53.569+0000] {dagbag.py:538} INFO - Filling up the DagBag from /opt/airflow/dags/review_timeout_dag.py
[2026-06-24T09:22:53.606+0000] {processor.py:840} INFO - DAG(s) 'review_timeout_dag' retrieved from /opt/airflow/dags/review_timeout_dag.py
[2026-06-24T09:22:53.675+0000] {logging_mixin.py:188} INFO - [2026-06-24T09:22:53.675+0000] {dag.py:3033} INFO - Sync 1 DAGs
[2026-06-24T09:22:53.718+0000] {logging_mixin.py:188} INFO - [2026-06-24T09:22:53.717+0000] {dag.py:3820} INFO - Setting next_dagrun for review_timeout_dag to 2026-06-23T01:00:00+00:00, run_after=2026-06-24T01:00:00+00:00
[2026-06-24T09:22:53.758+0000] {processor.py:183} INFO - Processing /opt/airflow/dags/review_timeout_dag.py took 0.203 seconds
[2026-06-24T09:23:24.147+0000] {processor.py:161} INFO - Started process (PID=1309) to work on /opt/airflow/dags/review_timeout_dag.py
[2026-06-24T09:23:24.154+0000] {processor.py:830} INFO - Processing file /opt/airflow/dags/review_timeout_dag.py for tasks to queue
[2026-06-24T09:23:24.161+0000] {logging_mixin.py:188} INFO - [2026-06-24T09:23:24.157+0000] {dagbag.py:538} INFO - Filling up the DagBag from /opt/airflow/dags/review_timeout_dag.py
[2026-06-24T09:23:24.227+0000] {processor.py:840} INFO - DAG(s) 'review_timeout_dag' retrieved from /opt/airflow/dags/review_timeout_dag.py
[2026-06-24T09:23:24.328+0000] {logging_mixin.py:188} INFO - [2026-06-24T09:23:24.327+0000] {dag.py:3033} INFO - Sync 1 DAGs
[2026-06-24T09:23:24.419+0000] {logging_mixin.py:188} INFO - [2026-06-24T09:23:24.419+0000] {dag.py:3820} INFO - Setting next_dagrun for review_timeout_dag to 2026-06-23T01:00:00+00:00, run_after=2026-06-24T01:00:00+00:00
[2026-06-24T09:23:24.489+0000] {processor.py:183} INFO - Processing /opt/airflow/dags/review_timeout_dag.py took 0.364 seconds
[2026-06-24T09:23:55.636+0000] {processor.py:161} INFO - Started process (PID=1319) to work on /opt/airflow/dags/review_timeout_dag.py
[2026-06-24T09:23:55.641+0000] {processor.py:830} INFO - Processing file /opt/airflow/dags/review_timeout_dag.py for tasks to queue
[2026-06-24T09:23:55.654+0000] {logging_mixin.py:188} INFO - [2026-06-24T09:23:55.648+0000] {dagbag.py:538} INFO - Filling up the DagBag from /opt/airflow/dags/review_timeout_dag.py
[2026-06-24T09:23:55.765+0000] {processor.py:840} INFO - DAG(s) 'review_timeout_dag' retrieved from /opt/airflow/dags/review_timeout_dag.py
[2026-06-24T09:23:56.484+0000] {logging_mixin.py:188} INFO - [2026-06-24T09:23:56.483+0000] {dag.py:3033} INFO - Sync 1 DAGs
[2026-06-24T09:23:56.610+0000] {logging_mixin.py:188} INFO - [2026-06-24T09:23:56.609+0000] {dag.py:3820} INFO - Setting next_dagrun for review_timeout_dag to 2026-06-23T01:00:00+00:00, run_after=2026-06-24T01:00:00+00:00
[2026-06-24T09:23:56.680+0000] {processor.py:183} INFO - Processing /opt/airflow/dags/review_timeout_dag.py took 1.082 seconds
[2026-06-24T09:24:28.037+0000] {processor.py:161} INFO - Started process (PID=1329) to work on /opt/airflow/dags/review_timeout_dag.py
[2026-06-24T09:24:28.096+0000] {processor.py:830} INFO - Processing file /opt/airflow/dags/review_timeout_dag.py for tasks to queue
[2026-06-24T09:24:28.330+0000] {logging_mixin.py:188} INFO - [2026-06-24T09:24:28.185+0000] {dagbag.py:538} INFO - Filling up the DagBag from /opt/airflow/dags/review_timeout_dag.py
[2026-06-24T09:24:28.858+0000] {processor.py:840} INFO - DAG(s) 'review_timeout_dag' retrieved from /opt/airflow/dags/review_timeout_dag.py
[2026-06-24T09:24:29.154+0000] {logging_mixin.py:188} INFO - [2026-06-24T09:24:29.153+0000] {dag.py:3033} INFO - Sync 1 DAGs
[2026-06-24T09:24:29.279+0000] {logging_mixin.py:188} INFO - [2026-06-24T09:24:29.278+0000] {dag.py:3820} INFO - Setting next_dagrun for review_timeout_dag to 2026-06-23T01:00:00+00:00, run_after=2026-06-24T01:00:00+00:00
[2026-06-24T09:24:29.394+0000] {processor.py:183} INFO - Processing /opt/airflow/dags/review_timeout_dag.py took 1.649 seconds
[2026-06-24T09:25:00.664+0000] {processor.py:161} INFO - Started process (PID=1339) to work on /opt/airflow/dags/review_timeout_dag.py
[2026-06-24T09:25:00.671+0000] {processor.py:830} INFO - Processing file /opt/airflow/dags/review_timeout_dag.py for tasks to queue
[2026-06-24T09:25:00.677+0000] {logging_mixin.py:188} INFO - [2026-06-24T09:25:00.676+0000] {dagbag.py:538} INFO - Filling up the DagBag from /opt/airflow/dags/review_timeout_dag.py
[2026-06-24T09:25:00.815+0000] {processor.py:840} INFO - DAG(s) 'review_timeout_dag' retrieved from /opt/airflow/dags/review_timeout_dag.py
[2026-06-24T09:25:01.191+0000] {logging_mixin.py:188} INFO - [2026-06-24T09:25:01.189+0000] {dag.py:3033} INFO - Sync 1 DAGs
[2026-06-24T09:25:01.357+0000] {logging_mixin.py:188} INFO - [2026-06-24T09:25:01.356+0000] {dag.py:3820} INFO - Setting next_dagrun for review_timeout_dag to 2026-06-23T01:00:00+00:00, run_after=2026-06-24T01:00:00+00:00
[2026-06-24T09:25:01.741+0000] {processor.py:183} INFO - Processing /opt/airflow/dags/review_timeout_dag.py took 1.130 seconds
[2026-06-24T09:25:32.771+0000] {processor.py:161} INFO - Started process (PID=1349) to work on /opt/airflow/dags/review_timeout_dag.py
[2026-06-24T09:25:32.779+0000] {processor.py:830} INFO - Processing file /opt/airflow/dags/review_timeout_dag.py for tasks to queue
[2026-06-24T09:25:32.781+0000] {logging_mixin.py:188} INFO - [2026-06-24T09:25:32.780+0000] {dagbag.py:538} INFO - Filling up the DagBag from /opt/airflow/dags/review_timeout_dag.py
[2026-06-24T09:25:32.877+0000] {processor.py:840} INFO - DAG(s) 'review_timeout_dag' retrieved from /opt/airflow/dags/review_timeout_dag.py
[2026-06-24T09:25:33.016+0000] {logging_mixin.py:188} INFO - [2026-06-24T09:25:33.016+0000] {dag.py:3033} INFO - Sync 1 DAGs
[2026-06-24T09:25:33.091+0000] {logging_mixin.py:188} INFO - [2026-06-24T09:25:33.091+0000] {dag.py:3820} INFO - Setting next_dagrun for review_timeout_dag to 2026-06-23T01:00:00+00:00, run_after=2026-06-24T01:00:00+00:00
[2026-06-24T09:25:33.150+0000] {processor.py:183} INFO - Processing /opt/airflow/dags/review_timeout_dag.py took 0.405 seconds
[2026-06-24T09:26:03.734+0000] {processor.py:161} INFO - Started process (PID=1359) to work on /opt/airflow/dags/review_timeout_dag.py
[2026-06-24T09:26:03.738+0000] {processor.py:830} INFO - Processing file /opt/airflow/dags/review_timeout_dag.py for tasks to queue
[2026-06-24T09:26:03.753+0000] {logging_mixin.py:188} INFO - [2026-06-24T09:26:03.750+0000] {dagbag.py:538} INFO - Filling up the DagBag from /opt/airflow/dags/review_timeout_dag.py
[2026-06-24T09:26:03.895+0000] {processor.py:840} INFO - DAG(s) 'review_timeout_dag' retrieved from /opt/airflow/dags/review_timeout_dag.py
[2026-06-24T09:26:04.054+0000] {logging_mixin.py:188} INFO - [2026-06-24T09:26:04.053+0000] {dag.py:3033} INFO - Sync 1 DAGs
[2026-06-24T09:26:04.175+0000] {logging_mixin.py:188} INFO - [2026-06-24T09:26:04.175+0000] {dag.py:3820} INFO - Setting next_dagrun for review_timeout_dag to 2026-06-23T01:00:00+00:00, run_after=2026-06-24T01:00:00+00:00
[2026-06-24T09:26:04.311+0000] {processor.py:183} INFO - Processing /opt/airflow/dags/review_timeout_dag.py took 0.656 seconds
[2026-06-24T09:26:34.678+0000] {processor.py:161} INFO - Started process (PID=1369) to work on /opt/airflow/dags/review_timeout_dag.py
[2026-06-24T09:26:34.689+0000] {processor.py:830} INFO - Processing file /opt/airflow/dags/review_timeout_dag.py for tasks to queue
[2026-06-24T09:26:34.699+0000] {logging_mixin.py:188} INFO - [2026-06-24T09:26:34.697+0000] {dagbag.py:538} INFO - Filling up the DagBag from /opt/airflow/dags/review_timeout_dag.py
[2026-06-24T09:26:34.982+0000] {processor.py:840} INFO - DAG(s) 'review_timeout_dag' retrieved from /opt/airflow/dags/review_timeout_dag.py
[2026-06-24T09:26:35.308+0000] {logging_mixin.py:188} INFO - [2026-06-24T09:26:35.307+0000] {dag.py:3033} INFO - Sync 1 DAGs
[2026-06-24T09:26:35.521+0000] {logging_mixin.py:188} INFO - [2026-06-24T09:26:35.520+0000] {dag.py:3820} INFO - Setting next_dagrun for review_timeout_dag to 2026-06-23T01:00:00+00:00, run_after=2026-06-24T01:00:00+00:00
[2026-06-24T09:26:35.688+0000] {processor.py:183} INFO - Processing /opt/airflow/dags/review_timeout_dag.py took 1.065 seconds
[2026-06-24T09:27:07.734+0000] {processor.py:161} INFO - Started process (PID=1379) to work on /opt/airflow/dags/review_timeout_dag.py
[2026-06-24T09:27:07.755+0000] {processor.py:830} INFO - Processing file /opt/airflow/dags/review_timeout_dag.py for tasks to queue
[2026-06-24T09:27:07.779+0000] {logging_mixin.py:188} INFO - [2026-06-24T09:27:07.772+0000] {dagbag.py:538} INFO - Filling up the DagBag from /opt/airflow/dags/review_timeout_dag.py
[2026-06-24T09:27:08.150+0000] {processor.py:840} INFO - DAG(s) 'review_timeout_dag' retrieved from /opt/airflow/dags/review_timeout_dag.py
[2026-06-24T09:27:08.616+0000] {logging_mixin.py:188} INFO - [2026-06-24T09:27:08.612+0000] {dag.py:3033} INFO - Sync 1 DAGs
[2026-06-24T09:27:08.791+0000] {logging_mixin.py:188} INFO - [2026-06-24T09:27:08.791+0000] {dag.py:3820} INFO - Setting next_dagrun for review_timeout_dag to 2026-06-23T01:00:00+00:00, run_after=2026-06-24T01:00:00+00:00
[2026-06-24T09:27:08.956+0000] {processor.py:183} INFO - Processing /opt/airflow/dags/review_timeout_dag.py took 1.300 seconds
[2026-06-24T09:27:39.945+0000] {processor.py:161} INFO - Started process (PID=1389) to work on /opt/airflow/dags/review_timeout_dag.py
[2026-06-24T09:27:39.951+0000] {processor.py:830} INFO - Processing file /opt/airflow/dags/review_timeout_dag.py for tasks to queue
[2026-06-24T09:27:39.963+0000] {logging_mixin.py:188} INFO - [2026-06-24T09:27:39.954+0000] {dagbag.py:538} INFO - Filling up the DagBag from /opt/airflow/dags/review_timeout_dag.py
[2026-06-24T09:27:40.036+0000] {processor.py:840} INFO - DAG(s) 'review_timeout_dag' retrieved from /opt/airflow/dags/review_timeout_dag.py
[2026-06-24T09:27:40.252+0000] {logging_mixin.py:188} INFO - [2026-06-24T09:27:40.250+0000] {dag.py:3033} INFO - Sync 1 DAGs
[2026-06-24T09:27:40.617+0000] {logging_mixin.py:188} INFO - [2026-06-24T09:27:40.615+0000] {dag.py:3820} INFO - Setting next_dagrun for review_timeout_dag to 2026-06-23T01:00:00+00:00, run_after=2026-06-24T01:00:00+00:00
[2026-06-24T09:27:41.239+0000] {processor.py:183} INFO - Processing /opt/airflow/dags/review_timeout_dag.py took 1.317 seconds
[2026-06-24T09:28:11.771+0000] {processor.py:161} INFO - Started process (PID=1399) to work on /opt/airflow/dags/review_timeout_dag.py
[2026-06-24T09:28:11.796+0000] {processor.py:830} INFO - Processing file /opt/airflow/dags/review_timeout_dag.py for tasks to queue
[2026-06-24T09:28:11.820+0000] {logging_mixin.py:188} INFO - [2026-06-24T09:28:11.808+0000] {dagbag.py:538} INFO - Filling up the DagBag from /opt/airflow/dags/review_timeout_dag.py
[2026-06-24T09:28:11.963+0000] {processor.py:840} INFO - DAG(s) 'review_timeout_dag' retrieved from /opt/airflow/dags/review_timeout_dag.py
[2026-06-24T09:28:12.076+0000] {logging_mixin.py:188} INFO - [2026-06-24T09:28:12.076+0000] {dag.py:3033} INFO - Sync 1 DAGs
[2026-06-24T09:28:12.136+0000] {logging_mixin.py:188} INFO - [2026-06-24T09:28:12.136+0000] {dag.py:3820} INFO - Setting next_dagrun for review_timeout_dag to 2026-06-23T01:00:00+00:00, run_after=2026-06-24T01:00:00+00:00
[2026-06-24T09:28:12.181+0000] {processor.py:183} INFO - Processing /opt/airflow/dags/review_timeout_dag.py took 0.452 seconds
[2026-06-24T09:28:42.339+0000] {processor.py:161} INFO - Started process (PID=1409) to work on /opt/airflow/dags/review_timeout_dag.py
[2026-06-24T09:28:42.341+0000] {processor.py:830} INFO - Processing file /opt/airflow/dags/review_timeout_dag.py for tasks to queue
[2026-06-24T09:28:42.343+0000] {logging_mixin.py:188} INFO - [2026-06-24T09:28:42.342+0000] {dagbag.py:538} INFO - Filling up the DagBag from /opt/airflow/dags/review_timeout_dag.py
[2026-06-24T09:28:42.384+0000] {processor.py:840} INFO - DAG(s) 'review_timeout_dag' retrieved from /opt/airflow/dags/review_timeout_dag.py
[2026-06-24T09:28:42.454+0000] {logging_mixin.py:188} INFO - [2026-06-24T09:28:42.454+0000] {dag.py:3033} INFO - Sync 1 DAGs
[2026-06-24T09:28:42.497+0000] {logging_mixin.py:188} INFO - [2026-06-24T09:28:42.497+0000] {dag.py:3820} INFO - Setting next_dagrun for review_timeout_dag to 2026-06-23T01:00:00+00:00, run_after=2026-06-24T01:00:00+00:00
[2026-06-24T09:28:42.529+0000] {processor.py:183} INFO - Processing /opt/airflow/dags/review_timeout_dag.py took 0.199 seconds
[2026-06-24T09:29:12.761+0000] {processor.py:161} INFO - Started process (PID=1419) to work on /opt/airflow/dags/review_timeout_dag.py
[2026-06-24T09:29:12.763+0000] {processor.py:830} INFO - Processing file /opt/airflow/dags/review_timeout_dag.py for tasks to queue
[2026-06-24T09:29:12.765+0000] {logging_mixin.py:188} INFO - [2026-06-24T09:29:12.764+0000] {dagbag.py:538} INFO - Filling up the DagBag from /opt/airflow/dags/review_timeout_dag.py
[2026-06-24T09:29:12.807+0000] {processor.py:840} INFO - DAG(s) 'review_timeout_dag' retrieved from /opt/airflow/dags/review_timeout_dag.py
[2026-06-24T09:29:12.866+0000] {logging_mixin.py:188} INFO - [2026-06-24T09:29:12.866+0000] {dag.py:3033} INFO - Sync 1 DAGs
[2026-06-24T09:29:12.897+0000] {logging_mixin.py:188} INFO - [2026-06-24T09:29:12.897+0000] {dag.py:3820} INFO - Setting next_dagrun for review_timeout_dag to 2026-06-23T01:00:00+00:00, run_after=2026-06-24T01:00:00+00:00
[2026-06-24T09:29:12.927+0000] {processor.py:183} INFO - Processing /opt/airflow/dags/review_timeout_dag.py took 0.173 seconds
[2026-06-24T09:29:43.253+0000] {processor.py:161} INFO - Started process (PID=1429) to work on /opt/airflow/dags/review_timeout_dag.py
[2026-06-24T09:29:43.254+0000] {processor.py:830} INFO - Processing file /opt/airflow/dags/review_timeout_dag.py for tasks to queue
[2026-06-24T09:29:43.260+0000] {logging_mixin.py:188} INFO - [2026-06-24T09:29:43.255+0000] {dagbag.py:538} INFO - Filling up the DagBag from /opt/airflow/dags/review_timeout_dag.py
[2026-06-24T09:29:43.302+0000] {processor.py:840} INFO - DAG(s) 'review_timeout_dag' retrieved from /opt/airflow/dags/review_timeout_dag.py
[2026-06-24T09:29:43.378+0000] {logging_mixin.py:188} INFO - [2026-06-24T09:29:43.378+0000] {dag.py:3033} INFO - Sync 1 DAGs
[2026-06-24T09:29:43.432+0000] {logging_mixin.py:188} INFO - [2026-06-24T09:29:43.432+0000] {dag.py:3820} INFO - Setting next_dagrun for review_timeout_dag to 2026-06-23T01:00:00+00:00, run_after=2026-06-24T01:00:00+00:00
[2026-06-24T09:29:43.459+0000] {processor.py:183} INFO - Processing /opt/airflow/dags/review_timeout_dag.py took 0.214 seconds
[2026-06-24T09:30:13.776+0000] {processor.py:161} INFO - Started process (PID=1439) to work on /opt/airflow/dags/review_timeout_dag.py
[2026-06-24T09:30:13.777+0000] {processor.py:830} INFO - Processing file /opt/airflow/dags/review_timeout_dag.py for tasks to queue
[2026-06-24T09:30:13.779+0000] {logging_mixin.py:188} INFO - [2026-06-24T09:30:13.778+0000] {dagbag.py:538} INFO - Filling up the DagBag from /opt/airflow/dags/review_timeout_dag.py
[2026-06-24T09:30:13.805+0000] {processor.py:840} INFO - DAG(s) 'review_timeout_dag' retrieved from /opt/airflow/dags/review_timeout_dag.py
[2026-06-24T09:30:13.864+0000] {logging_mixin.py:188} INFO - [2026-06-24T09:30:13.863+0000] {dag.py:3033} INFO - Sync 1 DAGs
[2026-06-24T09:30:13.898+0000] {logging_mixin.py:188} INFO - [2026-06-24T09:30:13.898+0000] {dag.py:3820} INFO - Setting next_dagrun for review_timeout_dag to 2026-06-23T01:00:00+00:00, run_after=2026-06-24T01:00:00+00:00
[2026-06-24T09:30:13.919+0000] {processor.py:183} INFO - Processing /opt/airflow/dags/review_timeout_dag.py took 0.149 seconds
[2026-06-24T09:30:44.069+0000] {processor.py:161} INFO - Started process (PID=1449) to work on /opt/airflow/dags/review_timeout_dag.py
[2026-06-24T09:30:44.071+0000] {processor.py:830} INFO - Processing file /opt/airflow/dags/review_timeout_dag.py for tasks to queue
[2026-06-24T09:30:44.072+0000] {logging_mixin.py:188} INFO - [2026-06-24T09:30:44.072+0000] {dagbag.py:538} INFO - Filling up the DagBag from /opt/airflow/dags/review_timeout_dag.py
[2026-06-24T09:30:44.102+0000] {processor.py:840} INFO - DAG(s) 'review_timeout_dag' retrieved from /opt/airflow/dags/review_timeout_dag.py
[2026-06-24T09:30:44.158+0000] {logging_mixin.py:188} INFO - [2026-06-24T09:30:44.158+0000] {dag.py:3033} INFO - Sync 1 DAGs
[2026-06-24T09:30:44.189+0000] {logging_mixin.py:188} INFO - [2026-06-24T09:30:44.189+0000] {dag.py:3820} INFO - Setting next_dagrun for review_timeout_dag to 2026-06-23T01:00:00+00:00, run_after=2026-06-24T01:00:00+00:00
[2026-06-24T09:30:44.212+0000] {processor.py:183} INFO - Processing /opt/airflow/dags/review_timeout_dag.py took 0.150 seconds
[2026-06-24T09:31:14.402+0000] {processor.py:161} INFO - Started process (PID=1459) to work on /opt/airflow/dags/review_timeout_dag.py
[2026-06-24T09:31:14.404+0000] {processor.py:830} INFO - Processing file /opt/airflow/dags/review_timeout_dag.py for tasks to queue
[2026-06-24T09:31:14.405+0000] {logging_mixin.py:188} INFO - [2026-06-24T09:31:14.405+0000] {dagbag.py:538} INFO - Filling up the DagBag from /opt/airflow/dags/review_timeout_dag.py
[2026-06-24T09:31:14.444+0000] {processor.py:840} INFO - DAG(s) 'review_timeout_dag' retrieved from /opt/airflow/dags/review_timeout_dag.py
[2026-06-24T09:31:14.514+0000] {logging_mixin.py:188} INFO - [2026-06-24T09:31:14.514+0000] {dag.py:3033} INFO - Sync 1 DAGs
[2026-06-24T09:31:14.551+0000] {logging_mixin.py:188} INFO - [2026-06-24T09:31:14.551+0000] {dag.py:3820} INFO - Setting next_dagrun for review_timeout_dag to 2026-06-23T01:00:00+00:00, run_after=2026-06-24T01:00:00+00:00
[2026-06-24T09:31:14.575+0000] {processor.py:183} INFO - Processing /opt/airflow/dags/review_timeout_dag.py took 0.182 seconds
[2026-06-24T09:31:44.671+0000] {processor.py:161} INFO - Started process (PID=1469) to work on /opt/airflow/dags/review_timeout_dag.py
[2026-06-24T09:31:44.673+0000] {processor.py:830} INFO - Processing file /opt/airflow/dags/review_timeout_dag.py for tasks to queue
[2026-06-24T09:31:44.676+0000] {logging_mixin.py:188} INFO - [2026-06-24T09:31:44.675+0000] {dagbag.py:538} INFO - Filling up the DagBag from /opt/airflow/dags/review_timeout_dag.py
[2026-06-24T09:31:44.725+0000] {processor.py:840} INFO - DAG(s) 'review_timeout_dag' retrieved from /opt/airflow/dags/review_timeout_dag.py
[2026-06-24T09:31:44.821+0000] {logging_mixin.py:188} INFO - [2026-06-24T09:31:44.820+0000] {dag.py:3033} INFO - Sync 1 DAGs
[2026-06-24T09:31:44.929+0000] {logging_mixin.py:188} INFO - [2026-06-24T09:31:44.928+0000] {dag.py:3820} INFO - Setting next_dagrun for review_timeout_dag to 2026-06-23T01:00:00+00:00, run_after=2026-06-24T01:00:00+00:00
[2026-06-24T09:31:44.980+0000] {processor.py:183} INFO - Processing /opt/airflow/dags/review_timeout_dag.py took 0.324 seconds
[2026-06-24T09:32:15.146+0000] {processor.py:161} INFO - Started process (PID=1479) to work on /opt/airflow/dags/review_timeout_dag.py
[2026-06-24T09:32:15.147+0000] {processor.py:830} INFO - Processing file /opt/airflow/dags/review_timeout_dag.py for tasks to queue
[2026-06-24T09:32:15.149+0000] {logging_mixin.py:188} INFO - [2026-06-24T09:32:15.148+0000] {dagbag.py:538} INFO - Filling up the DagBag from /opt/airflow/dags/review_timeout_dag.py
[2026-06-24T09:32:15.188+0000] {processor.py:840} INFO - DAG(s) 'review_timeout_dag' retrieved from /opt/airflow/dags/review_timeout_dag.py
[2026-06-24T09:32:15.268+0000] {logging_mixin.py:188} INFO - [2026-06-24T09:32:15.268+0000] {dag.py:3033} INFO - Sync 1 DAGs
[2026-06-24T09:32:15.302+0000] {logging_mixin.py:188} INFO - [2026-06-24T09:32:15.302+0000] {dag.py:3820} INFO - Setting next_dagrun for review_timeout_dag to 2026-06-23T01:00:00+00:00, run_after=2026-06-24T01:00:00+00:00
[2026-06-24T09:32:15.329+0000] {processor.py:183} INFO - Processing /opt/airflow/dags/review_timeout_dag.py took 0.194 seconds
[2026-06-24T09:32:45.554+0000] {processor.py:161} INFO - Started process (PID=1489) to work on /opt/airflow/dags/review_timeout_dag.py
[2026-06-24T09:32:45.556+0000] {processor.py:830} INFO - Processing file /opt/airflow/dags/review_timeout_dag.py for tasks to queue
[2026-06-24T09:32:45.557+0000] {logging_mixin.py:188} INFO - [2026-06-24T09:32:45.557+0000] {dagbag.py:538} INFO - Filling up the DagBag from /opt/airflow/dags/review_timeout_dag.py
[2026-06-24T09:32:45.591+0000] {processor.py:840} INFO - DAG(s) 'review_timeout_dag' retrieved from /opt/airflow/dags/review_timeout_dag.py
[2026-06-24T09:32:45.676+0000] {logging_mixin.py:188} INFO - [2026-06-24T09:32:45.675+0000] {dag.py:3033} INFO - Sync 1 DAGs
[2026-06-24T09:32:45.715+0000] {logging_mixin.py:188} INFO - [2026-06-24T09:32:45.715+0000] {dag.py:3820} INFO - Setting next_dagrun for review_timeout_dag to 2026-06-23T01:00:00+00:00, run_after=2026-06-24T01:00:00+00:00
[2026-06-24T09:32:45.742+0000] {processor.py:183} INFO - Processing /opt/airflow/dags/review_timeout_dag.py took 0.202 seconds
[2026-06-24T09:33:15.981+0000] {processor.py:161} INFO - Started process (PID=1499) to work on /opt/airflow/dags/review_timeout_dag.py
[2026-06-24T09:33:15.983+0000] {processor.py:830} INFO - Processing file /opt/airflow/dags/review_timeout_dag.py for tasks to queue
[2026-06-24T09:33:15.986+0000] {logging_mixin.py:188} INFO - [2026-06-24T09:33:15.985+0000] {dagbag.py:538} INFO - Filling up the DagBag from /opt/airflow/dags/review_timeout_dag.py
[2026-06-24T09:33:16.047+0000] {processor.py:840} INFO - DAG(s) 'review_timeout_dag' retrieved from /opt/airflow/dags/review_timeout_dag.py
[2026-06-24T09:33:16.260+0000] {logging_mixin.py:188} INFO - [2026-06-24T09:33:16.259+0000] {dag.py:3033} INFO - Sync 1 DAGs
[2026-06-24T09:33:16.393+0000] {logging_mixin.py:188} INFO - [2026-06-24T09:33:16.390+0000] {dag.py:3820} INFO - Setting next_dagrun for review_timeout_dag to 2026-06-23T01:00:00+00:00, run_after=2026-06-24T01:00:00+00:00
[2026-06-24T09:33:16.440+0000] {processor.py:183} INFO - Processing /opt/airflow/dags/review_timeout_dag.py took 0.499 seconds
[2026-06-24T09:33:46.698+0000] {processor.py:161} INFO - Started process (PID=1509) to work on /opt/airflow/dags/review_timeout_dag.py
[2026-06-24T09:33:46.699+0000] {processor.py:830} INFO - Processing file /opt/airflow/dags/review_timeout_dag.py for tasks to queue
[2026-06-24T09:33:46.701+0000] {logging_mixin.py:188} INFO - [2026-06-24T09:33:46.700+0000] {dagbag.py:538} INFO - Filling up the DagBag from /opt/airflow/dags/review_timeout_dag.py
[2026-06-24T09:33:46.732+0000] {processor.py:840} INFO - DAG(s) 'review_timeout_dag' retrieved from /opt/airflow/dags/review_timeout_dag.py
[2026-06-24T09:33:46.791+0000] {logging_mixin.py:188} INFO - [2026-06-24T09:33:46.791+0000] {dag.py:3033} INFO - Sync 1 DAGs
[2026-06-24T09:33:46.832+0000] {logging_mixin.py:188} INFO - [2026-06-24T09:33:46.832+0000] {dag.py:3820} INFO - Setting next_dagrun for review_timeout_dag to 2026-06-23T01:00:00+00:00, run_after=2026-06-24T01:00:00+00:00
[2026-06-24T09:33:46.863+0000] {processor.py:183} INFO - Processing /opt/airflow/dags/review_timeout_dag.py took 0.173 seconds
[2026-06-24T09:34:17.070+0000] {processor.py:161} INFO - Started process (PID=1519) to work on /opt/airflow/dags/review_timeout_dag.py
[2026-06-24T09:34:17.074+0000] {processor.py:830} INFO - Processing file /opt/airflow/dags/review_timeout_dag.py for tasks to queue
[2026-06-24T09:34:17.077+0000] {logging_mixin.py:188} INFO - [2026-06-24T09:34:17.075+0000] {dagbag.py:538} INFO - Filling up the DagBag from /opt/airflow/dags/review_timeout_dag.py
[2026-06-24T09:34:17.171+0000] {processor.py:840} INFO - DAG(s) 'review_timeout_dag' retrieved from /opt/airflow/dags/review_timeout_dag.py
[2026-06-24T09:34:17.690+0000] {logging_mixin.py:188} INFO - [2026-06-24T09:34:17.690+0000] {dag.py:3033} INFO - Sync 1 DAGs
[2026-06-24T09:34:18.255+0000] {logging_mixin.py:188} INFO - [2026-06-24T09:34:18.254+0000] {dag.py:3820} INFO - Setting next_dagrun for review_timeout_dag to 2026-06-23T01:00:00+00:00, run_after=2026-06-24T01:00:00+00:00
[2026-06-24T09:34:18.421+0000] {processor.py:183} INFO - Processing /opt/airflow/dags/review_timeout_dag.py took 1.378 seconds
[2026-06-24T09:34:48.758+0000] {processor.py:161} INFO - Started process (PID=1529) to work on /opt/airflow/dags/review_timeout_dag.py
[2026-06-24T09:34:48.761+0000] {processor.py:830} INFO - Processing file /opt/airflow/dags/review_timeout_dag.py for tasks to queue
[2026-06-24T09:34:48.762+0000] {logging_mixin.py:188} INFO - [2026-06-24T09:34:48.762+0000] {dagbag.py:538} INFO - Filling up the DagBag from /opt/airflow/dags/review_timeout_dag.py
[2026-06-24T09:34:48.812+0000] {processor.py:840} INFO - DAG(s) 'review_timeout_dag' retrieved from /opt/airflow/dags/review_timeout_dag.py
[2026-06-24T09:34:48.873+0000] {logging_mixin.py:188} INFO - [2026-06-24T09:34:48.872+0000] {dag.py:3033} INFO - Sync 1 DAGs
[2026-06-24T09:34:48.910+0000] {logging_mixin.py:188} INFO - [2026-06-24T09:34:48.910+0000] {dag.py:3820} INFO - Setting next_dagrun for review_timeout_dag to 2026-06-23T01:00:00+00:00, run_after=2026-06-24T01:00:00+00:00
[2026-06-24T09:34:48.939+0000] {processor.py:183} INFO - Processing /opt/airflow/dags/review_timeout_dag.py took 0.193 seconds
[2026-06-24T09:35:19.049+0000] {processor.py:161} INFO - Started process (PID=1539) to work on /opt/airflow/dags/review_timeout_dag.py
[2026-06-24T09:35:19.050+0000] {processor.py:830} INFO - Processing file /opt/airflow/dags/review_timeout_dag.py for tasks to queue
[2026-06-24T09:35:19.053+0000] {logging_mixin.py:188} INFO - [2026-06-24T09:35:19.053+0000] {dagbag.py:538} INFO - Filling up the DagBag from /opt/airflow/dags/review_timeout_dag.py
[2026-06-24T09:35:19.081+0000] {processor.py:840} INFO - DAG(s) 'review_timeout_dag' retrieved from /opt/airflow/dags/review_timeout_dag.py
[2026-06-24T09:35:19.128+0000] {logging_mixin.py:188} INFO - [2026-06-24T09:35:19.128+0000] {dag.py:3033} INFO - Sync 1 DAGs
[2026-06-24T09:35:19.164+0000] {logging_mixin.py:188} INFO - [2026-06-24T09:35:19.164+0000] {dag.py:3820} INFO - Setting next_dagrun for review_timeout_dag to 2026-06-23T01:00:00+00:00, run_after=2026-06-24T01:00:00+00:00
[2026-06-24T09:35:19.189+0000] {processor.py:183} INFO - Processing /opt/airflow/dags/review_timeout_dag.py took 0.160 seconds
[2026-06-24T09:35:49.582+0000] {processor.py:161} INFO - Started process (PID=1549) to work on /opt/airflow/dags/review_timeout_dag.py
[2026-06-24T09:35:49.584+0000] {processor.py:830} INFO - Processing file /opt/airflow/dags/review_timeout_dag.py for tasks to queue
[2026-06-24T09:35:49.590+0000] {logging_mixin.py:188} INFO - [2026-06-24T09:35:49.586+0000] {dagbag.py:538} INFO - Filling up the DagBag from /opt/airflow/dags/review_timeout_dag.py
[2026-06-24T09:35:49.656+0000] {processor.py:840} INFO - DAG(s) 'review_timeout_dag' retrieved from /opt/airflow/dags/review_timeout_dag.py
[2026-06-24T09:35:49.909+0000] {logging_mixin.py:188} INFO - [2026-06-24T09:35:49.909+0000] {dag.py:3033} INFO - Sync 1 DAGs
[2026-06-24T09:35:49.990+0000] {logging_mixin.py:188} INFO - [2026-06-24T09:35:49.989+0000] {dag.py:3820} INFO - Setting next_dagrun for review_timeout_dag to 2026-06-23T01:00:00+00:00, run_after=2026-06-24T01:00:00+00:00
[2026-06-24T09:35:50.033+0000] {processor.py:183} INFO - Processing /opt/airflow/dags/review_timeout_dag.py took 0.464 seconds
[2026-06-24T09:36:20.560+0000] {processor.py:161} INFO - Started process (PID=1559) to work on /opt/airflow/dags/review_timeout_dag.py
[2026-06-24T09:36:20.563+0000] {processor.py:830} INFO - Processing file /opt/airflow/dags/review_timeout_dag.py for tasks to queue
[2026-06-24T09:36:20.570+0000] {logging_mixin.py:188} INFO - [2026-06-24T09:36:20.567+0000] {dagbag.py:538} INFO - Filling up the DagBag from /opt/airflow/dags/review_timeout_dag.py
[2026-06-24T09:36:20.649+0000] {processor.py:840} INFO - DAG(s) 'review_timeout_dag' retrieved from /opt/airflow/dags/review_timeout_dag.py
[2026-06-24T09:36:20.739+0000] {logging_mixin.py:188} INFO - [2026-06-24T09:36:20.739+0000] {dag.py:3033} INFO - Sync 1 DAGs
[2026-06-24T09:36:20.776+0000] {logging_mixin.py:188} INFO - [2026-06-24T09:36:20.776+0000] {dag.py:3820} INFO - Setting next_dagrun for review_timeout_dag to 2026-06-23T01:00:00+00:00, run_after=2026-06-24T01:00:00+00:00
[2026-06-24T09:36:20.804+0000] {processor.py:183} INFO - Processing /opt/airflow/dags/review_timeout_dag.py took 0.262 seconds
[2026-06-24T09:36:51.362+0000] {processor.py:161} INFO - Started process (PID=1569) to work on /opt/airflow/dags/review_timeout_dag.py
[2026-06-24T09:36:51.365+0000] {processor.py:830} INFO - Processing file /opt/airflow/dags/review_timeout_dag.py for tasks to queue
[2026-06-24T09:36:51.367+0000] {logging_mixin.py:188} INFO - [2026-06-24T09:36:51.366+0000] {dagbag.py:538} INFO - Filling up the DagBag from /opt/airflow/dags/review_timeout_dag.py
[2026-06-24T09:36:51.416+0000] {processor.py:840} INFO - DAG(s) 'review_timeout_dag' retrieved from /opt/airflow/dags/review_timeout_dag.py
[2026-06-24T09:36:51.506+0000] {logging_mixin.py:188} INFO - [2026-06-24T09:36:51.506+0000] {dag.py:3033} INFO - Sync 1 DAGs
[2026-06-24T09:36:51.598+0000] {logging_mixin.py:188} INFO - [2026-06-24T09:36:51.597+0000] {dag.py:3820} INFO - Setting next_dagrun for review_timeout_dag to 2026-06-23T01:00:00+00:00, run_after=2026-06-24T01:00:00+00:00
[2026-06-24T09:36:51.681+0000] {processor.py:183} INFO - Processing /opt/airflow/dags/review_timeout_dag.py took 0.331 seconds
[2026-06-24T09:37:21.866+0000] {processor.py:161} INFO - Started process (PID=1579) to work on /opt/airflow/dags/review_timeout_dag.py
[2026-06-24T09:37:21.868+0000] {processor.py:830} INFO - Processing file /opt/airflow/dags/review_timeout_dag.py for tasks to queue
[2026-06-24T09:37:21.870+0000] {logging_mixin.py:188} INFO - [2026-06-24T09:37:21.869+0000] {dagbag.py:538} INFO - Filling up the DagBag from /opt/airflow/dags/review_timeout_dag.py
[2026-06-24T09:37:22.083+0000] {processor.py:840} INFO - DAG(s) 'review_timeout_dag' retrieved from /opt/airflow/dags/review_timeout_dag.py
[2026-06-24T09:37:22.341+0000] {logging_mixin.py:188} INFO - [2026-06-24T09:37:22.341+0000] {dag.py:3033} INFO - Sync 1 DAGs
[2026-06-24T09:37:22.422+0000] {logging_mixin.py:188} INFO - [2026-06-24T09:37:22.422+0000] {dag.py:3820} INFO - Setting next_dagrun for review_timeout_dag to 2026-06-23T01:00:00+00:00, run_after=2026-06-24T01:00:00+00:00
[2026-06-24T09:37:22.471+0000] {processor.py:183} INFO - Processing /opt/airflow/dags/review_timeout_dag.py took 0.616 seconds
[2026-06-24T09:37:52.900+0000] {processor.py:161} INFO - Started process (PID=1589) to work on /opt/airflow/dags/review_timeout_dag.py
[2026-06-24T09:37:52.903+0000] {processor.py:830} INFO - Processing file /opt/airflow/dags/review_timeout_dag.py for tasks to queue
[2026-06-24T09:37:52.905+0000] {logging_mixin.py:188} INFO - [2026-06-24T09:37:52.904+0000] {dagbag.py:538} INFO - Filling up the DagBag from /opt/airflow/dags/review_timeout_dag.py
[2026-06-24T09:37:52.952+0000] {processor.py:840} INFO - DAG(s) 'review_timeout_dag' retrieved from /opt/airflow/dags/review_timeout_dag.py
[2026-06-24T09:37:53.033+0000] {logging_mixin.py:188} INFO - [2026-06-24T09:37:53.032+0000] {dag.py:3033} INFO - Sync 1 DAGs
[2026-06-24T09:37:53.065+0000] {logging_mixin.py:188} INFO - [2026-06-24T09:37:53.065+0000] {dag.py:3820} INFO - Setting next_dagrun for review_timeout_dag to 2026-06-23T01:00:00+00:00, run_after=2026-06-24T01:00:00+00:00
[2026-06-24T09:37:53.091+0000] {processor.py:183} INFO - Processing /opt/airflow/dags/review_timeout_dag.py took 0.202 seconds
[2026-06-24T09:38:23.573+0000] {processor.py:161} INFO - Started process (PID=1599) to work on /opt/airflow/dags/review_timeout_dag.py
[2026-06-24T09:38:23.578+0000] {processor.py:830} INFO - Processing file /opt/airflow/dags/review_timeout_dag.py for tasks to queue
[2026-06-24T09:38:23.585+0000] {logging_mixin.py:188} INFO - [2026-06-24T09:38:23.580+0000] {dagbag.py:538} INFO - Filling up the DagBag from /opt/airflow/dags/review_timeout_dag.py
[2026-06-24T09:38:23.795+0000] {processor.py:840} INFO - DAG(s) 'review_timeout_dag' retrieved from /opt/airflow/dags/review_timeout_dag.py
[2026-06-24T09:38:24.006+0000] {logging_mixin.py:188} INFO - [2026-06-24T09:38:24.005+0000] {dag.py:3033} INFO - Sync 1 DAGs
[2026-06-24T09:38:24.072+0000] {logging_mixin.py:188} INFO - [2026-06-24T09:38:24.071+0000] {dag.py:3820} INFO - Setting next_dagrun for review_timeout_dag to 2026-06-23T01:00:00+00:00, run_after=2026-06-24T01:00:00+00:00
[2026-06-24T09:38:24.137+0000] {processor.py:183} INFO - Processing /opt/airflow/dags/review_timeout_dag.py took 0.595 seconds
[2026-06-24T09:38:54.765+0000] {processor.py:161} INFO - Started process (PID=1609) to work on /opt/airflow/dags/review_timeout_dag.py
[2026-06-24T09:38:54.780+0000] {processor.py:830} INFO - Processing file /opt/airflow/dags/review_timeout_dag.py for tasks to queue
[2026-06-24T09:38:54.794+0000] {logging_mixin.py:188} INFO - [2026-06-24T09:38:54.788+0000] {dagbag.py:538} INFO - Filling up the DagBag from /opt/airflow/dags/review_timeout_dag.py
[2026-06-24T09:38:55.049+0000] {processor.py:840} INFO - DAG(s) 'review_timeout_dag' retrieved from /opt/airflow/dags/review_timeout_dag.py
[2026-06-24T09:38:55.379+0000] {logging_mixin.py:188} INFO - [2026-06-24T09:38:55.378+0000] {dag.py:3033} INFO - Sync 1 DAGs
[2026-06-24T09:38:55.617+0000] {logging_mixin.py:188} INFO - [2026-06-24T09:38:55.617+0000] {dag.py:3820} INFO - Setting next_dagrun for review_timeout_dag to 2026-06-23T01:00:00+00:00, run_after=2026-06-24T01:00:00+00:00
[2026-06-24T09:38:55.699+0000] {processor.py:183} INFO - Processing /opt/airflow/dags/review_timeout_dag.py took 0.993 seconds
[2026-06-24T09:39:26.319+0000] {processor.py:161} INFO - Started process (PID=1619) to work on /opt/airflow/dags/review_timeout_dag.py
[2026-06-24T09:39:26.323+0000] {processor.py:830} INFO - Processing file /opt/airflow/dags/review_timeout_dag.py for tasks to queue
[2026-06-24T09:39:26.327+0000] {logging_mixin.py:188} INFO - [2026-06-24T09:39:26.326+0000] {dagbag.py:538} INFO - Filling up the DagBag from /opt/airflow/dags/review_timeout_dag.py
[2026-06-24T09:39:26.370+0000] {processor.py:840} INFO - DAG(s) 'review_timeout_dag' retrieved from /opt/airflow/dags/review_timeout_dag.py
[2026-06-24T09:39:26.419+0000] {logging_mixin.py:188} INFO - [2026-06-24T09:39:26.419+0000] {dag.py:3033} INFO - Sync 1 DAGs
[2026-06-24T09:39:26.449+0000] {logging_mixin.py:188} INFO - [2026-06-24T09:39:26.449+0000] {dag.py:3820} INFO - Setting next_dagrun for review_timeout_dag to 2026-06-23T01:00:00+00:00, run_after=2026-06-24T01:00:00+00:00
[2026-06-24T09:39:26.474+0000] {processor.py:183} INFO - Processing /opt/airflow/dags/review_timeout_dag.py took 0.164 seconds
[2026-06-24T09:39:56.617+0000] {processor.py:161} INFO - Started process (PID=1629) to work on /opt/airflow/dags/review_timeout_dag.py
[2026-06-24T09:39:56.618+0000] {processor.py:830} INFO - Processing file /opt/airflow/dags/review_timeout_dag.py for tasks to queue
[2026-06-24T09:39:56.620+0000] {logging_mixin.py:188} INFO - [2026-06-24T09:39:56.620+0000] {dagbag.py:538} INFO - Filling up the DagBag from /opt/airflow/dags/review_timeout_dag.py
[2026-06-24T09:39:56.659+0000] {processor.py:840} INFO - DAG(s) 'review_timeout_dag' retrieved from /opt/airflow/dags/review_timeout_dag.py
[2026-06-24T09:39:56.727+0000] {logging_mixin.py:188} INFO - [2026-06-24T09:39:56.727+0000] {dag.py:3033} INFO - Sync 1 DAGs
[2026-06-24T09:39:56.768+0000] {logging_mixin.py:188} INFO - [2026-06-24T09:39:56.768+0000] {dag.py:3820} INFO - Setting next_dagrun for review_timeout_dag to 2026-06-23T01:00:00+00:00, run_after=2026-06-24T01:00:00+00:00
[2026-06-24T09:39:56.795+0000] {processor.py:183} INFO - Processing /opt/airflow/dags/review_timeout_dag.py took 0.188 seconds
[2026-06-24T09:40:27.059+0000] {processor.py:161} INFO - Started process (PID=1639) to work on /opt/airflow/dags/review_timeout_dag.py
[2026-06-24T09:40:27.060+0000] {processor.py:830} INFO - Processing file /opt/airflow/dags/review_timeout_dag.py for tasks to queue
[2026-06-24T09:40:27.062+0000] {logging_mixin.py:188} INFO - [2026-06-24T09:40:27.061+0000] {dagbag.py:538} INFO - Filling up the DagBag from /opt/airflow/dags/review_timeout_dag.py
[2026-06-24T09:40:27.103+0000] {processor.py:840} INFO - DAG(s) 'review_timeout_dag' retrieved from /opt/airflow/dags/review_timeout_dag.py
[2026-06-24T09:40:27.167+0000] {logging_mixin.py:188} INFO - [2026-06-24T09:40:27.167+0000] {dag.py:3033} INFO - Sync 1 DAGs
[2026-06-24T09:40:27.211+0000] {logging_mixin.py:188} INFO - [2026-06-24T09:40:27.211+0000] {dag.py:3820} INFO - Setting next_dagrun for review_timeout_dag to 2026-06-23T01:00:00+00:00, run_after=2026-06-24T01:00:00+00:00
[2026-06-24T09:40:27.239+0000] {processor.py:183} INFO - Processing /opt/airflow/dags/review_timeout_dag.py took 0.189 seconds
[2026-06-24T09:40:57.378+0000] {processor.py:161} INFO - Started process (PID=1649) to work on /opt/airflow/dags/review_timeout_dag.py
[2026-06-24T09:40:57.380+0000] {processor.py:830} INFO - Processing file /opt/airflow/dags/review_timeout_dag.py for tasks to queue
[2026-06-24T09:40:57.382+0000] {logging_mixin.py:188} INFO - [2026-06-24T09:40:57.381+0000] {dagbag.py:538} INFO - Filling up the DagBag from /opt/airflow/dags/review_timeout_dag.py
[2026-06-24T09:40:57.443+0000] {processor.py:840} INFO - DAG(s) 'review_timeout_dag' retrieved from /opt/airflow/dags/review_timeout_dag.py
[2026-06-24T09:40:57.498+0000] {logging_mixin.py:188} INFO - [2026-06-24T09:40:57.498+0000] {dag.py:3033} INFO - Sync 1 DAGs
[2026-06-24T09:40:57.531+0000] {logging_mixin.py:188} INFO - [2026-06-24T09:40:57.531+0000] {dag.py:3820} INFO - Setting next_dagrun for review_timeout_dag to 2026-06-23T01:00:00+00:00, run_after=2026-06-24T01:00:00+00:00
[2026-06-24T09:40:57.555+0000] {processor.py:183} INFO - Processing /opt/airflow/dags/review_timeout_dag.py took 0.190 seconds
[2026-06-24T09:41:27.839+0000] {processor.py:161} INFO - Started process (PID=1659) to work on /opt/airflow/dags/review_timeout_dag.py
[2026-06-24T09:41:27.843+0000] {processor.py:830} INFO - Processing file /opt/airflow/dags/review_timeout_dag.py for tasks to queue
[2026-06-24T09:41:27.845+0000] {logging_mixin.py:188} INFO - [2026-06-24T09:41:27.844+0000] {dagbag.py:538} INFO - Filling up the DagBag from /opt/airflow/dags/review_timeout_dag.py
[2026-06-24T09:41:27.899+0000] {processor.py:840} INFO - DAG(s) 'review_timeout_dag' retrieved from /opt/airflow/dags/review_timeout_dag.py
[2026-06-24T09:41:27.969+0000] {logging_mixin.py:188} INFO - [2026-06-24T09:41:27.969+0000] {dag.py:3033} INFO - Sync 1 DAGs
[2026-06-24T09:41:28.007+0000] {logging_mixin.py:188} INFO - [2026-06-24T09:41:28.007+0000] {dag.py:3820} INFO - Setting next_dagrun for review_timeout_dag to 2026-06-23T01:00:00+00:00, run_after=2026-06-24T01:00:00+00:00
[2026-06-24T09:41:28.033+0000] {processor.py:183} INFO - Processing /opt/airflow/dags/review_timeout_dag.py took 0.208 seconds
[2026-06-24T09:41:58.367+0000] {processor.py:161} INFO - Started process (PID=1669) to work on /opt/airflow/dags/review_timeout_dag.py
[2026-06-24T09:41:58.369+0000] {processor.py:830} INFO - Processing file /opt/airflow/dags/review_timeout_dag.py for tasks to queue
[2026-06-24T09:41:58.371+0000] {logging_mixin.py:188} INFO - [2026-06-24T09:41:58.370+0000] {dagbag.py:538} INFO - Filling up the DagBag from /opt/airflow/dags/review_timeout_dag.py
[2026-06-24T09:41:58.400+0000] {processor.py:840} INFO - DAG(s) 'review_timeout_dag' retrieved from /opt/airflow/dags/review_timeout_dag.py
[2026-06-24T09:41:58.451+0000] {logging_mixin.py:188} INFO - [2026-06-24T09:41:58.450+0000] {dag.py:3033} INFO - Sync 1 DAGs
[2026-06-24T09:41:58.480+0000] {logging_mixin.py:188} INFO - [2026-06-24T09:41:58.480+0000] {dag.py:3820} INFO - Setting next_dagrun for review_timeout_dag to 2026-06-23T01:00:00+00:00, run_after=2026-06-24T01:00:00+00:00
[2026-06-24T09:41:58.503+0000] {processor.py:183} INFO - Processing /opt/airflow/dags/review_timeout_dag.py took 0.145 seconds
[2026-06-24T09:42:28.670+0000] {processor.py:161} INFO - Started process (PID=1679) to work on /opt/airflow/dags/review_timeout_dag.py
[2026-06-24T09:42:28.671+0000] {processor.py:830} INFO - Processing file /opt/airflow/dags/review_timeout_dag.py for tasks to queue
[2026-06-24T09:42:28.673+0000] {logging_mixin.py:188} INFO - [2026-06-24T09:42:28.673+0000] {dagbag.py:538} INFO - Filling up the DagBag from /opt/airflow/dags/review_timeout_dag.py
[2026-06-24T09:42:28.698+0000] {processor.py:840} INFO - DAG(s) 'review_timeout_dag' retrieved from /opt/airflow/dags/review_timeout_dag.py
[2026-06-24T09:42:28.745+0000] {logging_mixin.py:188} INFO - [2026-06-24T09:42:28.745+0000] {dag.py:3033} INFO - Sync 1 DAGs
[2026-06-24T09:42:28.773+0000] {logging_mixin.py:188} INFO - [2026-06-24T09:42:28.773+0000] {dag.py:3820} INFO - Setting next_dagrun for review_timeout_dag to 2026-06-23T01:00:00+00:00, run_after=2026-06-24T01:00:00+00:00
[2026-06-24T09:42:28.803+0000] {processor.py:183} INFO - Processing /opt/airflow/dags/review_timeout_dag.py took 0.142 seconds
[2026-06-24T09:42:58.997+0000] {processor.py:161} INFO - Started process (PID=1689) to work on /opt/airflow/dags/review_timeout_dag.py
[2026-06-24T09:42:58.998+0000] {processor.py:830} INFO - Processing file /opt/airflow/dags/review_timeout_dag.py for tasks to queue
[2026-06-24T09:42:59.000+0000] {logging_mixin.py:188} INFO - [2026-06-24T09:42:58.999+0000] {dagbag.py:538} INFO - Filling up the DagBag from /opt/airflow/dags/review_timeout_dag.py
[2026-06-24T09:42:59.033+0000] {processor.py:840} INFO - DAG(s) 'review_timeout_dag' retrieved from /opt/airflow/dags/review_timeout_dag.py
[2026-06-24T09:42:59.084+0000] {logging_mixin.py:188} INFO - [2026-06-24T09:42:59.084+0000] {dag.py:3033} INFO - Sync 1 DAGs
[2026-06-24T09:42:59.120+0000] {logging_mixin.py:188} INFO - [2026-06-24T09:42:59.120+0000] {dag.py:3820} INFO - Setting next_dagrun for review_timeout_dag to 2026-06-23T01:00:00+00:00, run_after=2026-06-24T01:00:00+00:00
[2026-06-24T09:42:59.142+0000] {processor.py:183} INFO - Processing /opt/airflow/dags/review_timeout_dag.py took 0.154 seconds
[2026-06-24T09:43:29.429+0000] {processor.py:161} INFO - Started process (PID=1699) to work on /opt/airflow/dags/review_timeout_dag.py
[2026-06-24T09:43:29.430+0000] {processor.py:830} INFO - Processing file /opt/airflow/dags/review_timeout_dag.py for tasks to queue
[2026-06-24T09:43:29.432+0000] {logging_mixin.py:188} INFO - [2026-06-24T09:43:29.431+0000] {dagbag.py:538} INFO - Filling up the DagBag from /opt/airflow/dags/review_timeout_dag.py
[2026-06-24T09:43:29.461+0000] {processor.py:840} INFO - DAG(s) 'review_timeout_dag' retrieved from /opt/airflow/dags/review_timeout_dag.py
[2026-06-24T09:43:29.513+0000] {logging_mixin.py:188} INFO - [2026-06-24T09:43:29.513+0000] {dag.py:3033} INFO - Sync 1 DAGs
[2026-06-24T09:43:29.556+0000] {logging_mixin.py:188} INFO - [2026-06-24T09:43:29.556+0000] {dag.py:3820} INFO - Setting next_dagrun for review_timeout_dag to 2026-06-23T01:00:00+00:00, run_after=2026-06-24T01:00:00+00:00
[2026-06-24T09:43:29.581+0000] {processor.py:183} INFO - Processing /opt/airflow/dags/review_timeout_dag.py took 0.162 seconds
[2026-06-24T09:43:59.900+0000] {processor.py:161} INFO - Started process (PID=1709) to work on /opt/airflow/dags/review_timeout_dag.py
[2026-06-24T09:43:59.903+0000] {processor.py:830} INFO - Processing file /opt/airflow/dags/review_timeout_dag.py for tasks to queue
[2026-06-24T09:43:59.908+0000] {logging_mixin.py:188} INFO - [2026-06-24T09:43:59.904+0000] {dagbag.py:538} INFO - Filling up the DagBag from /opt/airflow/dags/review_timeout_dag.py
[2026-06-24T09:43:59.953+0000] {processor.py:840} INFO - DAG(s) 'review_timeout_dag' retrieved from /opt/airflow/dags/review_timeout_dag.py
[2026-06-24T09:44:00.013+0000] {logging_mixin.py:188} INFO - [2026-06-24T09:44:00.013+0000] {dag.py:3033} INFO - Sync 1 DAGs
[2026-06-24T09:44:00.064+0000] {logging_mixin.py:188} INFO - [2026-06-24T09:44:00.063+0000] {dag.py:3820} INFO - Setting next_dagrun for review_timeout_dag to 2026-06-23T01:00:00+00:00, run_after=2026-06-24T01:00:00+00:00
[2026-06-24T09:44:00.095+0000] {processor.py:183} INFO - Processing /opt/airflow/dags/review_timeout_dag.py took 0.203 seconds
[2026-06-24T09:44:30.195+0000] {processor.py:161} INFO - Started process (PID=1719) to work on /opt/airflow/dags/review_timeout_dag.py
[2026-06-24T09:44:30.196+0000] {processor.py:830} INFO - Processing file /opt/airflow/dags/review_timeout_dag.py for tasks to queue
[2026-06-24T09:44:30.198+0000] {logging_mixin.py:188} INFO - [2026-06-24T09:44:30.198+0000] {dagbag.py:538} INFO - Filling up the DagBag from /opt/airflow/dags/review_timeout_dag.py
[2026-06-24T09:44:30.241+0000] {processor.py:840} INFO - DAG(s) 'review_timeout_dag' retrieved from /opt/airflow/dags/review_timeout_dag.py
[2026-06-24T09:44:30.303+0000] {logging_mixin.py:188} INFO - [2026-06-24T09:44:30.303+0000] {dag.py:3033} INFO - Sync 1 DAGs
[2026-06-24T09:44:30.337+0000] {logging_mixin.py:188} INFO - [2026-06-24T09:44:30.337+0000] {dag.py:3820} INFO - Setting next_dagrun for review_timeout_dag to 2026-06-23T01:00:00+00:00, run_after=2026-06-24T01:00:00+00:00
[2026-06-24T09:44:30.360+0000] {processor.py:183} INFO - Processing /opt/airflow/dags/review_timeout_dag.py took 0.173 seconds
[2026-06-24T09:45:00.526+0000] {processor.py:161} INFO - Started process (PID=1729) to work on /opt/airflow/dags/review_timeout_dag.py
[2026-06-24T09:45:00.527+0000] {processor.py:830} INFO - Processing file /opt/airflow/dags/review_timeout_dag.py for tasks to queue
[2026-06-24T09:45:00.530+0000] {logging_mixin.py:188} INFO - [2026-06-24T09:45:00.530+0000] {dagbag.py:538} INFO - Filling up the DagBag from /opt/airflow/dags/review_timeout_dag.py
[2026-06-24T09:45:00.567+0000] {processor.py:840} INFO - DAG(s) 'review_timeout_dag' retrieved from /opt/airflow/dags/review_timeout_dag.py
[2026-06-24T09:45:00.684+0000] {logging_mixin.py:188} INFO - [2026-06-24T09:45:00.684+0000] {dag.py:3033} INFO - Sync 1 DAGs
[2026-06-24T09:45:00.740+0000] {logging_mixin.py:188} INFO - [2026-06-24T09:45:00.740+0000] {dag.py:3820} INFO - Setting next_dagrun for review_timeout_dag to 2026-06-23T01:00:00+00:00, run_after=2026-06-24T01:00:00+00:00
[2026-06-24T09:45:00.767+0000] {processor.py:183} INFO - Processing /opt/airflow/dags/review_timeout_dag.py took 0.251 seconds
[2026-06-24T09:45:31.002+0000] {processor.py:161} INFO - Started process (PID=1739) to work on /opt/airflow/dags/review_timeout_dag.py
[2026-06-24T09:45:31.007+0000] {processor.py:830} INFO - Processing file /opt/airflow/dags/review_timeout_dag.py for tasks to queue
[2026-06-24T09:45:31.011+0000] {logging_mixin.py:188} INFO - [2026-06-24T09:45:31.009+0000] {dagbag.py:538} INFO - Filling up the DagBag from /opt/airflow/dags/review_timeout_dag.py
[2026-06-24T09:45:31.189+0000] {processor.py:840} INFO - DAG(s) 'review_timeout_dag' retrieved from /opt/airflow/dags/review_timeout_dag.py
[2026-06-24T09:45:31.501+0000] {logging_mixin.py:188} INFO - [2026-06-24T09:45:31.500+0000] {dag.py:3033} INFO - Sync 1 DAGs
[2026-06-24T09:45:31.746+0000] {logging_mixin.py:188} INFO - [2026-06-24T09:45:31.746+0000] {dag.py:3820} INFO - Setting next_dagrun for review_timeout_dag to 2026-06-23T01:00:00+00:00, run_after=2026-06-24T01:00:00+00:00
[2026-06-24T09:45:31.843+0000] {processor.py:183} INFO - Processing /opt/airflow/dags/review_timeout_dag.py took 0.870 seconds
[2026-06-24T09:46:02.396+0000] {processor.py:161} INFO - Started process (PID=1749) to work on /opt/airflow/dags/review_timeout_dag.py
[2026-06-24T09:46:02.398+0000] {processor.py:830} INFO - Processing file /opt/airflow/dags/review_timeout_dag.py for tasks to queue
[2026-06-24T09:46:02.400+0000] {logging_mixin.py:188} INFO - [2026-06-24T09:46:02.399+0000] {dagbag.py:538} INFO - Filling up the DagBag from /opt/airflow/dags/review_timeout_dag.py
[2026-06-24T09:46:02.456+0000] {processor.py:840} INFO - DAG(s) 'review_timeout_dag' retrieved from /opt/airflow/dags/review_timeout_dag.py
[2026-06-24T09:46:02.742+0000] {logging_mixin.py:188} INFO - [2026-06-24T09:46:02.742+0000] {dag.py:3033} INFO - Sync 1 DAGs
[2026-06-24T09:46:02.791+0000] {logging_mixin.py:188} INFO - [2026-06-24T09:46:02.790+0000] {dag.py:3820} INFO - Setting next_dagrun for review_timeout_dag to 2026-06-23T01:00:00+00:00, run_after=2026-06-24T01:00:00+00:00
[2026-06-24T09:46:02.823+0000] {processor.py:183} INFO - Processing /opt/airflow/dags/review_timeout_dag.py took 0.438 seconds
[2026-06-24T09:46:33.121+0000] {processor.py:161} INFO - Started process (PID=1759) to work on /opt/airflow/dags/review_timeout_dag.py
[2026-06-24T09:46:33.122+0000] {processor.py:830} INFO - Processing file /opt/airflow/dags/review_timeout_dag.py for tasks to queue
[2026-06-24T09:46:33.125+0000] {logging_mixin.py:188} INFO - [2026-06-24T09:46:33.124+0000] {dagbag.py:538} INFO - Filling up the DagBag from /opt/airflow/dags/review_timeout_dag.py
[2026-06-24T09:46:33.174+0000] {processor.py:840} INFO - DAG(s) 'review_timeout_dag' retrieved from /opt/airflow/dags/review_timeout_dag.py
[2026-06-24T09:46:33.263+0000] {logging_mixin.py:188} INFO - [2026-06-24T09:46:33.263+0000] {dag.py:3033} INFO - Sync 1 DAGs
[2026-06-24T09:46:33.316+0000] {logging_mixin.py:188} INFO - [2026-06-24T09:46:33.316+0000] {dag.py:3820} INFO - Setting next_dagrun for review_timeout_dag to 2026-06-23T01:00:00+00:00, run_after=2026-06-24T01:00:00+00:00
[2026-06-24T09:46:33.353+0000] {processor.py:183} INFO - Processing /opt/airflow/dags/review_timeout_dag.py took 0.253 seconds
[2026-06-24T09:47:03.811+0000] {processor.py:161} INFO - Started process (PID=1769) to work on /opt/airflow/dags/review_timeout_dag.py
[2026-06-24T09:47:03.814+0000] {processor.py:830} INFO - Processing file /opt/airflow/dags/review_timeout_dag.py for tasks to queue
[2026-06-24T09:47:03.815+0000] {logging_mixin.py:188} INFO - [2026-06-24T09:47:03.815+0000] {dagbag.py:538} INFO - Filling up the DagBag from /opt/airflow/dags/review_timeout_dag.py
[2026-06-24T09:47:03.845+0000] {processor.py:840} INFO - DAG(s) 'review_timeout_dag' retrieved from /opt/airflow/dags/review_timeout_dag.py
[2026-06-24T09:47:03.906+0000] {logging_mixin.py:188} INFO - [2026-06-24T09:47:03.906+0000] {dag.py:3033} INFO - Sync 1 DAGs
[2026-06-24T09:47:03.943+0000] {logging_mixin.py:188} INFO - [2026-06-24T09:47:03.943+0000] {dag.py:3820} INFO - Setting next_dagrun for review_timeout_dag to 2026-06-23T01:00:00+00:00, run_after=2026-06-24T01:00:00+00:00
[2026-06-24T09:47:03.968+0000] {processor.py:183} INFO - Processing /opt/airflow/dags/review_timeout_dag.py took 0.164 seconds
[2026-06-24T09:47:34.159+0000] {processor.py:161} INFO - Started process (PID=1784) to work on /opt/airflow/dags/review_timeout_dag.py
[2026-06-24T09:47:34.159+0000] {processor.py:830} INFO - Processing file /opt/airflow/dags/review_timeout_dag.py for tasks to queue
[2026-06-24T09:47:34.160+0000] {logging_mixin.py:188} INFO - [2026-06-24T09:47:34.160+0000] {dagbag.py:538} INFO - Filling up the DagBag from /opt/airflow/dags/review_timeout_dag.py
[2026-06-24T09:47:34.170+0000] {processor.py:840} INFO - DAG(s) 'review_timeout_dag' retrieved from /opt/airflow/dags/review_timeout_dag.py
[2026-06-24T09:47:34.194+0000] {logging_mixin.py:188} INFO - [2026-06-24T09:47:34.194+0000] {dag.py:3033} INFO - Sync 1 DAGs
[2026-06-24T09:47:34.212+0000] {logging_mixin.py:188} INFO - [2026-06-24T09:47:34.212+0000] {dag.py:3820} INFO - Setting next_dagrun for review_timeout_dag to 2026-06-23T01:00:00+00:00, run_after=2026-06-24T01:00:00+00:00
[2026-06-24T09:47:34.228+0000] {processor.py:183} INFO - Processing /opt/airflow/dags/review_timeout_dag.py took 0.072 seconds
[2026-06-24T09:48:04.399+0000] {processor.py:161} INFO - Started process (PID=1789) to work on /opt/airflow/dags/review_timeout_dag.py
[2026-06-24T09:48:04.401+0000] {processor.py:830} INFO - Processing file /opt/airflow/dags/review_timeout_dag.py for tasks to queue
[2026-06-24T09:48:04.403+0000] {logging_mixin.py:188} INFO - [2026-06-24T09:48:04.402+0000] {dagbag.py:538} INFO - Filling up the DagBag from /opt/airflow/dags/review_timeout_dag.py
[2026-06-24T09:48:04.438+0000] {processor.py:840} INFO - DAG(s) 'review_timeout_dag' retrieved from /opt/airflow/dags/review_timeout_dag.py
[2026-06-24T09:48:04.500+0000] {logging_mixin.py:188} INFO - [2026-06-24T09:48:04.500+0000] {dag.py:3033} INFO - Sync 1 DAGs
[2026-06-24T09:48:04.539+0000] {logging_mixin.py:188} INFO - [2026-06-24T09:48:04.538+0000] {dag.py:3820} INFO - Setting next_dagrun for review_timeout_dag to 2026-06-23T01:00:00+00:00, run_after=2026-06-24T01:00:00+00:00
[2026-06-24T09:48:04.565+0000] {processor.py:183} INFO - Processing /opt/airflow/dags/review_timeout_dag.py took 0.173 seconds
[2026-06-24T09:48:34.815+0000] {processor.py:161} INFO - Started process (PID=1799) to work on /opt/airflow/dags/review_timeout_dag.py
[2026-06-24T09:48:34.817+0000] {processor.py:830} INFO - Processing file /opt/airflow/dags/review_timeout_dag.py for tasks to queue
[2026-06-24T09:48:34.818+0000] {logging_mixin.py:188} INFO - [2026-06-24T09:48:34.818+0000] {dagbag.py:538} INFO - Filling up the DagBag from /opt/airflow/dags/review_timeout_dag.py
[2026-06-24T09:48:34.844+0000] {processor.py:840} INFO - DAG(s) 'review_timeout_dag' retrieved from /opt/airflow/dags/review_timeout_dag.py
[2026-06-24T09:48:34.889+0000] {logging_mixin.py:188} INFO - [2026-06-24T09:48:34.889+0000] {dag.py:3033} INFO - Sync 1 DAGs
[2026-06-24T09:48:34.923+0000] {logging_mixin.py:188} INFO - [2026-06-24T09:48:34.923+0000] {dag.py:3820} INFO - Setting next_dagrun for review_timeout_dag to 2026-06-23T01:00:00+00:00, run_after=2026-06-24T01:00:00+00:00
[2026-06-24T09:48:34.946+0000] {processor.py:183} INFO - Processing /opt/airflow/dags/review_timeout_dag.py took 0.137 seconds
[2026-06-24T09:49:05.490+0000] {processor.py:161} INFO - Started process (PID=1809) to work on /opt/airflow/dags/review_timeout_dag.py
[2026-06-24T09:49:05.491+0000] {processor.py:830} INFO - Processing file /opt/airflow/dags/review_timeout_dag.py for tasks to queue
[2026-06-24T09:49:05.492+0000] {logging_mixin.py:188} INFO - [2026-06-24T09:49:05.492+0000] {dagbag.py:538} INFO - Filling up the DagBag from /opt/airflow/dags/review_timeout_dag.py
[2026-06-24T09:49:05.514+0000] {processor.py:840} INFO - DAG(s) 'review_timeout_dag' retrieved from /opt/airflow/dags/review_timeout_dag.py
[2026-06-24T09:49:05.559+0000] {logging_mixin.py:188} INFO - [2026-06-24T09:49:05.559+0000] {dag.py:3033} INFO - Sync 1 DAGs
[2026-06-24T09:49:05.583+0000] {logging_mixin.py:188} INFO - [2026-06-24T09:49:05.583+0000] {dag.py:3820} INFO - Setting next_dagrun for review_timeout_dag to 2026-06-23T01:00:00+00:00, run_after=2026-06-24T01:00:00+00:00
[2026-06-24T09:49:05.599+0000] {processor.py:183} INFO - Processing /opt/airflow/dags/review_timeout_dag.py took 0.115 seconds
[2026-06-24T09:49:35.918+0000] {processor.py:161} INFO - Started process (PID=1819) to work on /opt/airflow/dags/review_timeout_dag.py
[2026-06-24T09:49:35.920+0000] {processor.py:830} INFO - Processing file /opt/airflow/dags/review_timeout_dag.py for tasks to queue
[2026-06-24T09:49:35.922+0000] {logging_mixin.py:188} INFO - [2026-06-24T09:49:35.921+0000] {dagbag.py:538} INFO - Filling up the DagBag from /opt/airflow/dags/review_timeout_dag.py
[2026-06-24T09:49:35.955+0000] {processor.py:840} INFO - DAG(s) 'review_timeout_dag' retrieved from /opt/airflow/dags/review_timeout_dag.py
[2026-06-24T09:49:36.005+0000] {logging_mixin.py:188} INFO - [2026-06-24T09:49:36.004+0000] {dag.py:3033} INFO - Sync 1 DAGs
[2026-06-24T09:49:36.032+0000] {logging_mixin.py:188} INFO - [2026-06-24T09:49:36.032+0000] {dag.py:3820} INFO - Setting next_dagrun for review_timeout_dag to 2026-06-23T01:00:00+00:00, run_after=2026-06-24T01:00:00+00:00
[2026-06-24T09:49:36.060+0000] {processor.py:183} INFO - Processing /opt/airflow/dags/review_timeout_dag.py took 0.150 seconds
[2026-06-24T09:50:06.177+0000] {processor.py:161} INFO - Started process (PID=1829) to work on /opt/airflow/dags/review_timeout_dag.py
[2026-06-24T09:50:06.179+0000] {processor.py:830} INFO - Processing file /opt/airflow/dags/review_timeout_dag.py for tasks to queue
[2026-06-24T09:50:06.181+0000] {logging_mixin.py:188} INFO - [2026-06-24T09:50:06.180+0000] {dagbag.py:538} INFO - Filling up the DagBag from /opt/airflow/dags/review_timeout_dag.py
[2026-06-24T09:50:06.221+0000] {processor.py:840} INFO - DAG(s) 'review_timeout_dag' retrieved from /opt/airflow/dags/review_timeout_dag.py
[2026-06-24T09:50:06.298+0000] {logging_mixin.py:188} INFO - [2026-06-24T09:50:06.298+0000] {dag.py:3033} INFO - Sync 1 DAGs
[2026-06-24T09:50:06.345+0000] {logging_mixin.py:188} INFO - [2026-06-24T09:50:06.345+0000] {dag.py:3820} INFO - Setting next_dagrun for review_timeout_dag to 2026-06-23T01:00:00+00:00, run_after=2026-06-24T01:00:00+00:00
[2026-06-24T09:50:06.378+0000] {processor.py:183} INFO - Processing /opt/airflow/dags/review_timeout_dag.py took 0.208 seconds
[2026-06-24T09:50:36.498+0000] {processor.py:161} INFO - Started process (PID=1839) to work on /opt/airflow/dags/review_timeout_dag.py
[2026-06-24T09:50:36.500+0000] {processor.py:830} INFO - Processing file /opt/airflow/dags/review_timeout_dag.py for tasks to queue
[2026-06-24T09:50:36.501+0000] {logging_mixin.py:188} INFO - [2026-06-24T09:50:36.501+0000] {dagbag.py:538} INFO - Filling up the DagBag from /opt/airflow/dags/review_timeout_dag.py
[2026-06-24T09:50:36.538+0000] {processor.py:840} INFO - DAG(s) 'review_timeout_dag' retrieved from /opt/airflow/dags/review_timeout_dag.py
[2026-06-24T09:50:36.588+0000] {logging_mixin.py:188} INFO - [2026-06-24T09:50:36.588+0000] {dag.py:3033} INFO - Sync 1 DAGs
[2026-06-24T09:50:36.619+0000] {logging_mixin.py:188} INFO - [2026-06-24T09:50:36.619+0000] {dag.py:3820} INFO - Setting next_dagrun for review_timeout_dag to 2026-06-23T01:00:00+00:00, run_after=2026-06-24T01:00:00+00:00
[2026-06-24T09:50:36.639+0000] {processor.py:183} INFO - Processing /opt/airflow/dags/review_timeout_dag.py took 0.151 seconds
[2026-06-24T09:51:06.820+0000] {processor.py:161} INFO - Started process (PID=1849) to work on /opt/airflow/dags/review_timeout_dag.py
[2026-06-24T09:51:06.821+0000] {processor.py:830} INFO - Processing file /opt/airflow/dags/review_timeout_dag.py for tasks to queue
[2026-06-24T09:51:06.823+0000] {logging_mixin.py:188} INFO - [2026-06-24T09:51:06.822+0000] {dagbag.py:538} INFO - Filling up the DagBag from /opt/airflow/dags/review_timeout_dag.py
[2026-06-24T09:51:06.845+0000] {processor.py:840} INFO - DAG(s) 'review_timeout_dag' retrieved from /opt/airflow/dags/review_timeout_dag.py
[2026-06-24T09:51:06.901+0000] {logging_mixin.py:188} INFO - [2026-06-24T09:51:06.901+0000] {dag.py:3033} INFO - Sync 1 DAGs
[2026-06-24T09:51:06.935+0000] {logging_mixin.py:188} INFO - [2026-06-24T09:51:06.935+0000] {dag.py:3820} INFO - Setting next_dagrun for review_timeout_dag to 2026-06-23T01:00:00+00:00, run_after=2026-06-24T01:00:00+00:00
[2026-06-24T09:51:06.967+0000] {processor.py:183} INFO - Processing /opt/airflow/dags/review_timeout_dag.py took 0.152 seconds
[2026-06-24T09:51:37.072+0000] {processor.py:161} INFO - Started process (PID=1859) to work on /opt/airflow/dags/review_timeout_dag.py
[2026-06-24T09:51:37.073+0000] {processor.py:830} INFO - Processing file /opt/airflow/dags/review_timeout_dag.py for tasks to queue
[2026-06-24T09:51:37.074+0000] {logging_mixin.py:188} INFO - [2026-06-24T09:51:37.074+0000] {dagbag.py:538} INFO - Filling up the DagBag from /opt/airflow/dags/review_timeout_dag.py
[2026-06-24T09:51:37.102+0000] {processor.py:840} INFO - DAG(s) 'review_timeout_dag' retrieved from /opt/airflow/dags/review_timeout_dag.py
[2026-06-24T09:51:37.148+0000] {logging_mixin.py:188} INFO - [2026-06-24T09:51:37.148+0000] {dag.py:3033} INFO - Sync 1 DAGs
[2026-06-24T09:51:37.177+0000] {logging_mixin.py:188} INFO - [2026-06-24T09:51:37.177+0000] {dag.py:3820} INFO - Setting next_dagrun for review_timeout_dag to 2026-06-23T01:00:00+00:00, run_after=2026-06-24T01:00:00+00:00
[2026-06-24T09:51:37.201+0000] {processor.py:183} INFO - Processing /opt/airflow/dags/review_timeout_dag.py took 0.137 seconds
[2026-06-24T09:52:07.497+0000] {processor.py:161} INFO - Started process (PID=1869) to work on /opt/airflow/dags/review_timeout_dag.py
[2026-06-24T09:52:07.498+0000] {processor.py:830} INFO - Processing file /opt/airflow/dags/review_timeout_dag.py for tasks to queue
[2026-06-24T09:52:07.503+0000] {logging_mixin.py:188} INFO - [2026-06-24T09:52:07.501+0000] {dagbag.py:538} INFO - Filling up the DagBag from /opt/airflow/dags/review_timeout_dag.py
[2026-06-24T09:52:07.544+0000] {processor.py:840} INFO - DAG(s) 'review_timeout_dag' retrieved from /opt/airflow/dags/review_timeout_dag.py
[2026-06-24T09:52:07.610+0000] {logging_mixin.py:188} INFO - [2026-06-24T09:52:07.610+0000] {dag.py:3033} INFO - Sync 1 DAGs
[2026-06-24T09:52:07.659+0000] {logging_mixin.py:188} INFO - [2026-06-24T09:52:07.658+0000] {dag.py:3820} INFO - Setting next_dagrun for review_timeout_dag to 2026-06-23T01:00:00+00:00, run_after=2026-06-24T01:00:00+00:00
[2026-06-24T09:52:07.679+0000] {processor.py:183} INFO - Processing /opt/airflow/dags/review_timeout_dag.py took 0.197 seconds
[2026-06-24T09:52:37.823+0000] {processor.py:161} INFO - Started process (PID=1879) to work on /opt/airflow/dags/review_timeout_dag.py
[2026-06-24T09:52:37.832+0000] {processor.py:830} INFO - Processing file /opt/airflow/dags/review_timeout_dag.py for tasks to queue
[2026-06-24T09:52:37.836+0000] {logging_mixin.py:188} INFO - [2026-06-24T09:52:37.835+0000] {dagbag.py:538} INFO - Filling up the DagBag from /opt/airflow/dags/review_timeout_dag.py
[2026-06-24T09:52:37.910+0000] {processor.py:840} INFO - DAG(s) 'review_timeout_dag' retrieved from /opt/airflow/dags/review_timeout_dag.py
[2026-06-24T09:52:38.006+0000] {logging_mixin.py:188} INFO - [2026-06-24T09:52:38.006+0000] {dag.py:3033} INFO - Sync 1 DAGs
[2026-06-24T09:52:38.055+0000] {logging_mixin.py:188} INFO - [2026-06-24T09:52:38.055+0000] {dag.py:3820} INFO - Setting next_dagrun for review_timeout_dag to 2026-06-23T01:00:00+00:00, run_after=2026-06-24T01:00:00+00:00
[2026-06-24T09:52:38.093+0000] {processor.py:183} INFO - Processing /opt/airflow/dags/review_timeout_dag.py took 0.301 seconds
[2026-06-24T09:53:08.364+0000] {processor.py:161} INFO - Started process (PID=1889) to work on /opt/airflow/dags/review_timeout_dag.py
[2026-06-24T09:53:08.365+0000] {processor.py:830} INFO - Processing file /opt/airflow/dags/review_timeout_dag.py for tasks to queue
[2026-06-24T09:53:08.366+0000] {logging_mixin.py:188} INFO - [2026-06-24T09:53:08.366+0000] {dagbag.py:538} INFO - Filling up the DagBag from /opt/airflow/dags/review_timeout_dag.py
[2026-06-24T09:53:08.391+0000] {processor.py:840} INFO - DAG(s) 'review_timeout_dag' retrieved from /opt/airflow/dags/review_timeout_dag.py
[2026-06-24T09:53:08.439+0000] {logging_mixin.py:188} INFO - [2026-06-24T09:53:08.439+0000] {dag.py:3033} INFO - Sync 1 DAGs
[2026-06-24T09:53:08.468+0000] {logging_mixin.py:188} INFO - [2026-06-24T09:53:08.468+0000] {dag.py:3820} INFO - Setting next_dagrun for review_timeout_dag to 2026-06-23T01:00:00+00:00, run_after=2026-06-24T01:00:00+00:00
[2026-06-24T09:53:08.489+0000] {processor.py:183} INFO - Processing /opt/airflow/dags/review_timeout_dag.py took 0.139 seconds
[2026-06-24T09:53:38.809+0000] {processor.py:161} INFO - Started process (PID=1899) to work on /opt/airflow/dags/review_timeout_dag.py
[2026-06-24T09:53:38.819+0000] {processor.py:830} INFO - Processing file /opt/airflow/dags/review_timeout_dag.py for tasks to queue
[2026-06-24T09:53:38.821+0000] {logging_mixin.py:188} INFO - [2026-06-24T09:53:38.820+0000] {dagbag.py:538} INFO - Filling up the DagBag from /opt/airflow/dags/review_timeout_dag.py
[2026-06-24T09:53:38.852+0000] {processor.py:840} INFO - DAG(s) 'review_timeout_dag' retrieved from /opt/airflow/dags/review_timeout_dag.py
[2026-06-24T09:53:38.904+0000] {logging_mixin.py:188} INFO - [2026-06-24T09:53:38.904+0000] {dag.py:3033} INFO - Sync 1 DAGs
[2026-06-24T09:53:38.935+0000] {logging_mixin.py:188} INFO - [2026-06-24T09:53:38.935+0000] {dag.py:3820} INFO - Setting next_dagrun for review_timeout_dag to 2026-06-23T01:00:00+00:00, run_after=2026-06-24T01:00:00+00:00
[2026-06-24T09:53:38.954+0000] {processor.py:183} INFO - Processing /opt/airflow/dags/review_timeout_dag.py took 0.165 seconds
[2026-06-24T09:54:09.280+0000] {processor.py:161} INFO - Started process (PID=1909) to work on /opt/airflow/dags/review_timeout_dag.py
[2026-06-24T09:54:09.281+0000] {processor.py:830} INFO - Processing file /opt/airflow/dags/review_timeout_dag.py for tasks to queue
[2026-06-24T09:54:09.282+0000] {logging_mixin.py:188} INFO - [2026-06-24T09:54:09.282+0000] {dagbag.py:538} INFO - Filling up the DagBag from /opt/airflow/dags/review_timeout_dag.py
[2026-06-24T09:54:09.305+0000] {processor.py:840} INFO - DAG(s) 'review_timeout_dag' retrieved from /opt/airflow/dags/review_timeout_dag.py
[2026-06-24T09:54:09.357+0000] {logging_mixin.py:188} INFO - [2026-06-24T09:54:09.357+0000] {dag.py:3033} INFO - Sync 1 DAGs
[2026-06-24T09:54:09.387+0000] {logging_mixin.py:188} INFO - [2026-06-24T09:54:09.387+0000] {dag.py:3820} INFO - Setting next_dagrun for review_timeout_dag to 2026-06-23T01:00:00+00:00, run_after=2026-06-24T01:00:00+00:00
[2026-06-24T09:54:09.407+0000] {processor.py:183} INFO - Processing /opt/airflow/dags/review_timeout_dag.py took 0.134 seconds
[2026-06-24T09:54:39.823+0000] {processor.py:161} INFO - Started process (PID=1919) to work on /opt/airflow/dags/review_timeout_dag.py
[2026-06-24T09:54:39.830+0000] {processor.py:830} INFO - Processing file /opt/airflow/dags/review_timeout_dag.py for tasks to queue
[2026-06-24T09:54:39.832+0000] {logging_mixin.py:188} INFO - [2026-06-24T09:54:39.831+0000] {dagbag.py:538} INFO - Filling up the DagBag from /opt/airflow/dags/review_timeout_dag.py
[2026-06-24T09:54:39.877+0000] {processor.py:840} INFO - DAG(s) 'review_timeout_dag' retrieved from /opt/airflow/dags/review_timeout_dag.py
[2026-06-24T09:54:39.933+0000] {logging_mixin.py:188} INFO - [2026-06-24T09:54:39.933+0000] {dag.py:3033} INFO - Sync 1 DAGs
[2026-06-24T09:54:39.971+0000] {logging_mixin.py:188} INFO - [2026-06-24T09:54:39.971+0000] {dag.py:3820} INFO - Setting next_dagrun for review_timeout_dag to 2026-06-23T01:00:00+00:00, run_after=2026-06-24T01:00:00+00:00
[2026-06-24T09:54:40.016+0000] {processor.py:183} INFO - Processing /opt/airflow/dags/review_timeout_dag.py took 0.211 seconds
[2026-06-24T09:55:10.198+0000] {processor.py:161} INFO - Started process (PID=1929) to work on /opt/airflow/dags/review_timeout_dag.py
[2026-06-24T09:55:10.199+0000] {processor.py:830} INFO - Processing file /opt/airflow/dags/review_timeout_dag.py for tasks to queue
[2026-06-24T09:55:10.201+0000] {logging_mixin.py:188} INFO - [2026-06-24T09:55:10.200+0000] {dagbag.py:538} INFO - Filling up the DagBag from /opt/airflow/dags/review_timeout_dag.py
[2026-06-24T09:55:10.229+0000] {processor.py:840} INFO - DAG(s) 'review_timeout_dag' retrieved from /opt/airflow/dags/review_timeout_dag.py
[2026-06-24T09:55:10.277+0000] {logging_mixin.py:188} INFO - [2026-06-24T09:55:10.277+0000] {dag.py:3033} INFO - Sync 1 DAGs
[2026-06-24T09:55:10.366+0000] {logging_mixin.py:188} INFO - [2026-06-24T09:55:10.365+0000] {dag.py:3820} INFO - Setting next_dagrun for review_timeout_dag to 2026-06-23T01:00:00+00:00, run_after=2026-06-24T01:00:00+00:00
[2026-06-24T09:55:10.438+0000] {processor.py:183} INFO - Processing /opt/airflow/dags/review_timeout_dag.py took 0.251 seconds
[2026-06-24T09:55:40.654+0000] {processor.py:161} INFO - Started process (PID=1939) to work on /opt/airflow/dags/review_timeout_dag.py
[2026-06-24T09:55:40.655+0000] {processor.py:830} INFO - Processing file /opt/airflow/dags/review_timeout_dag.py for tasks to queue
[2026-06-24T09:55:40.656+0000] {logging_mixin.py:188} INFO - [2026-06-24T09:55:40.656+0000] {dagbag.py:538} INFO - Filling up the DagBag from /opt/airflow/dags/review_timeout_dag.py
[2026-06-24T09:55:40.700+0000] {processor.py:840} INFO - DAG(s) 'review_timeout_dag' retrieved from /opt/airflow/dags/review_timeout_dag.py
[2026-06-24T09:55:40.744+0000] {logging_mixin.py:188} INFO - [2026-06-24T09:55:40.744+0000] {dag.py:3033} INFO - Sync 1 DAGs
[2026-06-24T09:55:40.767+0000] {logging_mixin.py:188} INFO - [2026-06-24T09:55:40.766+0000] {dag.py:3820} INFO - Setting next_dagrun for review_timeout_dag to 2026-06-23T01:00:00+00:00, run_after=2026-06-24T01:00:00+00:00
[2026-06-24T09:55:40.789+0000] {processor.py:183} INFO - Processing /opt/airflow/dags/review_timeout_dag.py took 0.142 seconds
[2026-06-24T09:56:11.116+0000] {processor.py:161} INFO - Started process (PID=1949) to work on /opt/airflow/dags/review_timeout_dag.py
[2026-06-24T09:56:11.118+0000] {processor.py:830} INFO - Processing file /opt/airflow/dags/review_timeout_dag.py for tasks to queue
[2026-06-24T09:56:11.119+0000] {logging_mixin.py:188} INFO - [2026-06-24T09:56:11.118+0000] {dagbag.py:538} INFO - Filling up the DagBag from /opt/airflow/dags/review_timeout_dag.py
[2026-06-24T09:56:11.151+0000] {processor.py:840} INFO - DAG(s) 'review_timeout_dag' retrieved from /opt/airflow/dags/review_timeout_dag.py
[2026-06-24T09:56:11.239+0000] {logging_mixin.py:188} INFO - [2026-06-24T09:56:11.239+0000] {dag.py:3033} INFO - Sync 1 DAGs
[2026-06-24T09:56:11.308+0000] {logging_mixin.py:188} INFO - [2026-06-24T09:56:11.308+0000] {dag.py:3820} INFO - Setting next_dagrun for review_timeout_dag to 2026-06-23T01:00:00+00:00, run_after=2026-06-24T01:00:00+00:00
[2026-06-24T09:56:11.359+0000] {processor.py:183} INFO - Processing /opt/airflow/dags/review_timeout_dag.py took 0.257 seconds
[2026-06-24T09:56:41.636+0000] {processor.py:161} INFO - Started process (PID=1959) to work on /opt/airflow/dags/review_timeout_dag.py
[2026-06-24T09:56:41.638+0000] {processor.py:830} INFO - Processing file /opt/airflow/dags/review_timeout_dag.py for tasks to queue
[2026-06-24T09:56:41.642+0000] {logging_mixin.py:188} INFO - [2026-06-24T09:56:41.641+0000] {dagbag.py:538} INFO - Filling up the DagBag from /opt/airflow/dags/review_timeout_dag.py
[2026-06-24T09:56:41.696+0000] {processor.py:840} INFO - DAG(s) 'review_timeout_dag' retrieved from /opt/airflow/dags/review_timeout_dag.py
[2026-06-24T09:56:41.798+0000] {logging_mixin.py:188} INFO - [2026-06-24T09:56:41.798+0000] {dag.py:3033} INFO - Sync 1 DAGs
[2026-06-24T09:56:41.836+0000] {logging_mixin.py:188} INFO - [2026-06-24T09:56:41.835+0000] {dag.py:3820} INFO - Setting next_dagrun for review_timeout_dag to 2026-06-23T01:00:00+00:00, run_after=2026-06-24T01:00:00+00:00
[2026-06-24T09:56:41.855+0000] {processor.py:183} INFO - Processing /opt/airflow/dags/review_timeout_dag.py took 0.242 seconds
[2026-06-24T09:57:11.922+0000] {processor.py:161} INFO - Started process (PID=1969) to work on /opt/airflow/dags/review_timeout_dag.py
[2026-06-24T09:57:11.923+0000] {processor.py:830} INFO - Processing file /opt/airflow/dags/review_timeout_dag.py for tasks to queue
[2026-06-24T09:57:11.924+0000] {logging_mixin.py:188} INFO - [2026-06-24T09:57:11.924+0000] {dagbag.py:538} INFO - Filling up the DagBag from /opt/airflow/dags/review_timeout_dag.py
[2026-06-24T09:57:11.950+0000] {processor.py:840} INFO - DAG(s) 'review_timeout_dag' retrieved from /opt/airflow/dags/review_timeout_dag.py
[2026-06-24T09:57:11.990+0000] {logging_mixin.py:188} INFO - [2026-06-24T09:57:11.990+0000] {dag.py:3033} INFO - Sync 1 DAGs
[2026-06-24T09:57:12.016+0000] {logging_mixin.py:188} INFO - [2026-06-24T09:57:12.016+0000] {dag.py:3820} INFO - Setting next_dagrun for review_timeout_dag to 2026-06-23T01:00:00+00:00, run_after=2026-06-24T01:00:00+00:00
[2026-06-24T09:57:12.044+0000] {processor.py:183} INFO - Processing /opt/airflow/dags/review_timeout_dag.py took 0.127 seconds
[2026-06-24T09:57:42.281+0000] {processor.py:161} INFO - Started process (PID=1979) to work on /opt/airflow/dags/review_timeout_dag.py
[2026-06-24T09:57:42.288+0000] {processor.py:830} INFO - Processing file /opt/airflow/dags/review_timeout_dag.py for tasks to queue
[2026-06-24T09:57:42.295+0000] {logging_mixin.py:188} INFO - [2026-06-24T09:57:42.292+0000] {dagbag.py:538} INFO - Filling up the DagBag from /opt/airflow/dags/review_timeout_dag.py
[2026-06-24T09:57:42.341+0000] {processor.py:840} INFO - DAG(s) 'review_timeout_dag' retrieved from /opt/airflow/dags/review_timeout_dag.py
[2026-06-24T09:57:42.390+0000] {logging_mixin.py:188} INFO - [2026-06-24T09:57:42.390+0000] {dag.py:3033} INFO - Sync 1 DAGs
[2026-06-24T09:57:42.425+0000] {logging_mixin.py:188} INFO - [2026-06-24T09:57:42.425+0000] {dag.py:3820} INFO - Setting next_dagrun for review_timeout_dag to 2026-06-23T01:00:00+00:00, run_after=2026-06-24T01:00:00+00:00
[2026-06-24T09:57:42.443+0000] {processor.py:183} INFO - Processing /opt/airflow/dags/review_timeout_dag.py took 0.219 seconds
[2026-06-24T09:58:12.543+0000] {processor.py:161} INFO - Started process (PID=1989) to work on /opt/airflow/dags/review_timeout_dag.py
[2026-06-24T09:58:12.546+0000] {processor.py:830} INFO - Processing file /opt/airflow/dags/review_timeout_dag.py for tasks to queue
[2026-06-24T09:58:12.549+0000] {logging_mixin.py:188} INFO - [2026-06-24T09:58:12.547+0000] {dagbag.py:538} INFO - Filling up the DagBag from /opt/airflow/dags/review_timeout_dag.py
[2026-06-24T09:58:12.598+0000] {processor.py:840} INFO - DAG(s) 'review_timeout_dag' retrieved from /opt/airflow/dags/review_timeout_dag.py
[2026-06-24T09:58:12.654+0000] {logging_mixin.py:188} INFO - [2026-06-24T09:58:12.654+0000] {dag.py:3033} INFO - Sync 1 DAGs
[2026-06-24T09:58:12.681+0000] {logging_mixin.py:188} INFO - [2026-06-24T09:58:12.681+0000] {dag.py:3820} INFO - Setting next_dagrun for review_timeout_dag to 2026-06-23T01:00:00+00:00, run_after=2026-06-24T01:00:00+00:00
[2026-06-24T09:58:12.704+0000] {processor.py:183} INFO - Processing /opt/airflow/dags/review_timeout_dag.py took 0.169 seconds
[2026-06-24T09:58:43.132+0000] {processor.py:161} INFO - Started process (PID=1999) to work on /opt/airflow/dags/review_timeout_dag.py
[2026-06-24T09:58:43.134+0000] {processor.py:830} INFO - Processing file /opt/airflow/dags/review_timeout_dag.py for tasks to queue
[2026-06-24T09:58:43.136+0000] {logging_mixin.py:188} INFO - [2026-06-24T09:58:43.135+0000] {dagbag.py:538} INFO - Filling up the DagBag from /opt/airflow/dags/review_timeout_dag.py
[2026-06-24T09:58:43.182+0000] {processor.py:840} INFO - DAG(s) 'review_timeout_dag' retrieved from /opt/airflow/dags/review_timeout_dag.py
[2026-06-24T09:58:43.250+0000] {logging_mixin.py:188} INFO - [2026-06-24T09:58:43.249+0000] {dag.py:3033} INFO - Sync 1 DAGs
[2026-06-24T09:58:43.288+0000] {logging_mixin.py:188} INFO - [2026-06-24T09:58:43.287+0000] {dag.py:3820} INFO - Setting next_dagrun for review_timeout_dag to 2026-06-23T01:00:00+00:00, run_after=2026-06-24T01:00:00+00:00
[2026-06-24T09:58:43.309+0000] {processor.py:183} INFO - Processing /opt/airflow/dags/review_timeout_dag.py took 0.188 seconds
[2026-06-24T09:59:13.490+0000] {processor.py:161} INFO - Started process (PID=2009) to work on /opt/airflow/dags/review_timeout_dag.py
[2026-06-24T09:59:13.493+0000] {processor.py:830} INFO - Processing file /opt/airflow/dags/review_timeout_dag.py for tasks to queue
[2026-06-24T09:59:13.495+0000] {logging_mixin.py:188} INFO - [2026-06-24T09:59:13.494+0000] {dagbag.py:538} INFO - Filling up the DagBag from /opt/airflow/dags/review_timeout_dag.py
[2026-06-24T09:59:13.542+0000] {processor.py:840} INFO - DAG(s) 'review_timeout_dag' retrieved from /opt/airflow/dags/review_timeout_dag.py
[2026-06-24T09:59:13.601+0000] {logging_mixin.py:188} INFO - [2026-06-24T09:59:13.601+0000] {dag.py:3033} INFO - Sync 1 DAGs
[2026-06-24T09:59:13.637+0000] {logging_mixin.py:188} INFO - [2026-06-24T09:59:13.637+0000] {dag.py:3820} INFO - Setting next_dagrun for review_timeout_dag to 2026-06-23T01:00:00+00:00, run_after=2026-06-24T01:00:00+00:00
[2026-06-24T09:59:13.656+0000] {processor.py:183} INFO - Processing /opt/airflow/dags/review_timeout_dag.py took 0.176 seconds
[2026-06-24T09:59:43.811+0000] {processor.py:161} INFO - Started process (PID=2019) to work on /opt/airflow/dags/review_timeout_dag.py
[2026-06-24T09:59:43.813+0000] {processor.py:830} INFO - Processing file /opt/airflow/dags/review_timeout_dag.py for tasks to queue
[2026-06-24T09:59:43.814+0000] {logging_mixin.py:188} INFO - [2026-06-24T09:59:43.814+0000] {dagbag.py:538} INFO - Filling up the DagBag from /opt/airflow/dags/review_timeout_dag.py
[2026-06-24T09:59:43.839+0000] {processor.py:840} INFO - DAG(s) 'review_timeout_dag' retrieved from /opt/airflow/dags/review_timeout_dag.py
[2026-06-24T09:59:43.881+0000] {logging_mixin.py:188} INFO - [2026-06-24T09:59:43.881+0000] {dag.py:3033} INFO - Sync 1 DAGs
[2026-06-24T09:59:43.910+0000] {logging_mixin.py:188} INFO - [2026-06-24T09:59:43.909+0000] {dag.py:3820} INFO - Setting next_dagrun for review_timeout_dag to 2026-06-23T01:00:00+00:00, run_after=2026-06-24T01:00:00+00:00
[2026-06-24T09:59:43.932+0000] {processor.py:183} INFO - Processing /opt/airflow/dags/review_timeout_dag.py took 0.130 seconds
[2026-06-24T10:00:14.104+0000] {processor.py:161} INFO - Started process (PID=2029) to work on /opt/airflow/dags/review_timeout_dag.py
[2026-06-24T10:00:14.107+0000] {processor.py:830} INFO - Processing file /opt/airflow/dags/review_timeout_dag.py for tasks to queue
[2026-06-24T10:00:14.109+0000] {logging_mixin.py:188} INFO - [2026-06-24T10:00:14.108+0000] {dagbag.py:538} INFO - Filling up the DagBag from /opt/airflow/dags/review_timeout_dag.py
[2026-06-24T10:00:14.146+0000] {processor.py:840} INFO - DAG(s) 'review_timeout_dag' retrieved from /opt/airflow/dags/review_timeout_dag.py
[2026-06-24T10:00:14.217+0000] {logging_mixin.py:188} INFO - [2026-06-24T10:00:14.216+0000] {dag.py:3033} INFO - Sync 1 DAGs
[2026-06-24T10:00:14.248+0000] {logging_mixin.py:188} INFO - [2026-06-24T10:00:14.248+0000] {dag.py:3820} INFO - Setting next_dagrun for review_timeout_dag to 2026-06-23T01:00:00+00:00, run_after=2026-06-24T01:00:00+00:00
[2026-06-24T10:00:14.355+0000] {processor.py:183} INFO - Processing /opt/airflow/dags/review_timeout_dag.py took 0.260 seconds
[2026-06-24T10:00:44.836+0000] {processor.py:161} INFO - Started process (PID=2039) to work on /opt/airflow/dags/review_timeout_dag.py
[2026-06-24T10:00:44.853+0000] {processor.py:830} INFO - Processing file /opt/airflow/dags/review_timeout_dag.py for tasks to queue
[2026-06-24T10:00:44.856+0000] {logging_mixin.py:188} INFO - [2026-06-24T10:00:44.855+0000] {dagbag.py:538} INFO - Filling up the DagBag from /opt/airflow/dags/review_timeout_dag.py
[2026-06-24T10:00:44.915+0000] {processor.py:840} INFO - DAG(s) 'review_timeout_dag' retrieved from /opt/airflow/dags/review_timeout_dag.py
[2026-06-24T10:00:45.004+0000] {logging_mixin.py:188} INFO - [2026-06-24T10:00:45.003+0000] {dag.py:3033} INFO - Sync 1 DAGs
[2026-06-24T10:00:45.045+0000] {logging_mixin.py:188} INFO - [2026-06-24T10:00:45.045+0000] {dag.py:3820} INFO - Setting next_dagrun for review_timeout_dag to 2026-06-23T01:00:00+00:00, run_after=2026-06-24T01:00:00+00:00
[2026-06-24T10:00:45.069+0000] {processor.py:183} INFO - Processing /opt/airflow/dags/review_timeout_dag.py took 0.286 seconds
[2026-06-24T10:01:15.272+0000] {processor.py:161} INFO - Started process (PID=2049) to work on /opt/airflow/dags/review_timeout_dag.py
[2026-06-24T10:01:15.274+0000] {processor.py:830} INFO - Processing file /opt/airflow/dags/review_timeout_dag.py for tasks to queue
[2026-06-24T10:01:15.276+0000] {logging_mixin.py:188} INFO - [2026-06-24T10:01:15.275+0000] {dagbag.py:538} INFO - Filling up the DagBag from /opt/airflow/dags/review_timeout_dag.py
[2026-06-24T10:01:15.332+0000] {processor.py:840} INFO - DAG(s) 'review_timeout_dag' retrieved from /opt/airflow/dags/review_timeout_dag.py
[2026-06-24T10:01:15.449+0000] {logging_mixin.py:188} INFO - [2026-06-24T10:01:15.449+0000] {dag.py:3033} INFO - Sync 1 DAGs
[2026-06-24T10:01:15.493+0000] {logging_mixin.py:188} INFO - [2026-06-24T10:01:15.493+0000] {dag.py:3820} INFO - Setting next_dagrun for review_timeout_dag to 2026-06-23T01:00:00+00:00, run_after=2026-06-24T01:00:00+00:00
[2026-06-24T10:01:15.528+0000] {processor.py:183} INFO - Processing /opt/airflow/dags/review_timeout_dag.py took 0.264 seconds
[2026-06-24T10:01:46.085+0000] {processor.py:161} INFO - Started process (PID=2059) to work on /opt/airflow/dags/review_timeout_dag.py
[2026-06-24T10:01:46.088+0000] {processor.py:830} INFO - Processing file /opt/airflow/dags/review_timeout_dag.py for tasks to queue
[2026-06-24T10:01:46.090+0000] {logging_mixin.py:188} INFO - [2026-06-24T10:01:46.089+0000] {dagbag.py:538} INFO - Filling up the DagBag from /opt/airflow/dags/review_timeout_dag.py
[2026-06-24T10:01:46.135+0000] {processor.py:840} INFO - DAG(s) 'review_timeout_dag' retrieved from /opt/airflow/dags/review_timeout_dag.py
[2026-06-24T10:01:46.234+0000] {logging_mixin.py:188} INFO - [2026-06-24T10:01:46.234+0000] {dag.py:3033} INFO - Sync 1 DAGs
[2026-06-24T10:01:46.327+0000] {logging_mixin.py:188} INFO - [2026-06-24T10:01:46.327+0000] {dag.py:3820} INFO - Setting next_dagrun for review_timeout_dag to 2026-06-23T01:00:00+00:00, run_after=2026-06-24T01:00:00+00:00
[2026-06-24T10:01:46.364+0000] {processor.py:183} INFO - Processing /opt/airflow/dags/review_timeout_dag.py took 0.291 seconds
[2026-06-24T10:02:16.864+0000] {processor.py:161} INFO - Started process (PID=2069) to work on /opt/airflow/dags/review_timeout_dag.py
[2026-06-24T10:02:16.869+0000] {processor.py:830} INFO - Processing file /opt/airflow/dags/review_timeout_dag.py for tasks to queue
[2026-06-24T10:02:16.871+0000] {logging_mixin.py:188} INFO - [2026-06-24T10:02:16.870+0000] {dagbag.py:538} INFO - Filling up the DagBag from /opt/airflow/dags/review_timeout_dag.py
[2026-06-24T10:02:16.918+0000] {processor.py:840} INFO - DAG(s) 'review_timeout_dag' retrieved from /opt/airflow/dags/review_timeout_dag.py
[2026-06-24T10:02:16.981+0000] {logging_mixin.py:188} INFO - [2026-06-24T10:02:16.981+0000] {dag.py:3033} INFO - Sync 1 DAGs
[2026-06-24T10:02:17.017+0000] {logging_mixin.py:188} INFO - [2026-06-24T10:02:17.017+0000] {dag.py:3820} INFO - Setting next_dagrun for review_timeout_dag to 2026-06-23T01:00:00+00:00, run_after=2026-06-24T01:00:00+00:00
[2026-06-24T10:02:17.053+0000] {processor.py:183} INFO - Processing /opt/airflow/dags/review_timeout_dag.py took 0.195 seconds
[2026-06-24T10:02:48.273+0000] {processor.py:161} INFO - Started process (PID=2079) to work on /opt/airflow/dags/review_timeout_dag.py
[2026-06-24T10:02:48.287+0000] {processor.py:830} INFO - Processing file /opt/airflow/dags/review_timeout_dag.py for tasks to queue
[2026-06-24T10:02:48.304+0000] {logging_mixin.py:188} INFO - [2026-06-24T10:02:48.302+0000] {dagbag.py:538} INFO - Filling up the DagBag from /opt/airflow/dags/review_timeout_dag.py
[2026-06-24T10:02:48.452+0000] {processor.py:840} INFO - DAG(s) 'review_timeout_dag' retrieved from /opt/airflow/dags/review_timeout_dag.py
[2026-06-24T10:02:48.798+0000] {logging_mixin.py:188} INFO - [2026-06-24T10:02:48.795+0000] {dag.py:3033} INFO - Sync 1 DAGs
[2026-06-24T10:02:48.957+0000] {logging_mixin.py:188} INFO - [2026-06-24T10:02:48.957+0000] {dag.py:3820} INFO - Setting next_dagrun for review_timeout_dag to 2026-06-23T01:00:00+00:00, run_after=2026-06-24T01:00:00+00:00
[2026-06-24T10:02:49.024+0000] {processor.py:183} INFO - Processing /opt/airflow/dags/review_timeout_dag.py took 0.803 seconds
[2026-06-24T10:03:20.197+0000] {processor.py:161} INFO - Started process (PID=2089) to work on /opt/airflow/dags/review_timeout_dag.py
[2026-06-24T10:03:20.202+0000] {processor.py:830} INFO - Processing file /opt/airflow/dags/review_timeout_dag.py for tasks to queue
[2026-06-24T10:03:20.204+0000] {logging_mixin.py:188} INFO - [2026-06-24T10:03:20.203+0000] {dagbag.py:538} INFO - Filling up the DagBag from /opt/airflow/dags/review_timeout_dag.py
[2026-06-24T10:03:20.660+0000] {processor.py:840} INFO - DAG(s) 'review_timeout_dag' retrieved from /opt/airflow/dags/review_timeout_dag.py
[2026-06-24T10:03:20.922+0000] {logging_mixin.py:188} INFO - [2026-06-24T10:03:20.922+0000] {dag.py:3033} INFO - Sync 1 DAGs
[2026-06-24T10:03:21.047+0000] {logging_mixin.py:188} INFO - [2026-06-24T10:03:21.046+0000] {dag.py:3820} INFO - Setting next_dagrun for review_timeout_dag to 2026-06-23T01:00:00+00:00, run_after=2026-06-24T01:00:00+00:00
[2026-06-24T10:03:21.109+0000] {processor.py:183} INFO - Processing /opt/airflow/dags/review_timeout_dag.py took 0.936 seconds
[2026-06-24T10:03:52.653+0000] {processor.py:161} INFO - Started process (PID=2099) to work on /opt/airflow/dags/review_timeout_dag.py
[2026-06-24T10:03:52.677+0000] {processor.py:830} INFO - Processing file /opt/airflow/dags/review_timeout_dag.py for tasks to queue
[2026-06-24T10:03:52.696+0000] {logging_mixin.py:188} INFO - [2026-06-24T10:03:52.689+0000] {dagbag.py:538} INFO - Filling up the DagBag from /opt/airflow/dags/review_timeout_dag.py
[2026-06-24T10:03:52.952+0000] {processor.py:840} INFO - DAG(s) 'review_timeout_dag' retrieved from /opt/airflow/dags/review_timeout_dag.py
[2026-06-24T10:03:53.406+0000] {logging_mixin.py:188} INFO - [2026-06-24T10:03:53.405+0000] {dag.py:3033} INFO - Sync 1 DAGs
[2026-06-24T10:03:53.533+0000] {logging_mixin.py:188} INFO - [2026-06-24T10:03:53.532+0000] {dag.py:3820} INFO - Setting next_dagrun for review_timeout_dag to 2026-06-23T01:00:00+00:00, run_after=2026-06-24T01:00:00+00:00
[2026-06-24T10:03:53.635+0000] {processor.py:183} INFO - Processing /opt/airflow/dags/review_timeout_dag.py took 1.097 seconds
[2026-06-24T10:04:24.597+0000] {processor.py:161} INFO - Started process (PID=2109) to work on /opt/airflow/dags/review_timeout_dag.py
[2026-06-24T10:04:24.607+0000] {processor.py:830} INFO - Processing file /opt/airflow/dags/review_timeout_dag.py for tasks to queue
[2026-06-24T10:04:24.609+0000] {logging_mixin.py:188} INFO - [2026-06-24T10:04:24.608+0000] {dagbag.py:538} INFO - Filling up the DagBag from /opt/airflow/dags/review_timeout_dag.py
[2026-06-24T10:04:24.676+0000] {processor.py:840} INFO - DAG(s) 'review_timeout_dag' retrieved from /opt/airflow/dags/review_timeout_dag.py
[2026-06-24T10:04:24.825+0000] {logging_mixin.py:188} INFO - [2026-06-24T10:04:24.825+0000] {dag.py:3033} INFO - Sync 1 DAGs
[2026-06-24T10:04:24.891+0000] {logging_mixin.py:188} INFO - [2026-06-24T10:04:24.891+0000] {dag.py:3820} INFO - Setting next_dagrun for review_timeout_dag to 2026-06-23T01:00:00+00:00, run_after=2026-06-24T01:00:00+00:00
[2026-06-24T10:04:24.941+0000] {processor.py:183} INFO - Processing /opt/airflow/dags/review_timeout_dag.py took 0.370 seconds
[2026-06-24T10:04:55.453+0000] {processor.py:161} INFO - Started process (PID=2119) to work on /opt/airflow/dags/review_timeout_dag.py
[2026-06-24T10:04:55.457+0000] {processor.py:830} INFO - Processing file /opt/airflow/dags/review_timeout_dag.py for tasks to queue
[2026-06-24T10:04:55.463+0000] {logging_mixin.py:188} INFO - [2026-06-24T10:04:55.460+0000] {dagbag.py:538} INFO - Filling up the DagBag from /opt/airflow/dags/review_timeout_dag.py
[2026-06-24T10:04:55.522+0000] {processor.py:840} INFO - DAG(s) 'review_timeout_dag' retrieved from /opt/airflow/dags/review_timeout_dag.py
[2026-06-24T10:04:55.627+0000] {logging_mixin.py:188} INFO - [2026-06-24T10:04:55.626+0000] {dag.py:3033} INFO - Sync 1 DAGs
[2026-06-24T10:04:55.682+0000] {logging_mixin.py:188} INFO - [2026-06-24T10:04:55.682+0000] {dag.py:3820} INFO - Setting next_dagrun for review_timeout_dag to 2026-06-23T01:00:00+00:00, run_after=2026-06-24T01:00:00+00:00
[2026-06-24T10:04:55.733+0000] {processor.py:183} INFO - Processing /opt/airflow/dags/review_timeout_dag.py took 0.295 seconds
[2026-06-24T10:05:26.081+0000] {processor.py:161} INFO - Started process (PID=2129) to work on /opt/airflow/dags/review_timeout_dag.py
[2026-06-24T10:05:26.085+0000] {processor.py:830} INFO - Processing file /opt/airflow/dags/review_timeout_dag.py for tasks to queue
[2026-06-24T10:05:26.094+0000] {logging_mixin.py:188} INFO - [2026-06-24T10:05:26.092+0000] {dagbag.py:538} INFO - Filling up the DagBag from /opt/airflow/dags/review_timeout_dag.py
[2026-06-24T10:05:26.151+0000] {processor.py:840} INFO - DAG(s) 'review_timeout_dag' retrieved from /opt/airflow/dags/review_timeout_dag.py
[2026-06-24T10:05:26.248+0000] {logging_mixin.py:188} INFO - [2026-06-24T10:05:26.248+0000] {dag.py:3033} INFO - Sync 1 DAGs
[2026-06-24T10:05:26.312+0000] {logging_mixin.py:188} INFO - [2026-06-24T10:05:26.312+0000] {dag.py:3820} INFO - Setting next_dagrun for review_timeout_dag to 2026-06-23T01:00:00+00:00, run_after=2026-06-24T01:00:00+00:00
[2026-06-24T10:05:26.361+0000] {processor.py:183} INFO - Processing /opt/airflow/dags/review_timeout_dag.py took 0.300 seconds
[2026-06-24T10:05:56.971+0000] {processor.py:161} INFO - Started process (PID=2139) to work on /opt/airflow/dags/review_timeout_dag.py
[2026-06-24T10:05:56.974+0000] {processor.py:830} INFO - Processing file /opt/airflow/dags/review_timeout_dag.py for tasks to queue
[2026-06-24T10:05:56.979+0000] {logging_mixin.py:188} INFO - [2026-06-24T10:05:56.978+0000] {dagbag.py:538} INFO - Filling up the DagBag from /opt/airflow/dags/review_timeout_dag.py
[2026-06-24T10:05:57.027+0000] {processor.py:840} INFO - DAG(s) 'review_timeout_dag' retrieved from /opt/airflow/dags/review_timeout_dag.py
[2026-06-24T10:05:57.109+0000] {logging_mixin.py:188} INFO - [2026-06-24T10:05:57.109+0000] {dag.py:3033} INFO - Sync 1 DAGs
[2026-06-24T10:05:57.153+0000] {logging_mixin.py:188} INFO - [2026-06-24T10:05:57.153+0000] {dag.py:3820} INFO - Setting next_dagrun for review_timeout_dag to 2026-06-23T01:00:00+00:00, run_after=2026-06-24T01:00:00+00:00
[2026-06-24T10:05:57.195+0000] {processor.py:183} INFO - Processing /opt/airflow/dags/review_timeout_dag.py took 0.243 seconds
[2026-06-24T10:06:27.490+0000] {processor.py:161} INFO - Started process (PID=2149) to work on /opt/airflow/dags/review_timeout_dag.py
[2026-06-24T10:06:27.494+0000] {processor.py:830} INFO - Processing file /opt/airflow/dags/review_timeout_dag.py for tasks to queue
[2026-06-24T10:06:27.499+0000] {logging_mixin.py:188} INFO - [2026-06-24T10:06:27.497+0000] {dagbag.py:538} INFO - Filling up the DagBag from /opt/airflow/dags/review_timeout_dag.py
[2026-06-24T10:06:27.564+0000] {processor.py:840} INFO - DAG(s) 'review_timeout_dag' retrieved from /opt/airflow/dags/review_timeout_dag.py
[2026-06-24T10:06:27.713+0000] {logging_mixin.py:188} INFO - [2026-06-24T10:06:27.712+0000] {dag.py:3033} INFO - Sync 1 DAGs
[2026-06-24T10:06:27.776+0000] {logging_mixin.py:188} INFO - [2026-06-24T10:06:27.775+0000] {dag.py:3820} INFO - Setting next_dagrun for review_timeout_dag to 2026-06-23T01:00:00+00:00, run_after=2026-06-24T01:00:00+00:00
[2026-06-24T10:06:27.877+0000] {processor.py:183} INFO - Processing /opt/airflow/dags/review_timeout_dag.py took 0.403 seconds
[2026-06-24T10:06:58.610+0000] {processor.py:161} INFO - Started process (PID=2159) to work on /opt/airflow/dags/review_timeout_dag.py
[2026-06-24T10:06:58.617+0000] {processor.py:830} INFO - Processing file /opt/airflow/dags/review_timeout_dag.py for tasks to queue
[2026-06-24T10:06:58.622+0000] {logging_mixin.py:188} INFO - [2026-06-24T10:06:58.620+0000] {dagbag.py:538} INFO - Filling up the DagBag from /opt/airflow/dags/review_timeout_dag.py
[2026-06-24T10:06:58.707+0000] {processor.py:840} INFO - DAG(s) 'review_timeout_dag' retrieved from /opt/airflow/dags/review_timeout_dag.py
[2026-06-24T10:06:58.858+0000] {logging_mixin.py:188} INFO - [2026-06-24T10:06:58.858+0000] {dag.py:3033} INFO - Sync 1 DAGs
[2026-06-24T10:06:58.963+0000] {logging_mixin.py:188} INFO - [2026-06-24T10:06:58.962+0000] {dag.py:3820} INFO - Setting next_dagrun for review_timeout_dag to 2026-06-23T01:00:00+00:00, run_after=2026-06-24T01:00:00+00:00
[2026-06-24T10:06:59.025+0000] {processor.py:183} INFO - Processing /opt/airflow/dags/review_timeout_dag.py took 0.439 seconds
[2026-06-24T10:07:29.344+0000] {processor.py:161} INFO - Started process (PID=2169) to work on /opt/airflow/dags/review_timeout_dag.py
[2026-06-24T10:07:29.349+0000] {processor.py:830} INFO - Processing file /opt/airflow/dags/review_timeout_dag.py for tasks to queue
[2026-06-24T10:07:29.354+0000] {logging_mixin.py:188} INFO - [2026-06-24T10:07:29.353+0000] {dagbag.py:538} INFO - Filling up the DagBag from /opt/airflow/dags/review_timeout_dag.py
[2026-06-24T10:07:29.397+0000] {processor.py:840} INFO - DAG(s) 'review_timeout_dag' retrieved from /opt/airflow/dags/review_timeout_dag.py
[2026-06-24T10:07:29.487+0000] {logging_mixin.py:188} INFO - [2026-06-24T10:07:29.487+0000] {dag.py:3033} INFO - Sync 1 DAGs
[2026-06-24T10:07:29.541+0000] {logging_mixin.py:188} INFO - [2026-06-24T10:07:29.540+0000] {dag.py:3820} INFO - Setting next_dagrun for review_timeout_dag to 2026-06-23T01:00:00+00:00, run_after=2026-06-24T01:00:00+00:00
[2026-06-24T10:07:29.566+0000] {processor.py:183} INFO - Processing /opt/airflow/dags/review_timeout_dag.py took 0.237 seconds
[2026-06-24T10:08:00.229+0000] {processor.py:161} INFO - Started process (PID=2179) to work on /opt/airflow/dags/review_timeout_dag.py
[2026-06-24T10:08:00.231+0000] {processor.py:830} INFO - Processing file /opt/airflow/dags/review_timeout_dag.py for tasks to queue
[2026-06-24T10:08:00.234+0000] {logging_mixin.py:188} INFO - [2026-06-24T10:08:00.233+0000] {dagbag.py:538} INFO - Filling up the DagBag from /opt/airflow/dags/review_timeout_dag.py
[2026-06-24T10:08:00.328+0000] {processor.py:840} INFO - DAG(s) 'review_timeout_dag' retrieved from /opt/airflow/dags/review_timeout_dag.py
[2026-06-24T10:08:01.330+0000] {logging_mixin.py:188} INFO - [2026-06-24T10:08:01.321+0000] {dag.py:3033} INFO - Sync 1 DAGs
[2026-06-24T10:08:01.608+0000] {logging_mixin.py:188} INFO - [2026-06-24T10:08:01.605+0000] {dag.py:3820} INFO - Setting next_dagrun for review_timeout_dag to 2026-06-23T01:00:00+00:00, run_after=2026-06-24T01:00:00+00:00
[2026-06-24T10:08:01.712+0000] {processor.py:183} INFO - Processing /opt/airflow/dags/review_timeout_dag.py took 1.517 seconds
[2026-06-24T10:08:32.071+0000] {processor.py:161} INFO - Started process (PID=2189) to work on /opt/airflow/dags/review_timeout_dag.py
[2026-06-24T10:08:32.076+0000] {processor.py:830} INFO - Processing file /opt/airflow/dags/review_timeout_dag.py for tasks to queue
[2026-06-24T10:08:32.083+0000] {logging_mixin.py:188} INFO - [2026-06-24T10:08:32.080+0000] {dagbag.py:538} INFO - Filling up the DagBag from /opt/airflow/dags/review_timeout_dag.py
[2026-06-24T10:08:32.165+0000] {processor.py:840} INFO - DAG(s) 'review_timeout_dag' retrieved from /opt/airflow/dags/review_timeout_dag.py
[2026-06-24T10:08:32.287+0000] {logging_mixin.py:188} INFO - [2026-06-24T10:08:32.286+0000] {dag.py:3033} INFO - Sync 1 DAGs
[2026-06-24T10:08:32.370+0000] {logging_mixin.py:188} INFO - [2026-06-24T10:08:32.369+0000] {dag.py:3820} INFO - Setting next_dagrun for review_timeout_dag to 2026-06-23T01:00:00+00:00, run_after=2026-06-24T01:00:00+00:00
[2026-06-24T10:08:32.426+0000] {processor.py:183} INFO - Processing /opt/airflow/dags/review_timeout_dag.py took 0.379 seconds
[2026-06-24T10:09:03.102+0000] {processor.py:161} INFO - Started process (PID=2199) to work on /opt/airflow/dags/review_timeout_dag.py
[2026-06-24T10:09:03.105+0000] {processor.py:830} INFO - Processing file /opt/airflow/dags/review_timeout_dag.py for tasks to queue
[2026-06-24T10:09:03.107+0000] {logging_mixin.py:188} INFO - [2026-06-24T10:09:03.106+0000] {dagbag.py:538} INFO - Filling up the DagBag from /opt/airflow/dags/review_timeout_dag.py
[2026-06-24T10:09:03.178+0000] {processor.py:840} INFO - DAG(s) 'review_timeout_dag' retrieved from /opt/airflow/dags/review_timeout_dag.py
[2026-06-24T10:09:03.279+0000] {logging_mixin.py:188} INFO - [2026-06-24T10:09:03.279+0000] {dag.py:3033} INFO - Sync 1 DAGs
[2026-06-24T10:09:03.327+0000] {logging_mixin.py:188} INFO - [2026-06-24T10:09:03.327+0000] {dag.py:3820} INFO - Setting next_dagrun for review_timeout_dag to 2026-06-23T01:00:00+00:00, run_after=2026-06-24T01:00:00+00:00
[2026-06-24T10:09:03.386+0000] {processor.py:183} INFO - Processing /opt/airflow/dags/review_timeout_dag.py took 0.300 seconds
[2026-06-24T10:09:34.306+0000] {processor.py:161} INFO - Started process (PID=2209) to work on /opt/airflow/dags/review_timeout_dag.py
[2026-06-24T10:09:34.313+0000] {processor.py:830} INFO - Processing file /opt/airflow/dags/review_timeout_dag.py for tasks to queue
[2026-06-24T10:09:34.320+0000] {logging_mixin.py:188} INFO - [2026-06-24T10:09:34.316+0000] {dagbag.py:538} INFO - Filling up the DagBag from /opt/airflow/dags/review_timeout_dag.py
[2026-06-24T10:09:34.421+0000] {processor.py:840} INFO - DAG(s) 'review_timeout_dag' retrieved from /opt/airflow/dags/review_timeout_dag.py
[2026-06-24T10:09:34.652+0000] {logging_mixin.py:188} INFO - [2026-06-24T10:09:34.651+0000] {dag.py:3033} INFO - Sync 1 DAGs
[2026-06-24T10:09:34.763+0000] {logging_mixin.py:188} INFO - [2026-06-24T10:09:34.763+0000] {dag.py:3820} INFO - Setting next_dagrun for review_timeout_dag to 2026-06-23T01:00:00+00:00, run_after=2026-06-24T01:00:00+00:00
[2026-06-24T10:09:34.855+0000] {processor.py:183} INFO - Processing /opt/airflow/dags/review_timeout_dag.py took 0.599 seconds
[2026-06-24T10:10:05.771+0000] {processor.py:161} INFO - Started process (PID=2219) to work on /opt/airflow/dags/review_timeout_dag.py
[2026-06-24T10:10:05.785+0000] {processor.py:830} INFO - Processing file /opt/airflow/dags/review_timeout_dag.py for tasks to queue
[2026-06-24T10:10:05.820+0000] {logging_mixin.py:188} INFO - [2026-06-24T10:10:05.793+0000] {dagbag.py:538} INFO - Filling up the DagBag from /opt/airflow/dags/review_timeout_dag.py
[2026-06-24T10:10:06.038+0000] {processor.py:840} INFO - DAG(s) 'review_timeout_dag' retrieved from /opt/airflow/dags/review_timeout_dag.py
[2026-06-24T10:10:06.305+0000] {logging_mixin.py:188} INFO - [2026-06-24T10:10:06.305+0000] {dag.py:3033} INFO - Sync 1 DAGs
[2026-06-24T10:10:06.442+0000] {logging_mixin.py:188} INFO - [2026-06-24T10:10:06.441+0000] {dag.py:3820} INFO - Setting next_dagrun for review_timeout_dag to 2026-06-23T01:00:00+00:00, run_after=2026-06-24T01:00:00+00:00
[2026-06-24T10:10:06.558+0000] {processor.py:183} INFO - Processing /opt/airflow/dags/review_timeout_dag.py took 0.836 seconds
[2026-06-24T10:10:36.997+0000] {processor.py:161} INFO - Started process (PID=2229) to work on /opt/airflow/dags/review_timeout_dag.py
[2026-06-24T10:10:37.000+0000] {processor.py:830} INFO - Processing file /opt/airflow/dags/review_timeout_dag.py for tasks to queue
[2026-06-24T10:10:37.003+0000] {logging_mixin.py:188} INFO - [2026-06-24T10:10:37.002+0000] {dagbag.py:538} INFO - Filling up the DagBag from /opt/airflow/dags/review_timeout_dag.py
[2026-06-24T10:10:37.085+0000] {processor.py:840} INFO - DAG(s) 'review_timeout_dag' retrieved from /opt/airflow/dags/review_timeout_dag.py
[2026-06-24T10:10:37.205+0000] {logging_mixin.py:188} INFO - [2026-06-24T10:10:37.205+0000] {dag.py:3033} INFO - Sync 1 DAGs
[2026-06-24T10:10:37.254+0000] {logging_mixin.py:188} INFO - [2026-06-24T10:10:37.254+0000] {dag.py:3820} INFO - Setting next_dagrun for review_timeout_dag to 2026-06-23T01:00:00+00:00, run_after=2026-06-24T01:00:00+00:00
[2026-06-24T10:10:37.284+0000] {processor.py:183} INFO - Processing /opt/airflow/dags/review_timeout_dag.py took 0.304 seconds
[2026-06-24T10:11:07.467+0000] {processor.py:161} INFO - Started process (PID=2239) to work on /opt/airflow/dags/review_timeout_dag.py
[2026-06-24T10:11:07.469+0000] {processor.py:830} INFO - Processing file /opt/airflow/dags/review_timeout_dag.py for tasks to queue
[2026-06-24T10:11:07.470+0000] {logging_mixin.py:188} INFO - [2026-06-24T10:11:07.470+0000] {dagbag.py:538} INFO - Filling up the DagBag from /opt/airflow/dags/review_timeout_dag.py
[2026-06-24T10:11:07.497+0000] {processor.py:840} INFO - DAG(s) 'review_timeout_dag' retrieved from /opt/airflow/dags/review_timeout_dag.py
[2026-06-24T10:11:07.543+0000] {logging_mixin.py:188} INFO - [2026-06-24T10:11:07.543+0000] {dag.py:3033} INFO - Sync 1 DAGs
[2026-06-24T10:11:07.569+0000] {logging_mixin.py:188} INFO - [2026-06-24T10:11:07.568+0000] {dag.py:3820} INFO - Setting next_dagrun for review_timeout_dag to 2026-06-23T01:00:00+00:00, run_after=2026-06-24T01:00:00+00:00
[2026-06-24T10:11:07.590+0000] {processor.py:183} INFO - Processing /opt/airflow/dags/review_timeout_dag.py took 0.132 seconds
[2026-06-24T10:11:37.905+0000] {processor.py:161} INFO - Started process (PID=2249) to work on /opt/airflow/dags/review_timeout_dag.py
[2026-06-24T10:11:37.907+0000] {processor.py:830} INFO - Processing file /opt/airflow/dags/review_timeout_dag.py for tasks to queue
[2026-06-24T10:11:37.911+0000] {logging_mixin.py:188} INFO - [2026-06-24T10:11:37.910+0000] {dagbag.py:538} INFO - Filling up the DagBag from /opt/airflow/dags/review_timeout_dag.py
[2026-06-24T10:11:37.951+0000] {processor.py:840} INFO - DAG(s) 'review_timeout_dag' retrieved from /opt/airflow/dags/review_timeout_dag.py
[2026-06-24T10:11:38.064+0000] {logging_mixin.py:188} INFO - [2026-06-24T10:11:38.063+0000] {dag.py:3033} INFO - Sync 1 DAGs
[2026-06-24T10:11:38.140+0000] {logging_mixin.py:188} INFO - [2026-06-24T10:11:38.137+0000] {dag.py:3820} INFO - Setting next_dagrun for review_timeout_dag to 2026-06-23T01:00:00+00:00, run_after=2026-06-24T01:00:00+00:00
[2026-06-24T10:11:38.188+0000] {processor.py:183} INFO - Processing /opt/airflow/dags/review_timeout_dag.py took 0.297 seconds
[2026-06-24T10:12:08.397+0000] {processor.py:161} INFO - Started process (PID=2259) to work on /opt/airflow/dags/review_timeout_dag.py
[2026-06-24T10:12:08.399+0000] {processor.py:830} INFO - Processing file /opt/airflow/dags/review_timeout_dag.py for tasks to queue
[2026-06-24T10:12:08.400+0000] {logging_mixin.py:188} INFO - [2026-06-24T10:12:08.400+0000] {dagbag.py:538} INFO - Filling up the DagBag from /opt/airflow/dags/review_timeout_dag.py
[2026-06-24T10:12:08.449+0000] {processor.py:840} INFO - DAG(s) 'review_timeout_dag' retrieved from /opt/airflow/dags/review_timeout_dag.py
[2026-06-24T10:12:08.509+0000] {logging_mixin.py:188} INFO - [2026-06-24T10:12:08.508+0000] {dag.py:3033} INFO - Sync 1 DAGs
[2026-06-24T10:12:08.545+0000] {logging_mixin.py:188} INFO - [2026-06-24T10:12:08.545+0000] {dag.py:3820} INFO - Setting next_dagrun for review_timeout_dag to 2026-06-23T01:00:00+00:00, run_after=2026-06-24T01:00:00+00:00
[2026-06-24T10:12:08.573+0000] {processor.py:183} INFO - Processing /opt/airflow/dags/review_timeout_dag.py took 0.184 seconds
[2026-06-24T10:12:38.720+0000] {processor.py:161} INFO - Started process (PID=2269) to work on /opt/airflow/dags/review_timeout_dag.py
[2026-06-24T10:12:38.722+0000] {processor.py:830} INFO - Processing file /opt/airflow/dags/review_timeout_dag.py for tasks to queue
[2026-06-24T10:12:38.723+0000] {logging_mixin.py:188} INFO - [2026-06-24T10:12:38.723+0000] {dagbag.py:538} INFO - Filling up the DagBag from /opt/airflow/dags/review_timeout_dag.py
[2026-06-24T10:12:38.752+0000] {processor.py:840} INFO - DAG(s) 'review_timeout_dag' retrieved from /opt/airflow/dags/review_timeout_dag.py
[2026-06-24T10:12:38.794+0000] {logging_mixin.py:188} INFO - [2026-06-24T10:12:38.794+0000] {dag.py:3033} INFO - Sync 1 DAGs
[2026-06-24T10:12:38.822+0000] {logging_mixin.py:188} INFO - [2026-06-24T10:12:38.822+0000] {dag.py:3820} INFO - Setting next_dagrun for review_timeout_dag to 2026-06-23T01:00:00+00:00, run_after=2026-06-24T01:00:00+00:00
[2026-06-24T10:12:38.843+0000] {processor.py:183} INFO - Processing /opt/airflow/dags/review_timeout_dag.py took 0.129 seconds
[2026-06-24T10:13:09.409+0000] {processor.py:161} INFO - Started process (PID=2279) to work on /opt/airflow/dags/review_timeout_dag.py
[2026-06-24T10:13:09.411+0000] {processor.py:830} INFO - Processing file /opt/airflow/dags/review_timeout_dag.py for tasks to queue
[2026-06-24T10:13:09.415+0000] {logging_mixin.py:188} INFO - [2026-06-24T10:13:09.415+0000] {dagbag.py:538} INFO - Filling up the DagBag from /opt/airflow/dags/review_timeout_dag.py
[2026-06-24T10:13:09.557+0000] {processor.py:840} INFO - DAG(s) 'review_timeout_dag' retrieved from /opt/airflow/dags/review_timeout_dag.py
[2026-06-24T10:13:09.913+0000] {logging_mixin.py:188} INFO - [2026-06-24T10:13:09.912+0000] {dag.py:3033} INFO - Sync 1 DAGs
[2026-06-24T10:13:09.998+0000] {logging_mixin.py:188} INFO - [2026-06-24T10:13:09.997+0000] {dag.py:3820} INFO - Setting next_dagrun for review_timeout_dag to 2026-06-23T01:00:00+00:00, run_after=2026-06-24T01:00:00+00:00
[2026-06-24T10:13:10.051+0000] {processor.py:183} INFO - Processing /opt/airflow/dags/review_timeout_dag.py took 0.652 seconds
[2026-06-24T10:13:40.685+0000] {processor.py:161} INFO - Started process (PID=2289) to work on /opt/airflow/dags/review_timeout_dag.py
[2026-06-24T10:13:40.687+0000] {processor.py:830} INFO - Processing file /opt/airflow/dags/review_timeout_dag.py for tasks to queue
[2026-06-24T10:13:40.689+0000] {logging_mixin.py:188} INFO - [2026-06-24T10:13:40.688+0000] {dagbag.py:538} INFO - Filling up the DagBag from /opt/airflow/dags/review_timeout_dag.py
[2026-06-24T10:13:40.732+0000] {processor.py:840} INFO - DAG(s) 'review_timeout_dag' retrieved from /opt/airflow/dags/review_timeout_dag.py
[2026-06-24T10:13:40.802+0000] {logging_mixin.py:188} INFO - [2026-06-24T10:13:40.802+0000] {dag.py:3033} INFO - Sync 1 DAGs
[2026-06-24T10:13:40.855+0000] {logging_mixin.py:188} INFO - [2026-06-24T10:13:40.855+0000] {dag.py:3820} INFO - Setting next_dagrun for review_timeout_dag to 2026-06-23T01:00:00+00:00, run_after=2026-06-24T01:00:00+00:00
[2026-06-24T10:13:40.899+0000] {processor.py:183} INFO - Processing /opt/airflow/dags/review_timeout_dag.py took 0.226 seconds
[2026-06-24T10:14:11.062+0000] {processor.py:161} INFO - Started process (PID=2299) to work on /opt/airflow/dags/review_timeout_dag.py
[2026-06-24T10:14:11.064+0000] {processor.py:830} INFO - Processing file /opt/airflow/dags/review_timeout_dag.py for tasks to queue
[2026-06-24T10:14:11.066+0000] {logging_mixin.py:188} INFO - [2026-06-24T10:14:11.065+0000] {dagbag.py:538} INFO - Filling up the DagBag from /opt/airflow/dags/review_timeout_dag.py
[2026-06-24T10:14:11.112+0000] {processor.py:840} INFO - DAG(s) 'review_timeout_dag' retrieved from /opt/airflow/dags/review_timeout_dag.py
[2026-06-24T10:14:11.228+0000] {logging_mixin.py:188} INFO - [2026-06-24T10:14:11.228+0000] {dag.py:3033} INFO - Sync 1 DAGs
[2026-06-24T10:14:11.309+0000] {logging_mixin.py:188} INFO - [2026-06-24T10:14:11.308+0000] {dag.py:3820} INFO - Setting next_dagrun for review_timeout_dag to 2026-06-23T01:00:00+00:00, run_after=2026-06-24T01:00:00+00:00
[2026-06-24T10:14:11.340+0000] {processor.py:183} INFO - Processing /opt/airflow/dags/review_timeout_dag.py took 0.293 seconds
[2026-06-24T10:14:42.250+0000] {processor.py:161} INFO - Started process (PID=2309) to work on /opt/airflow/dags/review_timeout_dag.py
[2026-06-24T10:14:42.254+0000] {processor.py:830} INFO - Processing file /opt/airflow/dags/review_timeout_dag.py for tasks to queue
[2026-06-24T10:14:42.258+0000] {logging_mixin.py:188} INFO - [2026-06-24T10:14:42.256+0000] {dagbag.py:538} INFO - Filling up the DagBag from /opt/airflow/dags/review_timeout_dag.py
[2026-06-24T10:14:42.375+0000] {processor.py:840} INFO - DAG(s) 'review_timeout_dag' retrieved from /opt/airflow/dags/review_timeout_dag.py
[2026-06-24T10:14:42.598+0000] {logging_mixin.py:188} INFO - [2026-06-24T10:14:42.597+0000] {dag.py:3033} INFO - Sync 1 DAGs
[2026-06-24T10:14:42.694+0000] {logging_mixin.py:188} INFO - [2026-06-24T10:14:42.694+0000] {dag.py:3820} INFO - Setting next_dagrun for review_timeout_dag to 2026-06-23T01:00:00+00:00, run_after=2026-06-24T01:00:00+00:00
[2026-06-24T10:14:42.801+0000] {processor.py:183} INFO - Processing /opt/airflow/dags/review_timeout_dag.py took 0.572 seconds
[2026-06-24T10:15:13.235+0000] {processor.py:161} INFO - Started process (PID=2319) to work on /opt/airflow/dags/review_timeout_dag.py
[2026-06-24T10:15:13.239+0000] {processor.py:830} INFO - Processing file /opt/airflow/dags/review_timeout_dag.py for tasks to queue
[2026-06-24T10:15:13.241+0000] {logging_mixin.py:188} INFO - [2026-06-24T10:15:13.240+0000] {dagbag.py:538} INFO - Filling up the DagBag from /opt/airflow/dags/review_timeout_dag.py
[2026-06-24T10:15:13.290+0000] {processor.py:840} INFO - DAG(s) 'review_timeout_dag' retrieved from /opt/airflow/dags/review_timeout_dag.py
[2026-06-24T10:15:13.368+0000] {logging_mixin.py:188} INFO - [2026-06-24T10:15:13.368+0000] {dag.py:3033} INFO - Sync 1 DAGs
[2026-06-24T10:15:13.417+0000] {logging_mixin.py:188} INFO - [2026-06-24T10:15:13.417+0000] {dag.py:3820} INFO - Setting next_dagrun for review_timeout_dag to 2026-06-23T01:00:00+00:00, run_after=2026-06-24T01:00:00+00:00
[2026-06-24T10:15:13.440+0000] {processor.py:183} INFO - Processing /opt/airflow/dags/review_timeout_dag.py took 0.216 seconds
[2026-06-24T10:15:43.998+0000] {processor.py:161} INFO - Started process (PID=2329) to work on /opt/airflow/dags/review_timeout_dag.py
[2026-06-24T10:15:44.001+0000] {processor.py:830} INFO - Processing file /opt/airflow/dags/review_timeout_dag.py for tasks to queue
[2026-06-24T10:15:44.002+0000] {logging_mixin.py:188} INFO - [2026-06-24T10:15:44.002+0000] {dagbag.py:538} INFO - Filling up the DagBag from /opt/airflow/dags/review_timeout_dag.py
[2026-06-24T10:15:44.036+0000] {processor.py:840} INFO - DAG(s) 'review_timeout_dag' retrieved from /opt/airflow/dags/review_timeout_dag.py
[2026-06-24T10:15:44.114+0000] {logging_mixin.py:188} INFO - [2026-06-24T10:15:44.114+0000] {dag.py:3033} INFO - Sync 1 DAGs
[2026-06-24T10:15:44.154+0000] {logging_mixin.py:188} INFO - [2026-06-24T10:15:44.154+0000] {dag.py:3820} INFO - Setting next_dagrun for review_timeout_dag to 2026-06-23T01:00:00+00:00, run_after=2026-06-24T01:00:00+00:00
[2026-06-24T10:15:44.184+0000] {processor.py:183} INFO - Processing /opt/airflow/dags/review_timeout_dag.py took 0.198 seconds
[2026-06-24T10:16:14.555+0000] {processor.py:161} INFO - Started process (PID=2339) to work on /opt/airflow/dags/review_timeout_dag.py
[2026-06-24T10:16:14.557+0000] {processor.py:830} INFO - Processing file /opt/airflow/dags/review_timeout_dag.py for tasks to queue
[2026-06-24T10:16:14.559+0000] {logging_mixin.py:188} INFO - [2026-06-24T10:16:14.558+0000] {dagbag.py:538} INFO - Filling up the DagBag from /opt/airflow/dags/review_timeout_dag.py
[2026-06-24T10:16:14.608+0000] {processor.py:840} INFO - DAG(s) 'review_timeout_dag' retrieved from /opt/airflow/dags/review_timeout_dag.py
[2026-06-24T10:16:14.702+0000] {logging_mixin.py:188} INFO - [2026-06-24T10:16:14.702+0000] {dag.py:3033} INFO - Sync 1 DAGs
[2026-06-24T10:16:14.756+0000] {logging_mixin.py:188} INFO - [2026-06-24T10:16:14.756+0000] {dag.py:3820} INFO - Setting next_dagrun for review_timeout_dag to 2026-06-23T01:00:00+00:00, run_after=2026-06-24T01:00:00+00:00
[2026-06-24T10:16:14.800+0000] {processor.py:183} INFO - Processing /opt/airflow/dags/review_timeout_dag.py took 0.256 seconds
[2026-06-24T10:16:44.970+0000] {processor.py:161} INFO - Started process (PID=2349) to work on /opt/airflow/dags/review_timeout_dag.py
[2026-06-24T10:16:44.973+0000] {processor.py:830} INFO - Processing file /opt/airflow/dags/review_timeout_dag.py for tasks to queue
[2026-06-24T10:16:44.974+0000] {logging_mixin.py:188} INFO - [2026-06-24T10:16:44.973+0000] {dagbag.py:538} INFO - Filling up the DagBag from /opt/airflow/dags/review_timeout_dag.py
[2026-06-24T10:16:45.019+0000] {processor.py:840} INFO - DAG(s) 'review_timeout_dag' retrieved from /opt/airflow/dags/review_timeout_dag.py
[2026-06-24T10:16:45.072+0000] {logging_mixin.py:188} INFO - [2026-06-24T10:16:45.072+0000] {dag.py:3033} INFO - Sync 1 DAGs
[2026-06-24T10:16:45.103+0000] {logging_mixin.py:188} INFO - [2026-06-24T10:16:45.103+0000] {dag.py:3820} INFO - Setting next_dagrun for review_timeout_dag to 2026-06-23T01:00:00+00:00, run_after=2026-06-24T01:00:00+00:00
[2026-06-24T10:16:45.122+0000] {processor.py:183} INFO - Processing /opt/airflow/dags/review_timeout_dag.py took 0.177 seconds
[2026-06-24T10:17:15.268+0000] {processor.py:161} INFO - Started process (PID=2359) to work on /opt/airflow/dags/review_timeout_dag.py
[2026-06-24T10:17:15.269+0000] {processor.py:830} INFO - Processing file /opt/airflow/dags/review_timeout_dag.py for tasks to queue
[2026-06-24T10:17:15.270+0000] {logging_mixin.py:188} INFO - [2026-06-24T10:17:15.269+0000] {dagbag.py:538} INFO - Filling up the DagBag from /opt/airflow/dags/review_timeout_dag.py
[2026-06-24T10:17:15.303+0000] {processor.py:840} INFO - DAG(s) 'review_timeout_dag' retrieved from /opt/airflow/dags/review_timeout_dag.py
[2026-06-24T10:17:15.345+0000] {logging_mixin.py:188} INFO - [2026-06-24T10:17:15.344+0000] {dag.py:3033} INFO - Sync 1 DAGs
[2026-06-24T10:17:15.365+0000] {logging_mixin.py:188} INFO - [2026-06-24T10:17:15.365+0000] {dag.py:3820} INFO - Setting next_dagrun for review_timeout_dag to 2026-06-23T01:00:00+00:00, run_after=2026-06-24T01:00:00+00:00
[2026-06-24T10:17:15.381+0000] {processor.py:183} INFO - Processing /opt/airflow/dags/review_timeout_dag.py took 0.119 seconds
[2026-06-24T10:17:45.579+0000] {processor.py:161} INFO - Started process (PID=2369) to work on /opt/airflow/dags/review_timeout_dag.py
[2026-06-24T10:17:45.581+0000] {processor.py:830} INFO - Processing file /opt/airflow/dags/review_timeout_dag.py for tasks to queue
[2026-06-24T10:17:45.582+0000] {logging_mixin.py:188} INFO - [2026-06-24T10:17:45.582+0000] {dagbag.py:538} INFO - Filling up the DagBag from /opt/airflow/dags/review_timeout_dag.py
[2026-06-24T10:17:45.610+0000] {processor.py:840} INFO - DAG(s) 'review_timeout_dag' retrieved from /opt/airflow/dags/review_timeout_dag.py
[2026-06-24T10:17:45.649+0000] {logging_mixin.py:188} INFO - [2026-06-24T10:17:45.649+0000] {dag.py:3033} INFO - Sync 1 DAGs
[2026-06-24T10:17:45.681+0000] {logging_mixin.py:188} INFO - [2026-06-24T10:17:45.681+0000] {dag.py:3820} INFO - Setting next_dagrun for review_timeout_dag to 2026-06-23T01:00:00+00:00, run_after=2026-06-24T01:00:00+00:00
[2026-06-24T10:17:45.705+0000] {processor.py:183} INFO - Processing /opt/airflow/dags/review_timeout_dag.py took 0.134 seconds
[2026-06-24T10:18:15.930+0000] {processor.py:161} INFO - Started process (PID=2379) to work on /opt/airflow/dags/review_timeout_dag.py
[2026-06-24T10:18:15.932+0000] {processor.py:830} INFO - Processing file /opt/airflow/dags/review_timeout_dag.py for tasks to queue
[2026-06-24T10:18:15.935+0000] {logging_mixin.py:188} INFO - [2026-06-24T10:18:15.934+0000] {dagbag.py:538} INFO - Filling up the DagBag from /opt/airflow/dags/review_timeout_dag.py
[2026-06-24T10:18:15.960+0000] {processor.py:840} INFO - DAG(s) 'review_timeout_dag' retrieved from /opt/airflow/dags/review_timeout_dag.py
[2026-06-24T10:18:16.014+0000] {logging_mixin.py:188} INFO - [2026-06-24T10:18:16.014+0000] {dag.py:3033} INFO - Sync 1 DAGs
[2026-06-24T10:18:16.055+0000] {logging_mixin.py:188} INFO - [2026-06-24T10:18:16.055+0000] {dag.py:3820} INFO - Setting next_dagrun for review_timeout_dag to 2026-06-23T01:00:00+00:00, run_after=2026-06-24T01:00:00+00:00
[2026-06-24T10:18:16.095+0000] {processor.py:183} INFO - Processing /opt/airflow/dags/review_timeout_dag.py took 0.171 seconds
[2026-06-24T10:18:47.083+0000] {processor.py:161} INFO - Started process (PID=2389) to work on /opt/airflow/dags/review_timeout_dag.py
[2026-06-24T10:18:47.161+0000] {processor.py:830} INFO - Processing file /opt/airflow/dags/review_timeout_dag.py for tasks to queue
[2026-06-24T10:18:47.192+0000] {logging_mixin.py:188} INFO - [2026-06-24T10:18:47.186+0000] {dagbag.py:538} INFO - Filling up the DagBag from /opt/airflow/dags/review_timeout_dag.py
[2026-06-24T10:18:47.415+0000] {processor.py:840} INFO - DAG(s) 'review_timeout_dag' retrieved from /opt/airflow/dags/review_timeout_dag.py
[2026-06-24T10:18:47.736+0000] {logging_mixin.py:188} INFO - [2026-06-24T10:18:47.735+0000] {dag.py:3033} INFO - Sync 1 DAGs
[2026-06-24T10:18:47.935+0000] {logging_mixin.py:188} INFO - [2026-06-24T10:18:47.935+0000] {dag.py:3820} INFO - Setting next_dagrun for review_timeout_dag to 2026-06-23T01:00:00+00:00, run_after=2026-06-24T01:00:00+00:00
[2026-06-24T10:18:48.183+0000] {processor.py:183} INFO - Processing /opt/airflow/dags/review_timeout_dag.py took 1.174 seconds
[2026-06-24T10:19:19.182+0000] {processor.py:161} INFO - Started process (PID=2399) to work on /opt/airflow/dags/review_timeout_dag.py
[2026-06-24T10:19:19.188+0000] {processor.py:830} INFO - Processing file /opt/airflow/dags/review_timeout_dag.py for tasks to queue
[2026-06-24T10:19:19.196+0000] {logging_mixin.py:188} INFO - [2026-06-24T10:19:19.192+0000] {dagbag.py:538} INFO - Filling up the DagBag from /opt/airflow/dags/review_timeout_dag.py
[2026-06-24T10:19:19.262+0000] {processor.py:840} INFO - DAG(s) 'review_timeout_dag' retrieved from /opt/airflow/dags/review_timeout_dag.py
[2026-06-24T10:19:19.380+0000] {logging_mixin.py:188} INFO - [2026-06-24T10:19:19.379+0000] {dag.py:3033} INFO - Sync 1 DAGs
[2026-06-24T10:19:19.475+0000] {logging_mixin.py:188} INFO - [2026-06-24T10:19:19.474+0000] {dag.py:3820} INFO - Setting next_dagrun for review_timeout_dag to 2026-06-23T01:00:00+00:00, run_after=2026-06-24T01:00:00+00:00
[2026-06-24T10:19:19.573+0000] {processor.py:183} INFO - Processing /opt/airflow/dags/review_timeout_dag.py took 0.411 seconds
[2026-06-24T10:19:49.767+0000] {processor.py:161} INFO - Started process (PID=2409) to work on /opt/airflow/dags/review_timeout_dag.py
[2026-06-24T10:19:49.770+0000] {processor.py:830} INFO - Processing file /opt/airflow/dags/review_timeout_dag.py for tasks to queue
[2026-06-24T10:19:49.779+0000] {logging_mixin.py:188} INFO - [2026-06-24T10:19:49.778+0000] {dagbag.py:538} INFO - Filling up the DagBag from /opt/airflow/dags/review_timeout_dag.py
[2026-06-24T10:19:49.838+0000] {processor.py:840} INFO - DAG(s) 'review_timeout_dag' retrieved from /opt/airflow/dags/review_timeout_dag.py
[2026-06-24T10:19:49.971+0000] {logging_mixin.py:188} INFO - [2026-06-24T10:19:49.971+0000] {dag.py:3033} INFO - Sync 1 DAGs
[2026-06-24T10:19:50.032+0000] {logging_mixin.py:188} INFO - [2026-06-24T10:19:50.032+0000] {dag.py:3820} INFO - Setting next_dagrun for review_timeout_dag to 2026-06-23T01:00:00+00:00, run_after=2026-06-24T01:00:00+00:00
[2026-06-24T10:19:50.104+0000] {processor.py:183} INFO - Processing /opt/airflow/dags/review_timeout_dag.py took 0.359 seconds
[2026-06-24T10:20:20.679+0000] {processor.py:161} INFO - Started process (PID=2419) to work on /opt/airflow/dags/review_timeout_dag.py
[2026-06-24T10:20:20.683+0000] {processor.py:830} INFO - Processing file /opt/airflow/dags/review_timeout_dag.py for tasks to queue
[2026-06-24T10:20:20.687+0000] {logging_mixin.py:188} INFO - [2026-06-24T10:20:20.686+0000] {dagbag.py:538} INFO - Filling up the DagBag from /opt/airflow/dags/review_timeout_dag.py
[2026-06-24T10:20:20.741+0000] {processor.py:840} INFO - DAG(s) 'review_timeout_dag' retrieved from /opt/airflow/dags/review_timeout_dag.py
[2026-06-24T10:20:20.894+0000] {logging_mixin.py:188} INFO - [2026-06-24T10:20:20.893+0000] {dag.py:3033} INFO - Sync 1 DAGs
[2026-06-24T10:20:20.948+0000] {logging_mixin.py:188} INFO - [2026-06-24T10:20:20.948+0000] {dag.py:3820} INFO - Setting next_dagrun for review_timeout_dag to 2026-06-23T01:00:00+00:00, run_after=2026-06-24T01:00:00+00:00
[2026-06-24T10:20:21.000+0000] {processor.py:183} INFO - Processing /opt/airflow/dags/review_timeout_dag.py took 0.332 seconds
[2026-06-24T10:20:51.346+0000] {processor.py:161} INFO - Started process (PID=2429) to work on /opt/airflow/dags/review_timeout_dag.py
[2026-06-24T10:20:51.349+0000] {processor.py:830} INFO - Processing file /opt/airflow/dags/review_timeout_dag.py for tasks to queue
[2026-06-24T10:20:51.355+0000] {logging_mixin.py:188} INFO - [2026-06-24T10:20:51.354+0000] {dagbag.py:538} INFO - Filling up the DagBag from /opt/airflow/dags/review_timeout_dag.py
[2026-06-24T10:20:51.432+0000] {processor.py:840} INFO - DAG(s) 'review_timeout_dag' retrieved from /opt/airflow/dags/review_timeout_dag.py
[2026-06-24T10:20:51.529+0000] {logging_mixin.py:188} INFO - [2026-06-24T10:20:51.529+0000] {dag.py:3033} INFO - Sync 1 DAGs
[2026-06-24T10:20:51.580+0000] {logging_mixin.py:188} INFO - [2026-06-24T10:20:51.580+0000] {dag.py:3820} INFO - Setting next_dagrun for review_timeout_dag to 2026-06-23T01:00:00+00:00, run_after=2026-06-24T01:00:00+00:00
[2026-06-24T10:20:51.623+0000] {processor.py:183} INFO - Processing /opt/airflow/dags/review_timeout_dag.py took 0.305 seconds
[2026-06-24T10:21:21.932+0000] {processor.py:161} INFO - Started process (PID=2439) to work on /opt/airflow/dags/review_timeout_dag.py
[2026-06-24T10:21:21.934+0000] {processor.py:830} INFO - Processing file /opt/airflow/dags/review_timeout_dag.py for tasks to queue
[2026-06-24T10:21:21.937+0000] {logging_mixin.py:188} INFO - [2026-06-24T10:21:21.936+0000] {dagbag.py:538} INFO - Filling up the DagBag from /opt/airflow/dags/review_timeout_dag.py
[2026-06-24T10:21:21.987+0000] {processor.py:840} INFO - DAG(s) 'review_timeout_dag' retrieved from /opt/airflow/dags/review_timeout_dag.py
[2026-06-24T10:21:22.046+0000] {logging_mixin.py:188} INFO - [2026-06-24T10:21:22.046+0000] {dag.py:3033} INFO - Sync 1 DAGs
[2026-06-24T10:21:22.086+0000] {logging_mixin.py:188} INFO - [2026-06-24T10:21:22.086+0000] {dag.py:3820} INFO - Setting next_dagrun for review_timeout_dag to 2026-06-23T01:00:00+00:00, run_after=2026-06-24T01:00:00+00:00
[2026-06-24T10:21:22.115+0000] {processor.py:183} INFO - Processing /opt/airflow/dags/review_timeout_dag.py took 0.200 seconds
[2026-06-24T10:21:52.269+0000] {processor.py:161} INFO - Started process (PID=2449) to work on /opt/airflow/dags/review_timeout_dag.py
[2026-06-24T10:21:52.271+0000] {processor.py:830} INFO - Processing file /opt/airflow/dags/review_timeout_dag.py for tasks to queue
[2026-06-24T10:21:52.272+0000] {logging_mixin.py:188} INFO - [2026-06-24T10:21:52.272+0000] {dagbag.py:538} INFO - Filling up the DagBag from /opt/airflow/dags/review_timeout_dag.py
[2026-06-24T10:21:52.306+0000] {processor.py:840} INFO - DAG(s) 'review_timeout_dag' retrieved from /opt/airflow/dags/review_timeout_dag.py
[2026-06-24T10:21:52.354+0000] {logging_mixin.py:188} INFO - [2026-06-24T10:21:52.354+0000] {dag.py:3033} INFO - Sync 1 DAGs
[2026-06-24T10:21:52.388+0000] {logging_mixin.py:188} INFO - [2026-06-24T10:21:52.388+0000] {dag.py:3820} INFO - Setting next_dagrun for review_timeout_dag to 2026-06-23T01:00:00+00:00, run_after=2026-06-24T01:00:00+00:00
[2026-06-24T10:21:52.408+0000] {processor.py:183} INFO - Processing /opt/airflow/dags/review_timeout_dag.py took 0.157 seconds
[2026-06-24T10:22:22.682+0000] {processor.py:161} INFO - Started process (PID=2459) to work on /opt/airflow/dags/review_timeout_dag.py
[2026-06-24T10:22:22.685+0000] {processor.py:830} INFO - Processing file /opt/airflow/dags/review_timeout_dag.py for tasks to queue
[2026-06-24T10:22:22.690+0000] {logging_mixin.py:188} INFO - [2026-06-24T10:22:22.687+0000] {dagbag.py:538} INFO - Filling up the DagBag from /opt/airflow/dags/review_timeout_dag.py
[2026-06-24T10:22:22.724+0000] {processor.py:840} INFO - DAG(s) 'review_timeout_dag' retrieved from /opt/airflow/dags/review_timeout_dag.py
[2026-06-24T10:22:22.792+0000] {logging_mixin.py:188} INFO - [2026-06-24T10:22:22.792+0000] {dag.py:3033} INFO - Sync 1 DAGs
[2026-06-24T10:22:22.835+0000] {logging_mixin.py:188} INFO - [2026-06-24T10:22:22.833+0000] {dag.py:3820} INFO - Setting next_dagrun for review_timeout_dag to 2026-06-23T01:00:00+00:00, run_after=2026-06-24T01:00:00+00:00
[2026-06-24T10:22:22.857+0000] {processor.py:183} INFO - Processing /opt/airflow/dags/review_timeout_dag.py took 0.196 seconds
[2026-06-24T10:22:53.045+0000] {processor.py:161} INFO - Started process (PID=2469) to work on /opt/airflow/dags/review_timeout_dag.py
[2026-06-24T10:22:53.048+0000] {processor.py:830} INFO - Processing file /opt/airflow/dags/review_timeout_dag.py for tasks to queue
[2026-06-24T10:22:53.050+0000] {logging_mixin.py:188} INFO - [2026-06-24T10:22:53.049+0000] {dagbag.py:538} INFO - Filling up the DagBag from /opt/airflow/dags/review_timeout_dag.py
[2026-06-24T10:22:53.110+0000] {processor.py:840} INFO - DAG(s) 'review_timeout_dag' retrieved from /opt/airflow/dags/review_timeout_dag.py
[2026-06-24T10:22:53.195+0000] {logging_mixin.py:188} INFO - [2026-06-24T10:22:53.195+0000] {dag.py:3033} INFO - Sync 1 DAGs
[2026-06-24T10:22:53.236+0000] {logging_mixin.py:188} INFO - [2026-06-24T10:22:53.236+0000] {dag.py:3820} INFO - Setting next_dagrun for review_timeout_dag to 2026-06-23T01:00:00+00:00, run_after=2026-06-24T01:00:00+00:00
[2026-06-24T10:22:53.294+0000] {processor.py:183} INFO - Processing /opt/airflow/dags/review_timeout_dag.py took 0.269 seconds
[2026-06-24T10:23:23.484+0000] {processor.py:161} INFO - Started process (PID=2479) to work on /opt/airflow/dags/review_timeout_dag.py
[2026-06-24T10:23:23.487+0000] {processor.py:830} INFO - Processing file /opt/airflow/dags/review_timeout_dag.py for tasks to queue
[2026-06-24T10:23:23.490+0000] {logging_mixin.py:188} INFO - [2026-06-24T10:23:23.489+0000] {dagbag.py:538} INFO - Filling up the DagBag from /opt/airflow/dags/review_timeout_dag.py
[2026-06-24T10:23:23.539+0000] {processor.py:840} INFO - DAG(s) 'review_timeout_dag' retrieved from /opt/airflow/dags/review_timeout_dag.py
[2026-06-24T10:23:23.647+0000] {logging_mixin.py:188} INFO - [2026-06-24T10:23:23.647+0000] {dag.py:3033} INFO - Sync 1 DAGs
[2026-06-24T10:23:23.682+0000] {logging_mixin.py:188} INFO - [2026-06-24T10:23:23.682+0000] {dag.py:3820} INFO - Setting next_dagrun for review_timeout_dag to 2026-06-23T01:00:00+00:00, run_after=2026-06-24T01:00:00+00:00
[2026-06-24T10:23:23.720+0000] {processor.py:183} INFO - Processing /opt/airflow/dags/review_timeout_dag.py took 0.247 seconds
[2026-06-24T10:23:54.221+0000] {processor.py:161} INFO - Started process (PID=2489) to work on /opt/airflow/dags/review_timeout_dag.py
[2026-06-24T10:23:54.223+0000] {processor.py:830} INFO - Processing file /opt/airflow/dags/review_timeout_dag.py for tasks to queue
[2026-06-24T10:23:54.225+0000] {logging_mixin.py:188} INFO - [2026-06-24T10:23:54.224+0000] {dagbag.py:538} INFO - Filling up the DagBag from /opt/airflow/dags/review_timeout_dag.py
[2026-06-24T10:23:54.280+0000] {processor.py:840} INFO - DAG(s) 'review_timeout_dag' retrieved from /opt/airflow/dags/review_timeout_dag.py
[2026-06-24T10:23:54.391+0000] {logging_mixin.py:188} INFO - [2026-06-24T10:23:54.390+0000] {dag.py:3033} INFO - Sync 1 DAGs
[2026-06-24T10:23:54.444+0000] {logging_mixin.py:188} INFO - [2026-06-24T10:23:54.444+0000] {dag.py:3820} INFO - Setting next_dagrun for review_timeout_dag to 2026-06-23T01:00:00+00:00, run_after=2026-06-24T01:00:00+00:00
[2026-06-24T10:23:54.484+0000] {processor.py:183} INFO - Processing /opt/airflow/dags/review_timeout_dag.py took 0.286 seconds
[2026-06-24T10:24:25.211+0000] {processor.py:161} INFO - Started process (PID=2499) to work on /opt/airflow/dags/review_timeout_dag.py
[2026-06-24T10:24:25.213+0000] {processor.py:830} INFO - Processing file /opt/airflow/dags/review_timeout_dag.py for tasks to queue
[2026-06-24T10:24:25.216+0000] {logging_mixin.py:188} INFO - [2026-06-24T10:24:25.215+0000] {dagbag.py:538} INFO - Filling up the DagBag from /opt/airflow/dags/review_timeout_dag.py
[2026-06-24T10:24:25.275+0000] {processor.py:840} INFO - DAG(s) 'review_timeout_dag' retrieved from /opt/airflow/dags/review_timeout_dag.py
[2026-06-24T10:24:25.339+0000] {logging_mixin.py:188} INFO - [2026-06-24T10:24:25.339+0000] {dag.py:3033} INFO - Sync 1 DAGs
[2026-06-24T10:24:25.384+0000] {logging_mixin.py:188} INFO - [2026-06-24T10:24:25.384+0000] {dag.py:3820} INFO - Setting next_dagrun for review_timeout_dag to 2026-06-23T01:00:00+00:00, run_after=2026-06-24T01:00:00+00:00
[2026-06-24T10:24:25.433+0000] {processor.py:183} INFO - Processing /opt/airflow/dags/review_timeout_dag.py took 0.238 seconds
[2026-06-24T10:24:55.675+0000] {processor.py:161} INFO - Started process (PID=2509) to work on /opt/airflow/dags/review_timeout_dag.py
[2026-06-24T10:24:55.678+0000] {processor.py:830} INFO - Processing file /opt/airflow/dags/review_timeout_dag.py for tasks to queue
[2026-06-24T10:24:55.680+0000] {logging_mixin.py:188} INFO - [2026-06-24T10:24:55.679+0000] {dagbag.py:538} INFO - Filling up the DagBag from /opt/airflow/dags/review_timeout_dag.py
[2026-06-24T10:24:55.727+0000] {processor.py:840} INFO - DAG(s) 'review_timeout_dag' retrieved from /opt/airflow/dags/review_timeout_dag.py
[2026-06-24T10:24:55.813+0000] {logging_mixin.py:188} INFO - [2026-06-24T10:24:55.812+0000] {dag.py:3033} INFO - Sync 1 DAGs
[2026-06-24T10:24:55.863+0000] {logging_mixin.py:188} INFO - [2026-06-24T10:24:55.863+0000] {dag.py:3820} INFO - Setting next_dagrun for review_timeout_dag to 2026-06-23T01:00:00+00:00, run_after=2026-06-24T01:00:00+00:00
[2026-06-24T10:24:55.893+0000] {processor.py:183} INFO - Processing /opt/airflow/dags/review_timeout_dag.py took 0.238 seconds
[2026-06-24T10:25:25.965+0000] {processor.py:161} INFO - Started process (PID=2519) to work on /opt/airflow/dags/review_timeout_dag.py
[2026-06-24T10:25:25.966+0000] {processor.py:830} INFO - Processing file /opt/airflow/dags/review_timeout_dag.py for tasks to queue
[2026-06-24T10:25:25.968+0000] {logging_mixin.py:188} INFO - [2026-06-24T10:25:25.967+0000] {dagbag.py:538} INFO - Filling up the DagBag from /opt/airflow/dags/review_timeout_dag.py
[2026-06-24T10:25:26.000+0000] {processor.py:840} INFO - DAG(s) 'review_timeout_dag' retrieved from /opt/airflow/dags/review_timeout_dag.py
[2026-06-24T10:25:26.044+0000] {logging_mixin.py:188} INFO - [2026-06-24T10:25:26.044+0000] {dag.py:3033} INFO - Sync 1 DAGs
[2026-06-24T10:25:26.072+0000] {logging_mixin.py:188} INFO - [2026-06-24T10:25:26.071+0000] {dag.py:3820} INFO - Setting next_dagrun for review_timeout_dag to 2026-06-23T01:00:00+00:00, run_after=2026-06-24T01:00:00+00:00
[2026-06-24T10:25:26.092+0000] {processor.py:183} INFO - Processing /opt/airflow/dags/review_timeout_dag.py took 0.134 seconds
[2026-06-24T10:25:56.396+0000] {processor.py:161} INFO - Started process (PID=2529) to work on /opt/airflow/dags/review_timeout_dag.py
[2026-06-24T10:25:56.398+0000] {processor.py:830} INFO - Processing file /opt/airflow/dags/review_timeout_dag.py for tasks to queue
[2026-06-24T10:25:56.400+0000] {logging_mixin.py:188} INFO - [2026-06-24T10:25:56.400+0000] {dagbag.py:538} INFO - Filling up the DagBag from /opt/airflow/dags/review_timeout_dag.py
[2026-06-24T10:25:56.428+0000] {processor.py:840} INFO - DAG(s) 'review_timeout_dag' retrieved from /opt/airflow/dags/review_timeout_dag.py
[2026-06-24T10:25:56.512+0000] {logging_mixin.py:188} INFO - [2026-06-24T10:25:56.512+0000] {dag.py:3033} INFO - Sync 1 DAGs
[2026-06-24T10:25:56.562+0000] {logging_mixin.py:188} INFO - [2026-06-24T10:25:56.562+0000] {dag.py:3820} INFO - Setting next_dagrun for review_timeout_dag to 2026-06-23T01:00:00+00:00, run_after=2026-06-24T01:00:00+00:00
[2026-06-24T10:25:56.609+0000] {processor.py:183} INFO - Processing /opt/airflow/dags/review_timeout_dag.py took 0.220 seconds
[2026-06-24T10:26:26.898+0000] {processor.py:161} INFO - Started process (PID=2539) to work on /opt/airflow/dags/review_timeout_dag.py
[2026-06-24T10:26:26.915+0000] {processor.py:830} INFO - Processing file /opt/airflow/dags/review_timeout_dag.py for tasks to queue
[2026-06-24T10:26:26.932+0000] {logging_mixin.py:188} INFO - [2026-06-24T10:26:26.931+0000] {dagbag.py:538} INFO - Filling up the DagBag from /opt/airflow/dags/review_timeout_dag.py
[2026-06-24T10:26:27.168+0000] {processor.py:840} INFO - DAG(s) 'review_timeout_dag' retrieved from /opt/airflow/dags/review_timeout_dag.py
[2026-06-24T10:26:27.523+0000] {logging_mixin.py:188} INFO - [2026-06-24T10:26:27.523+0000] {dag.py:3033} INFO - Sync 1 DAGs
[2026-06-24T10:26:27.661+0000] {logging_mixin.py:188} INFO - [2026-06-24T10:26:27.660+0000] {dag.py:3820} INFO - Setting next_dagrun for review_timeout_dag to 2026-06-23T01:00:00+00:00, run_after=2026-06-24T01:00:00+00:00
[2026-06-24T10:26:27.722+0000] {processor.py:183} INFO - Processing /opt/airflow/dags/review_timeout_dag.py took 0.854 seconds
[2026-06-24T10:26:58.211+0000] {processor.py:161} INFO - Started process (PID=2549) to work on /opt/airflow/dags/review_timeout_dag.py
[2026-06-24T10:26:58.215+0000] {processor.py:830} INFO - Processing file /opt/airflow/dags/review_timeout_dag.py for tasks to queue
[2026-06-24T10:26:58.217+0000] {logging_mixin.py:188} INFO - [2026-06-24T10:26:58.216+0000] {dagbag.py:538} INFO - Filling up the DagBag from /opt/airflow/dags/review_timeout_dag.py
[2026-06-24T10:26:58.268+0000] {processor.py:840} INFO - DAG(s) 'review_timeout_dag' retrieved from /opt/airflow/dags/review_timeout_dag.py
[2026-06-24T10:26:58.328+0000] {logging_mixin.py:188} INFO - [2026-06-24T10:26:58.328+0000] {dag.py:3033} INFO - Sync 1 DAGs
[2026-06-24T10:26:58.368+0000] {logging_mixin.py:188} INFO - [2026-06-24T10:26:58.368+0000] {dag.py:3820} INFO - Setting next_dagrun for review_timeout_dag to 2026-06-23T01:00:00+00:00, run_after=2026-06-24T01:00:00+00:00
[2026-06-24T10:26:58.392+0000] {processor.py:183} INFO - Processing /opt/airflow/dags/review_timeout_dag.py took 0.196 seconds
[2026-06-24T10:27:28.730+0000] {processor.py:161} INFO - Started process (PID=2559) to work on /opt/airflow/dags/review_timeout_dag.py
[2026-06-24T10:27:28.732+0000] {processor.py:830} INFO - Processing file /opt/airflow/dags/review_timeout_dag.py for tasks to queue
[2026-06-24T10:27:28.734+0000] {logging_mixin.py:188} INFO - [2026-06-24T10:27:28.733+0000] {dagbag.py:538} INFO - Filling up the DagBag from /opt/airflow/dags/review_timeout_dag.py
[2026-06-24T10:27:28.767+0000] {processor.py:840} INFO - DAG(s) 'review_timeout_dag' retrieved from /opt/airflow/dags/review_timeout_dag.py
[2026-06-24T10:27:28.819+0000] {logging_mixin.py:188} INFO - [2026-06-24T10:27:28.819+0000] {dag.py:3033} INFO - Sync 1 DAGs
[2026-06-24T10:27:28.864+0000] {logging_mixin.py:188} INFO - [2026-06-24T10:27:28.863+0000] {dag.py:3820} INFO - Setting next_dagrun for review_timeout_dag to 2026-06-23T01:00:00+00:00, run_after=2026-06-24T01:00:00+00:00
[2026-06-24T10:27:28.894+0000] {processor.py:183} INFO - Processing /opt/airflow/dags/review_timeout_dag.py took 0.173 seconds
[2026-06-24T10:27:59.146+0000] {processor.py:161} INFO - Started process (PID=2569) to work on /opt/airflow/dags/review_timeout_dag.py
[2026-06-24T10:27:59.147+0000] {processor.py:830} INFO - Processing file /opt/airflow/dags/review_timeout_dag.py for tasks to queue
[2026-06-24T10:27:59.148+0000] {logging_mixin.py:188} INFO - [2026-06-24T10:27:59.147+0000] {dagbag.py:538} INFO - Filling up the DagBag from /opt/airflow/dags/review_timeout_dag.py
[2026-06-24T10:27:59.181+0000] {processor.py:840} INFO - DAG(s) 'review_timeout_dag' retrieved from /opt/airflow/dags/review_timeout_dag.py
[2026-06-24T10:27:59.229+0000] {logging_mixin.py:188} INFO - [2026-06-24T10:27:59.228+0000] {dag.py:3033} INFO - Sync 1 DAGs
[2026-06-24T10:27:59.262+0000] {logging_mixin.py:188} INFO - [2026-06-24T10:27:59.262+0000] {dag.py:3820} INFO - Setting next_dagrun for review_timeout_dag to 2026-06-23T01:00:00+00:00, run_after=2026-06-24T01:00:00+00:00
[2026-06-24T10:27:59.283+0000] {processor.py:183} INFO - Processing /opt/airflow/dags/review_timeout_dag.py took 0.149 seconds
[2026-06-24T10:28:29.883+0000] {processor.py:161} INFO - Started process (PID=2579) to work on /opt/airflow/dags/review_timeout_dag.py
[2026-06-24T10:28:29.884+0000] {processor.py:830} INFO - Processing file /opt/airflow/dags/review_timeout_dag.py for tasks to queue
[2026-06-24T10:28:29.885+0000] {logging_mixin.py:188} INFO - [2026-06-24T10:28:29.885+0000] {dagbag.py:538} INFO - Filling up the DagBag from /opt/airflow/dags/review_timeout_dag.py
[2026-06-24T10:28:29.926+0000] {processor.py:840} INFO - DAG(s) 'review_timeout_dag' retrieved from /opt/airflow/dags/review_timeout_dag.py
[2026-06-24T10:28:29.972+0000] {logging_mixin.py:188} INFO - [2026-06-24T10:28:29.972+0000] {dag.py:3033} INFO - Sync 1 DAGs
[2026-06-24T10:28:29.996+0000] {logging_mixin.py:188} INFO - [2026-06-24T10:28:29.996+0000] {dag.py:3820} INFO - Setting next_dagrun for review_timeout_dag to 2026-06-23T01:00:00+00:00, run_after=2026-06-24T01:00:00+00:00
[2026-06-24T10:28:30.019+0000] {processor.py:183} INFO - Processing /opt/airflow/dags/review_timeout_dag.py took 0.150 seconds
[2026-06-24T10:29:00.320+0000] {processor.py:161} INFO - Started process (PID=2589) to work on /opt/airflow/dags/review_timeout_dag.py
[2026-06-24T10:29:00.321+0000] {processor.py:830} INFO - Processing file /opt/airflow/dags/review_timeout_dag.py for tasks to queue
[2026-06-24T10:29:00.322+0000] {logging_mixin.py:188} INFO - [2026-06-24T10:29:00.322+0000] {dagbag.py:538} INFO - Filling up the DagBag from /opt/airflow/dags/review_timeout_dag.py
[2026-06-24T10:29:00.357+0000] {processor.py:840} INFO - DAG(s) 'review_timeout_dag' retrieved from /opt/airflow/dags/review_timeout_dag.py
[2026-06-24T10:29:00.400+0000] {logging_mixin.py:188} INFO - [2026-06-24T10:29:00.400+0000] {dag.py:3033} INFO - Sync 1 DAGs
[2026-06-24T10:29:00.431+0000] {logging_mixin.py:188} INFO - [2026-06-24T10:29:00.431+0000] {dag.py:3820} INFO - Setting next_dagrun for review_timeout_dag to 2026-06-23T01:00:00+00:00, run_after=2026-06-24T01:00:00+00:00
[2026-06-24T10:29:00.456+0000] {processor.py:183} INFO - Processing /opt/airflow/dags/review_timeout_dag.py took 0.144 seconds
[2026-06-24T10:29:30.638+0000] {processor.py:161} INFO - Started process (PID=2599) to work on /opt/airflow/dags/review_timeout_dag.py
[2026-06-24T10:29:30.640+0000] {processor.py:830} INFO - Processing file /opt/airflow/dags/review_timeout_dag.py for tasks to queue
[2026-06-24T10:29:30.644+0000] {logging_mixin.py:188} INFO - [2026-06-24T10:29:30.642+0000] {dagbag.py:538} INFO - Filling up the DagBag from /opt/airflow/dags/review_timeout_dag.py
[2026-06-24T10:29:30.674+0000] {processor.py:840} INFO - DAG(s) 'review_timeout_dag' retrieved from /opt/airflow/dags/review_timeout_dag.py
[2026-06-24T10:29:30.713+0000] {logging_mixin.py:188} INFO - [2026-06-24T10:29:30.713+0000] {dag.py:3033} INFO - Sync 1 DAGs
[2026-06-24T10:29:30.738+0000] {logging_mixin.py:188} INFO - [2026-06-24T10:29:30.738+0000] {dag.py:3820} INFO - Setting next_dagrun for review_timeout_dag to 2026-06-23T01:00:00+00:00, run_after=2026-06-24T01:00:00+00:00
[2026-06-24T10:29:30.756+0000] {processor.py:183} INFO - Processing /opt/airflow/dags/review_timeout_dag.py took 0.125 seconds
[2026-06-24T10:30:01.157+0000] {processor.py:161} INFO - Started process (PID=2609) to work on /opt/airflow/dags/review_timeout_dag.py
[2026-06-24T10:30:01.160+0000] {processor.py:830} INFO - Processing file /opt/airflow/dags/review_timeout_dag.py for tasks to queue
[2026-06-24T10:30:01.168+0000] {logging_mixin.py:188} INFO - [2026-06-24T10:30:01.167+0000] {dagbag.py:538} INFO - Filling up the DagBag from /opt/airflow/dags/review_timeout_dag.py
[2026-06-24T10:30:01.232+0000] {processor.py:840} INFO - DAG(s) 'review_timeout_dag' retrieved from /opt/airflow/dags/review_timeout_dag.py
[2026-06-24T10:30:01.332+0000] {logging_mixin.py:188} INFO - [2026-06-24T10:30:01.331+0000] {dag.py:3033} INFO - Sync 1 DAGs
[2026-06-24T10:30:01.398+0000] {logging_mixin.py:188} INFO - [2026-06-24T10:30:01.398+0000] {dag.py:3820} INFO - Setting next_dagrun for review_timeout_dag to 2026-06-23T01:00:00+00:00, run_after=2026-06-24T01:00:00+00:00
[2026-06-24T10:30:01.435+0000] {processor.py:183} INFO - Processing /opt/airflow/dags/review_timeout_dag.py took 0.303 seconds
[2026-06-24T10:30:31.781+0000] {processor.py:161} INFO - Started process (PID=2619) to work on /opt/airflow/dags/review_timeout_dag.py
[2026-06-24T10:30:31.782+0000] {processor.py:830} INFO - Processing file /opt/airflow/dags/review_timeout_dag.py for tasks to queue
[2026-06-24T10:30:31.784+0000] {logging_mixin.py:188} INFO - [2026-06-24T10:30:31.784+0000] {dagbag.py:538} INFO - Filling up the DagBag from /opt/airflow/dags/review_timeout_dag.py
[2026-06-24T10:30:31.812+0000] {processor.py:840} INFO - DAG(s) 'review_timeout_dag' retrieved from /opt/airflow/dags/review_timeout_dag.py
[2026-06-24T10:30:31.897+0000] {logging_mixin.py:188} INFO - [2026-06-24T10:30:31.896+0000] {dag.py:3033} INFO - Sync 1 DAGs
[2026-06-24T10:30:31.932+0000] {logging_mixin.py:188} INFO - [2026-06-24T10:30:31.932+0000] {dag.py:3820} INFO - Setting next_dagrun for review_timeout_dag to 2026-06-23T01:00:00+00:00, run_after=2026-06-24T01:00:00+00:00
[2026-06-24T10:30:31.959+0000] {processor.py:183} INFO - Processing /opt/airflow/dags/review_timeout_dag.py took 0.187 seconds
[2026-06-24T10:31:02.293+0000] {processor.py:161} INFO - Started process (PID=2629) to work on /opt/airflow/dags/review_timeout_dag.py
[2026-06-24T10:31:02.294+0000] {processor.py:830} INFO - Processing file /opt/airflow/dags/review_timeout_dag.py for tasks to queue
[2026-06-24T10:31:02.295+0000] {logging_mixin.py:188} INFO - [2026-06-24T10:31:02.294+0000] {dagbag.py:538} INFO - Filling up the DagBag from /opt/airflow/dags/review_timeout_dag.py
[2026-06-24T10:31:02.321+0000] {processor.py:840} INFO - DAG(s) 'review_timeout_dag' retrieved from /opt/airflow/dags/review_timeout_dag.py
[2026-06-24T10:31:02.369+0000] {logging_mixin.py:188} INFO - [2026-06-24T10:31:02.369+0000] {dag.py:3033} INFO - Sync 1 DAGs
[2026-06-24T10:31:02.396+0000] {logging_mixin.py:188} INFO - [2026-06-24T10:31:02.395+0000] {dag.py:3820} INFO - Setting next_dagrun for review_timeout_dag to 2026-06-23T01:00:00+00:00, run_after=2026-06-24T01:00:00+00:00
[2026-06-24T10:31:02.422+0000] {processor.py:183} INFO - Processing /opt/airflow/dags/review_timeout_dag.py took 0.136 seconds
[2026-06-24T10:31:32.776+0000] {processor.py:161} INFO - Started process (PID=2639) to work on /opt/airflow/dags/review_timeout_dag.py
[2026-06-24T10:31:32.778+0000] {processor.py:830} INFO - Processing file /opt/airflow/dags/review_timeout_dag.py for tasks to queue
[2026-06-24T10:31:32.782+0000] {logging_mixin.py:188} INFO - [2026-06-24T10:31:32.781+0000] {dagbag.py:538} INFO - Filling up the DagBag from /opt/airflow/dags/review_timeout_dag.py
[2026-06-24T10:31:32.846+0000] {processor.py:840} INFO - DAG(s) 'review_timeout_dag' retrieved from /opt/airflow/dags/review_timeout_dag.py
[2026-06-24T10:31:32.940+0000] {logging_mixin.py:188} INFO - [2026-06-24T10:31:32.939+0000] {dag.py:3033} INFO - Sync 1 DAGs
[2026-06-24T10:31:32.993+0000] {logging_mixin.py:188} INFO - [2026-06-24T10:31:32.993+0000] {dag.py:3820} INFO - Setting next_dagrun for review_timeout_dag to 2026-06-23T01:00:00+00:00, run_after=2026-06-24T01:00:00+00:00
[2026-06-24T10:31:33.028+0000] {processor.py:183} INFO - Processing /opt/airflow/dags/review_timeout_dag.py took 0.272 seconds
[2026-06-24T10:32:03.145+0000] {processor.py:161} INFO - Started process (PID=2649) to work on /opt/airflow/dags/review_timeout_dag.py
[2026-06-24T10:32:03.148+0000] {processor.py:830} INFO - Processing file /opt/airflow/dags/review_timeout_dag.py for tasks to queue
[2026-06-24T10:32:03.151+0000] {logging_mixin.py:188} INFO - [2026-06-24T10:32:03.150+0000] {dagbag.py:538} INFO - Filling up the DagBag from /opt/airflow/dags/review_timeout_dag.py
[2026-06-24T10:32:03.205+0000] {processor.py:840} INFO - DAG(s) 'review_timeout_dag' retrieved from /opt/airflow/dags/review_timeout_dag.py
[2026-06-24T10:32:03.266+0000] {logging_mixin.py:188} INFO - [2026-06-24T10:32:03.266+0000] {dag.py:3033} INFO - Sync 1 DAGs
[2026-06-24T10:32:03.299+0000] {logging_mixin.py:188} INFO - [2026-06-24T10:32:03.299+0000] {dag.py:3820} INFO - Setting next_dagrun for review_timeout_dag to 2026-06-23T01:00:00+00:00, run_after=2026-06-24T01:00:00+00:00
[2026-06-24T10:32:03.328+0000] {processor.py:183} INFO - Processing /opt/airflow/dags/review_timeout_dag.py took 0.191 seconds
[2026-06-24T10:32:33.824+0000] {processor.py:161} INFO - Started process (PID=2659) to work on /opt/airflow/dags/review_timeout_dag.py
[2026-06-24T10:32:33.852+0000] {processor.py:830} INFO - Processing file /opt/airflow/dags/review_timeout_dag.py for tasks to queue
[2026-06-24T10:32:33.865+0000] {logging_mixin.py:188} INFO - [2026-06-24T10:32:33.863+0000] {dagbag.py:538} INFO - Filling up the DagBag from /opt/airflow/dags/review_timeout_dag.py
[2026-06-24T10:32:34.093+0000] {processor.py:840} INFO - DAG(s) 'review_timeout_dag' retrieved from /opt/airflow/dags/review_timeout_dag.py
[2026-06-24T10:32:34.199+0000] {logging_mixin.py:188} INFO - [2026-06-24T10:32:34.199+0000] {dag.py:3033} INFO - Sync 1 DAGs
[2026-06-24T10:32:34.237+0000] {logging_mixin.py:188} INFO - [2026-06-24T10:32:34.237+0000] {dag.py:3820} INFO - Setting next_dagrun for review_timeout_dag to 2026-06-23T01:00:00+00:00, run_after=2026-06-24T01:00:00+00:00
[2026-06-24T10:32:34.262+0000] {processor.py:183} INFO - Processing /opt/airflow/dags/review_timeout_dag.py took 0.511 seconds
[2026-06-24T10:33:04.524+0000] {processor.py:161} INFO - Started process (PID=2669) to work on /opt/airflow/dags/review_timeout_dag.py
[2026-06-24T10:33:04.525+0000] {processor.py:830} INFO - Processing file /opt/airflow/dags/review_timeout_dag.py for tasks to queue
[2026-06-24T10:33:04.527+0000] {logging_mixin.py:188} INFO - [2026-06-24T10:33:04.527+0000] {dagbag.py:538} INFO - Filling up the DagBag from /opt/airflow/dags/review_timeout_dag.py
[2026-06-24T10:33:04.557+0000] {processor.py:840} INFO - DAG(s) 'review_timeout_dag' retrieved from /opt/airflow/dags/review_timeout_dag.py
[2026-06-24T10:33:04.605+0000] {logging_mixin.py:188} INFO - [2026-06-24T10:33:04.605+0000] {dag.py:3033} INFO - Sync 1 DAGs
[2026-06-24T10:33:04.637+0000] {logging_mixin.py:188} INFO - [2026-06-24T10:33:04.637+0000] {dag.py:3820} INFO - Setting next_dagrun for review_timeout_dag to 2026-06-23T01:00:00+00:00, run_after=2026-06-24T01:00:00+00:00
[2026-06-24T10:33:04.661+0000] {processor.py:183} INFO - Processing /opt/airflow/dags/review_timeout_dag.py took 0.146 seconds
[2026-06-24T10:33:35.009+0000] {processor.py:161} INFO - Started process (PID=2679) to work on /opt/airflow/dags/review_timeout_dag.py
[2026-06-24T10:33:35.010+0000] {processor.py:830} INFO - Processing file /opt/airflow/dags/review_timeout_dag.py for tasks to queue
[2026-06-24T10:33:35.011+0000] {logging_mixin.py:188} INFO - [2026-06-24T10:33:35.010+0000] {dagbag.py:538} INFO - Filling up the DagBag from /opt/airflow/dags/review_timeout_dag.py
[2026-06-24T10:33:35.037+0000] {processor.py:840} INFO - DAG(s) 'review_timeout_dag' retrieved from /opt/airflow/dags/review_timeout_dag.py
[2026-06-24T10:33:35.079+0000] {logging_mixin.py:188} INFO - [2026-06-24T10:33:35.079+0000] {dag.py:3033} INFO - Sync 1 DAGs
[2026-06-24T10:33:35.106+0000] {logging_mixin.py:188} INFO - [2026-06-24T10:33:35.105+0000] {dag.py:3820} INFO - Setting next_dagrun for review_timeout_dag to 2026-06-23T01:00:00+00:00, run_after=2026-06-24T01:00:00+00:00
[2026-06-24T10:33:35.130+0000] {processor.py:183} INFO - Processing /opt/airflow/dags/review_timeout_dag.py took 0.127 seconds
[2026-06-24T10:34:05.298+0000] {processor.py:161} INFO - Started process (PID=2689) to work on /opt/airflow/dags/review_timeout_dag.py
[2026-06-24T10:34:05.299+0000] {processor.py:830} INFO - Processing file /opt/airflow/dags/review_timeout_dag.py for tasks to queue
[2026-06-24T10:34:05.301+0000] {logging_mixin.py:188} INFO - [2026-06-24T10:34:05.300+0000] {dagbag.py:538} INFO - Filling up the DagBag from /opt/airflow/dags/review_timeout_dag.py
[2026-06-24T10:34:05.326+0000] {processor.py:840} INFO - DAG(s) 'review_timeout_dag' retrieved from /opt/airflow/dags/review_timeout_dag.py
[2026-06-24T10:34:05.366+0000] {logging_mixin.py:188} INFO - [2026-06-24T10:34:05.365+0000] {dag.py:3033} INFO - Sync 1 DAGs
[2026-06-24T10:34:05.388+0000] {logging_mixin.py:188} INFO - [2026-06-24T10:34:05.388+0000] {dag.py:3820} INFO - Setting next_dagrun for review_timeout_dag to 2026-06-23T01:00:00+00:00, run_after=2026-06-24T01:00:00+00:00
[2026-06-24T10:34:05.406+0000] {processor.py:183} INFO - Processing /opt/airflow/dags/review_timeout_dag.py took 0.117 seconds
[2026-06-24T10:34:35.765+0000] {processor.py:161} INFO - Started process (PID=2699) to work on /opt/airflow/dags/review_timeout_dag.py
[2026-06-24T10:34:35.771+0000] {processor.py:830} INFO - Processing file /opt/airflow/dags/review_timeout_dag.py for tasks to queue
[2026-06-24T10:34:35.777+0000] {logging_mixin.py:188} INFO - [2026-06-24T10:34:35.774+0000] {dagbag.py:538} INFO - Filling up the DagBag from /opt/airflow/dags/review_timeout_dag.py
[2026-06-24T10:34:35.842+0000] {processor.py:840} INFO - DAG(s) 'review_timeout_dag' retrieved from /opt/airflow/dags/review_timeout_dag.py
[2026-06-24T10:34:35.930+0000] {logging_mixin.py:188} INFO - [2026-06-24T10:34:35.929+0000] {dag.py:3033} INFO - Sync 1 DAGs
[2026-06-24T10:34:35.990+0000] {logging_mixin.py:188} INFO - [2026-06-24T10:34:35.990+0000] {dag.py:3820} INFO - Setting next_dagrun for review_timeout_dag to 2026-06-23T01:00:00+00:00, run_after=2026-06-24T01:00:00+00:00
[2026-06-24T10:34:36.034+0000] {processor.py:183} INFO - Processing /opt/airflow/dags/review_timeout_dag.py took 0.291 seconds
[2026-06-24T10:35:06.356+0000] {processor.py:161} INFO - Started process (PID=2709) to work on /opt/airflow/dags/review_timeout_dag.py
[2026-06-24T10:35:06.360+0000] {processor.py:830} INFO - Processing file /opt/airflow/dags/review_timeout_dag.py for tasks to queue
[2026-06-24T10:35:06.370+0000] {logging_mixin.py:188} INFO - [2026-06-24T10:35:06.368+0000] {dagbag.py:538} INFO - Filling up the DagBag from /opt/airflow/dags/review_timeout_dag.py
[2026-06-24T10:35:06.444+0000] {processor.py:840} INFO - DAG(s) 'review_timeout_dag' retrieved from /opt/airflow/dags/review_timeout_dag.py
[2026-06-24T10:35:06.629+0000] {logging_mixin.py:188} INFO - [2026-06-24T10:35:06.628+0000] {dag.py:3033} INFO - Sync 1 DAGs
[2026-06-24T10:35:06.711+0000] {logging_mixin.py:188} INFO - [2026-06-24T10:35:06.711+0000] {dag.py:3820} INFO - Setting next_dagrun for review_timeout_dag to 2026-06-23T01:00:00+00:00, run_after=2026-06-24T01:00:00+00:00
[2026-06-24T10:35:06.803+0000] {processor.py:183} INFO - Processing /opt/airflow/dags/review_timeout_dag.py took 0.466 seconds
[2026-06-24T10:35:37.727+0000] {processor.py:161} INFO - Started process (PID=2719) to work on /opt/airflow/dags/review_timeout_dag.py
[2026-06-24T10:35:37.737+0000] {processor.py:830} INFO - Processing file /opt/airflow/dags/review_timeout_dag.py for tasks to queue
[2026-06-24T10:35:37.753+0000] {logging_mixin.py:188} INFO - [2026-06-24T10:35:37.746+0000] {dagbag.py:538} INFO - Filling up the DagBag from /opt/airflow/dags/review_timeout_dag.py
[2026-06-24T10:35:38.079+0000] {processor.py:840} INFO - DAG(s) 'review_timeout_dag' retrieved from /opt/airflow/dags/review_timeout_dag.py
[2026-06-24T10:35:38.319+0000] {logging_mixin.py:188} INFO - [2026-06-24T10:35:38.318+0000] {dag.py:3033} INFO - Sync 1 DAGs
[2026-06-24T10:35:38.418+0000] {logging_mixin.py:188} INFO - [2026-06-24T10:35:38.417+0000] {dag.py:3820} INFO - Setting next_dagrun for review_timeout_dag to 2026-06-23T01:00:00+00:00, run_after=2026-06-24T01:00:00+00:00
[2026-06-24T10:35:38.543+0000] {processor.py:183} INFO - Processing /opt/airflow/dags/review_timeout_dag.py took 0.840 seconds
[2026-06-24T10:36:09.140+0000] {processor.py:161} INFO - Started process (PID=2729) to work on /opt/airflow/dags/review_timeout_dag.py
[2026-06-24T10:36:09.144+0000] {processor.py:830} INFO - Processing file /opt/airflow/dags/review_timeout_dag.py for tasks to queue
[2026-06-24T10:36:09.146+0000] {logging_mixin.py:188} INFO - [2026-06-24T10:36:09.145+0000] {dagbag.py:538} INFO - Filling up the DagBag from /opt/airflow/dags/review_timeout_dag.py
[2026-06-24T10:36:09.256+0000] {processor.py:840} INFO - DAG(s) 'review_timeout_dag' retrieved from /opt/airflow/dags/review_timeout_dag.py
[2026-06-24T10:36:09.383+0000] {logging_mixin.py:188} INFO - [2026-06-24T10:36:09.383+0000] {dag.py:3033} INFO - Sync 1 DAGs
[2026-06-24T10:36:09.449+0000] {logging_mixin.py:188} INFO - [2026-06-24T10:36:09.449+0000] {dag.py:3820} INFO - Setting next_dagrun for review_timeout_dag to 2026-06-23T01:00:00+00:00, run_after=2026-06-24T01:00:00+00:00
[2026-06-24T10:36:09.485+0000] {processor.py:183} INFO - Processing /opt/airflow/dags/review_timeout_dag.py took 0.362 seconds
[2026-06-24T10:36:40.067+0000] {processor.py:161} INFO - Started process (PID=2739) to work on /opt/airflow/dags/review_timeout_dag.py
[2026-06-24T10:36:40.068+0000] {processor.py:830} INFO - Processing file /opt/airflow/dags/review_timeout_dag.py for tasks to queue
[2026-06-24T10:36:40.069+0000] {logging_mixin.py:188} INFO - [2026-06-24T10:36:40.068+0000] {dagbag.py:538} INFO - Filling up the DagBag from /opt/airflow/dags/review_timeout_dag.py
[2026-06-24T10:36:40.097+0000] {processor.py:840} INFO - DAG(s) 'review_timeout_dag' retrieved from /opt/airflow/dags/review_timeout_dag.py
[2026-06-24T10:36:40.152+0000] {logging_mixin.py:188} INFO - [2026-06-24T10:36:40.152+0000] {dag.py:3033} INFO - Sync 1 DAGs
[2026-06-24T10:36:40.182+0000] {logging_mixin.py:188} INFO - [2026-06-24T10:36:40.182+0000] {dag.py:3820} INFO - Setting next_dagrun for review_timeout_dag to 2026-06-23T01:00:00+00:00, run_after=2026-06-24T01:00:00+00:00
[2026-06-24T10:36:40.201+0000] {processor.py:183} INFO - Processing /opt/airflow/dags/review_timeout_dag.py took 0.141 seconds
[2026-06-24T10:37:10.745+0000] {processor.py:161} INFO - Started process (PID=2749) to work on /opt/airflow/dags/review_timeout_dag.py
[2026-06-24T10:37:10.751+0000] {processor.py:830} INFO - Processing file /opt/airflow/dags/review_timeout_dag.py for tasks to queue
[2026-06-24T10:37:10.757+0000] {logging_mixin.py:188} INFO - [2026-06-24T10:37:10.755+0000] {dagbag.py:538} INFO - Filling up the DagBag from /opt/airflow/dags/review_timeout_dag.py
[2026-06-24T10:37:10.818+0000] {processor.py:840} INFO - DAG(s) 'review_timeout_dag' retrieved from /opt/airflow/dags/review_timeout_dag.py
[2026-06-24T10:37:10.948+0000] {logging_mixin.py:188} INFO - [2026-06-24T10:37:10.948+0000] {dag.py:3033} INFO - Sync 1 DAGs
[2026-06-24T10:37:11.147+0000] {logging_mixin.py:188} INFO - [2026-06-24T10:37:11.147+0000] {dag.py:3820} INFO - Setting next_dagrun for review_timeout_dag to 2026-06-23T01:00:00+00:00, run_after=2026-06-24T01:00:00+00:00
[2026-06-24T10:37:11.233+0000] {processor.py:183} INFO - Processing /opt/airflow/dags/review_timeout_dag.py took 0.506 seconds
[2026-06-24T10:37:42.045+0000] {processor.py:161} INFO - Started process (PID=2759) to work on /opt/airflow/dags/review_timeout_dag.py
[2026-06-24T10:37:42.049+0000] {processor.py:830} INFO - Processing file /opt/airflow/dags/review_timeout_dag.py for tasks to queue
[2026-06-24T10:37:42.054+0000] {logging_mixin.py:188} INFO - [2026-06-24T10:37:42.051+0000] {dagbag.py:538} INFO - Filling up the DagBag from /opt/airflow/dags/review_timeout_dag.py
[2026-06-24T10:37:42.140+0000] {processor.py:840} INFO - DAG(s) 'review_timeout_dag' retrieved from /opt/airflow/dags/review_timeout_dag.py
[2026-06-24T10:37:42.270+0000] {logging_mixin.py:188} INFO - [2026-06-24T10:37:42.269+0000] {dag.py:3033} INFO - Sync 1 DAGs
[2026-06-24T10:37:42.305+0000] {logging_mixin.py:188} INFO - [2026-06-24T10:37:42.305+0000] {dag.py:3820} INFO - Setting next_dagrun for review_timeout_dag to 2026-06-23T01:00:00+00:00, run_after=2026-06-24T01:00:00+00:00
[2026-06-24T10:37:42.345+0000] {processor.py:183} INFO - Processing /opt/airflow/dags/review_timeout_dag.py took 0.344 seconds
[2026-06-24T10:38:12.917+0000] {processor.py:161} INFO - Started process (PID=2769) to work on /opt/airflow/dags/review_timeout_dag.py
[2026-06-24T10:38:12.919+0000] {processor.py:830} INFO - Processing file /opt/airflow/dags/review_timeout_dag.py for tasks to queue
[2026-06-24T10:38:12.922+0000] {logging_mixin.py:188} INFO - [2026-06-24T10:38:12.920+0000] {dagbag.py:538} INFO - Filling up the DagBag from /opt/airflow/dags/review_timeout_dag.py
[2026-06-24T10:38:12.989+0000] {processor.py:840} INFO - DAG(s) 'review_timeout_dag' retrieved from /opt/airflow/dags/review_timeout_dag.py
[2026-06-24T10:38:13.149+0000] {logging_mixin.py:188} INFO - [2026-06-24T10:38:13.149+0000] {dag.py:3033} INFO - Sync 1 DAGs
[2026-06-24T10:38:13.230+0000] {logging_mixin.py:188} INFO - [2026-06-24T10:38:13.230+0000] {dag.py:3820} INFO - Setting next_dagrun for review_timeout_dag to 2026-06-23T01:00:00+00:00, run_after=2026-06-24T01:00:00+00:00
[2026-06-24T10:38:13.274+0000] {processor.py:183} INFO - Processing /opt/airflow/dags/review_timeout_dag.py took 0.367 seconds
[2026-06-24T10:38:44.022+0000] {processor.py:161} INFO - Started process (PID=2779) to work on /opt/airflow/dags/review_timeout_dag.py
[2026-06-24T10:38:44.046+0000] {processor.py:830} INFO - Processing file /opt/airflow/dags/review_timeout_dag.py for tasks to queue
[2026-06-24T10:38:44.109+0000] {logging_mixin.py:188} INFO - [2026-06-24T10:38:44.058+0000] {dagbag.py:538} INFO - Filling up the DagBag from /opt/airflow/dags/review_timeout_dag.py
[2026-06-24T10:38:44.277+0000] {processor.py:840} INFO - DAG(s) 'review_timeout_dag' retrieved from /opt/airflow/dags/review_timeout_dag.py
[2026-06-24T10:38:44.668+0000] {logging_mixin.py:188} INFO - [2026-06-24T10:38:44.667+0000] {dag.py:3033} INFO - Sync 1 DAGs
[2026-06-24T10:38:44.728+0000] {logging_mixin.py:188} INFO - [2026-06-24T10:38:44.728+0000] {dag.py:3820} INFO - Setting next_dagrun for review_timeout_dag to 2026-06-23T01:00:00+00:00, run_after=2026-06-24T01:00:00+00:00
[2026-06-24T10:38:44.798+0000] {processor.py:183} INFO - Processing /opt/airflow/dags/review_timeout_dag.py took 0.803 seconds
[2026-06-24T10:39:15.730+0000] {processor.py:161} INFO - Started process (PID=2789) to work on /opt/airflow/dags/review_timeout_dag.py
[2026-06-24T10:39:15.732+0000] {processor.py:830} INFO - Processing file /opt/airflow/dags/review_timeout_dag.py for tasks to queue
[2026-06-24T10:39:15.734+0000] {logging_mixin.py:188} INFO - [2026-06-24T10:39:15.733+0000] {dagbag.py:538} INFO - Filling up the DagBag from /opt/airflow/dags/review_timeout_dag.py
[2026-06-24T10:39:15.777+0000] {processor.py:840} INFO - DAG(s) 'review_timeout_dag' retrieved from /opt/airflow/dags/review_timeout_dag.py
[2026-06-24T10:39:15.898+0000] {logging_mixin.py:188} INFO - [2026-06-24T10:39:15.897+0000] {dag.py:3033} INFO - Sync 1 DAGs
[2026-06-24T10:39:15.989+0000] {logging_mixin.py:188} INFO - [2026-06-24T10:39:15.989+0000] {dag.py:3820} INFO - Setting next_dagrun for review_timeout_dag to 2026-06-23T01:00:00+00:00, run_after=2026-06-24T01:00:00+00:00
[2026-06-24T10:39:16.033+0000] {processor.py:183} INFO - Processing /opt/airflow/dags/review_timeout_dag.py took 0.315 seconds
[2026-06-24T10:39:46.437+0000] {processor.py:161} INFO - Started process (PID=2799) to work on /opt/airflow/dags/review_timeout_dag.py
[2026-06-24T10:39:46.439+0000] {processor.py:830} INFO - Processing file /opt/airflow/dags/review_timeout_dag.py for tasks to queue
[2026-06-24T10:39:46.442+0000] {logging_mixin.py:188} INFO - [2026-06-24T10:39:46.441+0000] {dagbag.py:538} INFO - Filling up the DagBag from /opt/airflow/dags/review_timeout_dag.py
[2026-06-24T10:39:46.481+0000] {processor.py:840} INFO - DAG(s) 'review_timeout_dag' retrieved from /opt/airflow/dags/review_timeout_dag.py
[2026-06-24T10:39:46.562+0000] {logging_mixin.py:188} INFO - [2026-06-24T10:39:46.561+0000] {dag.py:3033} INFO - Sync 1 DAGs
[2026-06-24T10:39:46.824+0000] {logging_mixin.py:188} INFO - [2026-06-24T10:39:46.823+0000] {dag.py:3820} INFO - Setting next_dagrun for review_timeout_dag to 2026-06-23T01:00:00+00:00, run_after=2026-06-24T01:00:00+00:00
[2026-06-24T10:39:46.860+0000] {processor.py:183} INFO - Processing /opt/airflow/dags/review_timeout_dag.py took 0.432 seconds
[2026-06-24T10:40:17.310+0000] {processor.py:161} INFO - Started process (PID=2809) to work on /opt/airflow/dags/review_timeout_dag.py
[2026-06-24T10:40:17.312+0000] {processor.py:830} INFO - Processing file /opt/airflow/dags/review_timeout_dag.py for tasks to queue
[2026-06-24T10:40:17.314+0000] {logging_mixin.py:188} INFO - [2026-06-24T10:40:17.314+0000] {dagbag.py:538} INFO - Filling up the DagBag from /opt/airflow/dags/review_timeout_dag.py
[2026-06-24T10:40:17.348+0000] {processor.py:840} INFO - DAG(s) 'review_timeout_dag' retrieved from /opt/airflow/dags/review_timeout_dag.py
[2026-06-24T10:40:17.410+0000] {logging_mixin.py:188} INFO - [2026-06-24T10:40:17.409+0000] {dag.py:3033} INFO - Sync 1 DAGs
[2026-06-24T10:40:17.449+0000] {logging_mixin.py:188} INFO - [2026-06-24T10:40:17.449+0000] {dag.py:3820} INFO - Setting next_dagrun for review_timeout_dag to 2026-06-23T01:00:00+00:00, run_after=2026-06-24T01:00:00+00:00
[2026-06-24T10:40:17.474+0000] {processor.py:183} INFO - Processing /opt/airflow/dags/review_timeout_dag.py took 0.176 seconds
[2026-06-24T10:40:47.652+0000] {processor.py:161} INFO - Started process (PID=2819) to work on /opt/airflow/dags/review_timeout_dag.py
[2026-06-24T10:40:47.654+0000] {processor.py:830} INFO - Processing file /opt/airflow/dags/review_timeout_dag.py for tasks to queue
[2026-06-24T10:40:47.656+0000] {logging_mixin.py:188} INFO - [2026-06-24T10:40:47.655+0000] {dagbag.py:538} INFO - Filling up the DagBag from /opt/airflow/dags/review_timeout_dag.py
[2026-06-24T10:40:47.691+0000] {processor.py:840} INFO - DAG(s) 'review_timeout_dag' retrieved from /opt/airflow/dags/review_timeout_dag.py
[2026-06-24T10:40:47.761+0000] {logging_mixin.py:188} INFO - [2026-06-24T10:40:47.761+0000] {dag.py:3033} INFO - Sync 1 DAGs
[2026-06-24T10:40:47.799+0000] {logging_mixin.py:188} INFO - [2026-06-24T10:40:47.799+0000] {dag.py:3820} INFO - Setting next_dagrun for review_timeout_dag to 2026-06-23T01:00:00+00:00, run_after=2026-06-24T01:00:00+00:00
[2026-06-24T10:40:47.824+0000] {processor.py:183} INFO - Processing /opt/airflow/dags/review_timeout_dag.py took 0.183 seconds
[2026-06-24T10:41:18.318+0000] {processor.py:161} INFO - Started process (PID=2829) to work on /opt/airflow/dags/review_timeout_dag.py
[2026-06-24T10:41:18.320+0000] {processor.py:830} INFO - Processing file /opt/airflow/dags/review_timeout_dag.py for tasks to queue
[2026-06-24T10:41:18.327+0000] {logging_mixin.py:188} INFO - [2026-06-24T10:41:18.326+0000] {dagbag.py:538} INFO - Filling up the DagBag from /opt/airflow/dags/review_timeout_dag.py
[2026-06-24T10:41:18.394+0000] {processor.py:840} INFO - DAG(s) 'review_timeout_dag' retrieved from /opt/airflow/dags/review_timeout_dag.py
[2026-06-24T10:41:18.495+0000] {logging_mixin.py:188} INFO - [2026-06-24T10:41:18.495+0000] {dag.py:3033} INFO - Sync 1 DAGs
[2026-06-24T10:41:18.564+0000] {logging_mixin.py:188} INFO - [2026-06-24T10:41:18.563+0000] {dag.py:3820} INFO - Setting next_dagrun for review_timeout_dag to 2026-06-23T01:00:00+00:00, run_after=2026-06-24T01:00:00+00:00
[2026-06-24T10:41:18.610+0000] {processor.py:183} INFO - Processing /opt/airflow/dags/review_timeout_dag.py took 0.329 seconds
[2026-06-24T10:41:49.069+0000] {processor.py:161} INFO - Started process (PID=2839) to work on /opt/airflow/dags/review_timeout_dag.py
[2026-06-24T10:41:49.072+0000] {processor.py:830} INFO - Processing file /opt/airflow/dags/review_timeout_dag.py for tasks to queue
[2026-06-24T10:41:49.075+0000] {logging_mixin.py:188} INFO - [2026-06-24T10:41:49.074+0000] {dagbag.py:538} INFO - Filling up the DagBag from /opt/airflow/dags/review_timeout_dag.py
[2026-06-24T10:41:49.178+0000] {processor.py:840} INFO - DAG(s) 'review_timeout_dag' retrieved from /opt/airflow/dags/review_timeout_dag.py
[2026-06-24T10:41:49.281+0000] {logging_mixin.py:188} INFO - [2026-06-24T10:41:49.281+0000] {dag.py:3033} INFO - Sync 1 DAGs
[2026-06-24T10:41:49.319+0000] {logging_mixin.py:188} INFO - [2026-06-24T10:41:49.319+0000] {dag.py:3820} INFO - Setting next_dagrun for review_timeout_dag to 2026-06-23T01:00:00+00:00, run_after=2026-06-24T01:00:00+00:00
[2026-06-24T10:41:49.343+0000] {processor.py:183} INFO - Processing /opt/airflow/dags/review_timeout_dag.py took 0.307 seconds
[2026-06-24T10:42:19.586+0000] {processor.py:161} INFO - Started process (PID=2849) to work on /opt/airflow/dags/review_timeout_dag.py
[2026-06-24T10:42:19.590+0000] {processor.py:830} INFO - Processing file /opt/airflow/dags/review_timeout_dag.py for tasks to queue
[2026-06-24T10:42:19.595+0000] {logging_mixin.py:188} INFO - [2026-06-24T10:42:19.593+0000] {dagbag.py:538} INFO - Filling up the DagBag from /opt/airflow/dags/review_timeout_dag.py
[2026-06-24T10:42:19.678+0000] {processor.py:840} INFO - DAG(s) 'review_timeout_dag' retrieved from /opt/airflow/dags/review_timeout_dag.py
[2026-06-24T10:42:19.782+0000] {logging_mixin.py:188} INFO - [2026-06-24T10:42:19.782+0000] {dag.py:3033} INFO - Sync 1 DAGs
[2026-06-24T10:42:19.846+0000] {logging_mixin.py:188} INFO - [2026-06-24T10:42:19.846+0000] {dag.py:3820} INFO - Setting next_dagrun for review_timeout_dag to 2026-06-23T01:00:00+00:00, run_after=2026-06-24T01:00:00+00:00
[2026-06-24T10:42:19.902+0000] {processor.py:183} INFO - Processing /opt/airflow/dags/review_timeout_dag.py took 0.330 seconds
[2026-06-24T10:42:50.166+0000] {processor.py:161} INFO - Started process (PID=2859) to work on /opt/airflow/dags/review_timeout_dag.py
[2026-06-24T10:42:50.167+0000] {processor.py:830} INFO - Processing file /opt/airflow/dags/review_timeout_dag.py for tasks to queue
[2026-06-24T10:42:50.169+0000] {logging_mixin.py:188} INFO - [2026-06-24T10:42:50.168+0000] {dagbag.py:538} INFO - Filling up the DagBag from /opt/airflow/dags/review_timeout_dag.py
[2026-06-24T10:42:50.195+0000] {processor.py:840} INFO - DAG(s) 'review_timeout_dag' retrieved from /opt/airflow/dags/review_timeout_dag.py
[2026-06-24T10:42:50.232+0000] {logging_mixin.py:188} INFO - [2026-06-24T10:42:50.232+0000] {dag.py:3033} INFO - Sync 1 DAGs
[2026-06-24T10:42:50.263+0000] {logging_mixin.py:188} INFO - [2026-06-24T10:42:50.263+0000] {dag.py:3820} INFO - Setting next_dagrun for review_timeout_dag to 2026-06-23T01:00:00+00:00, run_after=2026-06-24T01:00:00+00:00
[2026-06-24T10:42:50.287+0000] {processor.py:183} INFO - Processing /opt/airflow/dags/review_timeout_dag.py took 0.129 seconds
[2026-06-24T10:43:21.232+0000] {processor.py:161} INFO - Started process (PID=2869) to work on /opt/airflow/dags/review_timeout_dag.py
[2026-06-24T10:43:21.233+0000] {processor.py:830} INFO - Processing file /opt/airflow/dags/review_timeout_dag.py for tasks to queue
[2026-06-24T10:43:21.235+0000] {logging_mixin.py:188} INFO - [2026-06-24T10:43:21.234+0000] {dagbag.py:538} INFO - Filling up the DagBag from /opt/airflow/dags/review_timeout_dag.py
[2026-06-24T10:43:21.270+0000] {processor.py:840} INFO - DAG(s) 'review_timeout_dag' retrieved from /opt/airflow/dags/review_timeout_dag.py
[2026-06-24T10:43:21.320+0000] {logging_mixin.py:188} INFO - [2026-06-24T10:43:21.320+0000] {dag.py:3033} INFO - Sync 1 DAGs
[2026-06-24T10:43:21.352+0000] {logging_mixin.py:188} INFO - [2026-06-24T10:43:21.351+0000] {dag.py:3820} INFO - Setting next_dagrun for review_timeout_dag to 2026-06-23T01:00:00+00:00, run_after=2026-06-24T01:00:00+00:00
[2026-06-24T10:43:21.374+0000] {processor.py:183} INFO - Processing /opt/airflow/dags/review_timeout_dag.py took 0.152 seconds
[2026-06-24T10:43:51.853+0000] {processor.py:161} INFO - Started process (PID=2879) to work on /opt/airflow/dags/review_timeout_dag.py
[2026-06-24T10:43:51.865+0000] {processor.py:830} INFO - Processing file /opt/airflow/dags/review_timeout_dag.py for tasks to queue
[2026-06-24T10:43:51.870+0000] {logging_mixin.py:188} INFO - [2026-06-24T10:43:51.869+0000] {dagbag.py:538} INFO - Filling up the DagBag from /opt/airflow/dags/review_timeout_dag.py
[2026-06-24T10:43:51.921+0000] {processor.py:840} INFO - DAG(s) 'review_timeout_dag' retrieved from /opt/airflow/dags/review_timeout_dag.py
[2026-06-24T10:43:52.140+0000] {logging_mixin.py:188} INFO - [2026-06-24T10:43:52.138+0000] {dag.py:3033} INFO - Sync 1 DAGs
[2026-06-24T10:43:52.267+0000] {logging_mixin.py:188} INFO - [2026-06-24T10:43:52.267+0000] {dag.py:3820} INFO - Setting next_dagrun for review_timeout_dag to 2026-06-23T01:00:00+00:00, run_after=2026-06-24T01:00:00+00:00
[2026-06-24T10:43:52.344+0000] {processor.py:183} INFO - Processing /opt/airflow/dags/review_timeout_dag.py took 0.503 seconds
[2026-06-24T10:44:22.647+0000] {processor.py:161} INFO - Started process (PID=2889) to work on /opt/airflow/dags/review_timeout_dag.py
[2026-06-24T10:44:22.651+0000] {processor.py:830} INFO - Processing file /opt/airflow/dags/review_timeout_dag.py for tasks to queue
[2026-06-24T10:44:22.655+0000] {logging_mixin.py:188} INFO - [2026-06-24T10:44:22.653+0000] {dagbag.py:538} INFO - Filling up the DagBag from /opt/airflow/dags/review_timeout_dag.py
[2026-06-24T10:44:22.731+0000] {processor.py:840} INFO - DAG(s) 'review_timeout_dag' retrieved from /opt/airflow/dags/review_timeout_dag.py
[2026-06-24T10:44:22.810+0000] {logging_mixin.py:188} INFO - [2026-06-24T10:44:22.808+0000] {dag.py:3033} INFO - Sync 1 DAGs
[2026-06-24T10:44:22.858+0000] {logging_mixin.py:188} INFO - [2026-06-24T10:44:22.858+0000] {dag.py:3820} INFO - Setting next_dagrun for review_timeout_dag to 2026-06-23T01:00:00+00:00, run_after=2026-06-24T01:00:00+00:00
[2026-06-24T10:44:22.950+0000] {processor.py:183} INFO - Processing /opt/airflow/dags/review_timeout_dag.py took 0.313 seconds
[2026-06-24T10:44:53.528+0000] {processor.py:161} INFO - Started process (PID=2899) to work on /opt/airflow/dags/review_timeout_dag.py
[2026-06-24T10:44:53.530+0000] {processor.py:830} INFO - Processing file /opt/airflow/dags/review_timeout_dag.py for tasks to queue
[2026-06-24T10:44:53.533+0000] {logging_mixin.py:188} INFO - [2026-06-24T10:44:53.532+0000] {dagbag.py:538} INFO - Filling up the DagBag from /opt/airflow/dags/review_timeout_dag.py
[2026-06-24T10:44:53.592+0000] {processor.py:840} INFO - DAG(s) 'review_timeout_dag' retrieved from /opt/airflow/dags/review_timeout_dag.py
[2026-06-24T10:44:53.691+0000] {logging_mixin.py:188} INFO - [2026-06-24T10:44:53.690+0000] {dag.py:3033} INFO - Sync 1 DAGs
[2026-06-24T10:44:53.744+0000] {logging_mixin.py:188} INFO - [2026-06-24T10:44:53.744+0000] {dag.py:3820} INFO - Setting next_dagrun for review_timeout_dag to 2026-06-23T01:00:00+00:00, run_after=2026-06-24T01:00:00+00:00
[2026-06-24T10:44:53.820+0000] {processor.py:183} INFO - Processing /opt/airflow/dags/review_timeout_dag.py took 0.307 seconds
[2026-06-24T10:45:24.137+0000] {processor.py:161} INFO - Started process (PID=2909) to work on /opt/airflow/dags/review_timeout_dag.py
[2026-06-24T10:45:24.138+0000] {processor.py:830} INFO - Processing file /opt/airflow/dags/review_timeout_dag.py for tasks to queue
[2026-06-24T10:45:24.140+0000] {logging_mixin.py:188} INFO - [2026-06-24T10:45:24.139+0000] {dagbag.py:538} INFO - Filling up the DagBag from /opt/airflow/dags/review_timeout_dag.py
[2026-06-24T10:45:24.170+0000] {processor.py:840} INFO - DAG(s) 'review_timeout_dag' retrieved from /opt/airflow/dags/review_timeout_dag.py
[2026-06-24T10:45:24.222+0000] {logging_mixin.py:188} INFO - [2026-06-24T10:45:24.222+0000] {dag.py:3033} INFO - Sync 1 DAGs
[2026-06-24T10:45:24.251+0000] {logging_mixin.py:188} INFO - [2026-06-24T10:45:24.251+0000] {dag.py:3820} INFO - Setting next_dagrun for review_timeout_dag to 2026-06-23T01:00:00+00:00, run_after=2026-06-24T01:00:00+00:00
[2026-06-24T10:45:24.272+0000] {processor.py:183} INFO - Processing /opt/airflow/dags/review_timeout_dag.py took 0.141 seconds
[2026-06-24T10:45:54.465+0000] {processor.py:161} INFO - Started process (PID=2919) to work on /opt/airflow/dags/review_timeout_dag.py
[2026-06-24T10:45:54.469+0000] {processor.py:830} INFO - Processing file /opt/airflow/dags/review_timeout_dag.py for tasks to queue
[2026-06-24T10:45:54.470+0000] {logging_mixin.py:188} INFO - [2026-06-24T10:45:54.470+0000] {dagbag.py:538} INFO - Filling up the DagBag from /opt/airflow/dags/review_timeout_dag.py
[2026-06-24T10:45:54.499+0000] {processor.py:840} INFO - DAG(s) 'review_timeout_dag' retrieved from /opt/airflow/dags/review_timeout_dag.py
[2026-06-24T10:45:54.550+0000] {logging_mixin.py:188} INFO - [2026-06-24T10:45:54.549+0000] {dag.py:3033} INFO - Sync 1 DAGs
[2026-06-24T10:45:54.581+0000] {logging_mixin.py:188} INFO - [2026-06-24T10:45:54.580+0000] {dag.py:3820} INFO - Setting next_dagrun for review_timeout_dag to 2026-06-23T01:00:00+00:00, run_after=2026-06-24T01:00:00+00:00
[2026-06-24T10:45:54.601+0000] {processor.py:183} INFO - Processing /opt/airflow/dags/review_timeout_dag.py took 0.150 seconds
[2026-06-24T10:46:24.849+0000] {processor.py:161} INFO - Started process (PID=2929) to work on /opt/airflow/dags/review_timeout_dag.py
[2026-06-24T10:46:24.852+0000] {processor.py:830} INFO - Processing file /opt/airflow/dags/review_timeout_dag.py for tasks to queue
[2026-06-24T10:46:24.855+0000] {logging_mixin.py:188} INFO - [2026-06-24T10:46:24.855+0000] {dagbag.py:538} INFO - Filling up the DagBag from /opt/airflow/dags/review_timeout_dag.py
[2026-06-24T10:46:24.884+0000] {processor.py:840} INFO - DAG(s) 'review_timeout_dag' retrieved from /opt/airflow/dags/review_timeout_dag.py
[2026-06-24T10:46:24.946+0000] {logging_mixin.py:188} INFO - [2026-06-24T10:46:24.946+0000] {dag.py:3033} INFO - Sync 1 DAGs
[2026-06-24T10:46:24.975+0000] {logging_mixin.py:188} INFO - [2026-06-24T10:46:24.975+0000] {dag.py:3820} INFO - Setting next_dagrun for review_timeout_dag to 2026-06-23T01:00:00+00:00, run_after=2026-06-24T01:00:00+00:00
[2026-06-24T10:46:25.001+0000] {processor.py:183} INFO - Processing /opt/airflow/dags/review_timeout_dag.py took 0.174 seconds
[2026-06-24T10:46:55.318+0000] {processor.py:161} INFO - Started process (PID=2939) to work on /opt/airflow/dags/review_timeout_dag.py
[2026-06-24T10:46:55.320+0000] {processor.py:830} INFO - Processing file /opt/airflow/dags/review_timeout_dag.py for tasks to queue
[2026-06-24T10:46:55.324+0000] {logging_mixin.py:188} INFO - [2026-06-24T10:46:55.322+0000] {dagbag.py:538} INFO - Filling up the DagBag from /opt/airflow/dags/review_timeout_dag.py
[2026-06-24T10:46:55.446+0000] {processor.py:840} INFO - DAG(s) 'review_timeout_dag' retrieved from /opt/airflow/dags/review_timeout_dag.py
[2026-06-24T10:46:55.694+0000] {logging_mixin.py:188} INFO - [2026-06-24T10:46:55.692+0000] {dag.py:3033} INFO - Sync 1 DAGs
[2026-06-24T10:46:55.827+0000] {logging_mixin.py:188} INFO - [2026-06-24T10:46:55.826+0000] {dag.py:3820} INFO - Setting next_dagrun for review_timeout_dag to 2026-06-23T01:00:00+00:00, run_after=2026-06-24T01:00:00+00:00
[2026-06-24T10:46:55.865+0000] {processor.py:183} INFO - Processing /opt/airflow/dags/review_timeout_dag.py took 0.564 seconds
[2026-06-24T10:47:26.587+0000] {processor.py:161} INFO - Started process (PID=2949) to work on /opt/airflow/dags/review_timeout_dag.py
[2026-06-24T10:47:26.592+0000] {processor.py:830} INFO - Processing file /opt/airflow/dags/review_timeout_dag.py for tasks to queue
[2026-06-24T10:47:26.603+0000] {logging_mixin.py:188} INFO - [2026-06-24T10:47:26.598+0000] {dagbag.py:538} INFO - Filling up the DagBag from /opt/airflow/dags/review_timeout_dag.py
[2026-06-24T10:47:26.723+0000] {processor.py:840} INFO - DAG(s) 'review_timeout_dag' retrieved from /opt/airflow/dags/review_timeout_dag.py
[2026-06-24T10:47:26.992+0000] {logging_mixin.py:188} INFO - [2026-06-24T10:47:26.992+0000] {dag.py:3033} INFO - Sync 1 DAGs
[2026-06-24T10:47:27.210+0000] {logging_mixin.py:188} INFO - [2026-06-24T10:47:27.209+0000] {dag.py:3820} INFO - Setting next_dagrun for review_timeout_dag to 2026-06-23T01:00:00+00:00, run_after=2026-06-24T01:00:00+00:00
[2026-06-24T10:47:27.349+0000] {processor.py:183} INFO - Processing /opt/airflow/dags/review_timeout_dag.py took 0.790 seconds
[2026-06-24T10:47:57.751+0000] {processor.py:161} INFO - Started process (PID=2959) to work on /opt/airflow/dags/review_timeout_dag.py
[2026-06-24T10:47:57.754+0000] {processor.py:830} INFO - Processing file /opt/airflow/dags/review_timeout_dag.py for tasks to queue
[2026-06-24T10:47:57.756+0000] {logging_mixin.py:188} INFO - [2026-06-24T10:47:57.755+0000] {dagbag.py:538} INFO - Filling up the DagBag from /opt/airflow/dags/review_timeout_dag.py
[2026-06-24T10:47:57.795+0000] {processor.py:840} INFO - DAG(s) 'review_timeout_dag' retrieved from /opt/airflow/dags/review_timeout_dag.py
[2026-06-24T10:47:57.865+0000] {logging_mixin.py:188} INFO - [2026-06-24T10:47:57.865+0000] {dag.py:3033} INFO - Sync 1 DAGs
[2026-06-24T10:47:57.915+0000] {logging_mixin.py:188} INFO - [2026-06-24T10:47:57.915+0000] {dag.py:3820} INFO - Setting next_dagrun for review_timeout_dag to 2026-06-23T01:00:00+00:00, run_after=2026-06-24T01:00:00+00:00
[2026-06-24T10:47:57.956+0000] {processor.py:183} INFO - Processing /opt/airflow/dags/review_timeout_dag.py took 0.215 seconds
[2026-06-24T10:48:28.402+0000] {processor.py:161} INFO - Started process (PID=2969) to work on /opt/airflow/dags/review_timeout_dag.py
[2026-06-24T10:48:28.404+0000] {processor.py:830} INFO - Processing file /opt/airflow/dags/review_timeout_dag.py for tasks to queue
[2026-06-24T10:48:28.408+0000] {logging_mixin.py:188} INFO - [2026-06-24T10:48:28.406+0000] {dagbag.py:538} INFO - Filling up the DagBag from /opt/airflow/dags/review_timeout_dag.py
[2026-06-24T10:48:28.464+0000] {processor.py:840} INFO - DAG(s) 'review_timeout_dag' retrieved from /opt/airflow/dags/review_timeout_dag.py
[2026-06-24T10:48:28.563+0000] {logging_mixin.py:188} INFO - [2026-06-24T10:48:28.563+0000] {dag.py:3033} INFO - Sync 1 DAGs
[2026-06-24T10:48:28.618+0000] {logging_mixin.py:188} INFO - [2026-06-24T10:48:28.617+0000] {dag.py:3820} INFO - Setting next_dagrun for review_timeout_dag to 2026-06-23T01:00:00+00:00, run_after=2026-06-24T01:00:00+00:00
[2026-06-24T10:48:28.657+0000] {processor.py:183} INFO - Processing /opt/airflow/dags/review_timeout_dag.py took 0.267 seconds
[2026-06-24T10:48:59.184+0000] {processor.py:161} INFO - Started process (PID=2979) to work on /opt/airflow/dags/review_timeout_dag.py
[2026-06-24T10:48:59.187+0000] {processor.py:830} INFO - Processing file /opt/airflow/dags/review_timeout_dag.py for tasks to queue
[2026-06-24T10:48:59.190+0000] {logging_mixin.py:188} INFO - [2026-06-24T10:48:59.189+0000] {dagbag.py:538} INFO - Filling up the DagBag from /opt/airflow/dags/review_timeout_dag.py
[2026-06-24T10:48:59.237+0000] {processor.py:840} INFO - DAG(s) 'review_timeout_dag' retrieved from /opt/airflow/dags/review_timeout_dag.py
[2026-06-24T10:48:59.335+0000] {logging_mixin.py:188} INFO - [2026-06-24T10:48:59.335+0000] {dag.py:3033} INFO - Sync 1 DAGs
[2026-06-24T10:48:59.404+0000] {logging_mixin.py:188} INFO - [2026-06-24T10:48:59.404+0000] {dag.py:3820} INFO - Setting next_dagrun for review_timeout_dag to 2026-06-23T01:00:00+00:00, run_after=2026-06-24T01:00:00+00:00
[2026-06-24T10:48:59.465+0000] {processor.py:183} INFO - Processing /opt/airflow/dags/review_timeout_dag.py took 0.294 seconds
[2026-06-24T10:49:29.840+0000] {processor.py:161} INFO - Started process (PID=2989) to work on /opt/airflow/dags/review_timeout_dag.py
[2026-06-24T10:49:29.866+0000] {processor.py:830} INFO - Processing file /opt/airflow/dags/review_timeout_dag.py for tasks to queue
[2026-06-24T10:49:29.871+0000] {logging_mixin.py:188} INFO - [2026-06-24T10:49:29.869+0000] {dagbag.py:538} INFO - Filling up the DagBag from /opt/airflow/dags/review_timeout_dag.py
[2026-06-24T10:49:29.947+0000] {processor.py:840} INFO - DAG(s) 'review_timeout_dag' retrieved from /opt/airflow/dags/review_timeout_dag.py
[2026-06-24T10:49:30.104+0000] {logging_mixin.py:188} INFO - [2026-06-24T10:49:30.104+0000] {dag.py:3033} INFO - Sync 1 DAGs
[2026-06-24T10:49:30.177+0000] {logging_mixin.py:188} INFO - [2026-06-24T10:49:30.177+0000] {dag.py:3820} INFO - Setting next_dagrun for review_timeout_dag to 2026-06-23T01:00:00+00:00, run_after=2026-06-24T01:00:00+00:00
[2026-06-24T10:49:30.213+0000] {processor.py:183} INFO - Processing /opt/airflow/dags/review_timeout_dag.py took 0.397 seconds
[2026-06-24T10:50:00.856+0000] {processor.py:161} INFO - Started process (PID=2999) to work on /opt/airflow/dags/review_timeout_dag.py
[2026-06-24T10:50:00.861+0000] {processor.py:830} INFO - Processing file /opt/airflow/dags/review_timeout_dag.py for tasks to queue
[2026-06-24T10:50:00.863+0000] {logging_mixin.py:188} INFO - [2026-06-24T10:50:00.862+0000] {dagbag.py:538} INFO - Filling up the DagBag from /opt/airflow/dags/review_timeout_dag.py
[2026-06-24T10:50:00.931+0000] {processor.py:840} INFO - DAG(s) 'review_timeout_dag' retrieved from /opt/airflow/dags/review_timeout_dag.py
[2026-06-24T10:50:01.059+0000] {logging_mixin.py:188} INFO - [2026-06-24T10:50:01.059+0000] {dag.py:3033} INFO - Sync 1 DAGs
[2026-06-24T10:50:01.125+0000] {logging_mixin.py:188} INFO - [2026-06-24T10:50:01.125+0000] {dag.py:3820} INFO - Setting next_dagrun for review_timeout_dag to 2026-06-23T01:00:00+00:00, run_after=2026-06-24T01:00:00+00:00
[2026-06-24T10:50:01.175+0000] {processor.py:183} INFO - Processing /opt/airflow/dags/review_timeout_dag.py took 0.346 seconds
[2026-06-24T10:50:31.682+0000] {processor.py:161} INFO - Started process (PID=3009) to work on /opt/airflow/dags/review_timeout_dag.py
[2026-06-24T10:50:31.687+0000] {processor.py:830} INFO - Processing file /opt/airflow/dags/review_timeout_dag.py for tasks to queue
[2026-06-24T10:50:31.707+0000] {logging_mixin.py:188} INFO - [2026-06-24T10:50:31.704+0000] {dagbag.py:538} INFO - Filling up the DagBag from /opt/airflow/dags/review_timeout_dag.py
[2026-06-24T10:50:31.857+0000] {processor.py:840} INFO - DAG(s) 'review_timeout_dag' retrieved from /opt/airflow/dags/review_timeout_dag.py
[2026-06-24T10:50:32.188+0000] {logging_mixin.py:188} INFO - [2026-06-24T10:50:32.188+0000] {dag.py:3033} INFO - Sync 1 DAGs
[2026-06-24T10:50:32.370+0000] {logging_mixin.py:188} INFO - [2026-06-24T10:50:32.369+0000] {dag.py:3820} INFO - Setting next_dagrun for review_timeout_dag to 2026-06-23T01:00:00+00:00, run_after=2026-06-24T01:00:00+00:00
[2026-06-24T10:50:32.546+0000] {processor.py:183} INFO - Processing /opt/airflow/dags/review_timeout_dag.py took 0.882 seconds
[2026-06-24T10:51:03.400+0000] {processor.py:161} INFO - Started process (PID=3019) to work on /opt/airflow/dags/review_timeout_dag.py
[2026-06-24T10:51:03.405+0000] {processor.py:830} INFO - Processing file /opt/airflow/dags/review_timeout_dag.py for tasks to queue
[2026-06-24T10:51:03.420+0000] {logging_mixin.py:188} INFO - [2026-06-24T10:51:03.417+0000] {dagbag.py:538} INFO - Filling up the DagBag from /opt/airflow/dags/review_timeout_dag.py
[2026-06-24T10:51:03.480+0000] {processor.py:840} INFO - DAG(s) 'review_timeout_dag' retrieved from /opt/airflow/dags/review_timeout_dag.py
[2026-06-24T10:51:03.604+0000] {logging_mixin.py:188} INFO - [2026-06-24T10:51:03.604+0000] {dag.py:3033} INFO - Sync 1 DAGs
[2026-06-24T10:51:03.700+0000] {logging_mixin.py:188} INFO - [2026-06-24T10:51:03.700+0000] {dag.py:3820} INFO - Setting next_dagrun for review_timeout_dag to 2026-06-23T01:00:00+00:00, run_after=2026-06-24T01:00:00+00:00
[2026-06-24T10:51:03.765+0000] {processor.py:183} INFO - Processing /opt/airflow/dags/review_timeout_dag.py took 0.386 seconds
[2026-06-24T10:51:34.334+0000] {processor.py:161} INFO - Started process (PID=3029) to work on /opt/airflow/dags/review_timeout_dag.py
[2026-06-24T10:51:34.338+0000] {processor.py:830} INFO - Processing file /opt/airflow/dags/review_timeout_dag.py for tasks to queue
[2026-06-24T10:51:34.348+0000] {logging_mixin.py:188} INFO - [2026-06-24T10:51:34.345+0000] {dagbag.py:538} INFO - Filling up the DagBag from /opt/airflow/dags/review_timeout_dag.py
[2026-06-24T10:51:34.507+0000] {processor.py:840} INFO - DAG(s) 'review_timeout_dag' retrieved from /opt/airflow/dags/review_timeout_dag.py
[2026-06-24T10:51:34.616+0000] {logging_mixin.py:188} INFO - [2026-06-24T10:51:34.616+0000] {dag.py:3033} INFO - Sync 1 DAGs
[2026-06-24T10:51:34.673+0000] {logging_mixin.py:188} INFO - [2026-06-24T10:51:34.673+0000] {dag.py:3820} INFO - Setting next_dagrun for review_timeout_dag to 2026-06-23T01:00:00+00:00, run_after=2026-06-24T01:00:00+00:00
[2026-06-24T10:51:34.736+0000] {processor.py:183} INFO - Processing /opt/airflow/dags/review_timeout_dag.py took 0.434 seconds
[2026-06-24T10:52:05.216+0000] {processor.py:161} INFO - Started process (PID=3039) to work on /opt/airflow/dags/review_timeout_dag.py
[2026-06-24T10:52:05.219+0000] {processor.py:830} INFO - Processing file /opt/airflow/dags/review_timeout_dag.py for tasks to queue
[2026-06-24T10:52:05.221+0000] {logging_mixin.py:188} INFO - [2026-06-24T10:52:05.220+0000] {dagbag.py:538} INFO - Filling up the DagBag from /opt/airflow/dags/review_timeout_dag.py
[2026-06-24T10:52:05.268+0000] {processor.py:840} INFO - DAG(s) 'review_timeout_dag' retrieved from /opt/airflow/dags/review_timeout_dag.py
[2026-06-24T10:52:05.356+0000] {logging_mixin.py:188} INFO - [2026-06-24T10:52:05.356+0000] {dag.py:3033} INFO - Sync 1 DAGs
[2026-06-24T10:52:05.429+0000] {logging_mixin.py:188} INFO - [2026-06-24T10:52:05.428+0000] {dag.py:3820} INFO - Setting next_dagrun for review_timeout_dag to 2026-06-23T01:00:00+00:00, run_after=2026-06-24T01:00:00+00:00
[2026-06-24T10:52:05.522+0000] {processor.py:183} INFO - Processing /opt/airflow/dags/review_timeout_dag.py took 0.319 seconds
[2026-06-24T10:52:35.988+0000] {processor.py:161} INFO - Started process (PID=3049) to work on /opt/airflow/dags/review_timeout_dag.py
[2026-06-24T10:52:35.989+0000] {processor.py:830} INFO - Processing file /opt/airflow/dags/review_timeout_dag.py for tasks to queue
[2026-06-24T10:52:35.991+0000] {logging_mixin.py:188} INFO - [2026-06-24T10:52:35.990+0000] {dagbag.py:538} INFO - Filling up the DagBag from /opt/airflow/dags/review_timeout_dag.py
[2026-06-24T10:52:36.018+0000] {processor.py:840} INFO - DAG(s) 'review_timeout_dag' retrieved from /opt/airflow/dags/review_timeout_dag.py
[2026-06-24T10:52:36.075+0000] {logging_mixin.py:188} INFO - [2026-06-24T10:52:36.074+0000] {dag.py:3033} INFO - Sync 1 DAGs
[2026-06-24T10:52:36.110+0000] {logging_mixin.py:188} INFO - [2026-06-24T10:52:36.110+0000] {dag.py:3820} INFO - Setting next_dagrun for review_timeout_dag to 2026-06-23T01:00:00+00:00, run_after=2026-06-24T01:00:00+00:00
[2026-06-24T10:52:36.139+0000] {processor.py:183} INFO - Processing /opt/airflow/dags/review_timeout_dag.py took 0.161 seconds
[2026-06-24T10:53:06.279+0000] {processor.py:161} INFO - Started process (PID=3059) to work on /opt/airflow/dags/review_timeout_dag.py
[2026-06-24T10:53:06.281+0000] {processor.py:830} INFO - Processing file /opt/airflow/dags/review_timeout_dag.py for tasks to queue
[2026-06-24T10:53:06.283+0000] {logging_mixin.py:188} INFO - [2026-06-24T10:53:06.282+0000] {dagbag.py:538} INFO - Filling up the DagBag from /opt/airflow/dags/review_timeout_dag.py
[2026-06-24T10:53:06.319+0000] {processor.py:840} INFO - DAG(s) 'review_timeout_dag' retrieved from /opt/airflow/dags/review_timeout_dag.py
[2026-06-24T10:53:06.374+0000] {logging_mixin.py:188} INFO - [2026-06-24T10:53:06.374+0000] {dag.py:3033} INFO - Sync 1 DAGs
[2026-06-24T10:53:06.409+0000] {logging_mixin.py:188} INFO - [2026-06-24T10:53:06.409+0000] {dag.py:3820} INFO - Setting next_dagrun for review_timeout_dag to 2026-06-23T01:00:00+00:00, run_after=2026-06-24T01:00:00+00:00
[2026-06-24T10:53:06.436+0000] {processor.py:183} INFO - Processing /opt/airflow/dags/review_timeout_dag.py took 0.169 seconds
[2026-06-24T10:53:36.613+0000] {processor.py:161} INFO - Started process (PID=3069) to work on /opt/airflow/dags/review_timeout_dag.py
[2026-06-24T10:53:36.615+0000] {processor.py:830} INFO - Processing file /opt/airflow/dags/review_timeout_dag.py for tasks to queue
[2026-06-24T10:53:36.620+0000] {logging_mixin.py:188} INFO - [2026-06-24T10:53:36.618+0000] {dagbag.py:538} INFO - Filling up the DagBag from /opt/airflow/dags/review_timeout_dag.py
[2026-06-24T10:53:36.660+0000] {processor.py:840} INFO - DAG(s) 'review_timeout_dag' retrieved from /opt/airflow/dags/review_timeout_dag.py
[2026-06-24T10:53:36.718+0000] {logging_mixin.py:188} INFO - [2026-06-24T10:53:36.718+0000] {dag.py:3033} INFO - Sync 1 DAGs
[2026-06-24T10:53:36.752+0000] {logging_mixin.py:188} INFO - [2026-06-24T10:53:36.752+0000] {dag.py:3820} INFO - Setting next_dagrun for review_timeout_dag to 2026-06-23T01:00:00+00:00, run_after=2026-06-24T01:00:00+00:00
[2026-06-24T10:53:36.779+0000] {processor.py:183} INFO - Processing /opt/airflow/dags/review_timeout_dag.py took 0.174 seconds
[2026-06-24T10:54:07.108+0000] {processor.py:161} INFO - Started process (PID=3079) to work on /opt/airflow/dags/review_timeout_dag.py
[2026-06-24T10:54:07.112+0000] {processor.py:830} INFO - Processing file /opt/airflow/dags/review_timeout_dag.py for tasks to queue
[2026-06-24T10:54:07.120+0000] {logging_mixin.py:188} INFO - [2026-06-24T10:54:07.115+0000] {dagbag.py:538} INFO - Filling up the DagBag from /opt/airflow/dags/review_timeout_dag.py
[2026-06-24T10:54:07.209+0000] {processor.py:840} INFO - DAG(s) 'review_timeout_dag' retrieved from /opt/airflow/dags/review_timeout_dag.py
[2026-06-24T10:54:07.390+0000] {logging_mixin.py:188} INFO - [2026-06-24T10:54:07.390+0000] {dag.py:3033} INFO - Sync 1 DAGs
[2026-06-24T10:54:07.443+0000] {logging_mixin.py:188} INFO - [2026-06-24T10:54:07.443+0000] {dag.py:3820} INFO - Setting next_dagrun for review_timeout_dag to 2026-06-23T01:00:00+00:00, run_after=2026-06-24T01:00:00+00:00
[2026-06-24T10:54:07.479+0000] {processor.py:183} INFO - Processing /opt/airflow/dags/review_timeout_dag.py took 0.400 seconds
[2026-06-24T10:54:37.704+0000] {processor.py:161} INFO - Started process (PID=3089) to work on /opt/airflow/dags/review_timeout_dag.py
[2026-06-24T10:54:37.706+0000] {processor.py:830} INFO - Processing file /opt/airflow/dags/review_timeout_dag.py for tasks to queue
[2026-06-24T10:54:37.708+0000] {logging_mixin.py:188} INFO - [2026-06-24T10:54:37.707+0000] {dagbag.py:538} INFO - Filling up the DagBag from /opt/airflow/dags/review_timeout_dag.py
[2026-06-24T10:54:37.749+0000] {processor.py:840} INFO - DAG(s) 'review_timeout_dag' retrieved from /opt/airflow/dags/review_timeout_dag.py
[2026-06-24T10:54:37.822+0000] {logging_mixin.py:188} INFO - [2026-06-24T10:54:37.822+0000] {dag.py:3033} INFO - Sync 1 DAGs
[2026-06-24T10:54:37.858+0000] {logging_mixin.py:188} INFO - [2026-06-24T10:54:37.858+0000] {dag.py:3820} INFO - Setting next_dagrun for review_timeout_dag to 2026-06-23T01:00:00+00:00, run_after=2026-06-24T01:00:00+00:00
[2026-06-24T10:54:37.881+0000] {processor.py:183} INFO - Processing /opt/airflow/dags/review_timeout_dag.py took 0.191 seconds
[2026-06-24T10:55:08.316+0000] {processor.py:161} INFO - Started process (PID=3099) to work on /opt/airflow/dags/review_timeout_dag.py
[2026-06-24T10:55:08.331+0000] {processor.py:830} INFO - Processing file /opt/airflow/dags/review_timeout_dag.py for tasks to queue
[2026-06-24T10:55:08.343+0000] {logging_mixin.py:188} INFO - [2026-06-24T10:55:08.337+0000] {dagbag.py:538} INFO - Filling up the DagBag from /opt/airflow/dags/review_timeout_dag.py
[2026-06-24T10:55:08.435+0000] {processor.py:840} INFO - DAG(s) 'review_timeout_dag' retrieved from /opt/airflow/dags/review_timeout_dag.py
[2026-06-24T10:55:08.630+0000] {logging_mixin.py:188} INFO - [2026-06-24T10:55:08.629+0000] {dag.py:3033} INFO - Sync 1 DAGs
[2026-06-24T10:55:08.680+0000] {logging_mixin.py:188} INFO - [2026-06-24T10:55:08.680+0000] {dag.py:3820} INFO - Setting next_dagrun for review_timeout_dag to 2026-06-23T01:00:00+00:00, run_after=2026-06-24T01:00:00+00:00
[2026-06-24T10:55:08.774+0000] {processor.py:183} INFO - Processing /opt/airflow/dags/review_timeout_dag.py took 0.498 seconds
[2026-06-24T10:55:39.064+0000] {processor.py:161} INFO - Started process (PID=3109) to work on /opt/airflow/dags/review_timeout_dag.py
[2026-06-24T10:55:39.069+0000] {processor.py:830} INFO - Processing file /opt/airflow/dags/review_timeout_dag.py for tasks to queue
[2026-06-24T10:55:39.072+0000] {logging_mixin.py:188} INFO - [2026-06-24T10:55:39.071+0000] {dagbag.py:538} INFO - Filling up the DagBag from /opt/airflow/dags/review_timeout_dag.py
[2026-06-24T10:55:39.154+0000] {processor.py:840} INFO - DAG(s) 'review_timeout_dag' retrieved from /opt/airflow/dags/review_timeout_dag.py
[2026-06-24T10:55:39.217+0000] {logging_mixin.py:188} INFO - [2026-06-24T10:55:39.217+0000] {dag.py:3033} INFO - Sync 1 DAGs
[2026-06-24T10:55:39.254+0000] {logging_mixin.py:188} INFO - [2026-06-24T10:55:39.254+0000] {dag.py:3820} INFO - Setting next_dagrun for review_timeout_dag to 2026-06-23T01:00:00+00:00, run_after=2026-06-24T01:00:00+00:00
[2026-06-24T10:55:39.484+0000] {processor.py:183} INFO - Processing /opt/airflow/dags/review_timeout_dag.py took 0.432 seconds
[2026-06-24T10:56:10.188+0000] {processor.py:161} INFO - Started process (PID=3119) to work on /opt/airflow/dags/review_timeout_dag.py
[2026-06-24T10:56:10.201+0000] {processor.py:830} INFO - Processing file /opt/airflow/dags/review_timeout_dag.py for tasks to queue
[2026-06-24T10:56:10.207+0000] {logging_mixin.py:188} INFO - [2026-06-24T10:56:10.206+0000] {dagbag.py:538} INFO - Filling up the DagBag from /opt/airflow/dags/review_timeout_dag.py
[2026-06-24T10:56:10.280+0000] {processor.py:840} INFO - DAG(s) 'review_timeout_dag' retrieved from /opt/airflow/dags/review_timeout_dag.py
[2026-06-24T10:56:10.456+0000] {logging_mixin.py:188} INFO - [2026-06-24T10:56:10.455+0000] {dag.py:3033} INFO - Sync 1 DAGs
[2026-06-24T10:56:10.708+0000] {logging_mixin.py:188} INFO - [2026-06-24T10:56:10.705+0000] {dag.py:3820} INFO - Setting next_dagrun for review_timeout_dag to 2026-06-23T01:00:00+00:00, run_after=2026-06-24T01:00:00+00:00
[2026-06-24T10:56:11.059+0000] {processor.py:183} INFO - Processing /opt/airflow/dags/review_timeout_dag.py took 0.899 seconds
[2026-06-24T10:56:42.293+0000] {processor.py:161} INFO - Started process (PID=3129) to work on /opt/airflow/dags/review_timeout_dag.py
[2026-06-24T10:56:42.296+0000] {processor.py:830} INFO - Processing file /opt/airflow/dags/review_timeout_dag.py for tasks to queue
[2026-06-24T10:56:42.300+0000] {logging_mixin.py:188} INFO - [2026-06-24T10:56:42.298+0000] {dagbag.py:538} INFO - Filling up the DagBag from /opt/airflow/dags/review_timeout_dag.py
[2026-06-24T10:56:42.385+0000] {processor.py:840} INFO - DAG(s) 'review_timeout_dag' retrieved from /opt/airflow/dags/review_timeout_dag.py
[2026-06-24T10:56:42.551+0000] {logging_mixin.py:188} INFO - [2026-06-24T10:56:42.551+0000] {dag.py:3033} INFO - Sync 1 DAGs
[2026-06-24T10:56:42.640+0000] {logging_mixin.py:188} INFO - [2026-06-24T10:56:42.639+0000] {dag.py:3820} INFO - Setting next_dagrun for review_timeout_dag to 2026-06-23T01:00:00+00:00, run_after=2026-06-24T01:00:00+00:00
[2026-06-24T10:56:42.721+0000] {processor.py:183} INFO - Processing /opt/airflow/dags/review_timeout_dag.py took 0.457 seconds
[2026-06-24T10:57:13.001+0000] {processor.py:161} INFO - Started process (PID=3139) to work on /opt/airflow/dags/review_timeout_dag.py
[2026-06-24T10:57:13.003+0000] {processor.py:830} INFO - Processing file /opt/airflow/dags/review_timeout_dag.py for tasks to queue
[2026-06-24T10:57:13.005+0000] {logging_mixin.py:188} INFO - [2026-06-24T10:57:13.004+0000] {dagbag.py:538} INFO - Filling up the DagBag from /opt/airflow/dags/review_timeout_dag.py
[2026-06-24T10:57:13.049+0000] {processor.py:840} INFO - DAG(s) 'review_timeout_dag' retrieved from /opt/airflow/dags/review_timeout_dag.py
[2026-06-24T10:57:13.114+0000] {logging_mixin.py:188} INFO - [2026-06-24T10:57:13.114+0000] {dag.py:3033} INFO - Sync 1 DAGs
[2026-06-24T10:57:13.143+0000] {logging_mixin.py:188} INFO - [2026-06-24T10:57:13.143+0000] {dag.py:3820} INFO - Setting next_dagrun for review_timeout_dag to 2026-06-23T01:00:00+00:00, run_after=2026-06-24T01:00:00+00:00
[2026-06-24T10:57:13.176+0000] {processor.py:183} INFO - Processing /opt/airflow/dags/review_timeout_dag.py took 0.183 seconds
[2026-06-24T10:57:43.273+0000] {processor.py:161} INFO - Started process (PID=3149) to work on /opt/airflow/dags/review_timeout_dag.py
[2026-06-24T10:57:43.275+0000] {processor.py:830} INFO - Processing file /opt/airflow/dags/review_timeout_dag.py for tasks to queue
[2026-06-24T10:57:43.276+0000] {logging_mixin.py:188} INFO - [2026-06-24T10:57:43.275+0000] {dagbag.py:538} INFO - Filling up the DagBag from /opt/airflow/dags/review_timeout_dag.py
[2026-06-24T10:57:43.308+0000] {processor.py:840} INFO - DAG(s) 'review_timeout_dag' retrieved from /opt/airflow/dags/review_timeout_dag.py
[2026-06-24T10:57:43.355+0000] {logging_mixin.py:188} INFO - [2026-06-24T10:57:43.355+0000] {dag.py:3033} INFO - Sync 1 DAGs
[2026-06-24T10:57:43.376+0000] {logging_mixin.py:188} INFO - [2026-06-24T10:57:43.376+0000] {dag.py:3820} INFO - Setting next_dagrun for review_timeout_dag to 2026-06-23T01:00:00+00:00, run_after=2026-06-24T01:00:00+00:00
[2026-06-24T10:57:43.395+0000] {processor.py:183} INFO - Processing /opt/airflow/dags/review_timeout_dag.py took 0.130 seconds
[2026-06-24T10:58:13.786+0000] {processor.py:161} INFO - Started process (PID=3159) to work on /opt/airflow/dags/review_timeout_dag.py
[2026-06-24T10:58:13.790+0000] {processor.py:830} INFO - Processing file /opt/airflow/dags/review_timeout_dag.py for tasks to queue
[2026-06-24T10:58:13.794+0000] {logging_mixin.py:188} INFO - [2026-06-24T10:58:13.793+0000] {dagbag.py:538} INFO - Filling up the DagBag from /opt/airflow/dags/review_timeout_dag.py
[2026-06-24T10:58:13.853+0000] {processor.py:840} INFO - DAG(s) 'review_timeout_dag' retrieved from /opt/airflow/dags/review_timeout_dag.py
[2026-06-24T10:58:13.962+0000] {logging_mixin.py:188} INFO - [2026-06-24T10:58:13.961+0000] {dag.py:3033} INFO - Sync 1 DAGs
[2026-06-24T10:58:14.056+0000] {logging_mixin.py:188} INFO - [2026-06-24T10:58:14.056+0000] {dag.py:3820} INFO - Setting next_dagrun for review_timeout_dag to 2026-06-23T01:00:00+00:00, run_after=2026-06-24T01:00:00+00:00
[2026-06-24T10:58:14.137+0000] {processor.py:183} INFO - Processing /opt/airflow/dags/review_timeout_dag.py took 0.379 seconds
[2026-06-24T10:58:44.817+0000] {processor.py:161} INFO - Started process (PID=3169) to work on /opt/airflow/dags/review_timeout_dag.py
[2026-06-24T10:58:44.823+0000] {processor.py:830} INFO - Processing file /opt/airflow/dags/review_timeout_dag.py for tasks to queue
[2026-06-24T10:58:44.828+0000] {logging_mixin.py:188} INFO - [2026-06-24T10:58:44.825+0000] {dagbag.py:538} INFO - Filling up the DagBag from /opt/airflow/dags/review_timeout_dag.py
[2026-06-24T10:58:44.869+0000] {processor.py:840} INFO - DAG(s) 'review_timeout_dag' retrieved from /opt/airflow/dags/review_timeout_dag.py
[2026-06-24T10:58:44.940+0000] {logging_mixin.py:188} INFO - [2026-06-24T10:58:44.940+0000] {dag.py:3033} INFO - Sync 1 DAGs
[2026-06-24T10:58:44.976+0000] {logging_mixin.py:188} INFO - [2026-06-24T10:58:44.976+0000] {dag.py:3820} INFO - Setting next_dagrun for review_timeout_dag to 2026-06-23T01:00:00+00:00, run_after=2026-06-24T01:00:00+00:00
[2026-06-24T10:58:45.000+0000] {processor.py:183} INFO - Processing /opt/airflow/dags/review_timeout_dag.py took 0.192 seconds
[2026-06-24T10:59:15.547+0000] {processor.py:161} INFO - Started process (PID=3179) to work on /opt/airflow/dags/review_timeout_dag.py
[2026-06-24T10:59:15.552+0000] {processor.py:830} INFO - Processing file /opt/airflow/dags/review_timeout_dag.py for tasks to queue
[2026-06-24T10:59:15.556+0000] {logging_mixin.py:188} INFO - [2026-06-24T10:59:15.555+0000] {dagbag.py:538} INFO - Filling up the DagBag from /opt/airflow/dags/review_timeout_dag.py
[2026-06-24T10:59:15.609+0000] {processor.py:840} INFO - DAG(s) 'review_timeout_dag' retrieved from /opt/airflow/dags/review_timeout_dag.py
[2026-06-24T10:59:15.663+0000] {logging_mixin.py:188} INFO - [2026-06-24T10:59:15.663+0000] {dag.py:3033} INFO - Sync 1 DAGs
[2026-06-24T10:59:15.713+0000] {logging_mixin.py:188} INFO - [2026-06-24T10:59:15.713+0000] {dag.py:3820} INFO - Setting next_dagrun for review_timeout_dag to 2026-06-23T01:00:00+00:00, run_after=2026-06-24T01:00:00+00:00
[2026-06-24T10:59:15.747+0000] {processor.py:183} INFO - Processing /opt/airflow/dags/review_timeout_dag.py took 0.223 seconds
[2026-06-24T10:59:46.249+0000] {processor.py:161} INFO - Started process (PID=3189) to work on /opt/airflow/dags/review_timeout_dag.py
[2026-06-24T10:59:46.252+0000] {processor.py:830} INFO - Processing file /opt/airflow/dags/review_timeout_dag.py for tasks to queue
[2026-06-24T10:59:46.254+0000] {logging_mixin.py:188} INFO - [2026-06-24T10:59:46.253+0000] {dagbag.py:538} INFO - Filling up the DagBag from /opt/airflow/dags/review_timeout_dag.py
[2026-06-24T10:59:46.295+0000] {processor.py:840} INFO - DAG(s) 'review_timeout_dag' retrieved from /opt/airflow/dags/review_timeout_dag.py
[2026-06-24T10:59:46.362+0000] {logging_mixin.py:188} INFO - [2026-06-24T10:59:46.362+0000] {dag.py:3033} INFO - Sync 1 DAGs
[2026-06-24T10:59:46.398+0000] {logging_mixin.py:188} INFO - [2026-06-24T10:59:46.398+0000] {dag.py:3820} INFO - Setting next_dagrun for review_timeout_dag to 2026-06-23T01:00:00+00:00, run_after=2026-06-24T01:00:00+00:00
[2026-06-24T10:59:46.422+0000] {processor.py:183} INFO - Processing /opt/airflow/dags/review_timeout_dag.py took 0.186 seconds
[2026-06-24T11:00:16.578+0000] {processor.py:161} INFO - Started process (PID=3199) to work on /opt/airflow/dags/review_timeout_dag.py
[2026-06-24T11:00:16.580+0000] {processor.py:830} INFO - Processing file /opt/airflow/dags/review_timeout_dag.py for tasks to queue
[2026-06-24T11:00:16.583+0000] {logging_mixin.py:188} INFO - [2026-06-24T11:00:16.582+0000] {dagbag.py:538} INFO - Filling up the DagBag from /opt/airflow/dags/review_timeout_dag.py
[2026-06-24T11:00:16.646+0000] {processor.py:840} INFO - DAG(s) 'review_timeout_dag' retrieved from /opt/airflow/dags/review_timeout_dag.py
[2026-06-24T11:00:16.743+0000] {logging_mixin.py:188} INFO - [2026-06-24T11:00:16.743+0000] {dag.py:3033} INFO - Sync 1 DAGs
[2026-06-24T11:00:16.796+0000] {logging_mixin.py:188} INFO - [2026-06-24T11:00:16.796+0000] {dag.py:3820} INFO - Setting next_dagrun for review_timeout_dag to 2026-06-23T01:00:00+00:00, run_after=2026-06-24T01:00:00+00:00
[2026-06-24T11:00:16.835+0000] {processor.py:183} INFO - Processing /opt/airflow/dags/review_timeout_dag.py took 0.271 seconds
[2026-06-24T11:00:47.036+0000] {processor.py:161} INFO - Started process (PID=3209) to work on /opt/airflow/dags/review_timeout_dag.py
[2026-06-24T11:00:47.037+0000] {processor.py:830} INFO - Processing file /opt/airflow/dags/review_timeout_dag.py for tasks to queue
[2026-06-24T11:00:47.039+0000] {logging_mixin.py:188} INFO - [2026-06-24T11:00:47.038+0000] {dagbag.py:538} INFO - Filling up the DagBag from /opt/airflow/dags/review_timeout_dag.py
[2026-06-24T11:00:47.066+0000] {processor.py:840} INFO - DAG(s) 'review_timeout_dag' retrieved from /opt/airflow/dags/review_timeout_dag.py
[2026-06-24T11:00:47.117+0000] {logging_mixin.py:188} INFO - [2026-06-24T11:00:47.117+0000] {dag.py:3033} INFO - Sync 1 DAGs
[2026-06-24T11:00:47.141+0000] {logging_mixin.py:188} INFO - [2026-06-24T11:00:47.141+0000] {dag.py:3820} INFO - Setting next_dagrun for review_timeout_dag to 2026-06-23T01:00:00+00:00, run_after=2026-06-24T01:00:00+00:00
[2026-06-24T11:00:47.160+0000] {processor.py:183} INFO - Processing /opt/airflow/dags/review_timeout_dag.py took 0.134 seconds
[2026-06-24T11:01:17.492+0000] {processor.py:161} INFO - Started process (PID=3219) to work on /opt/airflow/dags/review_timeout_dag.py
[2026-06-24T11:01:17.493+0000] {processor.py:830} INFO - Processing file /opt/airflow/dags/review_timeout_dag.py for tasks to queue
[2026-06-24T11:01:17.494+0000] {logging_mixin.py:188} INFO - [2026-06-24T11:01:17.494+0000] {dagbag.py:538} INFO - Filling up the DagBag from /opt/airflow/dags/review_timeout_dag.py
[2026-06-24T11:01:17.517+0000] {processor.py:840} INFO - DAG(s) 'review_timeout_dag' retrieved from /opt/airflow/dags/review_timeout_dag.py
[2026-06-24T11:01:17.557+0000] {logging_mixin.py:188} INFO - [2026-06-24T11:01:17.556+0000] {dag.py:3033} INFO - Sync 1 DAGs
[2026-06-24T11:01:17.581+0000] {logging_mixin.py:188} INFO - [2026-06-24T11:01:17.581+0000] {dag.py:3820} INFO - Setting next_dagrun for review_timeout_dag to 2026-06-23T01:00:00+00:00, run_after=2026-06-24T01:00:00+00:00
[2026-06-24T11:01:17.599+0000] {processor.py:183} INFO - Processing /opt/airflow/dags/review_timeout_dag.py took 0.112 seconds
[2026-06-24T11:04:20.039+0000] {processor.py:161} INFO - Started process (PID=3279) to work on /opt/airflow/dags/review_timeout_dag.py
[2026-06-24T11:04:20.045+0000] {processor.py:830} INFO - Processing file /opt/airflow/dags/review_timeout_dag.py for tasks to queue
[2026-06-24T11:04:20.054+0000] {logging_mixin.py:188} INFO - [2026-06-24T11:04:20.050+0000] {dagbag.py:538} INFO - Filling up the DagBag from /opt/airflow/dags/review_timeout_dag.py
[2026-06-24T11:04:20.159+0000] {processor.py:840} INFO - DAG(s) 'review_timeout_dag' retrieved from /opt/airflow/dags/review_timeout_dag.py
[2026-06-24T11:04:20.385+0000] {logging_mixin.py:188} INFO - [2026-06-24T11:04:20.384+0000] {dag.py:3033} INFO - Sync 1 DAGs
[2026-06-24T11:04:20.500+0000] {logging_mixin.py:188} INFO - [2026-06-24T11:04:20.499+0000] {dag.py:3820} INFO - Setting next_dagrun for review_timeout_dag to 2026-06-23T01:00:00+00:00, run_after=2026-06-24T01:00:00+00:00
[2026-06-24T11:04:20.639+0000] {processor.py:183} INFO - Processing /opt/airflow/dags/review_timeout_dag.py took 0.616 seconds
[2026-06-24T11:04:51.216+0000] {processor.py:161} INFO - Started process (PID=3289) to work on /opt/airflow/dags/review_timeout_dag.py
[2026-06-24T11:04:51.217+0000] {processor.py:830} INFO - Processing file /opt/airflow/dags/review_timeout_dag.py for tasks to queue
[2026-06-24T11:04:51.218+0000] {logging_mixin.py:188} INFO - [2026-06-24T11:04:51.217+0000] {dagbag.py:538} INFO - Filling up the DagBag from /opt/airflow/dags/review_timeout_dag.py
[2026-06-24T11:04:51.248+0000] {processor.py:840} INFO - DAG(s) 'review_timeout_dag' retrieved from /opt/airflow/dags/review_timeout_dag.py
[2026-06-24T11:04:51.283+0000] {logging_mixin.py:188} INFO - [2026-06-24T11:04:51.283+0000] {dag.py:3033} INFO - Sync 1 DAGs
[2026-06-24T11:04:51.311+0000] {logging_mixin.py:188} INFO - [2026-06-24T11:04:51.311+0000] {dag.py:3820} INFO - Setting next_dagrun for review_timeout_dag to 2026-06-23T01:00:00+00:00, run_after=2026-06-24T01:00:00+00:00
[2026-06-24T11:04:51.336+0000] {processor.py:183} INFO - Processing /opt/airflow/dags/review_timeout_dag.py took 0.125 seconds
[2026-06-24T11:05:22.156+0000] {processor.py:161} INFO - Started process (PID=3299) to work on /opt/airflow/dags/review_timeout_dag.py
[2026-06-24T11:05:22.158+0000] {processor.py:830} INFO - Processing file /opt/airflow/dags/review_timeout_dag.py for tasks to queue
[2026-06-24T11:05:22.162+0000] {logging_mixin.py:188} INFO - [2026-06-24T11:05:22.161+0000] {dagbag.py:538} INFO - Filling up the DagBag from /opt/airflow/dags/review_timeout_dag.py
[2026-06-24T11:05:22.242+0000] {processor.py:840} INFO - DAG(s) 'review_timeout_dag' retrieved from /opt/airflow/dags/review_timeout_dag.py
[2026-06-24T11:05:22.328+0000] {logging_mixin.py:188} INFO - [2026-06-24T11:05:22.328+0000] {dag.py:3033} INFO - Sync 1 DAGs
[2026-06-24T11:05:22.388+0000] {logging_mixin.py:188} INFO - [2026-06-24T11:05:22.388+0000] {dag.py:3820} INFO - Setting next_dagrun for review_timeout_dag to 2026-06-23T01:00:00+00:00, run_after=2026-06-24T01:00:00+00:00
[2026-06-24T11:05:22.430+0000] {processor.py:183} INFO - Processing /opt/airflow/dags/review_timeout_dag.py took 0.290 seconds
[2026-06-24T11:05:53.413+0000] {processor.py:161} INFO - Started process (PID=3309) to work on /opt/airflow/dags/review_timeout_dag.py
[2026-06-24T11:05:53.415+0000] {processor.py:830} INFO - Processing file /opt/airflow/dags/review_timeout_dag.py for tasks to queue
[2026-06-24T11:05:53.419+0000] {logging_mixin.py:188} INFO - [2026-06-24T11:05:53.418+0000] {dagbag.py:538} INFO - Filling up the DagBag from /opt/airflow/dags/review_timeout_dag.py
[2026-06-24T11:05:53.467+0000] {processor.py:840} INFO - DAG(s) 'review_timeout_dag' retrieved from /opt/airflow/dags/review_timeout_dag.py
[2026-06-24T11:05:53.555+0000] {logging_mixin.py:188} INFO - [2026-06-24T11:05:53.555+0000] {dag.py:3033} INFO - Sync 1 DAGs
[2026-06-24T11:05:53.614+0000] {logging_mixin.py:188} INFO - [2026-06-24T11:05:53.614+0000] {dag.py:3820} INFO - Setting next_dagrun for review_timeout_dag to 2026-06-23T01:00:00+00:00, run_after=2026-06-24T01:00:00+00:00
[2026-06-24T11:05:53.652+0000] {processor.py:183} INFO - Processing /opt/airflow/dags/review_timeout_dag.py took 0.248 seconds
[2026-06-24T11:06:24.223+0000] {processor.py:161} INFO - Started process (PID=3319) to work on /opt/airflow/dags/review_timeout_dag.py
[2026-06-24T11:06:24.225+0000] {processor.py:830} INFO - Processing file /opt/airflow/dags/review_timeout_dag.py for tasks to queue
[2026-06-24T11:06:24.226+0000] {logging_mixin.py:188} INFO - [2026-06-24T11:06:24.226+0000] {dagbag.py:538} INFO - Filling up the DagBag from /opt/airflow/dags/review_timeout_dag.py
[2026-06-24T11:06:24.252+0000] {processor.py:840} INFO - DAG(s) 'review_timeout_dag' retrieved from /opt/airflow/dags/review_timeout_dag.py
[2026-06-24T11:06:24.303+0000] {logging_mixin.py:188} INFO - [2026-06-24T11:06:24.302+0000] {dag.py:3033} INFO - Sync 1 DAGs
[2026-06-24T11:06:24.356+0000] {logging_mixin.py:188} INFO - [2026-06-24T11:06:24.356+0000] {dag.py:3820} INFO - Setting next_dagrun for review_timeout_dag to 2026-06-23T01:00:00+00:00, run_after=2026-06-24T01:00:00+00:00
[2026-06-24T11:06:24.395+0000] {processor.py:183} INFO - Processing /opt/airflow/dags/review_timeout_dag.py took 0.178 seconds
[2026-06-24T11:06:54.516+0000] {processor.py:161} INFO - Started process (PID=3329) to work on /opt/airflow/dags/review_timeout_dag.py
[2026-06-24T11:06:54.517+0000] {processor.py:830} INFO - Processing file /opt/airflow/dags/review_timeout_dag.py for tasks to queue
[2026-06-24T11:06:54.519+0000] {logging_mixin.py:188} INFO - [2026-06-24T11:06:54.518+0000] {dagbag.py:538} INFO - Filling up the DagBag from /opt/airflow/dags/review_timeout_dag.py
[2026-06-24T11:06:54.551+0000] {processor.py:840} INFO - DAG(s) 'review_timeout_dag' retrieved from /opt/airflow/dags/review_timeout_dag.py
[2026-06-24T11:06:54.604+0000] {logging_mixin.py:188} INFO - [2026-06-24T11:06:54.604+0000] {dag.py:3033} INFO - Sync 1 DAGs
[2026-06-24T11:06:54.635+0000] {logging_mixin.py:188} INFO - [2026-06-24T11:06:54.635+0000] {dag.py:3820} INFO - Setting next_dagrun for review_timeout_dag to 2026-06-23T01:00:00+00:00, run_after=2026-06-24T01:00:00+00:00
[2026-06-24T11:06:54.656+0000] {processor.py:183} INFO - Processing /opt/airflow/dags/review_timeout_dag.py took 0.148 seconds
[2026-06-24T11:07:25.770+0000] {processor.py:161} INFO - Started process (PID=3339) to work on /opt/airflow/dags/review_timeout_dag.py
[2026-06-24T11:07:25.782+0000] {processor.py:830} INFO - Processing file /opt/airflow/dags/review_timeout_dag.py for tasks to queue
[2026-06-24T11:07:25.787+0000] {logging_mixin.py:188} INFO - [2026-06-24T11:07:25.786+0000] {dagbag.py:538} INFO - Filling up the DagBag from /opt/airflow/dags/review_timeout_dag.py
[2026-06-24T11:07:25.929+0000] {processor.py:840} INFO - DAG(s) 'review_timeout_dag' retrieved from /opt/airflow/dags/review_timeout_dag.py
[2026-06-24T11:07:26.127+0000] {logging_mixin.py:188} INFO - [2026-06-24T11:07:26.127+0000] {dag.py:3033} INFO - Sync 1 DAGs
[2026-06-24T11:07:26.223+0000] {logging_mixin.py:188} INFO - [2026-06-24T11:07:26.223+0000] {dag.py:3820} INFO - Setting next_dagrun for review_timeout_dag to 2026-06-23T01:00:00+00:00, run_after=2026-06-24T01:00:00+00:00
[2026-06-24T11:07:26.398+0000] {processor.py:183} INFO - Processing /opt/airflow/dags/review_timeout_dag.py took 0.653 seconds
[2026-06-24T11:07:56.956+0000] {processor.py:161} INFO - Started process (PID=3349) to work on /opt/airflow/dags/review_timeout_dag.py
[2026-06-24T11:07:56.959+0000] {processor.py:830} INFO - Processing file /opt/airflow/dags/review_timeout_dag.py for tasks to queue
[2026-06-24T11:07:56.962+0000] {logging_mixin.py:188} INFO - [2026-06-24T11:07:56.961+0000] {dagbag.py:538} INFO - Filling up the DagBag from /opt/airflow/dags/review_timeout_dag.py
[2026-06-24T11:07:57.027+0000] {processor.py:840} INFO - DAG(s) 'review_timeout_dag' retrieved from /opt/airflow/dags/review_timeout_dag.py
[2026-06-24T11:07:57.158+0000] {logging_mixin.py:188} INFO - [2026-06-24T11:07:57.158+0000] {dag.py:3033} INFO - Sync 1 DAGs
[2026-06-24T11:07:57.210+0000] {logging_mixin.py:188} INFO - [2026-06-24T11:07:57.210+0000] {dag.py:3820} INFO - Setting next_dagrun for review_timeout_dag to 2026-06-23T01:00:00+00:00, run_after=2026-06-24T01:00:00+00:00
[2026-06-24T11:07:57.243+0000] {processor.py:183} INFO - Processing /opt/airflow/dags/review_timeout_dag.py took 0.319 seconds
[2026-06-24T11:08:27.625+0000] {processor.py:161} INFO - Started process (PID=3359) to work on /opt/airflow/dags/review_timeout_dag.py
[2026-06-24T11:08:27.628+0000] {processor.py:830} INFO - Processing file /opt/airflow/dags/review_timeout_dag.py for tasks to queue
[2026-06-24T11:08:27.630+0000] {logging_mixin.py:188} INFO - [2026-06-24T11:08:27.629+0000] {dagbag.py:538} INFO - Filling up the DagBag from /opt/airflow/dags/review_timeout_dag.py
[2026-06-24T11:08:27.679+0000] {processor.py:840} INFO - DAG(s) 'review_timeout_dag' retrieved from /opt/airflow/dags/review_timeout_dag.py
[2026-06-24T11:08:27.743+0000] {logging_mixin.py:188} INFO - [2026-06-24T11:08:27.743+0000] {dag.py:3033} INFO - Sync 1 DAGs
[2026-06-24T11:08:27.774+0000] {logging_mixin.py:188} INFO - [2026-06-24T11:08:27.774+0000] {dag.py:3820} INFO - Setting next_dagrun for review_timeout_dag to 2026-06-23T01:00:00+00:00, run_after=2026-06-24T01:00:00+00:00
[2026-06-24T11:08:27.796+0000] {processor.py:183} INFO - Processing /opt/airflow/dags/review_timeout_dag.py took 0.183 seconds
[2026-06-24T11:08:57.925+0000] {processor.py:161} INFO - Started process (PID=3369) to work on /opt/airflow/dags/review_timeout_dag.py
[2026-06-24T11:08:57.926+0000] {processor.py:830} INFO - Processing file /opt/airflow/dags/review_timeout_dag.py for tasks to queue
[2026-06-24T11:08:57.929+0000] {logging_mixin.py:188} INFO - [2026-06-24T11:08:57.929+0000] {dagbag.py:538} INFO - Filling up the DagBag from /opt/airflow/dags/review_timeout_dag.py
[2026-06-24T11:08:57.966+0000] {processor.py:840} INFO - DAG(s) 'review_timeout_dag' retrieved from /opt/airflow/dags/review_timeout_dag.py
[2026-06-24T11:08:58.028+0000] {logging_mixin.py:188} INFO - [2026-06-24T11:08:58.028+0000] {dag.py:3033} INFO - Sync 1 DAGs
[2026-06-24T11:08:58.058+0000] {logging_mixin.py:188} INFO - [2026-06-24T11:08:58.057+0000] {dag.py:3820} INFO - Setting next_dagrun for review_timeout_dag to 2026-06-23T01:00:00+00:00, run_after=2026-06-24T01:00:00+00:00
[2026-06-24T11:08:58.081+0000] {processor.py:183} INFO - Processing /opt/airflow/dags/review_timeout_dag.py took 0.165 seconds
[2026-06-24T11:09:28.260+0000] {processor.py:161} INFO - Started process (PID=3379) to work on /opt/airflow/dags/review_timeout_dag.py
[2026-06-24T11:09:28.262+0000] {processor.py:830} INFO - Processing file /opt/airflow/dags/review_timeout_dag.py for tasks to queue
[2026-06-24T11:09:28.263+0000] {logging_mixin.py:188} INFO - [2026-06-24T11:09:28.263+0000] {dagbag.py:538} INFO - Filling up the DagBag from /opt/airflow/dags/review_timeout_dag.py
[2026-06-24T11:09:28.284+0000] {processor.py:840} INFO - DAG(s) 'review_timeout_dag' retrieved from /opt/airflow/dags/review_timeout_dag.py
[2026-06-24T11:09:28.323+0000] {logging_mixin.py:188} INFO - [2026-06-24T11:09:28.323+0000] {dag.py:3033} INFO - Sync 1 DAGs
[2026-06-24T11:09:28.345+0000] {logging_mixin.py:188} INFO - [2026-06-24T11:09:28.345+0000] {dag.py:3820} INFO - Setting next_dagrun for review_timeout_dag to 2026-06-23T01:00:00+00:00, run_after=2026-06-24T01:00:00+00:00
[2026-06-24T11:09:28.365+0000] {processor.py:183} INFO - Processing /opt/airflow/dags/review_timeout_dag.py took 0.121 seconds
[2026-06-24T11:09:58.609+0000] {processor.py:161} INFO - Started process (PID=3389) to work on /opt/airflow/dags/review_timeout_dag.py
[2026-06-24T11:09:58.612+0000] {processor.py:830} INFO - Processing file /opt/airflow/dags/review_timeout_dag.py for tasks to queue
[2026-06-24T11:09:58.613+0000] {logging_mixin.py:188} INFO - [2026-06-24T11:09:58.613+0000] {dagbag.py:538} INFO - Filling up the DagBag from /opt/airflow/dags/review_timeout_dag.py
[2026-06-24T11:09:58.658+0000] {processor.py:840} INFO - DAG(s) 'review_timeout_dag' retrieved from /opt/airflow/dags/review_timeout_dag.py
[2026-06-24T11:09:58.743+0000] {logging_mixin.py:188} INFO - [2026-06-24T11:09:58.743+0000] {dag.py:3033} INFO - Sync 1 DAGs
[2026-06-24T11:09:58.783+0000] {logging_mixin.py:188} INFO - [2026-06-24T11:09:58.783+0000] {dag.py:3820} INFO - Setting next_dagrun for review_timeout_dag to 2026-06-23T01:00:00+00:00, run_after=2026-06-24T01:00:00+00:00
[2026-06-24T11:09:58.805+0000] {processor.py:183} INFO - Processing /opt/airflow/dags/review_timeout_dag.py took 0.218 seconds
[2026-06-24T11:10:29.040+0000] {processor.py:161} INFO - Started process (PID=3399) to work on /opt/airflow/dags/review_timeout_dag.py
[2026-06-24T11:10:29.043+0000] {processor.py:830} INFO - Processing file /opt/airflow/dags/review_timeout_dag.py for tasks to queue
[2026-06-24T11:10:29.045+0000] {logging_mixin.py:188} INFO - [2026-06-24T11:10:29.045+0000] {dagbag.py:538} INFO - Filling up the DagBag from /opt/airflow/dags/review_timeout_dag.py
[2026-06-24T11:10:29.084+0000] {processor.py:840} INFO - DAG(s) 'review_timeout_dag' retrieved from /opt/airflow/dags/review_timeout_dag.py
[2026-06-24T11:10:29.134+0000] {logging_mixin.py:188} INFO - [2026-06-24T11:10:29.133+0000] {dag.py:3033} INFO - Sync 1 DAGs
[2026-06-24T11:10:29.159+0000] {logging_mixin.py:188} INFO - [2026-06-24T11:10:29.158+0000] {dag.py:3820} INFO - Setting next_dagrun for review_timeout_dag to 2026-06-23T01:00:00+00:00, run_after=2026-06-24T01:00:00+00:00
[2026-06-24T11:10:29.179+0000] {processor.py:183} INFO - Processing /opt/airflow/dags/review_timeout_dag.py took 0.148 seconds
[2026-06-24T11:10:59.294+0000] {processor.py:161} INFO - Started process (PID=3409) to work on /opt/airflow/dags/review_timeout_dag.py
[2026-06-24T11:10:59.295+0000] {processor.py:830} INFO - Processing file /opt/airflow/dags/review_timeout_dag.py for tasks to queue
[2026-06-24T11:10:59.297+0000] {logging_mixin.py:188} INFO - [2026-06-24T11:10:59.296+0000] {dagbag.py:538} INFO - Filling up the DagBag from /opt/airflow/dags/review_timeout_dag.py
[2026-06-24T11:10:59.318+0000] {processor.py:840} INFO - DAG(s) 'review_timeout_dag' retrieved from /opt/airflow/dags/review_timeout_dag.py
[2026-06-24T11:10:59.352+0000] {logging_mixin.py:188} INFO - [2026-06-24T11:10:59.352+0000] {dag.py:3033} INFO - Sync 1 DAGs
[2026-06-24T11:10:59.384+0000] {logging_mixin.py:188} INFO - [2026-06-24T11:10:59.384+0000] {dag.py:3820} INFO - Setting next_dagrun for review_timeout_dag to 2026-06-23T01:00:00+00:00, run_after=2026-06-24T01:00:00+00:00
[2026-06-24T11:10:59.402+0000] {processor.py:183} INFO - Processing /opt/airflow/dags/review_timeout_dag.py took 0.114 seconds
[2026-06-24T11:11:29.616+0000] {processor.py:161} INFO - Started process (PID=3419) to work on /opt/airflow/dags/review_timeout_dag.py
[2026-06-24T11:11:29.620+0000] {processor.py:830} INFO - Processing file /opt/airflow/dags/review_timeout_dag.py for tasks to queue
[2026-06-24T11:11:29.621+0000] {logging_mixin.py:188} INFO - [2026-06-24T11:11:29.621+0000] {dagbag.py:538} INFO - Filling up the DagBag from /opt/airflow/dags/review_timeout_dag.py
[2026-06-24T11:11:29.661+0000] {processor.py:840} INFO - DAG(s) 'review_timeout_dag' retrieved from /opt/airflow/dags/review_timeout_dag.py
[2026-06-24T11:11:29.715+0000] {logging_mixin.py:188} INFO - [2026-06-24T11:11:29.715+0000] {dag.py:3033} INFO - Sync 1 DAGs
[2026-06-24T11:11:29.739+0000] {logging_mixin.py:188} INFO - [2026-06-24T11:11:29.739+0000] {dag.py:3820} INFO - Setting next_dagrun for review_timeout_dag to 2026-06-23T01:00:00+00:00, run_after=2026-06-24T01:00:00+00:00
[2026-06-24T11:11:29.763+0000] {processor.py:183} INFO - Processing /opt/airflow/dags/review_timeout_dag.py took 0.153 seconds
[2026-06-24T11:11:59.881+0000] {processor.py:161} INFO - Started process (PID=3429) to work on /opt/airflow/dags/review_timeout_dag.py
[2026-06-24T11:11:59.886+0000] {processor.py:830} INFO - Processing file /opt/airflow/dags/review_timeout_dag.py for tasks to queue
[2026-06-24T11:11:59.888+0000] {logging_mixin.py:188} INFO - [2026-06-24T11:11:59.887+0000] {dagbag.py:538} INFO - Filling up the DagBag from /opt/airflow/dags/review_timeout_dag.py
[2026-06-24T11:11:59.922+0000] {processor.py:840} INFO - DAG(s) 'review_timeout_dag' retrieved from /opt/airflow/dags/review_timeout_dag.py
[2026-06-24T11:11:59.977+0000] {logging_mixin.py:188} INFO - [2026-06-24T11:11:59.977+0000] {dag.py:3033} INFO - Sync 1 DAGs
[2026-06-24T11:12:00.010+0000] {logging_mixin.py:188} INFO - [2026-06-24T11:12:00.010+0000] {dag.py:3820} INFO - Setting next_dagrun for review_timeout_dag to 2026-06-23T01:00:00+00:00, run_after=2026-06-24T01:00:00+00:00
[2026-06-24T11:12:00.038+0000] {processor.py:183} INFO - Processing /opt/airflow/dags/review_timeout_dag.py took 0.169 seconds
[2026-06-24T11:12:30.244+0000] {processor.py:161} INFO - Started process (PID=3439) to work on /opt/airflow/dags/review_timeout_dag.py
[2026-06-24T11:12:30.246+0000] {processor.py:830} INFO - Processing file /opt/airflow/dags/review_timeout_dag.py for tasks to queue
[2026-06-24T11:12:30.247+0000] {logging_mixin.py:188} INFO - [2026-06-24T11:12:30.247+0000] {dagbag.py:538} INFO - Filling up the DagBag from /opt/airflow/dags/review_timeout_dag.py
[2026-06-24T11:12:30.269+0000] {processor.py:840} INFO - DAG(s) 'review_timeout_dag' retrieved from /opt/airflow/dags/review_timeout_dag.py
[2026-06-24T11:12:30.305+0000] {logging_mixin.py:188} INFO - [2026-06-24T11:12:30.305+0000] {dag.py:3033} INFO - Sync 1 DAGs
[2026-06-24T11:12:30.325+0000] {logging_mixin.py:188} INFO - [2026-06-24T11:12:30.325+0000] {dag.py:3820} INFO - Setting next_dagrun for review_timeout_dag to 2026-06-23T01:00:00+00:00, run_after=2026-06-24T01:00:00+00:00
[2026-06-24T11:12:30.342+0000] {processor.py:183} INFO - Processing /opt/airflow/dags/review_timeout_dag.py took 0.108 seconds
[2026-06-24T11:13:00.510+0000] {processor.py:161} INFO - Started process (PID=3449) to work on /opt/airflow/dags/review_timeout_dag.py
[2026-06-24T11:13:00.512+0000] {processor.py:830} INFO - Processing file /opt/airflow/dags/review_timeout_dag.py for tasks to queue
[2026-06-24T11:13:00.513+0000] {logging_mixin.py:188} INFO - [2026-06-24T11:13:00.513+0000] {dagbag.py:538} INFO - Filling up the DagBag from /opt/airflow/dags/review_timeout_dag.py
[2026-06-24T11:13:00.553+0000] {processor.py:840} INFO - DAG(s) 'review_timeout_dag' retrieved from /opt/airflow/dags/review_timeout_dag.py
[2026-06-24T11:13:00.611+0000] {logging_mixin.py:188} INFO - [2026-06-24T11:13:00.611+0000] {dag.py:3033} INFO - Sync 1 DAGs
[2026-06-24T11:13:00.645+0000] {logging_mixin.py:188} INFO - [2026-06-24T11:13:00.645+0000] {dag.py:3820} INFO - Setting next_dagrun for review_timeout_dag to 2026-06-23T01:00:00+00:00, run_after=2026-06-24T01:00:00+00:00
[2026-06-24T11:13:00.665+0000] {processor.py:183} INFO - Processing /opt/airflow/dags/review_timeout_dag.py took 0.166 seconds
[2026-06-24T11:13:30.816+0000] {processor.py:161} INFO - Started process (PID=3459) to work on /opt/airflow/dags/review_timeout_dag.py
[2026-06-24T11:13:30.818+0000] {processor.py:830} INFO - Processing file /opt/airflow/dags/review_timeout_dag.py for tasks to queue
[2026-06-24T11:13:30.821+0000] {logging_mixin.py:188} INFO - [2026-06-24T11:13:30.819+0000] {dagbag.py:538} INFO - Filling up the DagBag from /opt/airflow/dags/review_timeout_dag.py
[2026-06-24T11:13:30.850+0000] {processor.py:840} INFO - DAG(s) 'review_timeout_dag' retrieved from /opt/airflow/dags/review_timeout_dag.py
[2026-06-24T11:13:30.895+0000] {logging_mixin.py:188} INFO - [2026-06-24T11:13:30.895+0000] {dag.py:3033} INFO - Sync 1 DAGs
[2026-06-24T11:13:30.924+0000] {logging_mixin.py:188} INFO - [2026-06-24T11:13:30.924+0000] {dag.py:3820} INFO - Setting next_dagrun for review_timeout_dag to 2026-06-23T01:00:00+00:00, run_after=2026-06-24T01:00:00+00:00
[2026-06-24T11:13:30.944+0000] {processor.py:183} INFO - Processing /opt/airflow/dags/review_timeout_dag.py took 0.139 seconds
[2026-06-24T11:14:01.170+0000] {processor.py:161} INFO - Started process (PID=3469) to work on /opt/airflow/dags/review_timeout_dag.py
[2026-06-24T11:14:01.171+0000] {processor.py:830} INFO - Processing file /opt/airflow/dags/review_timeout_dag.py for tasks to queue
[2026-06-24T11:14:01.173+0000] {logging_mixin.py:188} INFO - [2026-06-24T11:14:01.172+0000] {dagbag.py:538} INFO - Filling up the DagBag from /opt/airflow/dags/review_timeout_dag.py
[2026-06-24T11:14:01.195+0000] {processor.py:840} INFO - DAG(s) 'review_timeout_dag' retrieved from /opt/airflow/dags/review_timeout_dag.py
[2026-06-24T11:14:01.233+0000] {logging_mixin.py:188} INFO - [2026-06-24T11:14:01.233+0000] {dag.py:3033} INFO - Sync 1 DAGs
[2026-06-24T11:14:01.270+0000] {logging_mixin.py:188} INFO - [2026-06-24T11:14:01.269+0000] {dag.py:3820} INFO - Setting next_dagrun for review_timeout_dag to 2026-06-23T01:00:00+00:00, run_after=2026-06-24T01:00:00+00:00
[2026-06-24T11:14:01.302+0000] {processor.py:183} INFO - Processing /opt/airflow/dags/review_timeout_dag.py took 0.137 seconds
[2026-06-24T11:14:31.666+0000] {processor.py:161} INFO - Started process (PID=3479) to work on /opt/airflow/dags/review_timeout_dag.py
[2026-06-24T11:14:31.669+0000] {processor.py:830} INFO - Processing file /opt/airflow/dags/review_timeout_dag.py for tasks to queue
[2026-06-24T11:14:31.671+0000] {logging_mixin.py:188} INFO - [2026-06-24T11:14:31.670+0000] {dagbag.py:538} INFO - Filling up the DagBag from /opt/airflow/dags/review_timeout_dag.py
[2026-06-24T11:14:31.713+0000] {processor.py:840} INFO - DAG(s) 'review_timeout_dag' retrieved from /opt/airflow/dags/review_timeout_dag.py
[2026-06-24T11:14:31.799+0000] {logging_mixin.py:188} INFO - [2026-06-24T11:14:31.798+0000] {dag.py:3033} INFO - Sync 1 DAGs
[2026-06-24T11:14:31.837+0000] {logging_mixin.py:188} INFO - [2026-06-24T11:14:31.837+0000] {dag.py:3820} INFO - Setting next_dagrun for review_timeout_dag to 2026-06-23T01:00:00+00:00, run_after=2026-06-24T01:00:00+00:00
[2026-06-24T11:14:31.873+0000] {processor.py:183} INFO - Processing /opt/airflow/dags/review_timeout_dag.py took 0.223 seconds
[2026-06-24T11:15:02.121+0000] {processor.py:161} INFO - Started process (PID=3489) to work on /opt/airflow/dags/review_timeout_dag.py
[2026-06-24T11:15:02.123+0000] {processor.py:830} INFO - Processing file /opt/airflow/dags/review_timeout_dag.py for tasks to queue
[2026-06-24T11:15:02.124+0000] {logging_mixin.py:188} INFO - [2026-06-24T11:15:02.124+0000] {dagbag.py:538} INFO - Filling up the DagBag from /opt/airflow/dags/review_timeout_dag.py
[2026-06-24T11:15:02.151+0000] {processor.py:840} INFO - DAG(s) 'review_timeout_dag' retrieved from /opt/airflow/dags/review_timeout_dag.py
[2026-06-24T11:15:02.203+0000] {logging_mixin.py:188} INFO - [2026-06-24T11:15:02.203+0000] {dag.py:3033} INFO - Sync 1 DAGs
[2026-06-24T11:15:02.236+0000] {logging_mixin.py:188} INFO - [2026-06-24T11:15:02.236+0000] {dag.py:3820} INFO - Setting next_dagrun for review_timeout_dag to 2026-06-23T01:00:00+00:00, run_after=2026-06-24T01:00:00+00:00
[2026-06-24T11:15:02.257+0000] {processor.py:183} INFO - Processing /opt/airflow/dags/review_timeout_dag.py took 0.141 seconds
[2026-06-24T11:15:32.906+0000] {processor.py:161} INFO - Started process (PID=3499) to work on /opt/airflow/dags/review_timeout_dag.py
[2026-06-24T11:15:32.915+0000] {processor.py:830} INFO - Processing file /opt/airflow/dags/review_timeout_dag.py for tasks to queue
[2026-06-24T11:15:32.950+0000] {logging_mixin.py:188} INFO - [2026-06-24T11:15:32.948+0000] {dagbag.py:538} INFO - Filling up the DagBag from /opt/airflow/dags/review_timeout_dag.py
[2026-06-24T11:15:33.071+0000] {processor.py:840} INFO - DAG(s) 'review_timeout_dag' retrieved from /opt/airflow/dags/review_timeout_dag.py
[2026-06-24T11:15:33.213+0000] {logging_mixin.py:188} INFO - [2026-06-24T11:15:33.213+0000] {dag.py:3033} INFO - Sync 1 DAGs
[2026-06-24T11:15:33.271+0000] {logging_mixin.py:188} INFO - [2026-06-24T11:15:33.271+0000] {dag.py:3820} INFO - Setting next_dagrun for review_timeout_dag to 2026-06-23T01:00:00+00:00, run_after=2026-06-24T01:00:00+00:00
[2026-06-24T11:15:33.322+0000] {processor.py:183} INFO - Processing /opt/airflow/dags/review_timeout_dag.py took 0.474 seconds
[2026-06-24T11:16:04.325+0000] {processor.py:161} INFO - Started process (PID=3509) to work on /opt/airflow/dags/review_timeout_dag.py
[2026-06-24T11:16:04.331+0000] {processor.py:830} INFO - Processing file /opt/airflow/dags/review_timeout_dag.py for tasks to queue
[2026-06-24T11:16:04.335+0000] {logging_mixin.py:188} INFO - [2026-06-24T11:16:04.334+0000] {dagbag.py:538} INFO - Filling up the DagBag from /opt/airflow/dags/review_timeout_dag.py
[2026-06-24T11:16:04.415+0000] {processor.py:840} INFO - DAG(s) 'review_timeout_dag' retrieved from /opt/airflow/dags/review_timeout_dag.py
[2026-06-24T11:16:04.511+0000] {logging_mixin.py:188} INFO - [2026-06-24T11:16:04.510+0000] {dag.py:3033} INFO - Sync 1 DAGs
[2026-06-24T11:16:04.590+0000] {logging_mixin.py:188} INFO - [2026-06-24T11:16:04.590+0000] {dag.py:3820} INFO - Setting next_dagrun for review_timeout_dag to 2026-06-23T01:00:00+00:00, run_after=2026-06-24T01:00:00+00:00
[2026-06-24T11:16:04.641+0000] {processor.py:183} INFO - Processing /opt/airflow/dags/review_timeout_dag.py took 0.337 seconds
[2026-06-24T11:17:47.054+0000] {processor.py:161} INFO - Started process (PID=180) to work on /opt/airflow/dags/review_timeout_dag.py
[2026-06-24T11:17:47.058+0000] {processor.py:830} INFO - Processing file /opt/airflow/dags/review_timeout_dag.py for tasks to queue
[2026-06-24T11:17:47.062+0000] {logging_mixin.py:188} INFO - [2026-06-24T11:17:47.062+0000] {dagbag.py:538} INFO - Filling up the DagBag from /opt/airflow/dags/review_timeout_dag.py
[2026-06-24T11:17:47.125+0000] {processor.py:840} INFO - DAG(s) 'review_timeout_dag' retrieved from /opt/airflow/dags/review_timeout_dag.py
[2026-06-24T11:17:47.737+0000] {logging_mixin.py:188} INFO - [2026-06-24T11:17:47.731+0000] {dag.py:3033} INFO - Sync 1 DAGs
[2026-06-24T11:17:47.872+0000] {logging_mixin.py:188} INFO - [2026-06-24T11:17:47.872+0000] {dag.py:3820} INFO - Setting next_dagrun for review_timeout_dag to 2026-06-23T01:00:00+00:00, run_after=2026-06-24T01:00:00+00:00
[2026-06-24T11:17:47.932+0000] {processor.py:183} INFO - Processing /opt/airflow/dags/review_timeout_dag.py took 0.888 seconds
[2026-06-24T11:18:18.805+0000] {processor.py:161} INFO - Started process (PID=191) to work on /opt/airflow/dags/review_timeout_dag.py
[2026-06-24T11:18:18.813+0000] {processor.py:830} INFO - Processing file /opt/airflow/dags/review_timeout_dag.py for tasks to queue
[2026-06-24T11:18:18.821+0000] {logging_mixin.py:188} INFO - [2026-06-24T11:18:18.818+0000] {dagbag.py:538} INFO - Filling up the DagBag from /opt/airflow/dags/review_timeout_dag.py
[2026-06-24T11:18:18.872+0000] {processor.py:840} INFO - DAG(s) 'review_timeout_dag' retrieved from /opt/airflow/dags/review_timeout_dag.py
[2026-06-24T11:18:18.960+0000] {logging_mixin.py:188} INFO - [2026-06-24T11:18:18.960+0000] {dag.py:3033} INFO - Sync 1 DAGs
[2026-06-24T11:18:19.005+0000] {logging_mixin.py:188} INFO - [2026-06-24T11:18:19.005+0000] {dag.py:3820} INFO - Setting next_dagrun for review_timeout_dag to 2026-06-23T01:00:00+00:00, run_after=2026-06-24T01:00:00+00:00
[2026-06-24T11:18:19.035+0000] {processor.py:183} INFO - Processing /opt/airflow/dags/review_timeout_dag.py took 0.247 seconds
[2026-06-24T11:18:49.282+0000] {processor.py:161} INFO - Started process (PID=201) to work on /opt/airflow/dags/review_timeout_dag.py
[2026-06-24T11:18:49.283+0000] {processor.py:830} INFO - Processing file /opt/airflow/dags/review_timeout_dag.py for tasks to queue
[2026-06-24T11:18:49.284+0000] {logging_mixin.py:188} INFO - [2026-06-24T11:18:49.284+0000] {dagbag.py:538} INFO - Filling up the DagBag from /opt/airflow/dags/review_timeout_dag.py
[2026-06-24T11:18:49.302+0000] {processor.py:840} INFO - DAG(s) 'review_timeout_dag' retrieved from /opt/airflow/dags/review_timeout_dag.py
[2026-06-24T11:18:49.332+0000] {logging_mixin.py:188} INFO - [2026-06-24T11:18:49.332+0000] {dag.py:3033} INFO - Sync 1 DAGs
[2026-06-24T11:18:49.353+0000] {logging_mixin.py:188} INFO - [2026-06-24T11:18:49.353+0000] {dag.py:3820} INFO - Setting next_dagrun for review_timeout_dag to 2026-06-23T01:00:00+00:00, run_after=2026-06-24T01:00:00+00:00
[2026-06-24T11:18:49.370+0000] {processor.py:183} INFO - Processing /opt/airflow/dags/review_timeout_dag.py took 0.091 seconds
[2026-06-24T11:19:19.586+0000] {processor.py:161} INFO - Started process (PID=211) to work on /opt/airflow/dags/review_timeout_dag.py
[2026-06-24T11:19:19.588+0000] {processor.py:830} INFO - Processing file /opt/airflow/dags/review_timeout_dag.py for tasks to queue
[2026-06-24T11:19:19.589+0000] {logging_mixin.py:188} INFO - [2026-06-24T11:19:19.589+0000] {dagbag.py:538} INFO - Filling up the DagBag from /opt/airflow/dags/review_timeout_dag.py
[2026-06-24T11:19:19.616+0000] {processor.py:840} INFO - DAG(s) 'review_timeout_dag' retrieved from /opt/airflow/dags/review_timeout_dag.py
[2026-06-24T11:19:19.675+0000] {logging_mixin.py:188} INFO - [2026-06-24T11:19:19.675+0000] {dag.py:3033} INFO - Sync 1 DAGs
[2026-06-24T11:19:19.711+0000] {logging_mixin.py:188} INFO - [2026-06-24T11:19:19.710+0000] {dag.py:3820} INFO - Setting next_dagrun for review_timeout_dag to 2026-06-23T01:00:00+00:00, run_after=2026-06-24T01:00:00+00:00
[2026-06-24T11:19:19.735+0000] {processor.py:183} INFO - Processing /opt/airflow/dags/review_timeout_dag.py took 0.160 seconds
[2026-06-24T11:19:49.887+0000] {processor.py:161} INFO - Started process (PID=221) to work on /opt/airflow/dags/review_timeout_dag.py
[2026-06-24T11:19:49.887+0000] {processor.py:830} INFO - Processing file /opt/airflow/dags/review_timeout_dag.py for tasks to queue
[2026-06-24T11:19:49.889+0000] {logging_mixin.py:188} INFO - [2026-06-24T11:19:49.888+0000] {dagbag.py:538} INFO - Filling up the DagBag from /opt/airflow/dags/review_timeout_dag.py
[2026-06-24T11:19:49.915+0000] {processor.py:840} INFO - DAG(s) 'review_timeout_dag' retrieved from /opt/airflow/dags/review_timeout_dag.py
[2026-06-24T11:19:49.957+0000] {logging_mixin.py:188} INFO - [2026-06-24T11:19:49.957+0000] {dag.py:3033} INFO - Sync 1 DAGs
[2026-06-24T11:19:49.983+0000] {logging_mixin.py:188} INFO - [2026-06-24T11:19:49.983+0000] {dag.py:3820} INFO - Setting next_dagrun for review_timeout_dag to 2026-06-23T01:00:00+00:00, run_after=2026-06-24T01:00:00+00:00
[2026-06-24T11:19:50.008+0000] {processor.py:183} INFO - Processing /opt/airflow/dags/review_timeout_dag.py took 0.126 seconds
[2026-06-24T11:20:20.259+0000] {processor.py:161} INFO - Started process (PID=231) to work on /opt/airflow/dags/review_timeout_dag.py
[2026-06-24T11:20:20.261+0000] {processor.py:830} INFO - Processing file /opt/airflow/dags/review_timeout_dag.py for tasks to queue
[2026-06-24T11:20:20.262+0000] {logging_mixin.py:188} INFO - [2026-06-24T11:20:20.262+0000] {dagbag.py:538} INFO - Filling up the DagBag from /opt/airflow/dags/review_timeout_dag.py
[2026-06-24T11:20:20.283+0000] {processor.py:840} INFO - DAG(s) 'review_timeout_dag' retrieved from /opt/airflow/dags/review_timeout_dag.py
[2026-06-24T11:20:20.312+0000] {logging_mixin.py:188} INFO - [2026-06-24T11:20:20.312+0000] {dag.py:3033} INFO - Sync 1 DAGs
[2026-06-24T11:20:20.334+0000] {logging_mixin.py:188} INFO - [2026-06-24T11:20:20.334+0000] {dag.py:3820} INFO - Setting next_dagrun for review_timeout_dag to 2026-06-23T01:00:00+00:00, run_after=2026-06-24T01:00:00+00:00
[2026-06-24T11:20:20.351+0000] {processor.py:183} INFO - Processing /opt/airflow/dags/review_timeout_dag.py took 0.097 seconds
[2026-06-24T11:20:50.537+0000] {processor.py:161} INFO - Started process (PID=241) to work on /opt/airflow/dags/review_timeout_dag.py
[2026-06-24T11:20:50.538+0000] {processor.py:830} INFO - Processing file /opt/airflow/dags/review_timeout_dag.py for tasks to queue
[2026-06-24T11:20:50.539+0000] {logging_mixin.py:188} INFO - [2026-06-24T11:20:50.539+0000] {dagbag.py:538} INFO - Filling up the DagBag from /opt/airflow/dags/review_timeout_dag.py
[2026-06-24T11:20:50.568+0000] {processor.py:840} INFO - DAG(s) 'review_timeout_dag' retrieved from /opt/airflow/dags/review_timeout_dag.py
[2026-06-24T11:20:50.613+0000] {logging_mixin.py:188} INFO - [2026-06-24T11:20:50.613+0000] {dag.py:3033} INFO - Sync 1 DAGs
[2026-06-24T11:20:50.644+0000] {logging_mixin.py:188} INFO - [2026-06-24T11:20:50.644+0000] {dag.py:3820} INFO - Setting next_dagrun for review_timeout_dag to 2026-06-23T01:00:00+00:00, run_after=2026-06-24T01:00:00+00:00
[2026-06-24T11:20:50.668+0000] {processor.py:183} INFO - Processing /opt/airflow/dags/review_timeout_dag.py took 0.139 seconds
[2026-06-24T11:21:20.831+0000] {processor.py:161} INFO - Started process (PID=251) to work on /opt/airflow/dags/review_timeout_dag.py
[2026-06-24T11:21:20.831+0000] {processor.py:830} INFO - Processing file /opt/airflow/dags/review_timeout_dag.py for tasks to queue
[2026-06-24T11:21:20.832+0000] {logging_mixin.py:188} INFO - [2026-06-24T11:21:20.832+0000] {dagbag.py:538} INFO - Filling up the DagBag from /opt/airflow/dags/review_timeout_dag.py
[2026-06-24T11:21:20.849+0000] {processor.py:840} INFO - DAG(s) 'review_timeout_dag' retrieved from /opt/airflow/dags/review_timeout_dag.py
[2026-06-24T11:21:20.881+0000] {logging_mixin.py:188} INFO - [2026-06-24T11:21:20.881+0000] {dag.py:3033} INFO - Sync 1 DAGs
[2026-06-24T11:21:20.904+0000] {logging_mixin.py:188} INFO - [2026-06-24T11:21:20.903+0000] {dag.py:3820} INFO - Setting next_dagrun for review_timeout_dag to 2026-06-23T01:00:00+00:00, run_after=2026-06-24T01:00:00+00:00
[2026-06-24T11:21:20.920+0000] {processor.py:183} INFO - Processing /opt/airflow/dags/review_timeout_dag.py took 0.093 seconds
[2026-06-24T11:21:51.315+0000] {processor.py:161} INFO - Started process (PID=261) to work on /opt/airflow/dags/review_timeout_dag.py
[2026-06-24T11:21:51.316+0000] {processor.py:830} INFO - Processing file /opt/airflow/dags/review_timeout_dag.py for tasks to queue
[2026-06-24T11:21:51.318+0000] {logging_mixin.py:188} INFO - [2026-06-24T11:21:51.317+0000] {dagbag.py:538} INFO - Filling up the DagBag from /opt/airflow/dags/review_timeout_dag.py
[2026-06-24T11:21:51.350+0000] {processor.py:840} INFO - DAG(s) 'review_timeout_dag' retrieved from /opt/airflow/dags/review_timeout_dag.py
[2026-06-24T11:21:51.417+0000] {logging_mixin.py:188} INFO - [2026-06-24T11:21:51.417+0000] {dag.py:3033} INFO - Sync 1 DAGs
[2026-06-24T11:21:51.460+0000] {logging_mixin.py:188} INFO - [2026-06-24T11:21:51.460+0000] {dag.py:3820} INFO - Setting next_dagrun for review_timeout_dag to 2026-06-23T01:00:00+00:00, run_after=2026-06-24T01:00:00+00:00
[2026-06-24T11:21:51.501+0000] {processor.py:183} INFO - Processing /opt/airflow/dags/review_timeout_dag.py took 0.197 seconds
[2026-06-24T11:22:21.612+0000] {processor.py:161} INFO - Started process (PID=271) to work on /opt/airflow/dags/review_timeout_dag.py
[2026-06-24T11:22:21.613+0000] {processor.py:830} INFO - Processing file /opt/airflow/dags/review_timeout_dag.py for tasks to queue
[2026-06-24T11:22:21.614+0000] {logging_mixin.py:188} INFO - [2026-06-24T11:22:21.614+0000] {dagbag.py:538} INFO - Filling up the DagBag from /opt/airflow/dags/review_timeout_dag.py
[2026-06-24T11:22:21.635+0000] {processor.py:840} INFO - DAG(s) 'review_timeout_dag' retrieved from /opt/airflow/dags/review_timeout_dag.py
[2026-06-24T11:22:21.664+0000] {logging_mixin.py:188} INFO - [2026-06-24T11:22:21.664+0000] {dag.py:3033} INFO - Sync 1 DAGs
[2026-06-24T11:22:21.683+0000] {logging_mixin.py:188} INFO - [2026-06-24T11:22:21.683+0000] {dag.py:3820} INFO - Setting next_dagrun for review_timeout_dag to 2026-06-23T01:00:00+00:00, run_after=2026-06-24T01:00:00+00:00
[2026-06-24T11:22:21.699+0000] {processor.py:183} INFO - Processing /opt/airflow/dags/review_timeout_dag.py took 0.090 seconds
[2026-06-24T11:22:51.966+0000] {processor.py:161} INFO - Started process (PID=281) to work on /opt/airflow/dags/review_timeout_dag.py
[2026-06-24T11:22:51.966+0000] {processor.py:830} INFO - Processing file /opt/airflow/dags/review_timeout_dag.py for tasks to queue
[2026-06-24T11:22:51.967+0000] {logging_mixin.py:188} INFO - [2026-06-24T11:22:51.967+0000] {dagbag.py:538} INFO - Filling up the DagBag from /opt/airflow/dags/review_timeout_dag.py
[2026-06-24T11:22:51.984+0000] {processor.py:840} INFO - DAG(s) 'review_timeout_dag' retrieved from /opt/airflow/dags/review_timeout_dag.py
[2026-06-24T11:22:52.012+0000] {logging_mixin.py:188} INFO - [2026-06-24T11:22:52.012+0000] {dag.py:3033} INFO - Sync 1 DAGs
[2026-06-24T11:22:52.032+0000] {logging_mixin.py:188} INFO - [2026-06-24T11:22:52.032+0000] {dag.py:3820} INFO - Setting next_dagrun for review_timeout_dag to 2026-06-23T01:00:00+00:00, run_after=2026-06-24T01:00:00+00:00
[2026-06-24T11:22:52.049+0000] {processor.py:183} INFO - Processing /opt/airflow/dags/review_timeout_dag.py took 0.089 seconds
[2026-06-24T11:23:23.216+0000] {processor.py:161} INFO - Started process (PID=291) to work on /opt/airflow/dags/review_timeout_dag.py
[2026-06-24T11:23:23.221+0000] {processor.py:830} INFO - Processing file /opt/airflow/dags/review_timeout_dag.py for tasks to queue
[2026-06-24T11:23:23.239+0000] {logging_mixin.py:188} INFO - [2026-06-24T11:23:23.226+0000] {dagbag.py:538} INFO - Filling up the DagBag from /opt/airflow/dags/review_timeout_dag.py
[2026-06-24T11:23:23.511+0000] {processor.py:840} INFO - DAG(s) 'review_timeout_dag' retrieved from /opt/airflow/dags/review_timeout_dag.py
[2026-06-24T11:23:23.927+0000] {logging_mixin.py:188} INFO - [2026-06-24T11:23:23.926+0000] {dag.py:3033} INFO - Sync 1 DAGs
[2026-06-24T11:23:24.076+0000] {logging_mixin.py:188} INFO - [2026-06-24T11:23:24.075+0000] {dag.py:3820} INFO - Setting next_dagrun for review_timeout_dag to 2026-06-23T01:00:00+00:00, run_after=2026-06-24T01:00:00+00:00
[2026-06-24T11:23:24.217+0000] {processor.py:183} INFO - Processing /opt/airflow/dags/review_timeout_dag.py took 1.076 seconds
[2026-06-24T11:23:56.179+0000] {processor.py:161} INFO - Started process (PID=301) to work on /opt/airflow/dags/review_timeout_dag.py
[2026-06-24T11:23:56.185+0000] {processor.py:830} INFO - Processing file /opt/airflow/dags/review_timeout_dag.py for tasks to queue
[2026-06-24T11:23:56.189+0000] {logging_mixin.py:188} INFO - [2026-06-24T11:23:56.187+0000] {dagbag.py:538} INFO - Filling up the DagBag from /opt/airflow/dags/review_timeout_dag.py
[2026-06-24T11:23:56.264+0000] {processor.py:840} INFO - DAG(s) 'review_timeout_dag' retrieved from /opt/airflow/dags/review_timeout_dag.py
[2026-06-24T11:23:56.352+0000] {logging_mixin.py:188} INFO - [2026-06-24T11:23:56.352+0000] {dag.py:3033} INFO - Sync 1 DAGs
[2026-06-24T11:23:56.424+0000] {logging_mixin.py:188} INFO - [2026-06-24T11:23:56.423+0000] {dag.py:3820} INFO - Setting next_dagrun for review_timeout_dag to 2026-06-23T01:00:00+00:00, run_after=2026-06-24T01:00:00+00:00
[2026-06-24T11:23:56.455+0000] {processor.py:183} INFO - Processing /opt/airflow/dags/review_timeout_dag.py took 0.289 seconds
[2026-06-24T11:24:26.560+0000] {processor.py:161} INFO - Started process (PID=311) to work on /opt/airflow/dags/review_timeout_dag.py
[2026-06-24T11:24:26.561+0000] {processor.py:830} INFO - Processing file /opt/airflow/dags/review_timeout_dag.py for tasks to queue
[2026-06-24T11:24:26.562+0000] {logging_mixin.py:188} INFO - [2026-06-24T11:24:26.562+0000] {dagbag.py:538} INFO - Filling up the DagBag from /opt/airflow/dags/review_timeout_dag.py
[2026-06-24T11:24:26.589+0000] {processor.py:840} INFO - DAG(s) 'review_timeout_dag' retrieved from /opt/airflow/dags/review_timeout_dag.py
[2026-06-24T11:24:26.633+0000] {logging_mixin.py:188} INFO - [2026-06-24T11:24:26.633+0000] {dag.py:3033} INFO - Sync 1 DAGs
[2026-06-24T11:24:26.658+0000] {logging_mixin.py:188} INFO - [2026-06-24T11:24:26.658+0000] {dag.py:3820} INFO - Setting next_dagrun for review_timeout_dag to 2026-06-23T01:00:00+00:00, run_after=2026-06-24T01:00:00+00:00
[2026-06-24T11:24:26.687+0000] {processor.py:183} INFO - Processing /opt/airflow/dags/review_timeout_dag.py took 0.135 seconds
[2026-06-24T11:24:56.904+0000] {processor.py:161} INFO - Started process (PID=321) to work on /opt/airflow/dags/review_timeout_dag.py
[2026-06-24T11:24:56.918+0000] {processor.py:830} INFO - Processing file /opt/airflow/dags/review_timeout_dag.py for tasks to queue
[2026-06-24T11:24:56.926+0000] {logging_mixin.py:188} INFO - [2026-06-24T11:24:56.925+0000] {dagbag.py:538} INFO - Filling up the DagBag from /opt/airflow/dags/review_timeout_dag.py
[2026-06-24T11:24:56.977+0000] {processor.py:840} INFO - DAG(s) 'review_timeout_dag' retrieved from /opt/airflow/dags/review_timeout_dag.py
[2026-06-24T11:24:57.119+0000] {logging_mixin.py:188} INFO - [2026-06-24T11:24:57.119+0000] {dag.py:3033} INFO - Sync 1 DAGs
[2026-06-24T11:24:57.194+0000] {logging_mixin.py:188} INFO - [2026-06-24T11:24:57.190+0000] {dag.py:3820} INFO - Setting next_dagrun for review_timeout_dag to 2026-06-23T01:00:00+00:00, run_after=2026-06-24T01:00:00+00:00
[2026-06-24T11:24:57.262+0000] {processor.py:183} INFO - Processing /opt/airflow/dags/review_timeout_dag.py took 0.406 seconds
[2026-06-24T11:25:27.641+0000] {processor.py:161} INFO - Started process (PID=331) to work on /opt/airflow/dags/review_timeout_dag.py
[2026-06-24T11:25:27.643+0000] {processor.py:830} INFO - Processing file /opt/airflow/dags/review_timeout_dag.py for tasks to queue
[2026-06-24T11:25:27.646+0000] {logging_mixin.py:188} INFO - [2026-06-24T11:25:27.645+0000] {dagbag.py:538} INFO - Filling up the DagBag from /opt/airflow/dags/review_timeout_dag.py
[2026-06-24T11:25:27.693+0000] {processor.py:840} INFO - DAG(s) 'review_timeout_dag' retrieved from /opt/airflow/dags/review_timeout_dag.py
[2026-06-24T11:25:27.807+0000] {logging_mixin.py:188} INFO - [2026-06-24T11:25:27.807+0000] {dag.py:3033} INFO - Sync 1 DAGs
[2026-06-24T11:25:27.902+0000] {logging_mixin.py:188} INFO - [2026-06-24T11:25:27.901+0000] {dag.py:3820} INFO - Setting next_dagrun for review_timeout_dag to 2026-06-23T01:00:00+00:00, run_after=2026-06-24T01:00:00+00:00
[2026-06-24T11:25:27.949+0000] {processor.py:183} INFO - Processing /opt/airflow/dags/review_timeout_dag.py took 0.317 seconds
[2026-06-24T11:25:58.511+0000] {processor.py:161} INFO - Started process (PID=341) to work on /opt/airflow/dags/review_timeout_dag.py
[2026-06-24T11:25:58.514+0000] {processor.py:830} INFO - Processing file /opt/airflow/dags/review_timeout_dag.py for tasks to queue
[2026-06-24T11:25:58.515+0000] {logging_mixin.py:188} INFO - [2026-06-24T11:25:58.515+0000] {dagbag.py:538} INFO - Filling up the DagBag from /opt/airflow/dags/review_timeout_dag.py
[2026-06-24T11:25:58.592+0000] {processor.py:840} INFO - DAG(s) 'review_timeout_dag' retrieved from /opt/airflow/dags/review_timeout_dag.py
[2026-06-24T11:25:58.673+0000] {logging_mixin.py:188} INFO - [2026-06-24T11:25:58.672+0000] {dag.py:3033} INFO - Sync 1 DAGs
[2026-06-24T11:25:58.721+0000] {logging_mixin.py:188} INFO - [2026-06-24T11:25:58.720+0000] {dag.py:3820} INFO - Setting next_dagrun for review_timeout_dag to 2026-06-23T01:00:00+00:00, run_after=2026-06-24T01:00:00+00:00
[2026-06-24T11:25:58.746+0000] {processor.py:183} INFO - Processing /opt/airflow/dags/review_timeout_dag.py took 0.255 seconds
[2026-06-24T11:26:28.847+0000] {processor.py:161} INFO - Started process (PID=351) to work on /opt/airflow/dags/review_timeout_dag.py
[2026-06-24T11:26:28.848+0000] {processor.py:830} INFO - Processing file /opt/airflow/dags/review_timeout_dag.py for tasks to queue
[2026-06-24T11:26:28.849+0000] {logging_mixin.py:188} INFO - [2026-06-24T11:26:28.848+0000] {dagbag.py:538} INFO - Filling up the DagBag from /opt/airflow/dags/review_timeout_dag.py
[2026-06-24T11:26:28.867+0000] {processor.py:840} INFO - DAG(s) 'review_timeout_dag' retrieved from /opt/airflow/dags/review_timeout_dag.py
[2026-06-24T11:26:28.904+0000] {logging_mixin.py:188} INFO - [2026-06-24T11:26:28.904+0000] {dag.py:3033} INFO - Sync 1 DAGs
[2026-06-24T11:26:28.930+0000] {logging_mixin.py:188} INFO - [2026-06-24T11:26:28.929+0000] {dag.py:3820} INFO - Setting next_dagrun for review_timeout_dag to 2026-06-23T01:00:00+00:00, run_after=2026-06-24T01:00:00+00:00
[2026-06-24T11:26:28.946+0000] {processor.py:183} INFO - Processing /opt/airflow/dags/review_timeout_dag.py took 0.103 seconds
[2026-06-24T11:26:59.248+0000] {processor.py:161} INFO - Started process (PID=361) to work on /opt/airflow/dags/review_timeout_dag.py
[2026-06-24T11:26:59.250+0000] {processor.py:830} INFO - Processing file /opt/airflow/dags/review_timeout_dag.py for tasks to queue
[2026-06-24T11:26:59.251+0000] {logging_mixin.py:188} INFO - [2026-06-24T11:26:59.251+0000] {dagbag.py:538} INFO - Filling up the DagBag from /opt/airflow/dags/review_timeout_dag.py
[2026-06-24T11:26:59.283+0000] {processor.py:840} INFO - DAG(s) 'review_timeout_dag' retrieved from /opt/airflow/dags/review_timeout_dag.py
[2026-06-24T11:26:59.357+0000] {logging_mixin.py:188} INFO - [2026-06-24T11:26:59.357+0000] {dag.py:3033} INFO - Sync 1 DAGs
[2026-06-24T11:26:59.403+0000] {logging_mixin.py:188} INFO - [2026-06-24T11:26:59.403+0000] {dag.py:3820} INFO - Setting next_dagrun for review_timeout_dag to 2026-06-23T01:00:00+00:00, run_after=2026-06-24T01:00:00+00:00
[2026-06-24T11:26:59.431+0000] {processor.py:183} INFO - Processing /opt/airflow/dags/review_timeout_dag.py took 0.192 seconds
[2026-06-24T11:27:29.586+0000] {processor.py:161} INFO - Started process (PID=371) to work on /opt/airflow/dags/review_timeout_dag.py
[2026-06-24T11:27:29.589+0000] {processor.py:830} INFO - Processing file /opt/airflow/dags/review_timeout_dag.py for tasks to queue
[2026-06-24T11:27:29.591+0000] {logging_mixin.py:188} INFO - [2026-06-24T11:27:29.591+0000] {dagbag.py:538} INFO - Filling up the DagBag from /opt/airflow/dags/review_timeout_dag.py
[2026-06-24T11:27:29.643+0000] {processor.py:840} INFO - DAG(s) 'review_timeout_dag' retrieved from /opt/airflow/dags/review_timeout_dag.py
[2026-06-24T11:27:29.725+0000] {logging_mixin.py:188} INFO - [2026-06-24T11:27:29.725+0000] {dag.py:3033} INFO - Sync 1 DAGs
[2026-06-24T11:27:29.767+0000] {logging_mixin.py:188} INFO - [2026-06-24T11:27:29.766+0000] {dag.py:3820} INFO - Setting next_dagrun for review_timeout_dag to 2026-06-23T01:00:00+00:00, run_after=2026-06-24T01:00:00+00:00
[2026-06-24T11:27:29.831+0000] {processor.py:183} INFO - Processing /opt/airflow/dags/review_timeout_dag.py took 0.267 seconds
[2026-06-24T11:28:00.007+0000] {processor.py:161} INFO - Started process (PID=381) to work on /opt/airflow/dags/review_timeout_dag.py
[2026-06-24T11:28:00.013+0000] {processor.py:830} INFO - Processing file /opt/airflow/dags/review_timeout_dag.py for tasks to queue
[2026-06-24T11:28:00.015+0000] {logging_mixin.py:188} INFO - [2026-06-24T11:28:00.014+0000] {dagbag.py:538} INFO - Filling up the DagBag from /opt/airflow/dags/review_timeout_dag.py
[2026-06-24T11:28:00.068+0000] {processor.py:840} INFO - DAG(s) 'review_timeout_dag' retrieved from /opt/airflow/dags/review_timeout_dag.py
[2026-06-24T11:28:00.155+0000] {logging_mixin.py:188} INFO - [2026-06-24T11:28:00.155+0000] {dag.py:3033} INFO - Sync 1 DAGs
[2026-06-24T11:28:00.203+0000] {logging_mixin.py:188} INFO - [2026-06-24T11:28:00.203+0000] {dag.py:3820} INFO - Setting next_dagrun for review_timeout_dag to 2026-06-23T01:00:00+00:00, run_after=2026-06-24T01:00:00+00:00
[2026-06-24T11:28:00.248+0000] {processor.py:183} INFO - Processing /opt/airflow/dags/review_timeout_dag.py took 0.256 seconds
[2026-06-24T11:28:31.516+0000] {processor.py:161} INFO - Started process (PID=391) to work on /opt/airflow/dags/review_timeout_dag.py
[2026-06-24T11:28:31.574+0000] {processor.py:830} INFO - Processing file /opt/airflow/dags/review_timeout_dag.py for tasks to queue
[2026-06-24T11:28:31.590+0000] {logging_mixin.py:188} INFO - [2026-06-24T11:28:31.589+0000] {dagbag.py:538} INFO - Filling up the DagBag from /opt/airflow/dags/review_timeout_dag.py
[2026-06-24T11:28:31.838+0000] {processor.py:840} INFO - DAG(s) 'review_timeout_dag' retrieved from /opt/airflow/dags/review_timeout_dag.py
[2026-06-24T11:28:32.322+0000] {logging_mixin.py:188} INFO - [2026-06-24T11:28:32.322+0000] {dag.py:3033} INFO - Sync 1 DAGs
[2026-06-24T11:28:32.571+0000] {logging_mixin.py:188} INFO - [2026-06-24T11:28:32.571+0000] {dag.py:3820} INFO - Setting next_dagrun for review_timeout_dag to 2026-06-23T01:00:00+00:00, run_after=2026-06-24T01:00:00+00:00
[2026-06-24T11:28:32.713+0000] {processor.py:183} INFO - Processing /opt/airflow/dags/review_timeout_dag.py took 1.271 seconds
[2026-06-24T11:29:03.774+0000] {processor.py:161} INFO - Started process (PID=401) to work on /opt/airflow/dags/review_timeout_dag.py
[2026-06-24T11:29:03.778+0000] {processor.py:830} INFO - Processing file /opt/airflow/dags/review_timeout_dag.py for tasks to queue
[2026-06-24T11:29:03.786+0000] {logging_mixin.py:188} INFO - [2026-06-24T11:29:03.782+0000] {dagbag.py:538} INFO - Filling up the DagBag from /opt/airflow/dags/review_timeout_dag.py
[2026-06-24T11:29:03.912+0000] {processor.py:840} INFO - DAG(s) 'review_timeout_dag' retrieved from /opt/airflow/dags/review_timeout_dag.py
[2026-06-24T11:29:04.166+0000] {logging_mixin.py:188} INFO - [2026-06-24T11:29:04.166+0000] {dag.py:3033} INFO - Sync 1 DAGs
[2026-06-24T11:29:04.211+0000] {logging_mixin.py:188} INFO - [2026-06-24T11:29:04.211+0000] {dag.py:3820} INFO - Setting next_dagrun for review_timeout_dag to 2026-06-23T01:00:00+00:00, run_after=2026-06-24T01:00:00+00:00
[2026-06-24T11:29:04.243+0000] {processor.py:183} INFO - Processing /opt/airflow/dags/review_timeout_dag.py took 0.492 seconds
[2026-06-24T11:29:34.834+0000] {processor.py:161} INFO - Started process (PID=411) to work on /opt/airflow/dags/review_timeout_dag.py
[2026-06-24T11:29:34.848+0000] {processor.py:830} INFO - Processing file /opt/airflow/dags/review_timeout_dag.py for tasks to queue
[2026-06-24T11:29:34.855+0000] {logging_mixin.py:188} INFO - [2026-06-24T11:29:34.854+0000] {dagbag.py:538} INFO - Filling up the DagBag from /opt/airflow/dags/review_timeout_dag.py
[2026-06-24T11:29:34.946+0000] {processor.py:840} INFO - DAG(s) 'review_timeout_dag' retrieved from /opt/airflow/dags/review_timeout_dag.py
[2026-06-24T11:29:36.353+0000] {logging_mixin.py:188} INFO - [2026-06-24T11:29:36.338+0000] {dag.py:3033} INFO - Sync 1 DAGs
[2026-06-24T11:29:36.522+0000] {logging_mixin.py:188} INFO - [2026-06-24T11:29:36.521+0000] {dag.py:3820} INFO - Setting next_dagrun for review_timeout_dag to 2026-06-23T01:00:00+00:00, run_after=2026-06-24T01:00:00+00:00
[2026-06-24T11:29:36.600+0000] {processor.py:183} INFO - Processing /opt/airflow/dags/review_timeout_dag.py took 1.792 seconds
[2026-06-24T11:30:07.228+0000] {processor.py:161} INFO - Started process (PID=421) to work on /opt/airflow/dags/review_timeout_dag.py
[2026-06-24T11:30:07.230+0000] {processor.py:830} INFO - Processing file /opt/airflow/dags/review_timeout_dag.py for tasks to queue
[2026-06-24T11:30:07.231+0000] {logging_mixin.py:188} INFO - [2026-06-24T11:30:07.231+0000] {dagbag.py:538} INFO - Filling up the DagBag from /opt/airflow/dags/review_timeout_dag.py
[2026-06-24T11:30:07.258+0000] {processor.py:840} INFO - DAG(s) 'review_timeout_dag' retrieved from /opt/airflow/dags/review_timeout_dag.py
[2026-06-24T11:30:07.313+0000] {logging_mixin.py:188} INFO - [2026-06-24T11:30:07.313+0000] {dag.py:3033} INFO - Sync 1 DAGs
[2026-06-24T11:30:07.356+0000] {logging_mixin.py:188} INFO - [2026-06-24T11:30:07.355+0000] {dag.py:3820} INFO - Setting next_dagrun for review_timeout_dag to 2026-06-23T01:00:00+00:00, run_after=2026-06-24T01:00:00+00:00
[2026-06-24T11:30:07.752+0000] {processor.py:183} INFO - Processing /opt/airflow/dags/review_timeout_dag.py took 0.529 seconds
[2026-06-24T11:30:38.300+0000] {processor.py:161} INFO - Started process (PID=431) to work on /opt/airflow/dags/review_timeout_dag.py
[2026-06-24T11:30:38.304+0000] {processor.py:830} INFO - Processing file /opt/airflow/dags/review_timeout_dag.py for tasks to queue
[2026-06-24T11:30:38.307+0000] {logging_mixin.py:188} INFO - [2026-06-24T11:30:38.306+0000] {dagbag.py:538} INFO - Filling up the DagBag from /opt/airflow/dags/review_timeout_dag.py
[2026-06-24T11:30:38.350+0000] {processor.py:840} INFO - DAG(s) 'review_timeout_dag' retrieved from /opt/airflow/dags/review_timeout_dag.py
[2026-06-24T11:30:38.432+0000] {logging_mixin.py:188} INFO - [2026-06-24T11:30:38.432+0000] {dag.py:3033} INFO - Sync 1 DAGs
[2026-06-24T11:30:38.483+0000] {logging_mixin.py:188} INFO - [2026-06-24T11:30:38.483+0000] {dag.py:3820} INFO - Setting next_dagrun for review_timeout_dag to 2026-06-23T01:00:00+00:00, run_after=2026-06-24T01:00:00+00:00
[2026-06-24T11:30:38.541+0000] {processor.py:183} INFO - Processing /opt/airflow/dags/review_timeout_dag.py took 0.253 seconds
[2026-06-24T11:31:08.834+0000] {processor.py:161} INFO - Started process (PID=441) to work on /opt/airflow/dags/review_timeout_dag.py
[2026-06-24T11:31:08.836+0000] {processor.py:830} INFO - Processing file /opt/airflow/dags/review_timeout_dag.py for tasks to queue
[2026-06-24T11:31:08.837+0000] {logging_mixin.py:188} INFO - [2026-06-24T11:31:08.837+0000] {dagbag.py:538} INFO - Filling up the DagBag from /opt/airflow/dags/review_timeout_dag.py
[2026-06-24T11:31:08.876+0000] {processor.py:840} INFO - DAG(s) 'review_timeout_dag' retrieved from /opt/airflow/dags/review_timeout_dag.py
[2026-06-24T11:31:08.967+0000] {logging_mixin.py:188} INFO - [2026-06-24T11:31:08.967+0000] {dag.py:3033} INFO - Sync 1 DAGs
[2026-06-24T11:31:09.033+0000] {logging_mixin.py:188} INFO - [2026-06-24T11:31:09.032+0000] {dag.py:3820} INFO - Setting next_dagrun for review_timeout_dag to 2026-06-23T01:00:00+00:00, run_after=2026-06-24T01:00:00+00:00
[2026-06-24T11:31:09.085+0000] {processor.py:183} INFO - Processing /opt/airflow/dags/review_timeout_dag.py took 0.260 seconds
[2026-06-24T11:31:39.311+0000] {processor.py:161} INFO - Started process (PID=451) to work on /opt/airflow/dags/review_timeout_dag.py
[2026-06-24T11:31:39.313+0000] {processor.py:830} INFO - Processing file /opt/airflow/dags/review_timeout_dag.py for tasks to queue
[2026-06-24T11:31:39.318+0000] {logging_mixin.py:188} INFO - [2026-06-24T11:31:39.314+0000] {dagbag.py:538} INFO - Filling up the DagBag from /opt/airflow/dags/review_timeout_dag.py
[2026-06-24T11:31:39.371+0000] {processor.py:840} INFO - DAG(s) 'review_timeout_dag' retrieved from /opt/airflow/dags/review_timeout_dag.py
[2026-06-24T11:31:39.518+0000] {logging_mixin.py:188} INFO - [2026-06-24T11:31:39.518+0000] {dag.py:3033} INFO - Sync 1 DAGs
[2026-06-24T11:31:39.557+0000] {logging_mixin.py:188} INFO - [2026-06-24T11:31:39.557+0000] {dag.py:3820} INFO - Setting next_dagrun for review_timeout_dag to 2026-06-23T01:00:00+00:00, run_after=2026-06-24T01:00:00+00:00
[2026-06-24T11:31:39.594+0000] {processor.py:183} INFO - Processing /opt/airflow/dags/review_timeout_dag.py took 0.318 seconds
[2026-06-24T11:32:09.918+0000] {processor.py:161} INFO - Started process (PID=461) to work on /opt/airflow/dags/review_timeout_dag.py
[2026-06-24T11:32:09.927+0000] {processor.py:830} INFO - Processing file /opt/airflow/dags/review_timeout_dag.py for tasks to queue
[2026-06-24T11:32:09.930+0000] {logging_mixin.py:188} INFO - [2026-06-24T11:32:09.929+0000] {dagbag.py:538} INFO - Filling up the DagBag from /opt/airflow/dags/review_timeout_dag.py
[2026-06-24T11:32:09.989+0000] {processor.py:840} INFO - DAG(s) 'review_timeout_dag' retrieved from /opt/airflow/dags/review_timeout_dag.py
[2026-06-24T11:32:10.077+0000] {logging_mixin.py:188} INFO - [2026-06-24T11:32:10.077+0000] {dag.py:3033} INFO - Sync 1 DAGs
[2026-06-24T11:32:10.126+0000] {logging_mixin.py:188} INFO - [2026-06-24T11:32:10.125+0000] {dag.py:3820} INFO - Setting next_dagrun for review_timeout_dag to 2026-06-23T01:00:00+00:00, run_after=2026-06-24T01:00:00+00:00
[2026-06-24T11:32:10.155+0000] {processor.py:183} INFO - Processing /opt/airflow/dags/review_timeout_dag.py took 0.265 seconds
[2026-06-24T11:32:40.330+0000] {processor.py:161} INFO - Started process (PID=471) to work on /opt/airflow/dags/review_timeout_dag.py
[2026-06-24T11:32:40.335+0000] {processor.py:830} INFO - Processing file /opt/airflow/dags/review_timeout_dag.py for tasks to queue
[2026-06-24T11:32:40.338+0000] {logging_mixin.py:188} INFO - [2026-06-24T11:32:40.337+0000] {dagbag.py:538} INFO - Filling up the DagBag from /opt/airflow/dags/review_timeout_dag.py
[2026-06-24T11:32:40.377+0000] {processor.py:840} INFO - DAG(s) 'review_timeout_dag' retrieved from /opt/airflow/dags/review_timeout_dag.py
[2026-06-24T11:32:40.434+0000] {logging_mixin.py:188} INFO - [2026-06-24T11:32:40.434+0000] {dag.py:3033} INFO - Sync 1 DAGs
[2026-06-24T11:32:40.459+0000] {logging_mixin.py:188} INFO - [2026-06-24T11:32:40.459+0000] {dag.py:3820} INFO - Setting next_dagrun for review_timeout_dag to 2026-06-23T01:00:00+00:00, run_after=2026-06-24T01:00:00+00:00
[2026-06-24T11:32:40.481+0000] {processor.py:183} INFO - Processing /opt/airflow/dags/review_timeout_dag.py took 0.159 seconds
[2026-06-24T11:33:11.183+0000] {processor.py:161} INFO - Started process (PID=481) to work on /opt/airflow/dags/review_timeout_dag.py
[2026-06-24T11:33:11.188+0000] {processor.py:830} INFO - Processing file /opt/airflow/dags/review_timeout_dag.py for tasks to queue
[2026-06-24T11:33:11.201+0000] {logging_mixin.py:188} INFO - [2026-06-24T11:33:11.194+0000] {dagbag.py:538} INFO - Filling up the DagBag from /opt/airflow/dags/review_timeout_dag.py
[2026-06-24T11:33:11.312+0000] {processor.py:840} INFO - DAG(s) 'review_timeout_dag' retrieved from /opt/airflow/dags/review_timeout_dag.py
[2026-06-24T11:33:11.422+0000] {logging_mixin.py:188} INFO - [2026-06-24T11:33:11.422+0000] {dag.py:3033} INFO - Sync 1 DAGs
[2026-06-24T11:33:11.545+0000] {logging_mixin.py:188} INFO - [2026-06-24T11:33:11.543+0000] {dag.py:3820} INFO - Setting next_dagrun for review_timeout_dag to 2026-06-23T01:00:00+00:00, run_after=2026-06-24T01:00:00+00:00
[2026-06-24T11:33:11.613+0000] {processor.py:183} INFO - Processing /opt/airflow/dags/review_timeout_dag.py took 0.461 seconds
[2026-06-24T11:33:42.349+0000] {processor.py:161} INFO - Started process (PID=491) to work on /opt/airflow/dags/review_timeout_dag.py
[2026-06-24T11:33:42.354+0000] {processor.py:830} INFO - Processing file /opt/airflow/dags/review_timeout_dag.py for tasks to queue
[2026-06-24T11:33:42.362+0000] {logging_mixin.py:188} INFO - [2026-06-24T11:33:42.357+0000] {dagbag.py:538} INFO - Filling up the DagBag from /opt/airflow/dags/review_timeout_dag.py
[2026-06-24T11:33:42.454+0000] {processor.py:840} INFO - DAG(s) 'review_timeout_dag' retrieved from /opt/airflow/dags/review_timeout_dag.py
[2026-06-24T11:33:42.637+0000] {logging_mixin.py:188} INFO - [2026-06-24T11:33:42.637+0000] {dag.py:3033} INFO - Sync 1 DAGs
[2026-06-24T11:33:42.728+0000] {logging_mixin.py:188} INFO - [2026-06-24T11:33:42.728+0000] {dag.py:3820} INFO - Setting next_dagrun for review_timeout_dag to 2026-06-23T01:00:00+00:00, run_after=2026-06-24T01:00:00+00:00
[2026-06-24T11:33:42.792+0000] {processor.py:183} INFO - Processing /opt/airflow/dags/review_timeout_dag.py took 0.467 seconds
[2026-06-24T11:34:13.443+0000] {processor.py:161} INFO - Started process (PID=501) to work on /opt/airflow/dags/review_timeout_dag.py
[2026-06-24T11:34:13.462+0000] {processor.py:830} INFO - Processing file /opt/airflow/dags/review_timeout_dag.py for tasks to queue
[2026-06-24T11:34:13.481+0000] {logging_mixin.py:188} INFO - [2026-06-24T11:34:13.467+0000] {dagbag.py:538} INFO - Filling up the DagBag from /opt/airflow/dags/review_timeout_dag.py
[2026-06-24T11:34:13.848+0000] {processor.py:840} INFO - DAG(s) 'review_timeout_dag' retrieved from /opt/airflow/dags/review_timeout_dag.py
[2026-06-24T11:34:14.516+0000] {logging_mixin.py:188} INFO - [2026-06-24T11:34:14.515+0000] {dag.py:3033} INFO - Sync 1 DAGs
[2026-06-24T11:34:14.710+0000] {logging_mixin.py:188} INFO - [2026-06-24T11:34:14.708+0000] {dag.py:3820} INFO - Setting next_dagrun for review_timeout_dag to 2026-06-23T01:00:00+00:00, run_after=2026-06-24T01:00:00+00:00
[2026-06-24T11:34:14.824+0000] {processor.py:183} INFO - Processing /opt/airflow/dags/review_timeout_dag.py took 1.427 seconds
[2026-06-24T11:34:46.612+0000] {processor.py:161} INFO - Started process (PID=511) to work on /opt/airflow/dags/review_timeout_dag.py
[2026-06-24T11:34:46.634+0000] {processor.py:830} INFO - Processing file /opt/airflow/dags/review_timeout_dag.py for tasks to queue
[2026-06-24T11:34:46.641+0000] {logging_mixin.py:188} INFO - [2026-06-24T11:34:46.639+0000] {dagbag.py:538} INFO - Filling up the DagBag from /opt/airflow/dags/review_timeout_dag.py
[2026-06-24T11:34:46.774+0000] {processor.py:840} INFO - DAG(s) 'review_timeout_dag' retrieved from /opt/airflow/dags/review_timeout_dag.py
[2026-06-24T11:34:46.895+0000] {logging_mixin.py:188} INFO - [2026-06-24T11:34:46.895+0000] {dag.py:3033} INFO - Sync 1 DAGs
[2026-06-24T11:34:46.968+0000] {logging_mixin.py:188} INFO - [2026-06-24T11:34:46.968+0000] {dag.py:3820} INFO - Setting next_dagrun for review_timeout_dag to 2026-06-23T01:00:00+00:00, run_after=2026-06-24T01:00:00+00:00
[2026-06-24T11:34:47.023+0000] {processor.py:183} INFO - Processing /opt/airflow/dags/review_timeout_dag.py took 0.449 seconds
[2026-06-24T11:35:17.238+0000] {processor.py:161} INFO - Started process (PID=521) to work on /opt/airflow/dags/review_timeout_dag.py
[2026-06-24T11:35:17.240+0000] {processor.py:830} INFO - Processing file /opt/airflow/dags/review_timeout_dag.py for tasks to queue
[2026-06-24T11:35:17.242+0000] {logging_mixin.py:188} INFO - [2026-06-24T11:35:17.241+0000] {dagbag.py:538} INFO - Filling up the DagBag from /opt/airflow/dags/review_timeout_dag.py
[2026-06-24T11:35:17.286+0000] {processor.py:840} INFO - DAG(s) 'review_timeout_dag' retrieved from /opt/airflow/dags/review_timeout_dag.py
[2026-06-24T11:35:17.400+0000] {logging_mixin.py:188} INFO - [2026-06-24T11:35:17.400+0000] {dag.py:3033} INFO - Sync 1 DAGs
[2026-06-24T11:35:17.458+0000] {logging_mixin.py:188} INFO - [2026-06-24T11:35:17.458+0000] {dag.py:3820} INFO - Setting next_dagrun for review_timeout_dag to 2026-06-23T01:00:00+00:00, run_after=2026-06-24T01:00:00+00:00
[2026-06-24T11:35:17.492+0000] {processor.py:183} INFO - Processing /opt/airflow/dags/review_timeout_dag.py took 0.268 seconds
[2026-06-24T11:35:47.803+0000] {processor.py:161} INFO - Started process (PID=531) to work on /opt/airflow/dags/review_timeout_dag.py
[2026-06-24T11:35:47.804+0000] {processor.py:830} INFO - Processing file /opt/airflow/dags/review_timeout_dag.py for tasks to queue
[2026-06-24T11:35:47.806+0000] {logging_mixin.py:188} INFO - [2026-06-24T11:35:47.805+0000] {dagbag.py:538} INFO - Filling up the DagBag from /opt/airflow/dags/review_timeout_dag.py
[2026-06-24T11:35:47.827+0000] {processor.py:840} INFO - DAG(s) 'review_timeout_dag' retrieved from /opt/airflow/dags/review_timeout_dag.py
[2026-06-24T11:35:47.863+0000] {logging_mixin.py:188} INFO - [2026-06-24T11:35:47.863+0000] {dag.py:3033} INFO - Sync 1 DAGs
[2026-06-24T11:35:47.888+0000] {logging_mixin.py:188} INFO - [2026-06-24T11:35:47.888+0000] {dag.py:3820} INFO - Setting next_dagrun for review_timeout_dag to 2026-06-23T01:00:00+00:00, run_after=2026-06-24T01:00:00+00:00
[2026-06-24T11:35:47.911+0000] {processor.py:183} INFO - Processing /opt/airflow/dags/review_timeout_dag.py took 0.112 seconds
[2026-06-24T11:36:18.098+0000] {processor.py:161} INFO - Started process (PID=541) to work on /opt/airflow/dags/review_timeout_dag.py
[2026-06-24T11:36:18.104+0000] {processor.py:830} INFO - Processing file /opt/airflow/dags/review_timeout_dag.py for tasks to queue
[2026-06-24T11:36:18.107+0000] {logging_mixin.py:188} INFO - [2026-06-24T11:36:18.106+0000] {dagbag.py:538} INFO - Filling up the DagBag from /opt/airflow/dags/review_timeout_dag.py
[2026-06-24T11:36:18.146+0000] {processor.py:840} INFO - DAG(s) 'review_timeout_dag' retrieved from /opt/airflow/dags/review_timeout_dag.py
[2026-06-24T11:36:18.245+0000] {logging_mixin.py:188} INFO - [2026-06-24T11:36:18.245+0000] {dag.py:3033} INFO - Sync 1 DAGs
[2026-06-24T11:36:18.305+0000] {logging_mixin.py:188} INFO - [2026-06-24T11:36:18.305+0000] {dag.py:3820} INFO - Setting next_dagrun for review_timeout_dag to 2026-06-23T01:00:00+00:00, run_after=2026-06-24T01:00:00+00:00
[2026-06-24T11:36:18.350+0000] {processor.py:183} INFO - Processing /opt/airflow/dags/review_timeout_dag.py took 0.270 seconds
[2026-06-24T11:36:48.548+0000] {processor.py:161} INFO - Started process (PID=551) to work on /opt/airflow/dags/review_timeout_dag.py
[2026-06-24T11:36:48.570+0000] {processor.py:830} INFO - Processing file /opt/airflow/dags/review_timeout_dag.py for tasks to queue
[2026-06-24T11:36:48.595+0000] {logging_mixin.py:188} INFO - [2026-06-24T11:36:48.593+0000] {dagbag.py:538} INFO - Filling up the DagBag from /opt/airflow/dags/review_timeout_dag.py
[2026-06-24T11:36:48.763+0000] {processor.py:840} INFO - DAG(s) 'review_timeout_dag' retrieved from /opt/airflow/dags/review_timeout_dag.py
[2026-06-24T11:36:48.983+0000] {logging_mixin.py:188} INFO - [2026-06-24T11:36:48.982+0000] {dag.py:3033} INFO - Sync 1 DAGs
[2026-06-24T11:36:49.087+0000] {logging_mixin.py:188} INFO - [2026-06-24T11:36:49.087+0000] {dag.py:3820} INFO - Setting next_dagrun for review_timeout_dag to 2026-06-23T01:00:00+00:00, run_after=2026-06-24T01:00:00+00:00
[2026-06-24T11:36:49.152+0000] {processor.py:183} INFO - Processing /opt/airflow/dags/review_timeout_dag.py took 0.641 seconds
[2026-06-24T11:37:19.867+0000] {processor.py:161} INFO - Started process (PID=561) to work on /opt/airflow/dags/review_timeout_dag.py
[2026-06-24T11:37:19.875+0000] {processor.py:830} INFO - Processing file /opt/airflow/dags/review_timeout_dag.py for tasks to queue
[2026-06-24T11:37:19.893+0000] {logging_mixin.py:188} INFO - [2026-06-24T11:37:19.885+0000] {dagbag.py:538} INFO - Filling up the DagBag from /opt/airflow/dags/review_timeout_dag.py
[2026-06-24T11:37:19.965+0000] {processor.py:840} INFO - DAG(s) 'review_timeout_dag' retrieved from /opt/airflow/dags/review_timeout_dag.py
[2026-06-24T11:37:20.074+0000] {logging_mixin.py:188} INFO - [2026-06-24T11:37:20.073+0000] {dag.py:3033} INFO - Sync 1 DAGs
[2026-06-24T11:37:20.127+0000] {logging_mixin.py:188} INFO - [2026-06-24T11:37:20.127+0000] {dag.py:3820} INFO - Setting next_dagrun for review_timeout_dag to 2026-06-23T01:00:00+00:00, run_after=2026-06-24T01:00:00+00:00
[2026-06-24T11:37:20.174+0000] {processor.py:183} INFO - Processing /opt/airflow/dags/review_timeout_dag.py took 0.335 seconds
[2026-06-24T11:37:50.571+0000] {processor.py:161} INFO - Started process (PID=571) to work on /opt/airflow/dags/review_timeout_dag.py
[2026-06-24T11:37:50.583+0000] {processor.py:830} INFO - Processing file /opt/airflow/dags/review_timeout_dag.py for tasks to queue
[2026-06-24T11:37:50.588+0000] {logging_mixin.py:188} INFO - [2026-06-24T11:37:50.586+0000] {dagbag.py:538} INFO - Filling up the DagBag from /opt/airflow/dags/review_timeout_dag.py
[2026-06-24T11:37:50.639+0000] {processor.py:840} INFO - DAG(s) 'review_timeout_dag' retrieved from /opt/airflow/dags/review_timeout_dag.py
[2026-06-24T11:37:50.758+0000] {logging_mixin.py:188} INFO - [2026-06-24T11:37:50.758+0000] {dag.py:3033} INFO - Sync 1 DAGs
[2026-06-24T11:37:50.798+0000] {logging_mixin.py:188} INFO - [2026-06-24T11:37:50.798+0000] {dag.py:3820} INFO - Setting next_dagrun for review_timeout_dag to 2026-06-23T01:00:00+00:00, run_after=2026-06-24T01:00:00+00:00
[2026-06-24T11:37:50.841+0000] {processor.py:183} INFO - Processing /opt/airflow/dags/review_timeout_dag.py took 0.310 seconds
[2026-06-24T11:38:21.010+0000] {processor.py:161} INFO - Started process (PID=586) to work on /opt/airflow/dags/review_timeout_dag.py
[2026-06-24T11:38:21.011+0000] {processor.py:830} INFO - Processing file /opt/airflow/dags/review_timeout_dag.py for tasks to queue
[2026-06-24T11:38:21.012+0000] {logging_mixin.py:188} INFO - [2026-06-24T11:38:21.011+0000] {dagbag.py:538} INFO - Filling up the DagBag from /opt/airflow/dags/review_timeout_dag.py
[2026-06-24T11:38:21.020+0000] {processor.py:840} INFO - DAG(s) 'review_timeout_dag' retrieved from /opt/airflow/dags/review_timeout_dag.py
[2026-06-24T11:38:21.041+0000] {logging_mixin.py:188} INFO - [2026-06-24T11:38:21.041+0000] {dag.py:3033} INFO - Sync 1 DAGs
[2026-06-24T11:38:21.059+0000] {logging_mixin.py:188} INFO - [2026-06-24T11:38:21.059+0000] {dag.py:3820} INFO - Setting next_dagrun for review_timeout_dag to 2026-06-23T01:00:00+00:00, run_after=2026-06-24T01:00:00+00:00
[2026-06-24T11:38:21.070+0000] {processor.py:183} INFO - Processing /opt/airflow/dags/review_timeout_dag.py took 0.062 seconds
[2026-06-24T11:38:51.574+0000] {processor.py:161} INFO - Started process (PID=591) to work on /opt/airflow/dags/review_timeout_dag.py
[2026-06-24T11:38:51.577+0000] {processor.py:830} INFO - Processing file /opt/airflow/dags/review_timeout_dag.py for tasks to queue
[2026-06-24T11:38:51.580+0000] {logging_mixin.py:188} INFO - [2026-06-24T11:38:51.579+0000] {dagbag.py:538} INFO - Filling up the DagBag from /opt/airflow/dags/review_timeout_dag.py
[2026-06-24T11:38:51.648+0000] {processor.py:840} INFO - DAG(s) 'review_timeout_dag' retrieved from /opt/airflow/dags/review_timeout_dag.py
[2026-06-24T11:38:51.728+0000] {logging_mixin.py:188} INFO - [2026-06-24T11:38:51.728+0000] {dag.py:3033} INFO - Sync 1 DAGs
[2026-06-24T11:38:51.763+0000] {logging_mixin.py:188} INFO - [2026-06-24T11:38:51.762+0000] {dag.py:3820} INFO - Setting next_dagrun for review_timeout_dag to 2026-06-23T01:00:00+00:00, run_after=2026-06-24T01:00:00+00:00
[2026-06-24T11:38:51.788+0000] {processor.py:183} INFO - Processing /opt/airflow/dags/review_timeout_dag.py took 0.235 seconds
[2026-06-24T11:39:21.902+0000] {processor.py:161} INFO - Started process (PID=601) to work on /opt/airflow/dags/review_timeout_dag.py
[2026-06-24T11:39:21.904+0000] {processor.py:830} INFO - Processing file /opt/airflow/dags/review_timeout_dag.py for tasks to queue
[2026-06-24T11:39:21.905+0000] {logging_mixin.py:188} INFO - [2026-06-24T11:39:21.904+0000] {dagbag.py:538} INFO - Filling up the DagBag from /opt/airflow/dags/review_timeout_dag.py
[2026-06-24T11:39:21.931+0000] {processor.py:840} INFO - DAG(s) 'review_timeout_dag' retrieved from /opt/airflow/dags/review_timeout_dag.py
[2026-06-24T11:39:21.975+0000] {logging_mixin.py:188} INFO - [2026-06-24T11:39:21.975+0000] {dag.py:3033} INFO - Sync 1 DAGs
[2026-06-24T11:39:22.004+0000] {logging_mixin.py:188} INFO - [2026-06-24T11:39:22.004+0000] {dag.py:3820} INFO - Setting next_dagrun for review_timeout_dag to 2026-06-23T01:00:00+00:00, run_after=2026-06-24T01:00:00+00:00
[2026-06-24T11:39:22.026+0000] {processor.py:183} INFO - Processing /opt/airflow/dags/review_timeout_dag.py took 0.129 seconds
[2026-06-24T11:39:52.396+0000] {processor.py:161} INFO - Started process (PID=611) to work on /opt/airflow/dags/review_timeout_dag.py
[2026-06-24T11:39:52.399+0000] {processor.py:830} INFO - Processing file /opt/airflow/dags/review_timeout_dag.py for tasks to queue
[2026-06-24T11:39:52.401+0000] {logging_mixin.py:188} INFO - [2026-06-24T11:39:52.400+0000] {dagbag.py:538} INFO - Filling up the DagBag from /opt/airflow/dags/review_timeout_dag.py
[2026-06-24T11:39:52.442+0000] {processor.py:840} INFO - DAG(s) 'review_timeout_dag' retrieved from /opt/airflow/dags/review_timeout_dag.py
[2026-06-24T11:39:52.514+0000] {logging_mixin.py:188} INFO - [2026-06-24T11:39:52.513+0000] {dag.py:3033} INFO - Sync 1 DAGs
[2026-06-24T11:39:52.569+0000] {logging_mixin.py:188} INFO - [2026-06-24T11:39:52.568+0000] {dag.py:3820} INFO - Setting next_dagrun for review_timeout_dag to 2026-06-23T01:00:00+00:00, run_after=2026-06-24T01:00:00+00:00
[2026-06-24T11:39:52.616+0000] {processor.py:183} INFO - Processing /opt/airflow/dags/review_timeout_dag.py took 0.237 seconds
[2026-06-24T11:40:23.002+0000] {processor.py:161} INFO - Started process (PID=621) to work on /opt/airflow/dags/review_timeout_dag.py
[2026-06-24T11:40:23.004+0000] {processor.py:830} INFO - Processing file /opt/airflow/dags/review_timeout_dag.py for tasks to queue
[2026-06-24T11:40:23.011+0000] {logging_mixin.py:188} INFO - [2026-06-24T11:40:23.005+0000] {dagbag.py:538} INFO - Filling up the DagBag from /opt/airflow/dags/review_timeout_dag.py
[2026-06-24T11:40:23.080+0000] {processor.py:840} INFO - DAG(s) 'review_timeout_dag' retrieved from /opt/airflow/dags/review_timeout_dag.py
[2026-06-24T11:40:23.144+0000] {logging_mixin.py:188} INFO - [2026-06-24T11:40:23.144+0000] {dag.py:3033} INFO - Sync 1 DAGs
[2026-06-24T11:40:23.183+0000] {logging_mixin.py:188} INFO - [2026-06-24T11:40:23.183+0000] {dag.py:3820} INFO - Setting next_dagrun for review_timeout_dag to 2026-06-23T01:00:00+00:00, run_after=2026-06-24T01:00:00+00:00
[2026-06-24T11:40:23.213+0000] {processor.py:183} INFO - Processing /opt/airflow/dags/review_timeout_dag.py took 0.229 seconds
[2026-06-24T11:40:53.363+0000] {processor.py:161} INFO - Started process (PID=631) to work on /opt/airflow/dags/review_timeout_dag.py
[2026-06-24T11:40:53.367+0000] {processor.py:830} INFO - Processing file /opt/airflow/dags/review_timeout_dag.py for tasks to queue
[2026-06-24T11:40:53.370+0000] {logging_mixin.py:188} INFO - [2026-06-24T11:40:53.369+0000] {dagbag.py:538} INFO - Filling up the DagBag from /opt/airflow/dags/review_timeout_dag.py
[2026-06-24T11:40:53.413+0000] {processor.py:840} INFO - DAG(s) 'review_timeout_dag' retrieved from /opt/airflow/dags/review_timeout_dag.py
[2026-06-24T11:40:53.480+0000] {logging_mixin.py:188} INFO - [2026-06-24T11:40:53.480+0000] {dag.py:3033} INFO - Sync 1 DAGs
[2026-06-24T11:40:53.526+0000] {logging_mixin.py:188} INFO - [2026-06-24T11:40:53.525+0000] {dag.py:3820} INFO - Setting next_dagrun for review_timeout_dag to 2026-06-23T01:00:00+00:00, run_after=2026-06-24T01:00:00+00:00
[2026-06-24T11:40:53.571+0000] {processor.py:183} INFO - Processing /opt/airflow/dags/review_timeout_dag.py took 0.216 seconds
[2026-06-24T11:41:23.859+0000] {processor.py:161} INFO - Started process (PID=641) to work on /opt/airflow/dags/review_timeout_dag.py
[2026-06-24T11:41:23.861+0000] {processor.py:830} INFO - Processing file /opt/airflow/dags/review_timeout_dag.py for tasks to queue
[2026-06-24T11:41:23.863+0000] {logging_mixin.py:188} INFO - [2026-06-24T11:41:23.863+0000] {dagbag.py:538} INFO - Filling up the DagBag from /opt/airflow/dags/review_timeout_dag.py
[2026-06-24T11:41:23.897+0000] {processor.py:840} INFO - DAG(s) 'review_timeout_dag' retrieved from /opt/airflow/dags/review_timeout_dag.py
[2026-06-24T11:41:23.960+0000] {logging_mixin.py:188} INFO - [2026-06-24T11:41:23.960+0000] {dag.py:3033} INFO - Sync 1 DAGs
[2026-06-24T11:41:23.999+0000] {logging_mixin.py:188} INFO - [2026-06-24T11:41:23.999+0000] {dag.py:3820} INFO - Setting next_dagrun for review_timeout_dag to 2026-06-23T01:00:00+00:00, run_after=2026-06-24T01:00:00+00:00
[2026-06-24T11:41:24.020+0000] {processor.py:183} INFO - Processing /opt/airflow/dags/review_timeout_dag.py took 0.174 seconds
[2026-06-24T11:41:54.259+0000] {processor.py:161} INFO - Started process (PID=651) to work on /opt/airflow/dags/review_timeout_dag.py
[2026-06-24T11:41:54.261+0000] {processor.py:830} INFO - Processing file /opt/airflow/dags/review_timeout_dag.py for tasks to queue
[2026-06-24T11:41:54.262+0000] {logging_mixin.py:188} INFO - [2026-06-24T11:41:54.262+0000] {dagbag.py:538} INFO - Filling up the DagBag from /opt/airflow/dags/review_timeout_dag.py
[2026-06-24T11:41:54.289+0000] {processor.py:840} INFO - DAG(s) 'review_timeout_dag' retrieved from /opt/airflow/dags/review_timeout_dag.py
[2026-06-24T11:41:54.343+0000] {logging_mixin.py:188} INFO - [2026-06-24T11:41:54.343+0000] {dag.py:3033} INFO - Sync 1 DAGs
[2026-06-24T11:41:54.367+0000] {logging_mixin.py:188} INFO - [2026-06-24T11:41:54.367+0000] {dag.py:3820} INFO - Setting next_dagrun for review_timeout_dag to 2026-06-23T01:00:00+00:00, run_after=2026-06-24T01:00:00+00:00
[2026-06-24T11:41:54.386+0000] {processor.py:183} INFO - Processing /opt/airflow/dags/review_timeout_dag.py took 0.133 seconds
[2026-06-24T11:42:24.576+0000] {processor.py:161} INFO - Started process (PID=661) to work on /opt/airflow/dags/review_timeout_dag.py
[2026-06-24T11:42:24.579+0000] {processor.py:830} INFO - Processing file /opt/airflow/dags/review_timeout_dag.py for tasks to queue
[2026-06-24T11:42:24.580+0000] {logging_mixin.py:188} INFO - [2026-06-24T11:42:24.580+0000] {dagbag.py:538} INFO - Filling up the DagBag from /opt/airflow/dags/review_timeout_dag.py
[2026-06-24T11:42:24.610+0000] {processor.py:840} INFO - DAG(s) 'review_timeout_dag' retrieved from /opt/airflow/dags/review_timeout_dag.py
[2026-06-24T11:42:24.679+0000] {logging_mixin.py:188} INFO - [2026-06-24T11:42:24.678+0000] {dag.py:3033} INFO - Sync 1 DAGs
[2026-06-24T11:42:24.706+0000] {logging_mixin.py:188} INFO - [2026-06-24T11:42:24.706+0000] {dag.py:3820} INFO - Setting next_dagrun for review_timeout_dag to 2026-06-23T01:00:00+00:00, run_after=2026-06-24T01:00:00+00:00
[2026-06-24T11:42:24.731+0000] {processor.py:183} INFO - Processing /opt/airflow/dags/review_timeout_dag.py took 0.170 seconds
[2026-06-24T11:42:55.386+0000] {processor.py:161} INFO - Started process (PID=671) to work on /opt/airflow/dags/review_timeout_dag.py
[2026-06-24T11:42:55.389+0000] {processor.py:830} INFO - Processing file /opt/airflow/dags/review_timeout_dag.py for tasks to queue
[2026-06-24T11:42:55.392+0000] {logging_mixin.py:188} INFO - [2026-06-24T11:42:55.391+0000] {dagbag.py:538} INFO - Filling up the DagBag from /opt/airflow/dags/review_timeout_dag.py
[2026-06-24T11:42:55.447+0000] {processor.py:840} INFO - DAG(s) 'review_timeout_dag' retrieved from /opt/airflow/dags/review_timeout_dag.py
[2026-06-24T11:42:55.576+0000] {logging_mixin.py:188} INFO - [2026-06-24T11:42:55.576+0000] {dag.py:3033} INFO - Sync 1 DAGs
[2026-06-24T11:42:55.660+0000] {logging_mixin.py:188} INFO - [2026-06-24T11:42:55.659+0000] {dag.py:3820} INFO - Setting next_dagrun for review_timeout_dag to 2026-06-23T01:00:00+00:00, run_after=2026-06-24T01:00:00+00:00
[2026-06-24T11:42:55.730+0000] {processor.py:183} INFO - Processing /opt/airflow/dags/review_timeout_dag.py took 0.357 seconds
[2026-06-24T11:43:28.127+0000] {processor.py:161} INFO - Started process (PID=681) to work on /opt/airflow/dags/review_timeout_dag.py
[2026-06-24T11:43:28.326+0000] {processor.py:830} INFO - Processing file /opt/airflow/dags/review_timeout_dag.py for tasks to queue
[2026-06-24T11:43:28.527+0000] {logging_mixin.py:188} INFO - [2026-06-24T11:43:28.515+0000] {dagbag.py:538} INFO - Filling up the DagBag from /opt/airflow/dags/review_timeout_dag.py
[2026-06-24T11:43:29.861+0000] {processor.py:840} INFO - DAG(s) 'review_timeout_dag' retrieved from /opt/airflow/dags/review_timeout_dag.py
[2026-06-24T11:43:37.371+0000] {logging_mixin.py:188} INFO - [2026-06-24T11:43:36.740+0000] {dag.py:3033} INFO - Sync 1 DAGs
[2026-06-24T11:43:40.569+0000] {logging_mixin.py:188} INFO - [2026-06-24T11:43:40.555+0000] {dag.py:3820} INFO - Setting next_dagrun for review_timeout_dag to 2026-06-23T01:00:00+00:00, run_after=2026-06-24T01:00:00+00:00
[2026-06-24T11:43:42.354+0000] {processor.py:183} INFO - Processing /opt/airflow/dags/review_timeout_dag.py took 14.816 seconds
[2026-06-24T11:44:15.698+0000] {processor.py:161} INFO - Started process (PID=691) to work on /opt/airflow/dags/review_timeout_dag.py
[2026-06-24T11:44:15.713+0000] {processor.py:830} INFO - Processing file /opt/airflow/dags/review_timeout_dag.py for tasks to queue
[2026-06-24T11:44:15.735+0000] {logging_mixin.py:188} INFO - [2026-06-24T11:44:15.734+0000] {dagbag.py:538} INFO - Filling up the DagBag from /opt/airflow/dags/review_timeout_dag.py
[2026-06-24T11:44:16.085+0000] {processor.py:840} INFO - DAG(s) 'review_timeout_dag' retrieved from /opt/airflow/dags/review_timeout_dag.py
[2026-06-24T11:44:17.125+0000] {logging_mixin.py:188} INFO - [2026-06-24T11:44:17.123+0000] {dag.py:3033} INFO - Sync 1 DAGs
[2026-06-24T11:44:20.385+0000] {logging_mixin.py:188} INFO - [2026-06-24T11:44:20.315+0000] {dag.py:3820} INFO - Setting next_dagrun for review_timeout_dag to 2026-06-23T01:00:00+00:00, run_after=2026-06-24T01:00:00+00:00
[2026-06-24T11:44:24.503+0000] {processor.py:183} INFO - Processing /opt/airflow/dags/review_timeout_dag.py took 8.844 seconds
[2026-06-24T11:44:56.407+0000] {processor.py:161} INFO - Started process (PID=701) to work on /opt/airflow/dags/review_timeout_dag.py
[2026-06-24T11:44:56.410+0000] {processor.py:830} INFO - Processing file /opt/airflow/dags/review_timeout_dag.py for tasks to queue
[2026-06-24T11:44:56.414+0000] {logging_mixin.py:188} INFO - [2026-06-24T11:44:56.412+0000] {dagbag.py:538} INFO - Filling up the DagBag from /opt/airflow/dags/review_timeout_dag.py
[2026-06-24T11:44:56.487+0000] {processor.py:840} INFO - DAG(s) 'review_timeout_dag' retrieved from /opt/airflow/dags/review_timeout_dag.py
[2026-06-24T11:44:56.631+0000] {logging_mixin.py:188} INFO - [2026-06-24T11:44:56.630+0000] {dag.py:3033} INFO - Sync 1 DAGs
[2026-06-24T11:44:56.736+0000] {logging_mixin.py:188} INFO - [2026-06-24T11:44:56.735+0000] {dag.py:3820} INFO - Setting next_dagrun for review_timeout_dag to 2026-06-23T01:00:00+00:00, run_after=2026-06-24T01:00:00+00:00
[2026-06-24T11:44:56.808+0000] {processor.py:183} INFO - Processing /opt/airflow/dags/review_timeout_dag.py took 0.419 seconds
[2026-06-24T11:45:27.000+0000] {processor.py:161} INFO - Started process (PID=711) to work on /opt/airflow/dags/review_timeout_dag.py
[2026-06-24T11:45:27.003+0000] {processor.py:830} INFO - Processing file /opt/airflow/dags/review_timeout_dag.py for tasks to queue
[2026-06-24T11:45:27.006+0000] {logging_mixin.py:188} INFO - [2026-06-24T11:45:27.005+0000] {dagbag.py:538} INFO - Filling up the DagBag from /opt/airflow/dags/review_timeout_dag.py
[2026-06-24T11:45:27.073+0000] {processor.py:840} INFO - DAG(s) 'review_timeout_dag' retrieved from /opt/airflow/dags/review_timeout_dag.py
[2026-06-24T11:45:27.209+0000] {logging_mixin.py:188} INFO - [2026-06-24T11:45:27.208+0000] {dag.py:3033} INFO - Sync 1 DAGs
[2026-06-24T11:45:27.282+0000] {logging_mixin.py:188} INFO - [2026-06-24T11:45:27.281+0000] {dag.py:3820} INFO - Setting next_dagrun for review_timeout_dag to 2026-06-23T01:00:00+00:00, run_after=2026-06-24T01:00:00+00:00
[2026-06-24T11:45:27.327+0000] {processor.py:183} INFO - Processing /opt/airflow/dags/review_timeout_dag.py took 0.347 seconds
[2026-06-24T11:45:57.535+0000] {processor.py:161} INFO - Started process (PID=721) to work on /opt/airflow/dags/review_timeout_dag.py
[2026-06-24T11:45:57.543+0000] {processor.py:830} INFO - Processing file /opt/airflow/dags/review_timeout_dag.py for tasks to queue
[2026-06-24T11:45:57.549+0000] {logging_mixin.py:188} INFO - [2026-06-24T11:45:57.547+0000] {dagbag.py:538} INFO - Filling up the DagBag from /opt/airflow/dags/review_timeout_dag.py
[2026-06-24T11:45:57.634+0000] {processor.py:840} INFO - DAG(s) 'review_timeout_dag' retrieved from /opt/airflow/dags/review_timeout_dag.py
[2026-06-24T11:45:57.806+0000] {logging_mixin.py:188} INFO - [2026-06-24T11:45:57.805+0000] {dag.py:3033} INFO - Sync 1 DAGs
[2026-06-24T11:45:57.858+0000] {logging_mixin.py:188} INFO - [2026-06-24T11:45:57.858+0000] {dag.py:3820} INFO - Setting next_dagrun for review_timeout_dag to 2026-06-23T01:00:00+00:00, run_after=2026-06-24T01:00:00+00:00
[2026-06-24T11:45:57.902+0000] {processor.py:183} INFO - Processing /opt/airflow/dags/review_timeout_dag.py took 0.386 seconds
[2026-06-24T11:46:28.082+0000] {processor.py:161} INFO - Started process (PID=731) to work on /opt/airflow/dags/review_timeout_dag.py
[2026-06-24T11:46:28.086+0000] {processor.py:830} INFO - Processing file /opt/airflow/dags/review_timeout_dag.py for tasks to queue
[2026-06-24T11:46:28.092+0000] {logging_mixin.py:188} INFO - [2026-06-24T11:46:28.090+0000] {dagbag.py:538} INFO - Filling up the DagBag from /opt/airflow/dags/review_timeout_dag.py
[2026-06-24T11:46:28.148+0000] {processor.py:840} INFO - DAG(s) 'review_timeout_dag' retrieved from /opt/airflow/dags/review_timeout_dag.py
[2026-06-24T11:46:28.258+0000] {logging_mixin.py:188} INFO - [2026-06-24T11:46:28.257+0000] {dag.py:3033} INFO - Sync 1 DAGs
[2026-06-24T11:46:28.300+0000] {logging_mixin.py:188} INFO - [2026-06-24T11:46:28.300+0000] {dag.py:3820} INFO - Setting next_dagrun for review_timeout_dag to 2026-06-23T01:00:00+00:00, run_after=2026-06-24T01:00:00+00:00
[2026-06-24T11:46:28.329+0000] {processor.py:183} INFO - Processing /opt/airflow/dags/review_timeout_dag.py took 0.283 seconds
[2026-06-24T11:46:58.423+0000] {processor.py:161} INFO - Started process (PID=741) to work on /opt/airflow/dags/review_timeout_dag.py
[2026-06-24T11:46:58.426+0000] {processor.py:830} INFO - Processing file /opt/airflow/dags/review_timeout_dag.py for tasks to queue
[2026-06-24T11:46:58.427+0000] {logging_mixin.py:188} INFO - [2026-06-24T11:46:58.427+0000] {dagbag.py:538} INFO - Filling up the DagBag from /opt/airflow/dags/review_timeout_dag.py
[2026-06-24T11:46:58.462+0000] {processor.py:840} INFO - DAG(s) 'review_timeout_dag' retrieved from /opt/airflow/dags/review_timeout_dag.py
[2026-06-24T11:46:58.515+0000] {logging_mixin.py:188} INFO - [2026-06-24T11:46:58.515+0000] {dag.py:3033} INFO - Sync 1 DAGs
[2026-06-24T11:46:58.561+0000] {logging_mixin.py:188} INFO - [2026-06-24T11:46:58.561+0000] {dag.py:3820} INFO - Setting next_dagrun for review_timeout_dag to 2026-06-23T01:00:00+00:00, run_after=2026-06-24T01:00:00+00:00
[2026-06-24T11:46:58.588+0000] {processor.py:183} INFO - Processing /opt/airflow/dags/review_timeout_dag.py took 0.175 seconds
[2026-06-24T11:47:28.901+0000] {processor.py:161} INFO - Started process (PID=751) to work on /opt/airflow/dags/review_timeout_dag.py
[2026-06-24T11:47:28.912+0000] {processor.py:830} INFO - Processing file /opt/airflow/dags/review_timeout_dag.py for tasks to queue
[2026-06-24T11:47:28.916+0000] {logging_mixin.py:188} INFO - [2026-06-24T11:47:28.915+0000] {dagbag.py:538} INFO - Filling up the DagBag from /opt/airflow/dags/review_timeout_dag.py
[2026-06-24T11:47:28.979+0000] {processor.py:840} INFO - DAG(s) 'review_timeout_dag' retrieved from /opt/airflow/dags/review_timeout_dag.py
[2026-06-24T11:47:29.093+0000] {logging_mixin.py:188} INFO - [2026-06-24T11:47:29.093+0000] {dag.py:3033} INFO - Sync 1 DAGs
[2026-06-24T11:47:29.161+0000] {logging_mixin.py:188} INFO - [2026-06-24T11:47:29.160+0000] {dag.py:3820} INFO - Setting next_dagrun for review_timeout_dag to 2026-06-23T01:00:00+00:00, run_after=2026-06-24T01:00:00+00:00
[2026-06-24T11:47:29.289+0000] {processor.py:183} INFO - Processing /opt/airflow/dags/review_timeout_dag.py took 0.421 seconds
[2026-06-24T11:47:59.723+0000] {processor.py:161} INFO - Started process (PID=761) to work on /opt/airflow/dags/review_timeout_dag.py
[2026-06-24T11:47:59.726+0000] {processor.py:830} INFO - Processing file /opt/airflow/dags/review_timeout_dag.py for tasks to queue
[2026-06-24T11:47:59.728+0000] {logging_mixin.py:188} INFO - [2026-06-24T11:47:59.727+0000] {dagbag.py:538} INFO - Filling up the DagBag from /opt/airflow/dags/review_timeout_dag.py
[2026-06-24T11:47:59.760+0000] {processor.py:840} INFO - DAG(s) 'review_timeout_dag' retrieved from /opt/airflow/dags/review_timeout_dag.py
[2026-06-24T11:47:59.806+0000] {logging_mixin.py:188} INFO - [2026-06-24T11:47:59.805+0000] {dag.py:3033} INFO - Sync 1 DAGs
[2026-06-24T11:47:59.847+0000] {logging_mixin.py:188} INFO - [2026-06-24T11:47:59.847+0000] {dag.py:3820} INFO - Setting next_dagrun for review_timeout_dag to 2026-06-23T01:00:00+00:00, run_after=2026-06-24T01:00:00+00:00
[2026-06-24T11:47:59.873+0000] {processor.py:183} INFO - Processing /opt/airflow/dags/review_timeout_dag.py took 0.158 seconds
[2026-06-24T11:48:30.186+0000] {processor.py:161} INFO - Started process (PID=771) to work on /opt/airflow/dags/review_timeout_dag.py
[2026-06-24T11:48:30.189+0000] {processor.py:830} INFO - Processing file /opt/airflow/dags/review_timeout_dag.py for tasks to queue
[2026-06-24T11:48:30.191+0000] {logging_mixin.py:188} INFO - [2026-06-24T11:48:30.191+0000] {dagbag.py:538} INFO - Filling up the DagBag from /opt/airflow/dags/review_timeout_dag.py
[2026-06-24T11:48:30.243+0000] {processor.py:840} INFO - DAG(s) 'review_timeout_dag' retrieved from /opt/airflow/dags/review_timeout_dag.py
[2026-06-24T11:48:30.291+0000] {logging_mixin.py:188} INFO - [2026-06-24T11:48:30.290+0000] {dag.py:3033} INFO - Sync 1 DAGs
[2026-06-24T11:48:30.323+0000] {logging_mixin.py:188} INFO - [2026-06-24T11:48:30.323+0000] {dag.py:3820} INFO - Setting next_dagrun for review_timeout_dag to 2026-06-23T01:00:00+00:00, run_after=2026-06-24T01:00:00+00:00
[2026-06-24T11:48:30.348+0000] {processor.py:183} INFO - Processing /opt/airflow/dags/review_timeout_dag.py took 0.174 seconds
[2026-06-24T11:49:00.600+0000] {processor.py:161} INFO - Started process (PID=781) to work on /opt/airflow/dags/review_timeout_dag.py
[2026-06-24T11:49:00.602+0000] {processor.py:830} INFO - Processing file /opt/airflow/dags/review_timeout_dag.py for tasks to queue
[2026-06-24T11:49:00.604+0000] {logging_mixin.py:188} INFO - [2026-06-24T11:49:00.603+0000] {dagbag.py:538} INFO - Filling up the DagBag from /opt/airflow/dags/review_timeout_dag.py
[2026-06-24T11:49:00.634+0000] {processor.py:840} INFO - DAG(s) 'review_timeout_dag' retrieved from /opt/airflow/dags/review_timeout_dag.py
[2026-06-24T11:49:00.683+0000] {logging_mixin.py:188} INFO - [2026-06-24T11:49:00.683+0000] {dag.py:3033} INFO - Sync 1 DAGs
[2026-06-24T11:49:00.714+0000] {logging_mixin.py:188} INFO - [2026-06-24T11:49:00.713+0000] {dag.py:3820} INFO - Setting next_dagrun for review_timeout_dag to 2026-06-23T01:00:00+00:00, run_after=2026-06-24T01:00:00+00:00
[2026-06-24T11:49:00.734+0000] {processor.py:183} INFO - Processing /opt/airflow/dags/review_timeout_dag.py took 0.145 seconds
[2026-06-24T11:49:30.858+0000] {processor.py:161} INFO - Started process (PID=791) to work on /opt/airflow/dags/review_timeout_dag.py
[2026-06-24T11:49:30.860+0000] {processor.py:830} INFO - Processing file /opt/airflow/dags/review_timeout_dag.py for tasks to queue
[2026-06-24T11:49:30.861+0000] {logging_mixin.py:188} INFO - [2026-06-24T11:49:30.860+0000] {dagbag.py:538} INFO - Filling up the DagBag from /opt/airflow/dags/review_timeout_dag.py
[2026-06-24T11:49:30.894+0000] {processor.py:840} INFO - DAG(s) 'review_timeout_dag' retrieved from /opt/airflow/dags/review_timeout_dag.py
[2026-06-24T11:49:30.951+0000] {logging_mixin.py:188} INFO - [2026-06-24T11:49:30.951+0000] {dag.py:3033} INFO - Sync 1 DAGs
[2026-06-24T11:49:30.984+0000] {logging_mixin.py:188} INFO - [2026-06-24T11:49:30.984+0000] {dag.py:3820} INFO - Setting next_dagrun for review_timeout_dag to 2026-06-23T01:00:00+00:00, run_after=2026-06-24T01:00:00+00:00
[2026-06-24T11:49:31.012+0000] {processor.py:183} INFO - Processing /opt/airflow/dags/review_timeout_dag.py took 0.162 seconds
[2026-06-24T11:50:01.267+0000] {processor.py:161} INFO - Started process (PID=801) to work on /opt/airflow/dags/review_timeout_dag.py
[2026-06-24T11:50:01.269+0000] {processor.py:830} INFO - Processing file /opt/airflow/dags/review_timeout_dag.py for tasks to queue
[2026-06-24T11:50:01.270+0000] {logging_mixin.py:188} INFO - [2026-06-24T11:50:01.270+0000] {dagbag.py:538} INFO - Filling up the DagBag from /opt/airflow/dags/review_timeout_dag.py
[2026-06-24T11:50:01.321+0000] {processor.py:840} INFO - DAG(s) 'review_timeout_dag' retrieved from /opt/airflow/dags/review_timeout_dag.py
[2026-06-24T11:50:01.468+0000] {logging_mixin.py:188} INFO - [2026-06-24T11:50:01.468+0000] {dag.py:3033} INFO - Sync 1 DAGs
[2026-06-24T11:50:01.523+0000] {logging_mixin.py:188} INFO - [2026-06-24T11:50:01.521+0000] {dag.py:3820} INFO - Setting next_dagrun for review_timeout_dag to 2026-06-23T01:00:00+00:00, run_after=2026-06-24T01:00:00+00:00
[2026-06-24T11:50:01.613+0000] {processor.py:183} INFO - Processing /opt/airflow/dags/review_timeout_dag.py took 0.362 seconds
[2026-06-24T11:50:31.871+0000] {processor.py:161} INFO - Started process (PID=811) to work on /opt/airflow/dags/review_timeout_dag.py
[2026-06-24T11:50:31.874+0000] {processor.py:830} INFO - Processing file /opt/airflow/dags/review_timeout_dag.py for tasks to queue
[2026-06-24T11:50:31.877+0000] {logging_mixin.py:188} INFO - [2026-06-24T11:50:31.875+0000] {dagbag.py:538} INFO - Filling up the DagBag from /opt/airflow/dags/review_timeout_dag.py
[2026-06-24T11:50:31.906+0000] {processor.py:840} INFO - DAG(s) 'review_timeout_dag' retrieved from /opt/airflow/dags/review_timeout_dag.py
[2026-06-24T11:50:31.959+0000] {logging_mixin.py:188} INFO - [2026-06-24T11:50:31.959+0000] {dag.py:3033} INFO - Sync 1 DAGs
[2026-06-24T11:50:31.985+0000] {logging_mixin.py:188} INFO - [2026-06-24T11:50:31.985+0000] {dag.py:3820} INFO - Setting next_dagrun for review_timeout_dag to 2026-06-23T01:00:00+00:00, run_after=2026-06-24T01:00:00+00:00
[2026-06-24T11:50:32.008+0000] {processor.py:183} INFO - Processing /opt/airflow/dags/review_timeout_dag.py took 0.144 seconds
[2026-06-24T11:51:02.163+0000] {processor.py:161} INFO - Started process (PID=821) to work on /opt/airflow/dags/review_timeout_dag.py
[2026-06-24T11:51:02.165+0000] {processor.py:830} INFO - Processing file /opt/airflow/dags/review_timeout_dag.py for tasks to queue
[2026-06-24T11:51:02.168+0000] {logging_mixin.py:188} INFO - [2026-06-24T11:51:02.167+0000] {dagbag.py:538} INFO - Filling up the DagBag from /opt/airflow/dags/review_timeout_dag.py
[2026-06-24T11:51:02.197+0000] {processor.py:840} INFO - DAG(s) 'review_timeout_dag' retrieved from /opt/airflow/dags/review_timeout_dag.py
[2026-06-24T11:51:02.251+0000] {logging_mixin.py:188} INFO - [2026-06-24T11:51:02.251+0000] {dag.py:3033} INFO - Sync 1 DAGs
[2026-06-24T11:51:02.287+0000] {logging_mixin.py:188} INFO - [2026-06-24T11:51:02.287+0000] {dag.py:3820} INFO - Setting next_dagrun for review_timeout_dag to 2026-06-23T01:00:00+00:00, run_after=2026-06-24T01:00:00+00:00
[2026-06-24T11:51:02.314+0000] {processor.py:183} INFO - Processing /opt/airflow/dags/review_timeout_dag.py took 0.170 seconds
[2026-06-24T11:51:32.484+0000] {processor.py:161} INFO - Started process (PID=831) to work on /opt/airflow/dags/review_timeout_dag.py
[2026-06-24T11:51:32.487+0000] {processor.py:830} INFO - Processing file /opt/airflow/dags/review_timeout_dag.py for tasks to queue
[2026-06-24T11:51:32.489+0000] {logging_mixin.py:188} INFO - [2026-06-24T11:51:32.488+0000] {dagbag.py:538} INFO - Filling up the DagBag from /opt/airflow/dags/review_timeout_dag.py
[2026-06-24T11:51:32.566+0000] {processor.py:840} INFO - DAG(s) 'review_timeout_dag' retrieved from /opt/airflow/dags/review_timeout_dag.py
[2026-06-24T11:51:32.658+0000] {logging_mixin.py:188} INFO - [2026-06-24T11:51:32.658+0000] {dag.py:3033} INFO - Sync 1 DAGs
[2026-06-24T11:51:32.709+0000] {logging_mixin.py:188} INFO - [2026-06-24T11:51:32.709+0000] {dag.py:3820} INFO - Setting next_dagrun for review_timeout_dag to 2026-06-23T01:00:00+00:00, run_after=2026-06-24T01:00:00+00:00
[2026-06-24T11:51:32.758+0000] {processor.py:183} INFO - Processing /opt/airflow/dags/review_timeout_dag.py took 0.282 seconds
[2026-06-24T11:52:03.064+0000] {processor.py:161} INFO - Started process (PID=841) to work on /opt/airflow/dags/review_timeout_dag.py
[2026-06-24T11:52:03.065+0000] {processor.py:830} INFO - Processing file /opt/airflow/dags/review_timeout_dag.py for tasks to queue
[2026-06-24T11:52:03.067+0000] {logging_mixin.py:188} INFO - [2026-06-24T11:52:03.067+0000] {dagbag.py:538} INFO - Filling up the DagBag from /opt/airflow/dags/review_timeout_dag.py
[2026-06-24T11:52:03.093+0000] {processor.py:840} INFO - DAG(s) 'review_timeout_dag' retrieved from /opt/airflow/dags/review_timeout_dag.py
[2026-06-24T11:52:03.132+0000] {logging_mixin.py:188} INFO - [2026-06-24T11:52:03.132+0000] {dag.py:3033} INFO - Sync 1 DAGs
[2026-06-24T11:52:03.162+0000] {logging_mixin.py:188} INFO - [2026-06-24T11:52:03.162+0000] {dag.py:3820} INFO - Setting next_dagrun for review_timeout_dag to 2026-06-23T01:00:00+00:00, run_after=2026-06-24T01:00:00+00:00
[2026-06-24T11:52:03.182+0000] {processor.py:183} INFO - Processing /opt/airflow/dags/review_timeout_dag.py took 0.124 seconds
[2026-06-24T11:52:33.365+0000] {processor.py:161} INFO - Started process (PID=851) to work on /opt/airflow/dags/review_timeout_dag.py
[2026-06-24T11:52:33.369+0000] {processor.py:830} INFO - Processing file /opt/airflow/dags/review_timeout_dag.py for tasks to queue
[2026-06-24T11:52:33.370+0000] {logging_mixin.py:188} INFO - [2026-06-24T11:52:33.369+0000] {dagbag.py:538} INFO - Filling up the DagBag from /opt/airflow/dags/review_timeout_dag.py
[2026-06-24T11:52:33.409+0000] {processor.py:840} INFO - DAG(s) 'review_timeout_dag' retrieved from /opt/airflow/dags/review_timeout_dag.py
[2026-06-24T11:52:33.473+0000] {logging_mixin.py:188} INFO - [2026-06-24T11:52:33.473+0000] {dag.py:3033} INFO - Sync 1 DAGs
[2026-06-24T11:52:33.505+0000] {logging_mixin.py:188} INFO - [2026-06-24T11:52:33.504+0000] {dag.py:3820} INFO - Setting next_dagrun for review_timeout_dag to 2026-06-23T01:00:00+00:00, run_after=2026-06-24T01:00:00+00:00
[2026-06-24T11:52:33.530+0000] {processor.py:183} INFO - Processing /opt/airflow/dags/review_timeout_dag.py took 0.185 seconds
[2026-06-24T11:53:03.627+0000] {processor.py:161} INFO - Started process (PID=861) to work on /opt/airflow/dags/review_timeout_dag.py
[2026-06-24T11:53:03.629+0000] {processor.py:830} INFO - Processing file /opt/airflow/dags/review_timeout_dag.py for tasks to queue
[2026-06-24T11:53:03.631+0000] {logging_mixin.py:188} INFO - [2026-06-24T11:53:03.630+0000] {dagbag.py:538} INFO - Filling up the DagBag from /opt/airflow/dags/review_timeout_dag.py
[2026-06-24T11:53:03.654+0000] {processor.py:840} INFO - DAG(s) 'review_timeout_dag' retrieved from /opt/airflow/dags/review_timeout_dag.py
[2026-06-24T11:53:03.694+0000] {logging_mixin.py:188} INFO - [2026-06-24T11:53:03.694+0000] {dag.py:3033} INFO - Sync 1 DAGs
[2026-06-24T11:53:03.717+0000] {logging_mixin.py:188} INFO - [2026-06-24T11:53:03.717+0000] {dag.py:3820} INFO - Setting next_dagrun for review_timeout_dag to 2026-06-23T01:00:00+00:00, run_after=2026-06-24T01:00:00+00:00
[2026-06-24T11:53:03.740+0000] {processor.py:183} INFO - Processing /opt/airflow/dags/review_timeout_dag.py took 0.117 seconds
[2026-06-24T11:53:34.060+0000] {processor.py:161} INFO - Started process (PID=871) to work on /opt/airflow/dags/review_timeout_dag.py
[2026-06-24T11:53:34.062+0000] {processor.py:830} INFO - Processing file /opt/airflow/dags/review_timeout_dag.py for tasks to queue
[2026-06-24T11:53:34.069+0000] {logging_mixin.py:188} INFO - [2026-06-24T11:53:34.063+0000] {dagbag.py:538} INFO - Filling up the DagBag from /opt/airflow/dags/review_timeout_dag.py
[2026-06-24T11:53:34.130+0000] {processor.py:840} INFO - DAG(s) 'review_timeout_dag' retrieved from /opt/airflow/dags/review_timeout_dag.py
[2026-06-24T11:53:34.248+0000] {logging_mixin.py:188} INFO - [2026-06-24T11:53:34.248+0000] {dag.py:3033} INFO - Sync 1 DAGs
[2026-06-24T11:53:34.335+0000] {logging_mixin.py:188} INFO - [2026-06-24T11:53:34.335+0000] {dag.py:3820} INFO - Setting next_dagrun for review_timeout_dag to 2026-06-23T01:00:00+00:00, run_after=2026-06-24T01:00:00+00:00
[2026-06-24T11:53:34.380+0000] {processor.py:183} INFO - Processing /opt/airflow/dags/review_timeout_dag.py took 0.342 seconds
[2026-06-24T11:54:04.584+0000] {processor.py:161} INFO - Started process (PID=881) to work on /opt/airflow/dags/review_timeout_dag.py
[2026-06-24T11:54:04.585+0000] {processor.py:830} INFO - Processing file /opt/airflow/dags/review_timeout_dag.py for tasks to queue
[2026-06-24T11:54:04.586+0000] {logging_mixin.py:188} INFO - [2026-06-24T11:54:04.585+0000] {dagbag.py:538} INFO - Filling up the DagBag from /opt/airflow/dags/review_timeout_dag.py
[2026-06-24T11:54:04.621+0000] {processor.py:840} INFO - DAG(s) 'review_timeout_dag' retrieved from /opt/airflow/dags/review_timeout_dag.py
[2026-06-24T11:54:04.662+0000] {logging_mixin.py:188} INFO - [2026-06-24T11:54:04.662+0000] {dag.py:3033} INFO - Sync 1 DAGs
[2026-06-24T11:54:04.729+0000] {logging_mixin.py:188} INFO - [2026-06-24T11:54:04.729+0000] {dag.py:3820} INFO - Setting next_dagrun for review_timeout_dag to 2026-06-23T01:00:00+00:00, run_after=2026-06-24T01:00:00+00:00
[2026-06-24T11:54:04.749+0000] {processor.py:183} INFO - Processing /opt/airflow/dags/review_timeout_dag.py took 0.169 seconds
[2026-06-24T11:54:34.974+0000] {processor.py:161} INFO - Started process (PID=891) to work on /opt/airflow/dags/review_timeout_dag.py
[2026-06-24T11:54:34.978+0000] {processor.py:830} INFO - Processing file /opt/airflow/dags/review_timeout_dag.py for tasks to queue
[2026-06-24T11:54:34.982+0000] {logging_mixin.py:188} INFO - [2026-06-24T11:54:34.981+0000] {dagbag.py:538} INFO - Filling up the DagBag from /opt/airflow/dags/review_timeout_dag.py
[2026-06-24T11:54:35.024+0000] {processor.py:840} INFO - DAG(s) 'review_timeout_dag' retrieved from /opt/airflow/dags/review_timeout_dag.py
[2026-06-24T11:54:35.087+0000] {logging_mixin.py:188} INFO - [2026-06-24T11:54:35.087+0000] {dag.py:3033} INFO - Sync 1 DAGs
[2026-06-24T11:54:35.128+0000] {logging_mixin.py:188} INFO - [2026-06-24T11:54:35.128+0000] {dag.py:3820} INFO - Setting next_dagrun for review_timeout_dag to 2026-06-23T01:00:00+00:00, run_after=2026-06-24T01:00:00+00:00
[2026-06-24T11:54:35.159+0000] {processor.py:183} INFO - Processing /opt/airflow/dags/review_timeout_dag.py took 0.197 seconds
[2026-06-24T11:55:05.454+0000] {processor.py:161} INFO - Started process (PID=901) to work on /opt/airflow/dags/review_timeout_dag.py
[2026-06-24T11:55:05.456+0000] {processor.py:830} INFO - Processing file /opt/airflow/dags/review_timeout_dag.py for tasks to queue
[2026-06-24T11:55:05.459+0000] {logging_mixin.py:188} INFO - [2026-06-24T11:55:05.458+0000] {dagbag.py:538} INFO - Filling up the DagBag from /opt/airflow/dags/review_timeout_dag.py
[2026-06-24T11:55:05.490+0000] {processor.py:840} INFO - DAG(s) 'review_timeout_dag' retrieved from /opt/airflow/dags/review_timeout_dag.py
[2026-06-24T11:55:05.551+0000] {logging_mixin.py:188} INFO - [2026-06-24T11:55:05.550+0000] {dag.py:3033} INFO - Sync 1 DAGs
[2026-06-24T11:55:05.587+0000] {logging_mixin.py:188} INFO - [2026-06-24T11:55:05.587+0000] {dag.py:3820} INFO - Setting next_dagrun for review_timeout_dag to 2026-06-23T01:00:00+00:00, run_after=2026-06-24T01:00:00+00:00
[2026-06-24T11:55:05.612+0000] {processor.py:183} INFO - Processing /opt/airflow/dags/review_timeout_dag.py took 0.167 seconds
[2026-06-24T11:55:35.709+0000] {processor.py:161} INFO - Started process (PID=911) to work on /opt/airflow/dags/review_timeout_dag.py
[2026-06-24T11:55:35.711+0000] {processor.py:830} INFO - Processing file /opt/airflow/dags/review_timeout_dag.py for tasks to queue
[2026-06-24T11:55:35.713+0000] {logging_mixin.py:188} INFO - [2026-06-24T11:55:35.712+0000] {dagbag.py:538} INFO - Filling up the DagBag from /opt/airflow/dags/review_timeout_dag.py
[2026-06-24T11:55:35.736+0000] {processor.py:840} INFO - DAG(s) 'review_timeout_dag' retrieved from /opt/airflow/dags/review_timeout_dag.py
[2026-06-24T11:55:35.777+0000] {logging_mixin.py:188} INFO - [2026-06-24T11:55:35.777+0000] {dag.py:3033} INFO - Sync 1 DAGs
[2026-06-24T11:55:35.799+0000] {logging_mixin.py:188} INFO - [2026-06-24T11:55:35.798+0000] {dag.py:3820} INFO - Setting next_dagrun for review_timeout_dag to 2026-06-23T01:00:00+00:00, run_after=2026-06-24T01:00:00+00:00
[2026-06-24T11:55:35.819+0000] {processor.py:183} INFO - Processing /opt/airflow/dags/review_timeout_dag.py took 0.116 seconds
[2026-06-24T11:56:06.098+0000] {processor.py:161} INFO - Started process (PID=921) to work on /opt/airflow/dags/review_timeout_dag.py
[2026-06-24T11:56:06.104+0000] {processor.py:830} INFO - Processing file /opt/airflow/dags/review_timeout_dag.py for tasks to queue
[2026-06-24T11:56:06.106+0000] {logging_mixin.py:188} INFO - [2026-06-24T11:56:06.105+0000] {dagbag.py:538} INFO - Filling up the DagBag from /opt/airflow/dags/review_timeout_dag.py
[2026-06-24T11:56:06.138+0000] {processor.py:840} INFO - DAG(s) 'review_timeout_dag' retrieved from /opt/airflow/dags/review_timeout_dag.py
[2026-06-24T11:56:06.194+0000] {logging_mixin.py:188} INFO - [2026-06-24T11:56:06.194+0000] {dag.py:3033} INFO - Sync 1 DAGs
[2026-06-24T11:56:06.233+0000] {logging_mixin.py:188} INFO - [2026-06-24T11:56:06.232+0000] {dag.py:3820} INFO - Setting next_dagrun for review_timeout_dag to 2026-06-23T01:00:00+00:00, run_after=2026-06-24T01:00:00+00:00
[2026-06-24T11:56:06.287+0000] {processor.py:183} INFO - Processing /opt/airflow/dags/review_timeout_dag.py took 0.199 seconds
[2026-06-24T11:56:36.383+0000] {processor.py:161} INFO - Started process (PID=931) to work on /opt/airflow/dags/review_timeout_dag.py
[2026-06-24T11:56:36.385+0000] {processor.py:830} INFO - Processing file /opt/airflow/dags/review_timeout_dag.py for tasks to queue
[2026-06-24T11:56:36.386+0000] {logging_mixin.py:188} INFO - [2026-06-24T11:56:36.386+0000] {dagbag.py:538} INFO - Filling up the DagBag from /opt/airflow/dags/review_timeout_dag.py
[2026-06-24T11:56:36.410+0000] {processor.py:840} INFO - DAG(s) 'review_timeout_dag' retrieved from /opt/airflow/dags/review_timeout_dag.py
[2026-06-24T11:56:36.453+0000] {logging_mixin.py:188} INFO - [2026-06-24T11:56:36.453+0000] {dag.py:3033} INFO - Sync 1 DAGs
[2026-06-24T11:56:36.477+0000] {logging_mixin.py:188} INFO - [2026-06-24T11:56:36.477+0000] {dag.py:3820} INFO - Setting next_dagrun for review_timeout_dag to 2026-06-23T01:00:00+00:00, run_after=2026-06-24T01:00:00+00:00
[2026-06-24T11:56:36.494+0000] {processor.py:183} INFO - Processing /opt/airflow/dags/review_timeout_dag.py took 0.117 seconds
[2026-06-24T11:57:07.013+0000] {processor.py:161} INFO - Started process (PID=941) to work on /opt/airflow/dags/review_timeout_dag.py
[2026-06-24T11:57:07.015+0000] {processor.py:830} INFO - Processing file /opt/airflow/dags/review_timeout_dag.py for tasks to queue
[2026-06-24T11:57:07.016+0000] {logging_mixin.py:188} INFO - [2026-06-24T11:57:07.015+0000] {dagbag.py:538} INFO - Filling up the DagBag from /opt/airflow/dags/review_timeout_dag.py
[2026-06-24T11:57:07.048+0000] {processor.py:840} INFO - DAG(s) 'review_timeout_dag' retrieved from /opt/airflow/dags/review_timeout_dag.py
[2026-06-24T11:57:07.103+0000] {logging_mixin.py:188} INFO - [2026-06-24T11:57:07.103+0000] {dag.py:3033} INFO - Sync 1 DAGs
[2026-06-24T11:57:07.161+0000] {logging_mixin.py:188} INFO - [2026-06-24T11:57:07.160+0000] {dag.py:3820} INFO - Setting next_dagrun for review_timeout_dag to 2026-06-23T01:00:00+00:00, run_after=2026-06-24T01:00:00+00:00
[2026-06-24T11:57:07.190+0000] {processor.py:183} INFO - Processing /opt/airflow/dags/review_timeout_dag.py took 0.188 seconds
[2026-06-24T11:57:37.977+0000] {processor.py:161} INFO - Started process (PID=951) to work on /opt/airflow/dags/review_timeout_dag.py
[2026-06-24T11:57:37.983+0000] {processor.py:830} INFO - Processing file /opt/airflow/dags/review_timeout_dag.py for tasks to queue
[2026-06-24T11:57:37.986+0000] {logging_mixin.py:188} INFO - [2026-06-24T11:57:37.986+0000] {dagbag.py:538} INFO - Filling up the DagBag from /opt/airflow/dags/review_timeout_dag.py
[2026-06-24T11:57:38.135+0000] {processor.py:840} INFO - DAG(s) 'review_timeout_dag' retrieved from /opt/airflow/dags/review_timeout_dag.py
[2026-06-24T11:57:38.238+0000] {logging_mixin.py:188} INFO - [2026-06-24T11:57:38.238+0000] {dag.py:3033} INFO - Sync 1 DAGs
[2026-06-24T11:57:38.356+0000] {logging_mixin.py:188} INFO - [2026-06-24T11:57:38.354+0000] {dag.py:3820} INFO - Setting next_dagrun for review_timeout_dag to 2026-06-23T01:00:00+00:00, run_after=2026-06-24T01:00:00+00:00
[2026-06-24T11:57:38.609+0000] {processor.py:183} INFO - Processing /opt/airflow/dags/review_timeout_dag.py took 0.662 seconds
[2026-06-24T11:58:09.008+0000] {processor.py:161} INFO - Started process (PID=961) to work on /opt/airflow/dags/review_timeout_dag.py
[2026-06-24T11:58:09.010+0000] {processor.py:830} INFO - Processing file /opt/airflow/dags/review_timeout_dag.py for tasks to queue
[2026-06-24T11:58:09.012+0000] {logging_mixin.py:188} INFO - [2026-06-24T11:58:09.011+0000] {dagbag.py:538} INFO - Filling up the DagBag from /opt/airflow/dags/review_timeout_dag.py
[2026-06-24T11:58:09.039+0000] {processor.py:840} INFO - DAG(s) 'review_timeout_dag' retrieved from /opt/airflow/dags/review_timeout_dag.py
[2026-06-24T11:58:09.087+0000] {logging_mixin.py:188} INFO - [2026-06-24T11:58:09.087+0000] {dag.py:3033} INFO - Sync 1 DAGs
[2026-06-24T11:58:09.114+0000] {logging_mixin.py:188} INFO - [2026-06-24T11:58:09.114+0000] {dag.py:3820} INFO - Setting next_dagrun for review_timeout_dag to 2026-06-23T01:00:00+00:00, run_after=2026-06-24T01:00:00+00:00
[2026-06-24T11:58:09.137+0000] {processor.py:183} INFO - Processing /opt/airflow/dags/review_timeout_dag.py took 0.135 seconds
[2026-06-24T11:58:39.279+0000] {processor.py:161} INFO - Started process (PID=971) to work on /opt/airflow/dags/review_timeout_dag.py
[2026-06-24T11:58:39.281+0000] {processor.py:830} INFO - Processing file /opt/airflow/dags/review_timeout_dag.py for tasks to queue
[2026-06-24T11:58:39.283+0000] {logging_mixin.py:188} INFO - [2026-06-24T11:58:39.282+0000] {dagbag.py:538} INFO - Filling up the DagBag from /opt/airflow/dags/review_timeout_dag.py
[2026-06-24T11:58:39.316+0000] {processor.py:840} INFO - DAG(s) 'review_timeout_dag' retrieved from /opt/airflow/dags/review_timeout_dag.py
[2026-06-24T11:58:39.377+0000] {logging_mixin.py:188} INFO - [2026-06-24T11:58:39.377+0000] {dag.py:3033} INFO - Sync 1 DAGs
[2026-06-24T11:58:39.420+0000] {logging_mixin.py:188} INFO - [2026-06-24T11:58:39.420+0000] {dag.py:3820} INFO - Setting next_dagrun for review_timeout_dag to 2026-06-23T01:00:00+00:00, run_after=2026-06-24T01:00:00+00:00
[2026-06-24T11:58:39.450+0000] {processor.py:183} INFO - Processing /opt/airflow/dags/review_timeout_dag.py took 0.183 seconds
[2026-06-24T11:59:09.614+0000] {processor.py:161} INFO - Started process (PID=981) to work on /opt/airflow/dags/review_timeout_dag.py
[2026-06-24T11:59:09.618+0000] {processor.py:830} INFO - Processing file /opt/airflow/dags/review_timeout_dag.py for tasks to queue
[2026-06-24T11:59:09.619+0000] {logging_mixin.py:188} INFO - [2026-06-24T11:59:09.619+0000] {dagbag.py:538} INFO - Filling up the DagBag from /opt/airflow/dags/review_timeout_dag.py
[2026-06-24T11:59:09.647+0000] {processor.py:840} INFO - DAG(s) 'review_timeout_dag' retrieved from /opt/airflow/dags/review_timeout_dag.py
[2026-06-24T11:59:09.698+0000] {logging_mixin.py:188} INFO - [2026-06-24T11:59:09.698+0000] {dag.py:3033} INFO - Sync 1 DAGs
[2026-06-24T11:59:09.722+0000] {logging_mixin.py:188} INFO - [2026-06-24T11:59:09.721+0000] {dag.py:3820} INFO - Setting next_dagrun for review_timeout_dag to 2026-06-23T01:00:00+00:00, run_after=2026-06-24T01:00:00+00:00
[2026-06-24T11:59:09.740+0000] {processor.py:183} INFO - Processing /opt/airflow/dags/review_timeout_dag.py took 0.132 seconds
[2026-06-24T11:59:40.057+0000] {processor.py:161} INFO - Started process (PID=991) to work on /opt/airflow/dags/review_timeout_dag.py
[2026-06-24T11:59:40.059+0000] {processor.py:830} INFO - Processing file /opt/airflow/dags/review_timeout_dag.py for tasks to queue
[2026-06-24T11:59:40.061+0000] {logging_mixin.py:188} INFO - [2026-06-24T11:59:40.061+0000] {dagbag.py:538} INFO - Filling up the DagBag from /opt/airflow/dags/review_timeout_dag.py
[2026-06-24T11:59:40.088+0000] {processor.py:840} INFO - DAG(s) 'review_timeout_dag' retrieved from /opt/airflow/dags/review_timeout_dag.py
[2026-06-24T11:59:40.148+0000] {logging_mixin.py:188} INFO - [2026-06-24T11:59:40.148+0000] {dag.py:3033} INFO - Sync 1 DAGs
[2026-06-24T11:59:40.174+0000] {logging_mixin.py:188} INFO - [2026-06-24T11:59:40.174+0000] {dag.py:3820} INFO - Setting next_dagrun for review_timeout_dag to 2026-06-23T01:00:00+00:00, run_after=2026-06-24T01:00:00+00:00
[2026-06-24T11:59:40.208+0000] {processor.py:183} INFO - Processing /opt/airflow/dags/review_timeout_dag.py took 0.158 seconds
[2026-06-24T12:00:10.582+0000] {processor.py:161} INFO - Started process (PID=1001) to work on /opt/airflow/dags/review_timeout_dag.py
[2026-06-24T12:00:10.584+0000] {processor.py:830} INFO - Processing file /opt/airflow/dags/review_timeout_dag.py for tasks to queue
[2026-06-24T12:00:10.586+0000] {logging_mixin.py:188} INFO - [2026-06-24T12:00:10.585+0000] {dagbag.py:538} INFO - Filling up the DagBag from /opt/airflow/dags/review_timeout_dag.py
[2026-06-24T12:00:10.616+0000] {processor.py:840} INFO - DAG(s) 'review_timeout_dag' retrieved from /opt/airflow/dags/review_timeout_dag.py
[2026-06-24T12:00:10.663+0000] {logging_mixin.py:188} INFO - [2026-06-24T12:00:10.663+0000] {dag.py:3033} INFO - Sync 1 DAGs
[2026-06-24T12:00:10.698+0000] {logging_mixin.py:188} INFO - [2026-06-24T12:00:10.698+0000] {dag.py:3820} INFO - Setting next_dagrun for review_timeout_dag to 2026-06-23T01:00:00+00:00, run_after=2026-06-24T01:00:00+00:00
[2026-06-24T12:00:10.719+0000] {processor.py:183} INFO - Processing /opt/airflow/dags/review_timeout_dag.py took 0.147 seconds
[2026-06-24T12:00:40.853+0000] {processor.py:161} INFO - Started process (PID=1011) to work on /opt/airflow/dags/review_timeout_dag.py
[2026-06-24T12:00:40.855+0000] {processor.py:830} INFO - Processing file /opt/airflow/dags/review_timeout_dag.py for tasks to queue
[2026-06-24T12:00:40.856+0000] {logging_mixin.py:188} INFO - [2026-06-24T12:00:40.855+0000] {dagbag.py:538} INFO - Filling up the DagBag from /opt/airflow/dags/review_timeout_dag.py
[2026-06-24T12:00:40.880+0000] {processor.py:840} INFO - DAG(s) 'review_timeout_dag' retrieved from /opt/airflow/dags/review_timeout_dag.py
[2026-06-24T12:00:40.919+0000] {logging_mixin.py:188} INFO - [2026-06-24T12:00:40.918+0000] {dag.py:3033} INFO - Sync 1 DAGs
[2026-06-24T12:00:40.946+0000] {logging_mixin.py:188} INFO - [2026-06-24T12:00:40.946+0000] {dag.py:3820} INFO - Setting next_dagrun for review_timeout_dag to 2026-06-23T01:00:00+00:00, run_after=2026-06-24T01:00:00+00:00
[2026-06-24T12:00:40.967+0000] {processor.py:183} INFO - Processing /opt/airflow/dags/review_timeout_dag.py took 0.118 seconds
[2026-06-24T12:01:11.227+0000] {processor.py:161} INFO - Started process (PID=1021) to work on /opt/airflow/dags/review_timeout_dag.py
[2026-06-24T12:01:11.229+0000] {processor.py:830} INFO - Processing file /opt/airflow/dags/review_timeout_dag.py for tasks to queue
[2026-06-24T12:01:11.233+0000] {logging_mixin.py:188} INFO - [2026-06-24T12:01:11.232+0000] {dagbag.py:538} INFO - Filling up the DagBag from /opt/airflow/dags/review_timeout_dag.py
[2026-06-24T12:01:11.259+0000] {processor.py:840} INFO - DAG(s) 'review_timeout_dag' retrieved from /opt/airflow/dags/review_timeout_dag.py
[2026-06-24T12:01:11.301+0000] {logging_mixin.py:188} INFO - [2026-06-24T12:01:11.300+0000] {dag.py:3033} INFO - Sync 1 DAGs
[2026-06-24T12:01:11.332+0000] {logging_mixin.py:188} INFO - [2026-06-24T12:01:11.332+0000] {dag.py:3820} INFO - Setting next_dagrun for review_timeout_dag to 2026-06-23T01:00:00+00:00, run_after=2026-06-24T01:00:00+00:00
[2026-06-24T12:01:11.357+0000] {processor.py:183} INFO - Processing /opt/airflow/dags/review_timeout_dag.py took 0.138 seconds
[2026-06-24T12:01:41.698+0000] {processor.py:161} INFO - Started process (PID=1031) to work on /opt/airflow/dags/review_timeout_dag.py
[2026-06-24T12:01:41.700+0000] {processor.py:830} INFO - Processing file /opt/airflow/dags/review_timeout_dag.py for tasks to queue
[2026-06-24T12:01:41.701+0000] {logging_mixin.py:188} INFO - [2026-06-24T12:01:41.701+0000] {dagbag.py:538} INFO - Filling up the DagBag from /opt/airflow/dags/review_timeout_dag.py
[2026-06-24T12:01:41.725+0000] {processor.py:840} INFO - DAG(s) 'review_timeout_dag' retrieved from /opt/airflow/dags/review_timeout_dag.py
[2026-06-24T12:01:41.772+0000] {logging_mixin.py:188} INFO - [2026-06-24T12:01:41.772+0000] {dag.py:3033} INFO - Sync 1 DAGs
[2026-06-24T12:01:41.806+0000] {logging_mixin.py:188} INFO - [2026-06-24T12:01:41.806+0000] {dag.py:3820} INFO - Setting next_dagrun for review_timeout_dag to 2026-06-23T01:00:00+00:00, run_after=2026-06-24T01:00:00+00:00
[2026-06-24T12:01:41.825+0000] {processor.py:183} INFO - Processing /opt/airflow/dags/review_timeout_dag.py took 0.136 seconds
[2026-06-24T12:02:12.000+0000] {processor.py:161} INFO - Started process (PID=1041) to work on /opt/airflow/dags/review_timeout_dag.py
[2026-06-24T12:02:12.003+0000] {processor.py:830} INFO - Processing file /opt/airflow/dags/review_timeout_dag.py for tasks to queue
[2026-06-24T12:02:12.005+0000] {logging_mixin.py:188} INFO - [2026-06-24T12:02:12.005+0000] {dagbag.py:538} INFO - Filling up the DagBag from /opt/airflow/dags/review_timeout_dag.py
[2026-06-24T12:02:12.050+0000] {processor.py:840} INFO - DAG(s) 'review_timeout_dag' retrieved from /opt/airflow/dags/review_timeout_dag.py
[2026-06-24T12:02:12.137+0000] {logging_mixin.py:188} INFO - [2026-06-24T12:02:12.136+0000] {dag.py:3033} INFO - Sync 1 DAGs
[2026-06-24T12:02:12.220+0000] {logging_mixin.py:188} INFO - [2026-06-24T12:02:12.220+0000] {dag.py:3820} INFO - Setting next_dagrun for review_timeout_dag to 2026-06-23T01:00:00+00:00, run_after=2026-06-24T01:00:00+00:00
[2026-06-24T12:02:12.266+0000] {processor.py:183} INFO - Processing /opt/airflow/dags/review_timeout_dag.py took 0.277 seconds
[2026-06-24T12:02:42.973+0000] {processor.py:161} INFO - Started process (PID=1051) to work on /opt/airflow/dags/review_timeout_dag.py
[2026-06-24T12:02:42.978+0000] {processor.py:830} INFO - Processing file /opt/airflow/dags/review_timeout_dag.py for tasks to queue
[2026-06-24T12:02:42.984+0000] {logging_mixin.py:188} INFO - [2026-06-24T12:02:42.983+0000] {dagbag.py:538} INFO - Filling up the DagBag from /opt/airflow/dags/review_timeout_dag.py
[2026-06-24T12:02:43.044+0000] {processor.py:840} INFO - DAG(s) 'review_timeout_dag' retrieved from /opt/airflow/dags/review_timeout_dag.py
[2026-06-24T12:02:43.128+0000] {logging_mixin.py:188} INFO - [2026-06-24T12:02:43.128+0000] {dag.py:3033} INFO - Sync 1 DAGs
[2026-06-24T12:02:43.180+0000] {logging_mixin.py:188} INFO - [2026-06-24T12:02:43.180+0000] {dag.py:3820} INFO - Setting next_dagrun for review_timeout_dag to 2026-06-23T01:00:00+00:00, run_after=2026-06-24T01:00:00+00:00
[2026-06-24T12:02:43.209+0000] {processor.py:183} INFO - Processing /opt/airflow/dags/review_timeout_dag.py took 0.266 seconds
[2026-06-24T12:03:13.286+0000] {processor.py:161} INFO - Started process (PID=1061) to work on /opt/airflow/dags/review_timeout_dag.py
[2026-06-24T12:03:13.289+0000] {processor.py:830} INFO - Processing file /opt/airflow/dags/review_timeout_dag.py for tasks to queue
[2026-06-24T12:03:13.291+0000] {logging_mixin.py:188} INFO - [2026-06-24T12:03:13.290+0000] {dagbag.py:538} INFO - Filling up the DagBag from /opt/airflow/dags/review_timeout_dag.py
[2026-06-24T12:03:13.328+0000] {processor.py:840} INFO - DAG(s) 'review_timeout_dag' retrieved from /opt/airflow/dags/review_timeout_dag.py
[2026-06-24T12:03:13.381+0000] {logging_mixin.py:188} INFO - [2026-06-24T12:03:13.381+0000] {dag.py:3033} INFO - Sync 1 DAGs
[2026-06-24T12:03:13.423+0000] {logging_mixin.py:188} INFO - [2026-06-24T12:03:13.423+0000] {dag.py:3820} INFO - Setting next_dagrun for review_timeout_dag to 2026-06-23T01:00:00+00:00, run_after=2026-06-24T01:00:00+00:00
[2026-06-24T12:03:13.448+0000] {processor.py:183} INFO - Processing /opt/airflow/dags/review_timeout_dag.py took 0.169 seconds
[2026-06-24T12:03:43.975+0000] {processor.py:161} INFO - Started process (PID=1071) to work on /opt/airflow/dags/review_timeout_dag.py
[2026-06-24T12:03:43.976+0000] {processor.py:830} INFO - Processing file /opt/airflow/dags/review_timeout_dag.py for tasks to queue
[2026-06-24T12:03:43.978+0000] {logging_mixin.py:188} INFO - [2026-06-24T12:03:43.977+0000] {dagbag.py:538} INFO - Filling up the DagBag from /opt/airflow/dags/review_timeout_dag.py
[2026-06-24T12:03:44.030+0000] {processor.py:840} INFO - DAG(s) 'review_timeout_dag' retrieved from /opt/airflow/dags/review_timeout_dag.py
[2026-06-24T12:03:44.088+0000] {logging_mixin.py:188} INFO - [2026-06-24T12:03:44.087+0000] {dag.py:3033} INFO - Sync 1 DAGs
[2026-06-24T12:03:44.116+0000] {logging_mixin.py:188} INFO - [2026-06-24T12:03:44.116+0000] {dag.py:3820} INFO - Setting next_dagrun for review_timeout_dag to 2026-06-23T01:00:00+00:00, run_after=2026-06-24T01:00:00+00:00
[2026-06-24T12:03:44.143+0000] {processor.py:183} INFO - Processing /opt/airflow/dags/review_timeout_dag.py took 0.176 seconds
[2026-06-24T12:04:14.408+0000] {processor.py:161} INFO - Started process (PID=1081) to work on /opt/airflow/dags/review_timeout_dag.py
[2026-06-24T12:04:14.410+0000] {processor.py:830} INFO - Processing file /opt/airflow/dags/review_timeout_dag.py for tasks to queue
[2026-06-24T12:04:14.413+0000] {logging_mixin.py:188} INFO - [2026-06-24T12:04:14.412+0000] {dagbag.py:538} INFO - Filling up the DagBag from /opt/airflow/dags/review_timeout_dag.py
[2026-06-24T12:04:14.454+0000] {processor.py:840} INFO - DAG(s) 'review_timeout_dag' retrieved from /opt/airflow/dags/review_timeout_dag.py
[2026-06-24T12:04:14.514+0000] {logging_mixin.py:188} INFO - [2026-06-24T12:04:14.514+0000] {dag.py:3033} INFO - Sync 1 DAGs
[2026-06-24T12:04:14.553+0000] {logging_mixin.py:188} INFO - [2026-06-24T12:04:14.553+0000] {dag.py:3820} INFO - Setting next_dagrun for review_timeout_dag to 2026-06-23T01:00:00+00:00, run_after=2026-06-24T01:00:00+00:00
[2026-06-24T12:04:14.576+0000] {processor.py:183} INFO - Processing /opt/airflow/dags/review_timeout_dag.py took 0.175 seconds
[2026-06-24T12:04:44.938+0000] {processor.py:161} INFO - Started process (PID=1091) to work on /opt/airflow/dags/review_timeout_dag.py
[2026-06-24T12:04:44.940+0000] {processor.py:830} INFO - Processing file /opt/airflow/dags/review_timeout_dag.py for tasks to queue
[2026-06-24T12:04:44.942+0000] {logging_mixin.py:188} INFO - [2026-06-24T12:04:44.941+0000] {dagbag.py:538} INFO - Filling up the DagBag from /opt/airflow/dags/review_timeout_dag.py
[2026-06-24T12:04:44.974+0000] {processor.py:840} INFO - DAG(s) 'review_timeout_dag' retrieved from /opt/airflow/dags/review_timeout_dag.py
[2026-06-24T12:04:45.027+0000] {logging_mixin.py:188} INFO - [2026-06-24T12:04:45.027+0000] {dag.py:3033} INFO - Sync 1 DAGs
[2026-06-24T12:04:45.058+0000] {logging_mixin.py:188} INFO - [2026-06-24T12:04:45.058+0000] {dag.py:3820} INFO - Setting next_dagrun for review_timeout_dag to 2026-06-23T01:00:00+00:00, run_after=2026-06-24T01:00:00+00:00
[2026-06-24T12:04:45.101+0000] {processor.py:183} INFO - Processing /opt/airflow/dags/review_timeout_dag.py took 0.173 seconds
[2026-06-24T12:05:15.606+0000] {processor.py:161} INFO - Started process (PID=1101) to work on /opt/airflow/dags/review_timeout_dag.py
[2026-06-24T12:05:15.609+0000] {processor.py:830} INFO - Processing file /opt/airflow/dags/review_timeout_dag.py for tasks to queue
[2026-06-24T12:05:15.611+0000] {logging_mixin.py:188} INFO - [2026-06-24T12:05:15.610+0000] {dagbag.py:538} INFO - Filling up the DagBag from /opt/airflow/dags/review_timeout_dag.py
[2026-06-24T12:05:15.650+0000] {processor.py:840} INFO - DAG(s) 'review_timeout_dag' retrieved from /opt/airflow/dags/review_timeout_dag.py
[2026-06-24T12:05:15.715+0000] {logging_mixin.py:188} INFO - [2026-06-24T12:05:15.715+0000] {dag.py:3033} INFO - Sync 1 DAGs
[2026-06-24T12:05:15.757+0000] {logging_mixin.py:188} INFO - [2026-06-24T12:05:15.757+0000] {dag.py:3820} INFO - Setting next_dagrun for review_timeout_dag to 2026-06-23T01:00:00+00:00, run_after=2026-06-24T01:00:00+00:00
[2026-06-24T12:05:15.790+0000] {processor.py:183} INFO - Processing /opt/airflow/dags/review_timeout_dag.py took 0.199 seconds
[2026-06-24T12:05:46.292+0000] {processor.py:161} INFO - Started process (PID=1111) to work on /opt/airflow/dags/review_timeout_dag.py
[2026-06-24T12:05:46.294+0000] {processor.py:830} INFO - Processing file /opt/airflow/dags/review_timeout_dag.py for tasks to queue
[2026-06-24T12:05:46.297+0000] {logging_mixin.py:188} INFO - [2026-06-24T12:05:46.295+0000] {dagbag.py:538} INFO - Filling up the DagBag from /opt/airflow/dags/review_timeout_dag.py
[2026-06-24T12:05:46.325+0000] {processor.py:840} INFO - DAG(s) 'review_timeout_dag' retrieved from /opt/airflow/dags/review_timeout_dag.py
[2026-06-24T12:05:46.372+0000] {logging_mixin.py:188} INFO - [2026-06-24T12:05:46.372+0000] {dag.py:3033} INFO - Sync 1 DAGs
[2026-06-24T12:05:46.406+0000] {logging_mixin.py:188} INFO - [2026-06-24T12:05:46.406+0000] {dag.py:3820} INFO - Setting next_dagrun for review_timeout_dag to 2026-06-23T01:00:00+00:00, run_after=2026-06-24T01:00:00+00:00
[2026-06-24T12:05:46.428+0000] {processor.py:183} INFO - Processing /opt/airflow/dags/review_timeout_dag.py took 0.143 seconds
[2026-06-24T12:06:17.437+0000] {processor.py:161} INFO - Started process (PID=1121) to work on /opt/airflow/dags/review_timeout_dag.py
[2026-06-24T12:06:17.439+0000] {processor.py:830} INFO - Processing file /opt/airflow/dags/review_timeout_dag.py for tasks to queue
[2026-06-24T12:06:17.442+0000] {logging_mixin.py:188} INFO - [2026-06-24T12:06:17.441+0000] {dagbag.py:538} INFO - Filling up the DagBag from /opt/airflow/dags/review_timeout_dag.py
[2026-06-24T12:06:17.538+0000] {processor.py:840} INFO - DAG(s) 'review_timeout_dag' retrieved from /opt/airflow/dags/review_timeout_dag.py
[2026-06-24T12:06:17.936+0000] {logging_mixin.py:188} INFO - [2026-06-24T12:06:17.935+0000] {dag.py:3033} INFO - Sync 1 DAGs
[2026-06-24T12:06:18.143+0000] {logging_mixin.py:188} INFO - [2026-06-24T12:06:18.142+0000] {dag.py:3820} INFO - Setting next_dagrun for review_timeout_dag to 2026-06-23T01:00:00+00:00, run_after=2026-06-24T01:00:00+00:00
[2026-06-24T12:06:18.236+0000] {processor.py:183} INFO - Processing /opt/airflow/dags/review_timeout_dag.py took 0.810 seconds
[2026-06-24T12:06:48.968+0000] {processor.py:161} INFO - Started process (PID=1131) to work on /opt/airflow/dags/review_timeout_dag.py
[2026-06-24T12:06:48.975+0000] {processor.py:830} INFO - Processing file /opt/airflow/dags/review_timeout_dag.py for tasks to queue
[2026-06-24T12:06:48.983+0000] {logging_mixin.py:188} INFO - [2026-06-24T12:06:48.978+0000] {dagbag.py:538} INFO - Filling up the DagBag from /opt/airflow/dags/review_timeout_dag.py
[2026-06-24T12:06:49.061+0000] {processor.py:840} INFO - DAG(s) 'review_timeout_dag' retrieved from /opt/airflow/dags/review_timeout_dag.py
[2026-06-24T12:06:49.148+0000] {logging_mixin.py:188} INFO - [2026-06-24T12:06:49.148+0000] {dag.py:3033} INFO - Sync 1 DAGs
[2026-06-24T12:06:49.218+0000] {logging_mixin.py:188} INFO - [2026-06-24T12:06:49.217+0000] {dag.py:3820} INFO - Setting next_dagrun for review_timeout_dag to 2026-06-23T01:00:00+00:00, run_after=2026-06-24T01:00:00+00:00
[2026-06-24T12:06:49.281+0000] {processor.py:183} INFO - Processing /opt/airflow/dags/review_timeout_dag.py took 0.322 seconds
[2026-06-24T12:07:19.574+0000] {processor.py:161} INFO - Started process (PID=1146) to work on /opt/airflow/dags/review_timeout_dag.py
[2026-06-24T12:07:19.575+0000] {processor.py:830} INFO - Processing file /opt/airflow/dags/review_timeout_dag.py for tasks to queue
[2026-06-24T12:07:19.576+0000] {logging_mixin.py:188} INFO - [2026-06-24T12:07:19.576+0000] {dagbag.py:538} INFO - Filling up the DagBag from /opt/airflow/dags/review_timeout_dag.py
[2026-06-24T12:07:19.586+0000] {processor.py:840} INFO - DAG(s) 'review_timeout_dag' retrieved from /opt/airflow/dags/review_timeout_dag.py
[2026-06-24T12:07:19.618+0000] {logging_mixin.py:188} INFO - [2026-06-24T12:07:19.618+0000] {dag.py:3033} INFO - Sync 1 DAGs
[2026-06-24T12:07:19.653+0000] {logging_mixin.py:188} INFO - [2026-06-24T12:07:19.652+0000] {dag.py:3820} INFO - Setting next_dagrun for review_timeout_dag to 2026-06-23T01:00:00+00:00, run_after=2026-06-24T01:00:00+00:00
[2026-06-24T12:07:19.670+0000] {processor.py:183} INFO - Processing /opt/airflow/dags/review_timeout_dag.py took 0.099 seconds
[2026-06-24T12:07:50.134+0000] {processor.py:161} INFO - Started process (PID=1151) to work on /opt/airflow/dags/review_timeout_dag.py
[2026-06-24T12:07:50.140+0000] {processor.py:830} INFO - Processing file /opt/airflow/dags/review_timeout_dag.py for tasks to queue
[2026-06-24T12:07:50.143+0000] {logging_mixin.py:188} INFO - [2026-06-24T12:07:50.142+0000] {dagbag.py:538} INFO - Filling up the DagBag from /opt/airflow/dags/review_timeout_dag.py
[2026-06-24T12:07:50.208+0000] {processor.py:840} INFO - DAG(s) 'review_timeout_dag' retrieved from /opt/airflow/dags/review_timeout_dag.py
[2026-06-24T12:07:50.310+0000] {logging_mixin.py:188} INFO - [2026-06-24T12:07:50.310+0000] {dag.py:3033} INFO - Sync 1 DAGs
[2026-06-24T12:07:50.369+0000] {logging_mixin.py:188} INFO - [2026-06-24T12:07:50.368+0000] {dag.py:3820} INFO - Setting next_dagrun for review_timeout_dag to 2026-06-23T01:00:00+00:00, run_after=2026-06-24T01:00:00+00:00
[2026-06-24T12:07:50.420+0000] {processor.py:183} INFO - Processing /opt/airflow/dags/review_timeout_dag.py took 0.304 seconds
[2026-06-24T12:08:21.136+0000] {processor.py:161} INFO - Started process (PID=1161) to work on /opt/airflow/dags/review_timeout_dag.py
[2026-06-24T12:08:21.138+0000] {processor.py:830} INFO - Processing file /opt/airflow/dags/review_timeout_dag.py for tasks to queue
[2026-06-24T12:08:21.140+0000] {logging_mixin.py:188} INFO - [2026-06-24T12:08:21.139+0000] {dagbag.py:538} INFO - Filling up the DagBag from /opt/airflow/dags/review_timeout_dag.py
[2026-06-24T12:08:21.217+0000] {processor.py:840} INFO - DAG(s) 'review_timeout_dag' retrieved from /opt/airflow/dags/review_timeout_dag.py
[2026-06-24T12:08:21.302+0000] {logging_mixin.py:188} INFO - [2026-06-24T12:08:21.302+0000] {dag.py:3033} INFO - Sync 1 DAGs
[2026-06-24T12:08:21.347+0000] {logging_mixin.py:188} INFO - [2026-06-24T12:08:21.347+0000] {dag.py:3820} INFO - Setting next_dagrun for review_timeout_dag to 2026-06-23T01:00:00+00:00, run_after=2026-06-24T01:00:00+00:00
[2026-06-24T12:08:21.378+0000] {processor.py:183} INFO - Processing /opt/airflow/dags/review_timeout_dag.py took 0.252 seconds
[2026-06-24T12:08:51.570+0000] {processor.py:161} INFO - Started process (PID=1171) to work on /opt/airflow/dags/review_timeout_dag.py
[2026-06-24T12:08:51.575+0000] {processor.py:830} INFO - Processing file /opt/airflow/dags/review_timeout_dag.py for tasks to queue
[2026-06-24T12:08:51.578+0000] {logging_mixin.py:188} INFO - [2026-06-24T12:08:51.577+0000] {dagbag.py:538} INFO - Filling up the DagBag from /opt/airflow/dags/review_timeout_dag.py
[2026-06-24T12:08:51.639+0000] {processor.py:840} INFO - DAG(s) 'review_timeout_dag' retrieved from /opt/airflow/dags/review_timeout_dag.py
[2026-06-24T12:08:51.701+0000] {logging_mixin.py:188} INFO - [2026-06-24T12:08:51.701+0000] {dag.py:3033} INFO - Sync 1 DAGs
[2026-06-24T12:08:51.745+0000] {logging_mixin.py:188} INFO - [2026-06-24T12:08:51.745+0000] {dag.py:3820} INFO - Setting next_dagrun for review_timeout_dag to 2026-06-23T01:00:00+00:00, run_after=2026-06-24T01:00:00+00:00
[2026-06-24T12:08:51.772+0000] {processor.py:183} INFO - Processing /opt/airflow/dags/review_timeout_dag.py took 0.213 seconds
[2026-06-24T12:09:22.221+0000] {processor.py:161} INFO - Started process (PID=1181) to work on /opt/airflow/dags/review_timeout_dag.py
[2026-06-24T12:09:22.223+0000] {processor.py:830} INFO - Processing file /opt/airflow/dags/review_timeout_dag.py for tasks to queue
[2026-06-24T12:09:22.225+0000] {logging_mixin.py:188} INFO - [2026-06-24T12:09:22.224+0000] {dagbag.py:538} INFO - Filling up the DagBag from /opt/airflow/dags/review_timeout_dag.py
[2026-06-24T12:09:22.265+0000] {processor.py:840} INFO - DAG(s) 'review_timeout_dag' retrieved from /opt/airflow/dags/review_timeout_dag.py
[2026-06-24T12:09:22.307+0000] {logging_mixin.py:188} INFO - [2026-06-24T12:09:22.307+0000] {dag.py:3033} INFO - Sync 1 DAGs
[2026-06-24T12:09:22.337+0000] {logging_mixin.py:188} INFO - [2026-06-24T12:09:22.337+0000] {dag.py:3820} INFO - Setting next_dagrun for review_timeout_dag to 2026-06-23T01:00:00+00:00, run_after=2026-06-24T01:00:00+00:00
[2026-06-24T12:09:22.360+0000] {processor.py:183} INFO - Processing /opt/airflow/dags/review_timeout_dag.py took 0.150 seconds
[2026-06-24T12:09:52.765+0000] {processor.py:161} INFO - Started process (PID=1191) to work on /opt/airflow/dags/review_timeout_dag.py
[2026-06-24T12:09:52.767+0000] {processor.py:830} INFO - Processing file /opt/airflow/dags/review_timeout_dag.py for tasks to queue
[2026-06-24T12:09:52.769+0000] {logging_mixin.py:188} INFO - [2026-06-24T12:09:52.769+0000] {dagbag.py:538} INFO - Filling up the DagBag from /opt/airflow/dags/review_timeout_dag.py
[2026-06-24T12:09:52.800+0000] {processor.py:840} INFO - DAG(s) 'review_timeout_dag' retrieved from /opt/airflow/dags/review_timeout_dag.py
[2026-06-24T12:09:52.853+0000] {logging_mixin.py:188} INFO - [2026-06-24T12:09:52.853+0000] {dag.py:3033} INFO - Sync 1 DAGs
[2026-06-24T12:09:52.882+0000] {logging_mixin.py:188} INFO - [2026-06-24T12:09:52.882+0000] {dag.py:3820} INFO - Setting next_dagrun for review_timeout_dag to 2026-06-23T01:00:00+00:00, run_after=2026-06-24T01:00:00+00:00
[2026-06-24T12:09:52.910+0000] {processor.py:183} INFO - Processing /opt/airflow/dags/review_timeout_dag.py took 0.154 seconds
[2026-06-24T12:10:23.121+0000] {processor.py:161} INFO - Started process (PID=1201) to work on /opt/airflow/dags/review_timeout_dag.py
[2026-06-24T12:10:23.126+0000] {processor.py:830} INFO - Processing file /opt/airflow/dags/review_timeout_dag.py for tasks to queue
[2026-06-24T12:10:23.129+0000] {logging_mixin.py:188} INFO - [2026-06-24T12:10:23.129+0000] {dagbag.py:538} INFO - Filling up the DagBag from /opt/airflow/dags/review_timeout_dag.py
[2026-06-24T12:10:23.189+0000] {processor.py:840} INFO - DAG(s) 'review_timeout_dag' retrieved from /opt/airflow/dags/review_timeout_dag.py
[2026-06-24T12:10:23.316+0000] {logging_mixin.py:188} INFO - [2026-06-24T12:10:23.315+0000] {dag.py:3033} INFO - Sync 1 DAGs
[2026-06-24T12:10:23.358+0000] {logging_mixin.py:188} INFO - [2026-06-24T12:10:23.358+0000] {dag.py:3820} INFO - Setting next_dagrun for review_timeout_dag to 2026-06-23T01:00:00+00:00, run_after=2026-06-24T01:00:00+00:00
[2026-06-24T12:10:23.397+0000] {processor.py:183} INFO - Processing /opt/airflow/dags/review_timeout_dag.py took 0.290 seconds
[2026-06-24T12:10:53.508+0000] {processor.py:161} INFO - Started process (PID=1211) to work on /opt/airflow/dags/review_timeout_dag.py
[2026-06-24T12:10:53.511+0000] {processor.py:830} INFO - Processing file /opt/airflow/dags/review_timeout_dag.py for tasks to queue
[2026-06-24T12:10:53.512+0000] {logging_mixin.py:188} INFO - [2026-06-24T12:10:53.512+0000] {dagbag.py:538} INFO - Filling up the DagBag from /opt/airflow/dags/review_timeout_dag.py
[2026-06-24T12:10:53.544+0000] {processor.py:840} INFO - DAG(s) 'review_timeout_dag' retrieved from /opt/airflow/dags/review_timeout_dag.py
[2026-06-24T12:10:53.597+0000] {logging_mixin.py:188} INFO - [2026-06-24T12:10:53.597+0000] {dag.py:3033} INFO - Sync 1 DAGs
[2026-06-24T12:10:53.623+0000] {logging_mixin.py:188} INFO - [2026-06-24T12:10:53.623+0000] {dag.py:3820} INFO - Setting next_dagrun for review_timeout_dag to 2026-06-23T01:00:00+00:00, run_after=2026-06-24T01:00:00+00:00
[2026-06-24T12:10:53.645+0000] {processor.py:183} INFO - Processing /opt/airflow/dags/review_timeout_dag.py took 0.146 seconds
[2026-06-24T12:11:24.072+0000] {processor.py:161} INFO - Started process (PID=1221) to work on /opt/airflow/dags/review_timeout_dag.py
[2026-06-24T12:11:24.076+0000] {processor.py:830} INFO - Processing file /opt/airflow/dags/review_timeout_dag.py for tasks to queue
[2026-06-24T12:11:24.079+0000] {logging_mixin.py:188} INFO - [2026-06-24T12:11:24.078+0000] {dagbag.py:538} INFO - Filling up the DagBag from /opt/airflow/dags/review_timeout_dag.py
[2026-06-24T12:11:24.126+0000] {processor.py:840} INFO - DAG(s) 'review_timeout_dag' retrieved from /opt/airflow/dags/review_timeout_dag.py
[2026-06-24T12:11:24.205+0000] {logging_mixin.py:188} INFO - [2026-06-24T12:11:24.204+0000] {dag.py:3033} INFO - Sync 1 DAGs
[2026-06-24T12:11:24.252+0000] {logging_mixin.py:188} INFO - [2026-06-24T12:11:24.252+0000] {dag.py:3820} INFO - Setting next_dagrun for review_timeout_dag to 2026-06-23T01:00:00+00:00, run_after=2026-06-24T01:00:00+00:00
[2026-06-24T12:11:24.281+0000] {processor.py:183} INFO - Processing /opt/airflow/dags/review_timeout_dag.py took 0.223 seconds
[2026-06-24T12:11:54.408+0000] {processor.py:161} INFO - Started process (PID=1231) to work on /opt/airflow/dags/review_timeout_dag.py
[2026-06-24T12:11:54.414+0000] {processor.py:830} INFO - Processing file /opt/airflow/dags/review_timeout_dag.py for tasks to queue
[2026-06-24T12:11:54.420+0000] {logging_mixin.py:188} INFO - [2026-06-24T12:11:54.417+0000] {dagbag.py:538} INFO - Filling up the DagBag from /opt/airflow/dags/review_timeout_dag.py
[2026-06-24T12:11:54.476+0000] {processor.py:840} INFO - DAG(s) 'review_timeout_dag' retrieved from /opt/airflow/dags/review_timeout_dag.py
[2026-06-24T12:11:54.549+0000] {logging_mixin.py:188} INFO - [2026-06-24T12:11:54.549+0000] {dag.py:3033} INFO - Sync 1 DAGs
[2026-06-24T12:11:54.593+0000] {logging_mixin.py:188} INFO - [2026-06-24T12:11:54.593+0000] {dag.py:3820} INFO - Setting next_dagrun for review_timeout_dag to 2026-06-23T01:00:00+00:00, run_after=2026-06-24T01:00:00+00:00
[2026-06-24T12:11:54.622+0000] {processor.py:183} INFO - Processing /opt/airflow/dags/review_timeout_dag.py took 0.240 seconds
[2026-06-24T12:12:25.731+0000] {processor.py:161} INFO - Started process (PID=1241) to work on /opt/airflow/dags/review_timeout_dag.py
[2026-06-24T12:12:25.738+0000] {processor.py:830} INFO - Processing file /opt/airflow/dags/review_timeout_dag.py for tasks to queue
[2026-06-24T12:12:25.751+0000] {logging_mixin.py:188} INFO - [2026-06-24T12:12:25.747+0000] {dagbag.py:538} INFO - Filling up the DagBag from /opt/airflow/dags/review_timeout_dag.py
[2026-06-24T12:12:25.809+0000] {processor.py:840} INFO - DAG(s) 'review_timeout_dag' retrieved from /opt/airflow/dags/review_timeout_dag.py
[2026-06-24T12:12:25.897+0000] {logging_mixin.py:188} INFO - [2026-06-24T12:12:25.897+0000] {dag.py:3033} INFO - Sync 1 DAGs
[2026-06-24T12:12:25.939+0000] {logging_mixin.py:188} INFO - [2026-06-24T12:12:25.938+0000] {dag.py:3820} INFO - Setting next_dagrun for review_timeout_dag to 2026-06-23T01:00:00+00:00, run_after=2026-06-24T01:00:00+00:00
[2026-06-24T12:12:25.970+0000] {processor.py:183} INFO - Processing /opt/airflow/dags/review_timeout_dag.py took 0.270 seconds
[2026-06-24T12:12:56.298+0000] {processor.py:161} INFO - Started process (PID=1251) to work on /opt/airflow/dags/review_timeout_dag.py
[2026-06-24T12:12:56.300+0000] {processor.py:830} INFO - Processing file /opt/airflow/dags/review_timeout_dag.py for tasks to queue
[2026-06-24T12:12:56.301+0000] {logging_mixin.py:188} INFO - [2026-06-24T12:12:56.300+0000] {dagbag.py:538} INFO - Filling up the DagBag from /opt/airflow/dags/review_timeout_dag.py
[2026-06-24T12:12:56.326+0000] {processor.py:840} INFO - DAG(s) 'review_timeout_dag' retrieved from /opt/airflow/dags/review_timeout_dag.py
[2026-06-24T12:12:56.389+0000] {logging_mixin.py:188} INFO - [2026-06-24T12:12:56.388+0000] {dag.py:3033} INFO - Sync 1 DAGs
[2026-06-24T12:12:56.419+0000] {logging_mixin.py:188} INFO - [2026-06-24T12:12:56.419+0000] {dag.py:3820} INFO - Setting next_dagrun for review_timeout_dag to 2026-06-23T01:00:00+00:00, run_after=2026-06-24T01:00:00+00:00
[2026-06-24T12:12:56.441+0000] {processor.py:183} INFO - Processing /opt/airflow/dags/review_timeout_dag.py took 0.148 seconds
[2026-06-24T12:13:26.556+0000] {processor.py:161} INFO - Started process (PID=1261) to work on /opt/airflow/dags/review_timeout_dag.py
[2026-06-24T12:13:26.560+0000] {processor.py:830} INFO - Processing file /opt/airflow/dags/review_timeout_dag.py for tasks to queue
[2026-06-24T12:13:26.563+0000] {logging_mixin.py:188} INFO - [2026-06-24T12:13:26.562+0000] {dagbag.py:538} INFO - Filling up the DagBag from /opt/airflow/dags/review_timeout_dag.py
[2026-06-24T12:13:26.617+0000] {processor.py:840} INFO - DAG(s) 'review_timeout_dag' retrieved from /opt/airflow/dags/review_timeout_dag.py
[2026-06-24T12:13:26.777+0000] {logging_mixin.py:188} INFO - [2026-06-24T12:13:26.776+0000] {dag.py:3033} INFO - Sync 1 DAGs
[2026-06-24T12:13:26.822+0000] {logging_mixin.py:188} INFO - [2026-06-24T12:13:26.822+0000] {dag.py:3820} INFO - Setting next_dagrun for review_timeout_dag to 2026-06-23T01:00:00+00:00, run_after=2026-06-24T01:00:00+00:00
[2026-06-24T12:13:26.869+0000] {processor.py:183} INFO - Processing /opt/airflow/dags/review_timeout_dag.py took 0.326 seconds
[2026-06-24T12:13:56.979+0000] {processor.py:161} INFO - Started process (PID=1271) to work on /opt/airflow/dags/review_timeout_dag.py
[2026-06-24T12:13:56.981+0000] {processor.py:830} INFO - Processing file /opt/airflow/dags/review_timeout_dag.py for tasks to queue
[2026-06-24T12:13:56.982+0000] {logging_mixin.py:188} INFO - [2026-06-24T12:13:56.982+0000] {dagbag.py:538} INFO - Filling up the DagBag from /opt/airflow/dags/review_timeout_dag.py
[2026-06-24T12:13:57.016+0000] {processor.py:840} INFO - DAG(s) 'review_timeout_dag' retrieved from /opt/airflow/dags/review_timeout_dag.py
[2026-06-24T12:13:57.072+0000] {logging_mixin.py:188} INFO - [2026-06-24T12:13:57.072+0000] {dag.py:3033} INFO - Sync 1 DAGs
[2026-06-24T12:13:57.114+0000] {logging_mixin.py:188} INFO - [2026-06-24T12:13:57.114+0000] {dag.py:3820} INFO - Setting next_dagrun for review_timeout_dag to 2026-06-23T01:00:00+00:00, run_after=2026-06-24T01:00:00+00:00
[2026-06-24T12:13:57.141+0000] {processor.py:183} INFO - Processing /opt/airflow/dags/review_timeout_dag.py took 0.173 seconds
[2026-06-24T12:14:27.452+0000] {processor.py:161} INFO - Started process (PID=1281) to work on /opt/airflow/dags/review_timeout_dag.py
[2026-06-24T12:14:27.457+0000] {processor.py:830} INFO - Processing file /opt/airflow/dags/review_timeout_dag.py for tasks to queue
[2026-06-24T12:14:27.458+0000] {logging_mixin.py:188} INFO - [2026-06-24T12:14:27.458+0000] {dagbag.py:538} INFO - Filling up the DagBag from /opt/airflow/dags/review_timeout_dag.py
[2026-06-24T12:14:27.495+0000] {processor.py:840} INFO - DAG(s) 'review_timeout_dag' retrieved from /opt/airflow/dags/review_timeout_dag.py
[2026-06-24T12:14:27.553+0000] {logging_mixin.py:188} INFO - [2026-06-24T12:14:27.553+0000] {dag.py:3033} INFO - Sync 1 DAGs
[2026-06-24T12:14:27.579+0000] {logging_mixin.py:188} INFO - [2026-06-24T12:14:27.579+0000] {dag.py:3820} INFO - Setting next_dagrun for review_timeout_dag to 2026-06-23T01:00:00+00:00, run_after=2026-06-24T01:00:00+00:00
[2026-06-24T12:14:27.598+0000] {processor.py:183} INFO - Processing /opt/airflow/dags/review_timeout_dag.py took 0.161 seconds
[2026-06-24T12:14:57.881+0000] {processor.py:161} INFO - Started process (PID=1291) to work on /opt/airflow/dags/review_timeout_dag.py
[2026-06-24T12:14:57.885+0000] {processor.py:830} INFO - Processing file /opt/airflow/dags/review_timeout_dag.py for tasks to queue
[2026-06-24T12:14:57.887+0000] {logging_mixin.py:188} INFO - [2026-06-24T12:14:57.886+0000] {dagbag.py:538} INFO - Filling up the DagBag from /opt/airflow/dags/review_timeout_dag.py
[2026-06-24T12:14:57.936+0000] {processor.py:840} INFO - DAG(s) 'review_timeout_dag' retrieved from /opt/airflow/dags/review_timeout_dag.py
[2026-06-24T12:14:57.998+0000] {logging_mixin.py:188} INFO - [2026-06-24T12:14:57.998+0000] {dag.py:3033} INFO - Sync 1 DAGs
[2026-06-24T12:14:58.034+0000] {logging_mixin.py:188} INFO - [2026-06-24T12:14:58.034+0000] {dag.py:3820} INFO - Setting next_dagrun for review_timeout_dag to 2026-06-23T01:00:00+00:00, run_after=2026-06-24T01:00:00+00:00
[2026-06-24T12:14:58.057+0000] {processor.py:183} INFO - Processing /opt/airflow/dags/review_timeout_dag.py took 0.194 seconds
[2026-06-24T12:15:28.428+0000] {processor.py:161} INFO - Started process (PID=1301) to work on /opt/airflow/dags/review_timeout_dag.py
[2026-06-24T12:15:28.430+0000] {processor.py:830} INFO - Processing file /opt/airflow/dags/review_timeout_dag.py for tasks to queue
[2026-06-24T12:15:28.434+0000] {logging_mixin.py:188} INFO - [2026-06-24T12:15:28.432+0000] {dagbag.py:538} INFO - Filling up the DagBag from /opt/airflow/dags/review_timeout_dag.py
[2026-06-24T12:15:28.493+0000] {processor.py:840} INFO - DAG(s) 'review_timeout_dag' retrieved from /opt/airflow/dags/review_timeout_dag.py
[2026-06-24T12:15:28.574+0000] {logging_mixin.py:188} INFO - [2026-06-24T12:15:28.574+0000] {dag.py:3033} INFO - Sync 1 DAGs
[2026-06-24T12:15:28.615+0000] {logging_mixin.py:188} INFO - [2026-06-24T12:15:28.615+0000] {dag.py:3820} INFO - Setting next_dagrun for review_timeout_dag to 2026-06-23T01:00:00+00:00, run_after=2026-06-24T01:00:00+00:00
[2026-06-24T12:15:28.648+0000] {processor.py:183} INFO - Processing /opt/airflow/dags/review_timeout_dag.py took 0.243 seconds
[2026-06-24T12:15:59.344+0000] {processor.py:161} INFO - Started process (PID=1311) to work on /opt/airflow/dags/review_timeout_dag.py
[2026-06-24T12:15:59.350+0000] {processor.py:830} INFO - Processing file /opt/airflow/dags/review_timeout_dag.py for tasks to queue
[2026-06-24T12:15:59.352+0000] {logging_mixin.py:188} INFO - [2026-06-24T12:15:59.351+0000] {dagbag.py:538} INFO - Filling up the DagBag from /opt/airflow/dags/review_timeout_dag.py
[2026-06-24T12:15:59.401+0000] {processor.py:840} INFO - DAG(s) 'review_timeout_dag' retrieved from /opt/airflow/dags/review_timeout_dag.py
[2026-06-24T12:15:59.483+0000] {logging_mixin.py:188} INFO - [2026-06-24T12:15:59.482+0000] {dag.py:3033} INFO - Sync 1 DAGs
[2026-06-24T12:15:59.519+0000] {logging_mixin.py:188} INFO - [2026-06-24T12:15:59.519+0000] {dag.py:3820} INFO - Setting next_dagrun for review_timeout_dag to 2026-06-23T01:00:00+00:00, run_after=2026-06-24T01:00:00+00:00
[2026-06-24T12:15:59.573+0000] {processor.py:183} INFO - Processing /opt/airflow/dags/review_timeout_dag.py took 0.239 seconds
[2026-06-24T12:16:30.127+0000] {processor.py:161} INFO - Started process (PID=1321) to work on /opt/airflow/dags/review_timeout_dag.py
[2026-06-24T12:16:30.195+0000] {processor.py:830} INFO - Processing file /opt/airflow/dags/review_timeout_dag.py for tasks to queue
[2026-06-24T12:16:30.215+0000] {logging_mixin.py:188} INFO - [2026-06-24T12:16:30.207+0000] {dagbag.py:538} INFO - Filling up the DagBag from /opt/airflow/dags/review_timeout_dag.py
[2026-06-24T12:16:30.442+0000] {processor.py:840} INFO - DAG(s) 'review_timeout_dag' retrieved from /opt/airflow/dags/review_timeout_dag.py
[2026-06-24T12:16:30.834+0000] {logging_mixin.py:188} INFO - [2026-06-24T12:16:30.833+0000] {dag.py:3033} INFO - Sync 1 DAGs
[2026-06-24T12:16:30.984+0000] {logging_mixin.py:188} INFO - [2026-06-24T12:16:30.983+0000] {dag.py:3820} INFO - Setting next_dagrun for review_timeout_dag to 2026-06-23T01:00:00+00:00, run_after=2026-06-24T01:00:00+00:00
[2026-06-24T12:16:31.077+0000] {processor.py:183} INFO - Processing /opt/airflow/dags/review_timeout_dag.py took 1.187 seconds
[2026-06-24T12:17:02.272+0000] {processor.py:161} INFO - Started process (PID=1331) to work on /opt/airflow/dags/review_timeout_dag.py
[2026-06-24T12:17:02.343+0000] {processor.py:830} INFO - Processing file /opt/airflow/dags/review_timeout_dag.py for tasks to queue
[2026-06-24T12:17:02.355+0000] {logging_mixin.py:188} INFO - [2026-06-24T12:17:02.352+0000] {dagbag.py:538} INFO - Filling up the DagBag from /opt/airflow/dags/review_timeout_dag.py
[2026-06-24T12:17:02.688+0000] {processor.py:840} INFO - DAG(s) 'review_timeout_dag' retrieved from /opt/airflow/dags/review_timeout_dag.py
[2026-06-24T12:17:03.230+0000] {logging_mixin.py:188} INFO - [2026-06-24T12:17:03.230+0000] {dag.py:3033} INFO - Sync 1 DAGs
[2026-06-24T12:17:03.462+0000] {logging_mixin.py:188} INFO - [2026-06-24T12:17:03.460+0000] {dag.py:3820} INFO - Setting next_dagrun for review_timeout_dag to 2026-06-23T01:00:00+00:00, run_after=2026-06-24T01:00:00+00:00
[2026-06-24T12:17:04.999+0000] {processor.py:183} INFO - Processing /opt/airflow/dags/review_timeout_dag.py took 2.865 seconds
[2026-06-24T12:17:36.122+0000] {processor.py:161} INFO - Started process (PID=1344) to work on /opt/airflow/dags/review_timeout_dag.py
[2026-06-24T12:17:36.130+0000] {processor.py:830} INFO - Processing file /opt/airflow/dags/review_timeout_dag.py for tasks to queue
[2026-06-24T12:17:36.146+0000] {logging_mixin.py:188} INFO - [2026-06-24T12:17:36.135+0000] {dagbag.py:538} INFO - Filling up the DagBag from /opt/airflow/dags/review_timeout_dag.py
[2026-06-24T12:17:36.497+0000] {processor.py:840} INFO - DAG(s) 'review_timeout_dag' retrieved from /opt/airflow/dags/review_timeout_dag.py
[2026-06-24T12:17:37.305+0000] {logging_mixin.py:188} INFO - [2026-06-24T12:17:37.303+0000] {dag.py:3033} INFO - Sync 1 DAGs
[2026-06-24T12:17:37.476+0000] {logging_mixin.py:188} INFO - [2026-06-24T12:17:37.475+0000] {dag.py:3820} INFO - Setting next_dagrun for review_timeout_dag to 2026-06-23T01:00:00+00:00, run_after=2026-06-24T01:00:00+00:00
[2026-06-24T12:17:37.561+0000] {processor.py:183} INFO - Processing /opt/airflow/dags/review_timeout_dag.py took 1.467 seconds
[2026-06-24T12:18:08.770+0000] {processor.py:161} INFO - Started process (PID=1351) to work on /opt/airflow/dags/review_timeout_dag.py
[2026-06-24T12:18:08.808+0000] {processor.py:830} INFO - Processing file /opt/airflow/dags/review_timeout_dag.py for tasks to queue
[2026-06-24T12:18:08.826+0000] {logging_mixin.py:188} INFO - [2026-06-24T12:18:08.819+0000] {dagbag.py:538} INFO - Filling up the DagBag from /opt/airflow/dags/review_timeout_dag.py
[2026-06-24T12:18:09.268+0000] {processor.py:840} INFO - DAG(s) 'review_timeout_dag' retrieved from /opt/airflow/dags/review_timeout_dag.py
[2026-06-24T12:18:09.693+0000] {logging_mixin.py:188} INFO - [2026-06-24T12:18:09.691+0000] {dag.py:3033} INFO - Sync 1 DAGs
[2026-06-24T12:18:09.812+0000] {logging_mixin.py:188} INFO - [2026-06-24T12:18:09.809+0000] {dag.py:3820} INFO - Setting next_dagrun for review_timeout_dag to 2026-06-23T01:00:00+00:00, run_after=2026-06-24T01:00:00+00:00
[2026-06-24T12:18:09.917+0000] {processor.py:183} INFO - Processing /opt/airflow/dags/review_timeout_dag.py took 1.330 seconds
[2026-06-24T12:18:40.515+0000] {processor.py:161} INFO - Started process (PID=1361) to work on /opt/airflow/dags/review_timeout_dag.py
[2026-06-24T12:18:40.524+0000] {processor.py:830} INFO - Processing file /opt/airflow/dags/review_timeout_dag.py for tasks to queue
[2026-06-24T12:18:40.527+0000] {logging_mixin.py:188} INFO - [2026-06-24T12:18:40.526+0000] {dagbag.py:538} INFO - Filling up the DagBag from /opt/airflow/dags/review_timeout_dag.py
[2026-06-24T12:18:40.570+0000] {processor.py:840} INFO - DAG(s) 'review_timeout_dag' retrieved from /opt/airflow/dags/review_timeout_dag.py
[2026-06-24T12:18:40.670+0000] {logging_mixin.py:188} INFO - [2026-06-24T12:18:40.669+0000] {dag.py:3033} INFO - Sync 1 DAGs
[2026-06-24T12:18:40.771+0000] {logging_mixin.py:188} INFO - [2026-06-24T12:18:40.771+0000] {dag.py:3820} INFO - Setting next_dagrun for review_timeout_dag to 2026-06-23T01:00:00+00:00, run_after=2026-06-24T01:00:00+00:00
[2026-06-24T12:18:40.895+0000] {processor.py:183} INFO - Processing /opt/airflow/dags/review_timeout_dag.py took 0.393 seconds
[2026-06-24T12:19:11.199+0000] {processor.py:161} INFO - Started process (PID=1371) to work on /opt/airflow/dags/review_timeout_dag.py
[2026-06-24T12:19:11.203+0000] {processor.py:830} INFO - Processing file /opt/airflow/dags/review_timeout_dag.py for tasks to queue
[2026-06-24T12:19:11.210+0000] {logging_mixin.py:188} INFO - [2026-06-24T12:19:11.205+0000] {dagbag.py:538} INFO - Filling up the DagBag from /opt/airflow/dags/review_timeout_dag.py
[2026-06-24T12:19:11.291+0000] {processor.py:840} INFO - DAG(s) 'review_timeout_dag' retrieved from /opt/airflow/dags/review_timeout_dag.py
[2026-06-24T12:19:11.407+0000] {logging_mixin.py:188} INFO - [2026-06-24T12:19:11.407+0000] {dag.py:3033} INFO - Sync 1 DAGs
[2026-06-24T12:19:11.557+0000] {logging_mixin.py:188} INFO - [2026-06-24T12:19:11.557+0000] {dag.py:3820} INFO - Setting next_dagrun for review_timeout_dag to 2026-06-23T01:00:00+00:00, run_after=2026-06-24T01:00:00+00:00
[2026-06-24T12:19:11.604+0000] {processor.py:183} INFO - Processing /opt/airflow/dags/review_timeout_dag.py took 0.476 seconds
[2026-06-24T12:19:41.957+0000] {processor.py:161} INFO - Started process (PID=1381) to work on /opt/airflow/dags/review_timeout_dag.py
[2026-06-24T12:19:41.960+0000] {processor.py:830} INFO - Processing file /opt/airflow/dags/review_timeout_dag.py for tasks to queue
[2026-06-24T12:19:41.963+0000] {logging_mixin.py:188} INFO - [2026-06-24T12:19:41.961+0000] {dagbag.py:538} INFO - Filling up the DagBag from /opt/airflow/dags/review_timeout_dag.py
[2026-06-24T12:19:42.019+0000] {processor.py:840} INFO - DAG(s) 'review_timeout_dag' retrieved from /opt/airflow/dags/review_timeout_dag.py
[2026-06-24T12:19:42.111+0000] {logging_mixin.py:188} INFO - [2026-06-24T12:19:42.111+0000] {dag.py:3033} INFO - Sync 1 DAGs
[2026-06-24T12:19:42.169+0000] {logging_mixin.py:188} INFO - [2026-06-24T12:19:42.169+0000] {dag.py:3820} INFO - Setting next_dagrun for review_timeout_dag to 2026-06-23T01:00:00+00:00, run_after=2026-06-24T01:00:00+00:00
[2026-06-24T12:19:42.200+0000] {processor.py:183} INFO - Processing /opt/airflow/dags/review_timeout_dag.py took 0.260 seconds
[2026-06-24T12:20:12.402+0000] {processor.py:161} INFO - Started process (PID=1391) to work on /opt/airflow/dags/review_timeout_dag.py
[2026-06-24T12:20:12.406+0000] {processor.py:830} INFO - Processing file /opt/airflow/dags/review_timeout_dag.py for tasks to queue
[2026-06-24T12:20:12.408+0000] {logging_mixin.py:188} INFO - [2026-06-24T12:20:12.407+0000] {dagbag.py:538} INFO - Filling up the DagBag from /opt/airflow/dags/review_timeout_dag.py
[2026-06-24T12:20:12.474+0000] {processor.py:840} INFO - DAG(s) 'review_timeout_dag' retrieved from /opt/airflow/dags/review_timeout_dag.py
[2026-06-24T12:20:12.573+0000] {logging_mixin.py:188} INFO - [2026-06-24T12:20:12.572+0000] {dag.py:3033} INFO - Sync 1 DAGs
[2026-06-24T12:20:12.630+0000] {logging_mixin.py:188} INFO - [2026-06-24T12:20:12.630+0000] {dag.py:3820} INFO - Setting next_dagrun for review_timeout_dag to 2026-06-23T01:00:00+00:00, run_after=2026-06-24T01:00:00+00:00
[2026-06-24T12:20:12.687+0000] {processor.py:183} INFO - Processing /opt/airflow/dags/review_timeout_dag.py took 0.305 seconds
[2026-06-24T12:20:42.990+0000] {processor.py:161} INFO - Started process (PID=1401) to work on /opt/airflow/dags/review_timeout_dag.py
[2026-06-24T12:20:42.993+0000] {processor.py:830} INFO - Processing file /opt/airflow/dags/review_timeout_dag.py for tasks to queue
[2026-06-24T12:20:42.995+0000] {logging_mixin.py:188} INFO - [2026-06-24T12:20:42.994+0000] {dagbag.py:538} INFO - Filling up the DagBag from /opt/airflow/dags/review_timeout_dag.py
[2026-06-24T12:20:43.327+0000] {processor.py:840} INFO - DAG(s) 'review_timeout_dag' retrieved from /opt/airflow/dags/review_timeout_dag.py
[2026-06-24T12:20:43.450+0000] {logging_mixin.py:188} INFO - [2026-06-24T12:20:43.450+0000] {dag.py:3033} INFO - Sync 1 DAGs
[2026-06-24T12:20:43.518+0000] {logging_mixin.py:188} INFO - [2026-06-24T12:20:43.517+0000] {dag.py:3820} INFO - Setting next_dagrun for review_timeout_dag to 2026-06-23T01:00:00+00:00, run_after=2026-06-24T01:00:00+00:00
[2026-06-24T12:20:43.553+0000] {processor.py:183} INFO - Processing /opt/airflow/dags/review_timeout_dag.py took 0.570 seconds
[2026-06-24T12:21:13.904+0000] {processor.py:161} INFO - Started process (PID=1411) to work on /opt/airflow/dags/review_timeout_dag.py
[2026-06-24T12:21:13.909+0000] {processor.py:830} INFO - Processing file /opt/airflow/dags/review_timeout_dag.py for tasks to queue
[2026-06-24T12:21:13.913+0000] {logging_mixin.py:188} INFO - [2026-06-24T12:21:13.912+0000] {dagbag.py:538} INFO - Filling up the DagBag from /opt/airflow/dags/review_timeout_dag.py
[2026-06-24T12:21:13.974+0000] {processor.py:840} INFO - DAG(s) 'review_timeout_dag' retrieved from /opt/airflow/dags/review_timeout_dag.py
[2026-06-24T12:21:14.096+0000] {logging_mixin.py:188} INFO - [2026-06-24T12:21:14.096+0000] {dag.py:3033} INFO - Sync 1 DAGs
[2026-06-24T12:21:14.244+0000] {logging_mixin.py:188} INFO - [2026-06-24T12:21:14.243+0000] {dag.py:3820} INFO - Setting next_dagrun for review_timeout_dag to 2026-06-23T01:00:00+00:00, run_after=2026-06-24T01:00:00+00:00
[2026-06-24T12:21:14.314+0000] {processor.py:183} INFO - Processing /opt/airflow/dags/review_timeout_dag.py took 0.430 seconds
[2026-06-24T12:21:44.792+0000] {processor.py:161} INFO - Started process (PID=1421) to work on /opt/airflow/dags/review_timeout_dag.py
[2026-06-24T12:21:44.796+0000] {processor.py:830} INFO - Processing file /opt/airflow/dags/review_timeout_dag.py for tasks to queue
[2026-06-24T12:21:44.802+0000] {logging_mixin.py:188} INFO - [2026-06-24T12:21:44.800+0000] {dagbag.py:538} INFO - Filling up the DagBag from /opt/airflow/dags/review_timeout_dag.py
[2026-06-24T12:21:44.845+0000] {processor.py:840} INFO - DAG(s) 'review_timeout_dag' retrieved from /opt/airflow/dags/review_timeout_dag.py
[2026-06-24T12:21:44.924+0000] {logging_mixin.py:188} INFO - [2026-06-24T12:21:44.924+0000] {dag.py:3033} INFO - Sync 1 DAGs
[2026-06-24T12:21:44.989+0000] {logging_mixin.py:188} INFO - [2026-06-24T12:21:44.989+0000] {dag.py:3820} INFO - Setting next_dagrun for review_timeout_dag to 2026-06-23T01:00:00+00:00, run_after=2026-06-24T01:00:00+00:00
[2026-06-24T12:21:45.044+0000] {processor.py:183} INFO - Processing /opt/airflow/dags/review_timeout_dag.py took 0.269 seconds
[2026-06-24T12:22:15.176+0000] {processor.py:161} INFO - Started process (PID=1431) to work on /opt/airflow/dags/review_timeout_dag.py
[2026-06-24T12:22:15.180+0000] {processor.py:830} INFO - Processing file /opt/airflow/dags/review_timeout_dag.py for tasks to queue
[2026-06-24T12:22:15.186+0000] {logging_mixin.py:188} INFO - [2026-06-24T12:22:15.185+0000] {dagbag.py:538} INFO - Filling up the DagBag from /opt/airflow/dags/review_timeout_dag.py
[2026-06-24T12:22:15.229+0000] {processor.py:840} INFO - DAG(s) 'review_timeout_dag' retrieved from /opt/airflow/dags/review_timeout_dag.py
[2026-06-24T12:22:15.326+0000] {logging_mixin.py:188} INFO - [2026-06-24T12:22:15.326+0000] {dag.py:3033} INFO - Sync 1 DAGs
[2026-06-24T12:22:15.376+0000] {logging_mixin.py:188} INFO - [2026-06-24T12:22:15.376+0000] {dag.py:3820} INFO - Setting next_dagrun for review_timeout_dag to 2026-06-23T01:00:00+00:00, run_after=2026-06-24T01:00:00+00:00
[2026-06-24T12:22:15.411+0000] {processor.py:183} INFO - Processing /opt/airflow/dags/review_timeout_dag.py took 0.248 seconds
[2026-06-24T12:22:45.663+0000] {processor.py:161} INFO - Started process (PID=1441) to work on /opt/airflow/dags/review_timeout_dag.py
[2026-06-24T12:22:45.665+0000] {processor.py:830} INFO - Processing file /opt/airflow/dags/review_timeout_dag.py for tasks to queue
[2026-06-24T12:22:45.668+0000] {logging_mixin.py:188} INFO - [2026-06-24T12:22:45.667+0000] {dagbag.py:538} INFO - Filling up the DagBag from /opt/airflow/dags/review_timeout_dag.py
[2026-06-24T12:22:45.728+0000] {processor.py:840} INFO - DAG(s) 'review_timeout_dag' retrieved from /opt/airflow/dags/review_timeout_dag.py
[2026-06-24T12:22:45.817+0000] {logging_mixin.py:188} INFO - [2026-06-24T12:22:45.816+0000] {dag.py:3033} INFO - Sync 1 DAGs
[2026-06-24T12:22:45.845+0000] {logging_mixin.py:188} INFO - [2026-06-24T12:22:45.845+0000] {dag.py:3820} INFO - Setting next_dagrun for review_timeout_dag to 2026-06-23T01:00:00+00:00, run_after=2026-06-24T01:00:00+00:00
[2026-06-24T12:22:45.885+0000] {processor.py:183} INFO - Processing /opt/airflow/dags/review_timeout_dag.py took 0.236 seconds
[2026-06-24T12:23:15.970+0000] {processor.py:161} INFO - Started process (PID=1451) to work on /opt/airflow/dags/review_timeout_dag.py
[2026-06-24T12:23:15.972+0000] {processor.py:830} INFO - Processing file /opt/airflow/dags/review_timeout_dag.py for tasks to queue
[2026-06-24T12:23:15.973+0000] {logging_mixin.py:188} INFO - [2026-06-24T12:23:15.972+0000] {dagbag.py:538} INFO - Filling up the DagBag from /opt/airflow/dags/review_timeout_dag.py
[2026-06-24T12:23:16.002+0000] {processor.py:840} INFO - DAG(s) 'review_timeout_dag' retrieved from /opt/airflow/dags/review_timeout_dag.py
[2026-06-24T12:23:16.068+0000] {logging_mixin.py:188} INFO - [2026-06-24T12:23:16.068+0000] {dag.py:3033} INFO - Sync 1 DAGs
[2026-06-24T12:23:16.104+0000] {logging_mixin.py:188} INFO - [2026-06-24T12:23:16.104+0000] {dag.py:3820} INFO - Setting next_dagrun for review_timeout_dag to 2026-06-23T01:00:00+00:00, run_after=2026-06-24T01:00:00+00:00
[2026-06-24T12:23:16.131+0000] {processor.py:183} INFO - Processing /opt/airflow/dags/review_timeout_dag.py took 0.168 seconds
[2026-06-24T12:23:46.380+0000] {processor.py:161} INFO - Started process (PID=1461) to work on /opt/airflow/dags/review_timeout_dag.py
[2026-06-24T12:23:46.383+0000] {processor.py:830} INFO - Processing file /opt/airflow/dags/review_timeout_dag.py for tasks to queue
[2026-06-24T12:23:46.385+0000] {logging_mixin.py:188} INFO - [2026-06-24T12:23:46.385+0000] {dagbag.py:538} INFO - Filling up the DagBag from /opt/airflow/dags/review_timeout_dag.py
[2026-06-24T12:23:46.424+0000] {processor.py:840} INFO - DAG(s) 'review_timeout_dag' retrieved from /opt/airflow/dags/review_timeout_dag.py
[2026-06-24T12:23:46.485+0000] {logging_mixin.py:188} INFO - [2026-06-24T12:23:46.485+0000] {dag.py:3033} INFO - Sync 1 DAGs
[2026-06-24T12:23:46.538+0000] {logging_mixin.py:188} INFO - [2026-06-24T12:23:46.538+0000] {dag.py:3820} INFO - Setting next_dagrun for review_timeout_dag to 2026-06-23T01:00:00+00:00, run_after=2026-06-24T01:00:00+00:00
[2026-06-24T12:23:46.569+0000] {processor.py:183} INFO - Processing /opt/airflow/dags/review_timeout_dag.py took 0.206 seconds
[2026-06-24T12:24:16.678+0000] {processor.py:161} INFO - Started process (PID=1471) to work on /opt/airflow/dags/review_timeout_dag.py
[2026-06-24T12:24:16.680+0000] {processor.py:830} INFO - Processing file /opt/airflow/dags/review_timeout_dag.py for tasks to queue
[2026-06-24T12:24:16.683+0000] {logging_mixin.py:188} INFO - [2026-06-24T12:24:16.683+0000] {dagbag.py:538} INFO - Filling up the DagBag from /opt/airflow/dags/review_timeout_dag.py
[2026-06-24T12:24:16.726+0000] {processor.py:840} INFO - DAG(s) 'review_timeout_dag' retrieved from /opt/airflow/dags/review_timeout_dag.py
[2026-06-24T12:24:16.779+0000] {logging_mixin.py:188} INFO - [2026-06-24T12:24:16.779+0000] {dag.py:3033} INFO - Sync 1 DAGs
[2026-06-24T12:24:16.820+0000] {logging_mixin.py:188} INFO - [2026-06-24T12:24:16.820+0000] {dag.py:3820} INFO - Setting next_dagrun for review_timeout_dag to 2026-06-23T01:00:00+00:00, run_after=2026-06-24T01:00:00+00:00
[2026-06-24T12:24:16.900+0000] {processor.py:183} INFO - Processing /opt/airflow/dags/review_timeout_dag.py took 0.232 seconds
[2026-06-24T12:24:47.456+0000] {processor.py:161} INFO - Started process (PID=1481) to work on /opt/airflow/dags/review_timeout_dag.py
[2026-06-24T12:24:47.458+0000] {processor.py:830} INFO - Processing file /opt/airflow/dags/review_timeout_dag.py for tasks to queue
[2026-06-24T12:24:47.463+0000] {logging_mixin.py:188} INFO - [2026-06-24T12:24:47.462+0000] {dagbag.py:538} INFO - Filling up the DagBag from /opt/airflow/dags/review_timeout_dag.py
[2026-06-24T12:24:47.507+0000] {processor.py:840} INFO - DAG(s) 'review_timeout_dag' retrieved from /opt/airflow/dags/review_timeout_dag.py
[2026-06-24T12:24:47.581+0000] {logging_mixin.py:188} INFO - [2026-06-24T12:24:47.581+0000] {dag.py:3033} INFO - Sync 1 DAGs
[2026-06-24T12:24:47.621+0000] {logging_mixin.py:188} INFO - [2026-06-24T12:24:47.621+0000] {dag.py:3820} INFO - Setting next_dagrun for review_timeout_dag to 2026-06-23T01:00:00+00:00, run_after=2026-06-24T01:00:00+00:00
[2026-06-24T12:24:47.661+0000] {processor.py:183} INFO - Processing /opt/airflow/dags/review_timeout_dag.py took 0.216 seconds
[2026-06-24T12:25:18.689+0000] {processor.py:161} INFO - Started process (PID=1491) to work on /opt/airflow/dags/review_timeout_dag.py
[2026-06-24T12:25:18.697+0000] {processor.py:830} INFO - Processing file /opt/airflow/dags/review_timeout_dag.py for tasks to queue
[2026-06-24T12:25:18.704+0000] {logging_mixin.py:188} INFO - [2026-06-24T12:25:18.702+0000] {dagbag.py:538} INFO - Filling up the DagBag from /opt/airflow/dags/review_timeout_dag.py
[2026-06-24T12:25:18.814+0000] {processor.py:840} INFO - DAG(s) 'review_timeout_dag' retrieved from /opt/airflow/dags/review_timeout_dag.py
[2026-06-24T12:25:18.965+0000] {logging_mixin.py:188} INFO - [2026-06-24T12:25:18.964+0000] {dag.py:3033} INFO - Sync 1 DAGs
[2026-06-24T12:25:19.137+0000] {logging_mixin.py:188} INFO - [2026-06-24T12:25:19.132+0000] {dag.py:3820} INFO - Setting next_dagrun for review_timeout_dag to 2026-06-23T01:00:00+00:00, run_after=2026-06-24T01:00:00+00:00
[2026-06-24T12:25:19.263+0000] {processor.py:183} INFO - Processing /opt/airflow/dags/review_timeout_dag.py took 0.629 seconds
[2026-06-24T12:25:49.536+0000] {processor.py:161} INFO - Started process (PID=1501) to work on /opt/airflow/dags/review_timeout_dag.py
[2026-06-24T12:25:49.556+0000] {processor.py:830} INFO - Processing file /opt/airflow/dags/review_timeout_dag.py for tasks to queue
[2026-06-24T12:25:49.576+0000] {logging_mixin.py:188} INFO - [2026-06-24T12:25:49.571+0000] {dagbag.py:538} INFO - Filling up the DagBag from /opt/airflow/dags/review_timeout_dag.py
[2026-06-24T12:25:49.663+0000] {processor.py:840} INFO - DAG(s) 'review_timeout_dag' retrieved from /opt/airflow/dags/review_timeout_dag.py
[2026-06-24T12:25:49.816+0000] {logging_mixin.py:188} INFO - [2026-06-24T12:25:49.814+0000] {dag.py:3033} INFO - Sync 1 DAGs
[2026-06-24T12:25:50.081+0000] {logging_mixin.py:188} INFO - [2026-06-24T12:25:50.081+0000] {dag.py:3820} INFO - Setting next_dagrun for review_timeout_dag to 2026-06-23T01:00:00+00:00, run_after=2026-06-24T01:00:00+00:00
[2026-06-24T12:25:50.304+0000] {processor.py:183} INFO - Processing /opt/airflow/dags/review_timeout_dag.py took 0.815 seconds
[2026-06-24T12:26:20.683+0000] {processor.py:161} INFO - Started process (PID=1511) to work on /opt/airflow/dags/review_timeout_dag.py
[2026-06-24T12:26:20.689+0000] {processor.py:830} INFO - Processing file /opt/airflow/dags/review_timeout_dag.py for tasks to queue
[2026-06-24T12:26:20.698+0000] {logging_mixin.py:188} INFO - [2026-06-24T12:26:20.692+0000] {dagbag.py:538} INFO - Filling up the DagBag from /opt/airflow/dags/review_timeout_dag.py
[2026-06-24T12:26:20.805+0000] {processor.py:840} INFO - DAG(s) 'review_timeout_dag' retrieved from /opt/airflow/dags/review_timeout_dag.py
[2026-06-24T12:26:20.976+0000] {logging_mixin.py:188} INFO - [2026-06-24T12:26:20.975+0000] {dag.py:3033} INFO - Sync 1 DAGs
[2026-06-24T12:26:21.078+0000] {logging_mixin.py:188} INFO - [2026-06-24T12:26:21.077+0000] {dag.py:3820} INFO - Setting next_dagrun for review_timeout_dag to 2026-06-23T01:00:00+00:00, run_after=2026-06-24T01:00:00+00:00
[2026-06-24T12:26:21.144+0000] {processor.py:183} INFO - Processing /opt/airflow/dags/review_timeout_dag.py took 0.497 seconds
[2026-06-24T12:26:51.436+0000] {processor.py:161} INFO - Started process (PID=1521) to work on /opt/airflow/dags/review_timeout_dag.py
[2026-06-24T12:26:51.439+0000] {processor.py:830} INFO - Processing file /opt/airflow/dags/review_timeout_dag.py for tasks to queue
[2026-06-24T12:26:51.445+0000] {logging_mixin.py:188} INFO - [2026-06-24T12:26:51.443+0000] {dagbag.py:538} INFO - Filling up the DagBag from /opt/airflow/dags/review_timeout_dag.py
[2026-06-24T12:26:51.550+0000] {processor.py:840} INFO - DAG(s) 'review_timeout_dag' retrieved from /opt/airflow/dags/review_timeout_dag.py
[2026-06-24T12:26:51.703+0000] {logging_mixin.py:188} INFO - [2026-06-24T12:26:51.702+0000] {dag.py:3033} INFO - Sync 1 DAGs
[2026-06-24T12:26:51.879+0000] {logging_mixin.py:188} INFO - [2026-06-24T12:26:51.876+0000] {dag.py:3820} INFO - Setting next_dagrun for review_timeout_dag to 2026-06-23T01:00:00+00:00, run_after=2026-06-24T01:00:00+00:00
[2026-06-24T12:26:52.007+0000] {processor.py:183} INFO - Processing /opt/airflow/dags/review_timeout_dag.py took 0.586 seconds
[2026-06-24T12:27:22.938+0000] {processor.py:161} INFO - Started process (PID=1531) to work on /opt/airflow/dags/review_timeout_dag.py
[2026-06-24T12:27:22.942+0000] {processor.py:830} INFO - Processing file /opt/airflow/dags/review_timeout_dag.py for tasks to queue
[2026-06-24T12:27:22.946+0000] {logging_mixin.py:188} INFO - [2026-06-24T12:27:22.944+0000] {dagbag.py:538} INFO - Filling up the DagBag from /opt/airflow/dags/review_timeout_dag.py
[2026-06-24T12:27:23.022+0000] {processor.py:840} INFO - DAG(s) 'review_timeout_dag' retrieved from /opt/airflow/dags/review_timeout_dag.py
[2026-06-24T12:27:23.189+0000] {logging_mixin.py:188} INFO - [2026-06-24T12:27:23.189+0000] {dag.py:3033} INFO - Sync 1 DAGs
[2026-06-24T12:27:23.302+0000] {logging_mixin.py:188} INFO - [2026-06-24T12:27:23.302+0000] {dag.py:3820} INFO - Setting next_dagrun for review_timeout_dag to 2026-06-23T01:00:00+00:00, run_after=2026-06-24T01:00:00+00:00
[2026-06-24T12:27:23.384+0000] {processor.py:183} INFO - Processing /opt/airflow/dags/review_timeout_dag.py took 0.465 seconds
[2026-06-24T12:29:38.631+0000] {processor.py:161} INFO - Started process (PID=180) to work on /opt/airflow/dags/review_timeout_dag.py
[2026-06-24T12:29:38.634+0000] {processor.py:830} INFO - Processing file /opt/airflow/dags/review_timeout_dag.py for tasks to queue
[2026-06-24T12:29:38.638+0000] {logging_mixin.py:188} INFO - [2026-06-24T12:29:38.637+0000] {dagbag.py:538} INFO - Filling up the DagBag from /opt/airflow/dags/review_timeout_dag.py
[2026-06-24T12:29:38.817+0000] {processor.py:840} INFO - DAG(s) 'review_timeout_dag' retrieved from /opt/airflow/dags/review_timeout_dag.py
[2026-06-24T12:29:39.737+0000] {logging_mixin.py:188} INFO - [2026-06-24T12:29:39.736+0000] {dag.py:3033} INFO - Sync 1 DAGs
[2026-06-24T12:29:39.848+0000] {logging_mixin.py:188} INFO - [2026-06-24T12:29:39.847+0000] {dag.py:3820} INFO - Setting next_dagrun for review_timeout_dag to 2026-06-23T01:00:00+00:00, run_after=2026-06-24T01:00:00+00:00
[2026-06-24T12:29:39.947+0000] {processor.py:183} INFO - Processing /opt/airflow/dags/review_timeout_dag.py took 1.362 seconds
[2026-06-24T12:30:10.155+0000] {processor.py:161} INFO - Started process (PID=191) to work on /opt/airflow/dags/review_timeout_dag.py
[2026-06-24T12:30:10.158+0000] {processor.py:830} INFO - Processing file /opt/airflow/dags/review_timeout_dag.py for tasks to queue
[2026-06-24T12:30:10.161+0000] {logging_mixin.py:188} INFO - [2026-06-24T12:30:10.159+0000] {dagbag.py:538} INFO - Filling up the DagBag from /opt/airflow/dags/review_timeout_dag.py
[2026-06-24T12:30:10.240+0000] {processor.py:840} INFO - DAG(s) 'review_timeout_dag' retrieved from /opt/airflow/dags/review_timeout_dag.py
[2026-06-24T12:30:10.398+0000] {logging_mixin.py:188} INFO - [2026-06-24T12:30:10.397+0000] {dag.py:3033} INFO - Sync 1 DAGs
[2026-06-24T12:30:10.489+0000] {logging_mixin.py:188} INFO - [2026-06-24T12:30:10.488+0000] {dag.py:3820} INFO - Setting next_dagrun for review_timeout_dag to 2026-06-23T01:00:00+00:00, run_after=2026-06-24T01:00:00+00:00
[2026-06-24T12:30:10.564+0000] {processor.py:183} INFO - Processing /opt/airflow/dags/review_timeout_dag.py took 0.429 seconds
[2026-06-24T12:30:41.194+0000] {processor.py:161} INFO - Started process (PID=201) to work on /opt/airflow/dags/review_timeout_dag.py
[2026-06-24T12:30:41.212+0000] {processor.py:830} INFO - Processing file /opt/airflow/dags/review_timeout_dag.py for tasks to queue
[2026-06-24T12:30:41.222+0000] {logging_mixin.py:188} INFO - [2026-06-24T12:30:41.220+0000] {dagbag.py:538} INFO - Filling up the DagBag from /opt/airflow/dags/review_timeout_dag.py
[2026-06-24T12:30:41.347+0000] {processor.py:840} INFO - DAG(s) 'review_timeout_dag' retrieved from /opt/airflow/dags/review_timeout_dag.py
[2026-06-24T12:30:41.545+0000] {logging_mixin.py:188} INFO - [2026-06-24T12:30:41.545+0000] {dag.py:3033} INFO - Sync 1 DAGs
[2026-06-24T12:30:41.636+0000] {logging_mixin.py:188} INFO - [2026-06-24T12:30:41.634+0000] {dag.py:3820} INFO - Setting next_dagrun for review_timeout_dag to 2026-06-23T01:00:00+00:00, run_after=2026-06-24T01:00:00+00:00
[2026-06-24T12:30:41.701+0000] {processor.py:183} INFO - Processing /opt/airflow/dags/review_timeout_dag.py took 0.663 seconds
[2026-06-24T12:31:11.988+0000] {processor.py:161} INFO - Started process (PID=211) to work on /opt/airflow/dags/review_timeout_dag.py
[2026-06-24T12:31:11.990+0000] {processor.py:830} INFO - Processing file /opt/airflow/dags/review_timeout_dag.py for tasks to queue
[2026-06-24T12:31:11.994+0000] {logging_mixin.py:188} INFO - [2026-06-24T12:31:11.992+0000] {dagbag.py:538} INFO - Filling up the DagBag from /opt/airflow/dags/review_timeout_dag.py
[2026-06-24T12:31:12.032+0000] {processor.py:840} INFO - DAG(s) 'review_timeout_dag' retrieved from /opt/airflow/dags/review_timeout_dag.py
[2026-06-24T12:31:12.096+0000] {logging_mixin.py:188} INFO - [2026-06-24T12:31:12.096+0000] {dag.py:3033} INFO - Sync 1 DAGs
[2026-06-24T12:31:12.135+0000] {logging_mixin.py:188} INFO - [2026-06-24T12:31:12.135+0000] {dag.py:3820} INFO - Setting next_dagrun for review_timeout_dag to 2026-06-23T01:00:00+00:00, run_after=2026-06-24T01:00:00+00:00
[2026-06-24T12:31:12.165+0000] {processor.py:183} INFO - Processing /opt/airflow/dags/review_timeout_dag.py took 0.192 seconds
[2026-06-24T12:31:43.154+0000] {processor.py:161} INFO - Started process (PID=221) to work on /opt/airflow/dags/review_timeout_dag.py
[2026-06-24T12:31:43.169+0000] {processor.py:830} INFO - Processing file /opt/airflow/dags/review_timeout_dag.py for tasks to queue
[2026-06-24T12:31:43.185+0000] {logging_mixin.py:188} INFO - [2026-06-24T12:31:43.175+0000] {dagbag.py:538} INFO - Filling up the DagBag from /opt/airflow/dags/review_timeout_dag.py
[2026-06-24T12:31:43.359+0000] {processor.py:840} INFO - DAG(s) 'review_timeout_dag' retrieved from /opt/airflow/dags/review_timeout_dag.py
[2026-06-24T12:31:44.616+0000] {logging_mixin.py:188} INFO - [2026-06-24T12:31:44.612+0000] {dag.py:3033} INFO - Sync 1 DAGs
[2026-06-24T12:31:44.861+0000] {logging_mixin.py:188} INFO - [2026-06-24T12:31:44.858+0000] {dag.py:3820} INFO - Setting next_dagrun for review_timeout_dag to 2026-06-23T01:00:00+00:00, run_after=2026-06-24T01:00:00+00:00
[2026-06-24T12:31:45.535+0000] {processor.py:183} INFO - Processing /opt/airflow/dags/review_timeout_dag.py took 2.348 seconds
[2026-06-24T12:47:32.313+0000] {processor.py:161} INFO - Started process (PID=233) to work on /opt/airflow/dags/review_timeout_dag.py
[2026-06-24T12:47:32.325+0000] {processor.py:830} INFO - Processing file /opt/airflow/dags/review_timeout_dag.py for tasks to queue
[2026-06-24T12:47:32.366+0000] {logging_mixin.py:188} INFO - [2026-06-24T12:47:32.365+0000] {dagbag.py:538} INFO - Filling up the DagBag from /opt/airflow/dags/review_timeout_dag.py
[2026-06-24T12:47:32.592+0000] {processor.py:840} INFO - DAG(s) 'review_timeout_dag' retrieved from /opt/airflow/dags/review_timeout_dag.py
[2026-06-24T12:47:32.827+0000] {logging_mixin.py:188} INFO - [2026-06-24T12:47:32.826+0000] {dag.py:3033} INFO - Sync 1 DAGs
[2026-06-24T12:47:32.886+0000] {logging_mixin.py:188} INFO - [2026-06-24T12:47:32.886+0000] {dag.py:3820} INFO - Setting next_dagrun for review_timeout_dag to 2026-06-23T01:00:00+00:00, run_after=2026-06-24T01:00:00+00:00
[2026-06-24T12:47:32.953+0000] {processor.py:183} INFO - Processing /opt/airflow/dags/review_timeout_dag.py took 0.671 seconds
[2026-06-24T12:48:03.113+0000] {processor.py:161} INFO - Started process (PID=243) to work on /opt/airflow/dags/review_timeout_dag.py
[2026-06-24T12:48:03.115+0000] {processor.py:830} INFO - Processing file /opt/airflow/dags/review_timeout_dag.py for tasks to queue
[2026-06-24T12:48:03.117+0000] {logging_mixin.py:188} INFO - [2026-06-24T12:48:03.116+0000] {dagbag.py:538} INFO - Filling up the DagBag from /opt/airflow/dags/review_timeout_dag.py
[2026-06-24T12:48:03.156+0000] {processor.py:840} INFO - DAG(s) 'review_timeout_dag' retrieved from /opt/airflow/dags/review_timeout_dag.py
[2026-06-24T12:48:03.222+0000] {logging_mixin.py:188} INFO - [2026-06-24T12:48:03.222+0000] {dag.py:3033} INFO - Sync 1 DAGs
[2026-06-24T12:48:03.250+0000] {logging_mixin.py:188} INFO - [2026-06-24T12:48:03.250+0000] {dag.py:3820} INFO - Setting next_dagrun for review_timeout_dag to 2026-06-23T01:00:00+00:00, run_after=2026-06-24T01:00:00+00:00
[2026-06-24T12:48:03.286+0000] {processor.py:183} INFO - Processing /opt/airflow/dags/review_timeout_dag.py took 0.185 seconds
[2026-06-24T12:48:33.621+0000] {processor.py:161} INFO - Started process (PID=253) to work on /opt/airflow/dags/review_timeout_dag.py
[2026-06-24T12:48:33.623+0000] {processor.py:830} INFO - Processing file /opt/airflow/dags/review_timeout_dag.py for tasks to queue
[2026-06-24T12:48:33.625+0000] {logging_mixin.py:188} INFO - [2026-06-24T12:48:33.624+0000] {dagbag.py:538} INFO - Filling up the DagBag from /opt/airflow/dags/review_timeout_dag.py
[2026-06-24T12:48:33.645+0000] {processor.py:840} INFO - DAG(s) 'review_timeout_dag' retrieved from /opt/airflow/dags/review_timeout_dag.py
[2026-06-24T12:48:33.680+0000] {logging_mixin.py:188} INFO - [2026-06-24T12:48:33.680+0000] {dag.py:3033} INFO - Sync 1 DAGs
[2026-06-24T12:48:33.701+0000] {logging_mixin.py:188} INFO - [2026-06-24T12:48:33.701+0000] {dag.py:3820} INFO - Setting next_dagrun for review_timeout_dag to 2026-06-23T01:00:00+00:00, run_after=2026-06-24T01:00:00+00:00
[2026-06-24T12:48:33.717+0000] {processor.py:183} INFO - Processing /opt/airflow/dags/review_timeout_dag.py took 0.101 seconds
[2026-06-24T12:49:04.022+0000] {processor.py:161} INFO - Started process (PID=263) to work on /opt/airflow/dags/review_timeout_dag.py
[2026-06-24T12:49:04.025+0000] {processor.py:830} INFO - Processing file /opt/airflow/dags/review_timeout_dag.py for tasks to queue
[2026-06-24T12:49:04.028+0000] {logging_mixin.py:188} INFO - [2026-06-24T12:49:04.028+0000] {dagbag.py:538} INFO - Filling up the DagBag from /opt/airflow/dags/review_timeout_dag.py
[2026-06-24T12:49:04.077+0000] {processor.py:840} INFO - DAG(s) 'review_timeout_dag' retrieved from /opt/airflow/dags/review_timeout_dag.py
[2026-06-24T12:49:04.142+0000] {logging_mixin.py:188} INFO - [2026-06-24T12:49:04.142+0000] {dag.py:3033} INFO - Sync 1 DAGs
[2026-06-24T12:49:04.180+0000] {logging_mixin.py:188} INFO - [2026-06-24T12:49:04.180+0000] {dag.py:3820} INFO - Setting next_dagrun for review_timeout_dag to 2026-06-23T01:00:00+00:00, run_after=2026-06-24T01:00:00+00:00
[2026-06-24T12:49:04.200+0000] {processor.py:183} INFO - Processing /opt/airflow/dags/review_timeout_dag.py took 0.185 seconds
[2026-06-24T12:49:34.541+0000] {processor.py:161} INFO - Started process (PID=273) to work on /opt/airflow/dags/review_timeout_dag.py
[2026-06-24T12:49:34.545+0000] {processor.py:830} INFO - Processing file /opt/airflow/dags/review_timeout_dag.py for tasks to queue
[2026-06-24T12:49:34.546+0000] {logging_mixin.py:188} INFO - [2026-06-24T12:49:34.546+0000] {dagbag.py:538} INFO - Filling up the DagBag from /opt/airflow/dags/review_timeout_dag.py
[2026-06-24T12:49:34.572+0000] {processor.py:840} INFO - DAG(s) 'review_timeout_dag' retrieved from /opt/airflow/dags/review_timeout_dag.py
[2026-06-24T12:49:34.612+0000] {logging_mixin.py:188} INFO - [2026-06-24T12:49:34.612+0000] {dag.py:3033} INFO - Sync 1 DAGs
[2026-06-24T12:49:34.638+0000] {logging_mixin.py:188} INFO - [2026-06-24T12:49:34.638+0000] {dag.py:3820} INFO - Setting next_dagrun for review_timeout_dag to 2026-06-23T01:00:00+00:00, run_after=2026-06-24T01:00:00+00:00
[2026-06-24T12:49:34.657+0000] {processor.py:183} INFO - Processing /opt/airflow/dags/review_timeout_dag.py took 0.124 seconds
[2026-06-24T12:50:04.881+0000] {processor.py:161} INFO - Started process (PID=283) to work on /opt/airflow/dags/review_timeout_dag.py
[2026-06-24T12:50:04.886+0000] {processor.py:830} INFO - Processing file /opt/airflow/dags/review_timeout_dag.py for tasks to queue
[2026-06-24T12:50:04.889+0000] {logging_mixin.py:188} INFO - [2026-06-24T12:50:04.888+0000] {dagbag.py:538} INFO - Filling up the DagBag from /opt/airflow/dags/review_timeout_dag.py
[2026-06-24T12:50:04.954+0000] {processor.py:840} INFO - DAG(s) 'review_timeout_dag' retrieved from /opt/airflow/dags/review_timeout_dag.py
[2026-06-24T12:50:05.049+0000] {logging_mixin.py:188} INFO - [2026-06-24T12:50:05.048+0000] {dag.py:3033} INFO - Sync 1 DAGs
[2026-06-24T12:50:05.103+0000] {logging_mixin.py:188} INFO - [2026-06-24T12:50:05.103+0000] {dag.py:3820} INFO - Setting next_dagrun for review_timeout_dag to 2026-06-23T01:00:00+00:00, run_after=2026-06-24T01:00:00+00:00
[2026-06-24T12:50:05.150+0000] {processor.py:183} INFO - Processing /opt/airflow/dags/review_timeout_dag.py took 0.283 seconds
[2026-06-24T12:50:35.588+0000] {processor.py:161} INFO - Started process (PID=293) to work on /opt/airflow/dags/review_timeout_dag.py
[2026-06-24T12:50:35.592+0000] {processor.py:830} INFO - Processing file /opt/airflow/dags/review_timeout_dag.py for tasks to queue
[2026-06-24T12:50:35.599+0000] {logging_mixin.py:188} INFO - [2026-06-24T12:50:35.595+0000] {dagbag.py:538} INFO - Filling up the DagBag from /opt/airflow/dags/review_timeout_dag.py
[2026-06-24T12:50:35.657+0000] {processor.py:840} INFO - DAG(s) 'review_timeout_dag' retrieved from /opt/airflow/dags/review_timeout_dag.py
[2026-06-24T12:50:35.706+0000] {logging_mixin.py:188} INFO - [2026-06-24T12:50:35.705+0000] {dag.py:3033} INFO - Sync 1 DAGs
[2026-06-24T12:50:35.738+0000] {logging_mixin.py:188} INFO - [2026-06-24T12:50:35.738+0000] {dag.py:3820} INFO - Setting next_dagrun for review_timeout_dag to 2026-06-23T01:00:00+00:00, run_after=2026-06-24T01:00:00+00:00
[2026-06-24T12:50:35.759+0000] {processor.py:183} INFO - Processing /opt/airflow/dags/review_timeout_dag.py took 0.192 seconds
[2026-06-24T12:51:06.013+0000] {processor.py:161} INFO - Started process (PID=303) to work on /opt/airflow/dags/review_timeout_dag.py
[2026-06-24T12:51:06.015+0000] {processor.py:830} INFO - Processing file /opt/airflow/dags/review_timeout_dag.py for tasks to queue
[2026-06-24T12:51:06.017+0000] {logging_mixin.py:188} INFO - [2026-06-24T12:51:06.017+0000] {dagbag.py:538} INFO - Filling up the DagBag from /opt/airflow/dags/review_timeout_dag.py
[2026-06-24T12:51:06.049+0000] {processor.py:840} INFO - DAG(s) 'review_timeout_dag' retrieved from /opt/airflow/dags/review_timeout_dag.py
[2026-06-24T12:51:06.107+0000] {logging_mixin.py:188} INFO - [2026-06-24T12:51:06.107+0000] {dag.py:3033} INFO - Sync 1 DAGs
[2026-06-24T12:51:06.141+0000] {logging_mixin.py:188} INFO - [2026-06-24T12:51:06.141+0000] {dag.py:3820} INFO - Setting next_dagrun for review_timeout_dag to 2026-06-23T01:00:00+00:00, run_after=2026-06-24T01:00:00+00:00
[2026-06-24T12:51:06.167+0000] {processor.py:183} INFO - Processing /opt/airflow/dags/review_timeout_dag.py took 0.173 seconds
[2026-06-24T12:51:36.495+0000] {processor.py:161} INFO - Started process (PID=313) to work on /opt/airflow/dags/review_timeout_dag.py
[2026-06-24T12:51:36.497+0000] {processor.py:830} INFO - Processing file /opt/airflow/dags/review_timeout_dag.py for tasks to queue
[2026-06-24T12:51:36.499+0000] {logging_mixin.py:188} INFO - [2026-06-24T12:51:36.498+0000] {dagbag.py:538} INFO - Filling up the DagBag from /opt/airflow/dags/review_timeout_dag.py
[2026-06-24T12:51:36.545+0000] {processor.py:840} INFO - DAG(s) 'review_timeout_dag' retrieved from /opt/airflow/dags/review_timeout_dag.py
[2026-06-24T12:51:36.654+0000] {logging_mixin.py:188} INFO - [2026-06-24T12:51:36.654+0000] {dag.py:3033} INFO - Sync 1 DAGs
[2026-06-24T12:51:36.762+0000] {logging_mixin.py:188} INFO - [2026-06-24T12:51:36.761+0000] {dag.py:3820} INFO - Setting next_dagrun for review_timeout_dag to 2026-06-23T01:00:00+00:00, run_after=2026-06-24T01:00:00+00:00
[2026-06-24T12:51:36.851+0000] {processor.py:183} INFO - Processing /opt/airflow/dags/review_timeout_dag.py took 0.369 seconds
[2026-06-24T12:52:07.230+0000] {processor.py:161} INFO - Started process (PID=323) to work on /opt/airflow/dags/review_timeout_dag.py
[2026-06-24T12:52:07.236+0000] {processor.py:830} INFO - Processing file /opt/airflow/dags/review_timeout_dag.py for tasks to queue
[2026-06-24T12:52:07.274+0000] {logging_mixin.py:188} INFO - [2026-06-24T12:52:07.267+0000] {dagbag.py:538} INFO - Filling up the DagBag from /opt/airflow/dags/review_timeout_dag.py
[2026-06-24T12:52:07.363+0000] {processor.py:840} INFO - DAG(s) 'review_timeout_dag' retrieved from /opt/airflow/dags/review_timeout_dag.py
[2026-06-24T12:52:07.561+0000] {logging_mixin.py:188} INFO - [2026-06-24T12:52:07.561+0000] {dag.py:3033} INFO - Sync 1 DAGs
[2026-06-24T12:52:07.664+0000] {logging_mixin.py:188} INFO - [2026-06-24T12:52:07.664+0000] {dag.py:3820} INFO - Setting next_dagrun for review_timeout_dag to 2026-06-23T01:00:00+00:00, run_after=2026-06-24T01:00:00+00:00
[2026-06-24T12:52:07.726+0000] {processor.py:183} INFO - Processing /opt/airflow/dags/review_timeout_dag.py took 0.544 seconds
[2026-06-24T12:52:37.847+0000] {processor.py:161} INFO - Started process (PID=333) to work on /opt/airflow/dags/review_timeout_dag.py
[2026-06-24T12:52:37.849+0000] {processor.py:830} INFO - Processing file /opt/airflow/dags/review_timeout_dag.py for tasks to queue
[2026-06-24T12:52:37.862+0000] {logging_mixin.py:188} INFO - [2026-06-24T12:52:37.857+0000] {dagbag.py:538} INFO - Filling up the DagBag from /opt/airflow/dags/review_timeout_dag.py
[2026-06-24T12:52:37.901+0000] {processor.py:840} INFO - DAG(s) 'review_timeout_dag' retrieved from /opt/airflow/dags/review_timeout_dag.py
[2026-06-24T12:52:37.988+0000] {logging_mixin.py:188} INFO - [2026-06-24T12:52:37.987+0000] {dag.py:3033} INFO - Sync 1 DAGs
[2026-06-24T12:52:38.021+0000] {logging_mixin.py:188} INFO - [2026-06-24T12:52:38.021+0000] {dag.py:3820} INFO - Setting next_dagrun for review_timeout_dag to 2026-06-23T01:00:00+00:00, run_after=2026-06-24T01:00:00+00:00
[2026-06-24T12:52:38.042+0000] {processor.py:183} INFO - Processing /opt/airflow/dags/review_timeout_dag.py took 0.209 seconds
[2026-06-24T12:53:08.841+0000] {processor.py:161} INFO - Started process (PID=343) to work on /opt/airflow/dags/review_timeout_dag.py
[2026-06-24T12:53:08.844+0000] {processor.py:830} INFO - Processing file /opt/airflow/dags/review_timeout_dag.py for tasks to queue
[2026-06-24T12:53:08.849+0000] {logging_mixin.py:188} INFO - [2026-06-24T12:53:08.849+0000] {dagbag.py:538} INFO - Filling up the DagBag from /opt/airflow/dags/review_timeout_dag.py
[2026-06-24T12:53:08.897+0000] {processor.py:840} INFO - DAG(s) 'review_timeout_dag' retrieved from /opt/airflow/dags/review_timeout_dag.py
[2026-06-24T12:53:08.984+0000] {logging_mixin.py:188} INFO - [2026-06-24T12:53:08.983+0000] {dag.py:3033} INFO - Sync 1 DAGs
[2026-06-24T12:53:09.040+0000] {logging_mixin.py:188} INFO - [2026-06-24T12:53:09.040+0000] {dag.py:3820} INFO - Setting next_dagrun for review_timeout_dag to 2026-06-23T01:00:00+00:00, run_after=2026-06-24T01:00:00+00:00
[2026-06-24T12:53:09.092+0000] {processor.py:183} INFO - Processing /opt/airflow/dags/review_timeout_dag.py took 0.258 seconds
[2026-06-24T12:53:39.192+0000] {processor.py:161} INFO - Started process (PID=353) to work on /opt/airflow/dags/review_timeout_dag.py
[2026-06-24T12:53:39.195+0000] {processor.py:830} INFO - Processing file /opt/airflow/dags/review_timeout_dag.py for tasks to queue
[2026-06-24T12:53:39.196+0000] {logging_mixin.py:188} INFO - [2026-06-24T12:53:39.196+0000] {dagbag.py:538} INFO - Filling up the DagBag from /opt/airflow/dags/review_timeout_dag.py
[2026-06-24T12:53:39.239+0000] {processor.py:840} INFO - DAG(s) 'review_timeout_dag' retrieved from /opt/airflow/dags/review_timeout_dag.py
[2026-06-24T12:53:39.304+0000] {logging_mixin.py:188} INFO - [2026-06-24T12:53:39.304+0000] {dag.py:3033} INFO - Sync 1 DAGs
[2026-06-24T12:53:39.332+0000] {logging_mixin.py:188} INFO - [2026-06-24T12:53:39.332+0000] {dag.py:3820} INFO - Setting next_dagrun for review_timeout_dag to 2026-06-23T01:00:00+00:00, run_after=2026-06-24T01:00:00+00:00
[2026-06-24T12:53:39.356+0000] {processor.py:183} INFO - Processing /opt/airflow/dags/review_timeout_dag.py took 0.173 seconds
[2026-06-24T12:54:09.622+0000] {processor.py:161} INFO - Started process (PID=363) to work on /opt/airflow/dags/review_timeout_dag.py
[2026-06-24T12:54:09.625+0000] {processor.py:830} INFO - Processing file /opt/airflow/dags/review_timeout_dag.py for tasks to queue
[2026-06-24T12:54:09.626+0000] {logging_mixin.py:188} INFO - [2026-06-24T12:54:09.626+0000] {dagbag.py:538} INFO - Filling up the DagBag from /opt/airflow/dags/review_timeout_dag.py
[2026-06-24T12:54:09.671+0000] {processor.py:840} INFO - DAG(s) 'review_timeout_dag' retrieved from /opt/airflow/dags/review_timeout_dag.py
[2026-06-24T12:54:09.730+0000] {logging_mixin.py:188} INFO - [2026-06-24T12:54:09.729+0000] {dag.py:3033} INFO - Sync 1 DAGs
[2026-06-24T12:54:09.757+0000] {logging_mixin.py:188} INFO - [2026-06-24T12:54:09.757+0000] {dag.py:3820} INFO - Setting next_dagrun for review_timeout_dag to 2026-06-23T01:00:00+00:00, run_after=2026-06-24T01:00:00+00:00
[2026-06-24T12:54:09.778+0000] {processor.py:183} INFO - Processing /opt/airflow/dags/review_timeout_dag.py took 0.165 seconds
[2026-06-24T12:54:40.115+0000] {processor.py:161} INFO - Started process (PID=373) to work on /opt/airflow/dags/review_timeout_dag.py
[2026-06-24T12:54:40.126+0000] {processor.py:830} INFO - Processing file /opt/airflow/dags/review_timeout_dag.py for tasks to queue
[2026-06-24T12:54:40.133+0000] {logging_mixin.py:188} INFO - [2026-06-24T12:54:40.133+0000] {dagbag.py:538} INFO - Filling up the DagBag from /opt/airflow/dags/review_timeout_dag.py
[2026-06-24T12:54:40.174+0000] {processor.py:840} INFO - DAG(s) 'review_timeout_dag' retrieved from /opt/airflow/dags/review_timeout_dag.py
[2026-06-24T12:54:40.325+0000] {logging_mixin.py:188} INFO - [2026-06-24T12:54:40.325+0000] {dag.py:3033} INFO - Sync 1 DAGs
[2026-06-24T12:54:40.381+0000] {logging_mixin.py:188} INFO - [2026-06-24T12:54:40.381+0000] {dag.py:3820} INFO - Setting next_dagrun for review_timeout_dag to 2026-06-23T01:00:00+00:00, run_after=2026-06-24T01:00:00+00:00
[2026-06-24T12:54:40.528+0000] {processor.py:183} INFO - Processing /opt/airflow/dags/review_timeout_dag.py took 0.454 seconds
[2026-06-24T12:55:11.145+0000] {processor.py:161} INFO - Started process (PID=383) to work on /opt/airflow/dags/review_timeout_dag.py
[2026-06-24T12:55:11.147+0000] {processor.py:830} INFO - Processing file /opt/airflow/dags/review_timeout_dag.py for tasks to queue
[2026-06-24T12:55:11.149+0000] {logging_mixin.py:188} INFO - [2026-06-24T12:55:11.149+0000] {dagbag.py:538} INFO - Filling up the DagBag from /opt/airflow/dags/review_timeout_dag.py
[2026-06-24T12:55:11.183+0000] {processor.py:840} INFO - DAG(s) 'review_timeout_dag' retrieved from /opt/airflow/dags/review_timeout_dag.py
[2026-06-24T12:55:11.230+0000] {logging_mixin.py:188} INFO - [2026-06-24T12:55:11.230+0000] {dag.py:3033} INFO - Sync 1 DAGs
[2026-06-24T12:55:11.252+0000] {logging_mixin.py:188} INFO - [2026-06-24T12:55:11.251+0000] {dag.py:3820} INFO - Setting next_dagrun for review_timeout_dag to 2026-06-23T01:00:00+00:00, run_after=2026-06-24T01:00:00+00:00
[2026-06-24T12:55:11.270+0000] {processor.py:183} INFO - Processing /opt/airflow/dags/review_timeout_dag.py took 0.134 seconds
[2026-06-24T12:55:41.651+0000] {processor.py:161} INFO - Started process (PID=393) to work on /opt/airflow/dags/review_timeout_dag.py
[2026-06-24T12:55:41.652+0000] {processor.py:830} INFO - Processing file /opt/airflow/dags/review_timeout_dag.py for tasks to queue
[2026-06-24T12:55:41.654+0000] {logging_mixin.py:188} INFO - [2026-06-24T12:55:41.653+0000] {dagbag.py:538} INFO - Filling up the DagBag from /opt/airflow/dags/review_timeout_dag.py
[2026-06-24T12:55:41.693+0000] {processor.py:840} INFO - DAG(s) 'review_timeout_dag' retrieved from /opt/airflow/dags/review_timeout_dag.py
[2026-06-24T12:55:41.743+0000] {logging_mixin.py:188} INFO - [2026-06-24T12:55:41.743+0000] {dag.py:3033} INFO - Sync 1 DAGs
[2026-06-24T12:55:41.766+0000] {logging_mixin.py:188} INFO - [2026-06-24T12:55:41.766+0000] {dag.py:3820} INFO - Setting next_dagrun for review_timeout_dag to 2026-06-23T01:00:00+00:00, run_after=2026-06-24T01:00:00+00:00
[2026-06-24T12:55:41.784+0000] {processor.py:183} INFO - Processing /opt/airflow/dags/review_timeout_dag.py took 0.138 seconds
[2026-06-24T12:56:12.058+0000] {processor.py:161} INFO - Started process (PID=403) to work on /opt/airflow/dags/review_timeout_dag.py
[2026-06-24T12:56:12.060+0000] {processor.py:830} INFO - Processing file /opt/airflow/dags/review_timeout_dag.py for tasks to queue
[2026-06-24T12:56:12.064+0000] {logging_mixin.py:188} INFO - [2026-06-24T12:56:12.063+0000] {dagbag.py:538} INFO - Filling up the DagBag from /opt/airflow/dags/review_timeout_dag.py
[2026-06-24T12:56:12.092+0000] {processor.py:840} INFO - DAG(s) 'review_timeout_dag' retrieved from /opt/airflow/dags/review_timeout_dag.py
[2026-06-24T12:56:12.215+0000] {logging_mixin.py:188} INFO - [2026-06-24T12:56:12.214+0000] {dag.py:3033} INFO - Sync 1 DAGs
[2026-06-24T12:56:12.289+0000] {logging_mixin.py:188} INFO - [2026-06-24T12:56:12.289+0000] {dag.py:3820} INFO - Setting next_dagrun for review_timeout_dag to 2026-06-23T01:00:00+00:00, run_after=2026-06-24T01:00:00+00:00
[2026-06-24T12:56:12.327+0000] {processor.py:183} INFO - Processing /opt/airflow/dags/review_timeout_dag.py took 0.278 seconds
[2026-06-24T12:56:42.397+0000] {processor.py:161} INFO - Started process (PID=413) to work on /opt/airflow/dags/review_timeout_dag.py
[2026-06-24T12:56:42.399+0000] {processor.py:830} INFO - Processing file /opt/airflow/dags/review_timeout_dag.py for tasks to queue
[2026-06-24T12:56:42.400+0000] {logging_mixin.py:188} INFO - [2026-06-24T12:56:42.399+0000] {dagbag.py:538} INFO - Filling up the DagBag from /opt/airflow/dags/review_timeout_dag.py
[2026-06-24T12:56:42.433+0000] {processor.py:840} INFO - DAG(s) 'review_timeout_dag' retrieved from /opt/airflow/dags/review_timeout_dag.py
[2026-06-24T12:56:42.495+0000] {logging_mixin.py:188} INFO - [2026-06-24T12:56:42.494+0000] {dag.py:3033} INFO - Sync 1 DAGs
[2026-06-24T12:56:42.526+0000] {logging_mixin.py:188} INFO - [2026-06-24T12:56:42.526+0000] {dag.py:3820} INFO - Setting next_dagrun for review_timeout_dag to 2026-06-23T01:00:00+00:00, run_after=2026-06-24T01:00:00+00:00
[2026-06-24T12:56:42.550+0000] {processor.py:183} INFO - Processing /opt/airflow/dags/review_timeout_dag.py took 0.158 seconds
[2026-06-24T12:57:12.960+0000] {processor.py:161} INFO - Started process (PID=423) to work on /opt/airflow/dags/review_timeout_dag.py
[2026-06-24T12:57:12.961+0000] {processor.py:830} INFO - Processing file /opt/airflow/dags/review_timeout_dag.py for tasks to queue
[2026-06-24T12:57:12.962+0000] {logging_mixin.py:188} INFO - [2026-06-24T12:57:12.962+0000] {dagbag.py:538} INFO - Filling up the DagBag from /opt/airflow/dags/review_timeout_dag.py
[2026-06-24T12:57:12.983+0000] {processor.py:840} INFO - DAG(s) 'review_timeout_dag' retrieved from /opt/airflow/dags/review_timeout_dag.py
[2026-06-24T12:57:13.025+0000] {logging_mixin.py:188} INFO - [2026-06-24T12:57:13.024+0000] {dag.py:3033} INFO - Sync 1 DAGs
[2026-06-24T12:57:13.054+0000] {logging_mixin.py:188} INFO - [2026-06-24T12:57:13.054+0000] {dag.py:3820} INFO - Setting next_dagrun for review_timeout_dag to 2026-06-23T01:00:00+00:00, run_after=2026-06-24T01:00:00+00:00
[2026-06-24T12:57:13.076+0000] {processor.py:183} INFO - Processing /opt/airflow/dags/review_timeout_dag.py took 0.123 seconds
[2026-06-24T12:57:43.806+0000] {processor.py:161} INFO - Started process (PID=433) to work on /opt/airflow/dags/review_timeout_dag.py
[2026-06-24T12:57:43.807+0000] {processor.py:830} INFO - Processing file /opt/airflow/dags/review_timeout_dag.py for tasks to queue
[2026-06-24T12:57:43.809+0000] {logging_mixin.py:188} INFO - [2026-06-24T12:57:43.808+0000] {dagbag.py:538} INFO - Filling up the DagBag from /opt/airflow/dags/review_timeout_dag.py
[2026-06-24T12:57:43.850+0000] {processor.py:840} INFO - DAG(s) 'review_timeout_dag' retrieved from /opt/airflow/dags/review_timeout_dag.py
[2026-06-24T12:57:43.934+0000] {logging_mixin.py:188} INFO - [2026-06-24T12:57:43.934+0000] {dag.py:3033} INFO - Sync 1 DAGs
[2026-06-24T12:57:43.985+0000] {logging_mixin.py:188} INFO - [2026-06-24T12:57:43.985+0000] {dag.py:3820} INFO - Setting next_dagrun for review_timeout_dag to 2026-06-23T01:00:00+00:00, run_after=2026-06-24T01:00:00+00:00
[2026-06-24T12:57:44.007+0000] {processor.py:183} INFO - Processing /opt/airflow/dags/review_timeout_dag.py took 0.210 seconds
[2026-06-24T12:58:14.331+0000] {processor.py:161} INFO - Started process (PID=443) to work on /opt/airflow/dags/review_timeout_dag.py
[2026-06-24T12:58:14.333+0000] {processor.py:830} INFO - Processing file /opt/airflow/dags/review_timeout_dag.py for tasks to queue
[2026-06-24T12:58:14.335+0000] {logging_mixin.py:188} INFO - [2026-06-24T12:58:14.334+0000] {dagbag.py:538} INFO - Filling up the DagBag from /opt/airflow/dags/review_timeout_dag.py
[2026-06-24T12:58:14.378+0000] {processor.py:840} INFO - DAG(s) 'review_timeout_dag' retrieved from /opt/airflow/dags/review_timeout_dag.py
[2026-06-24T12:58:14.431+0000] {logging_mixin.py:188} INFO - [2026-06-24T12:58:14.431+0000] {dag.py:3033} INFO - Sync 1 DAGs
[2026-06-24T12:58:14.456+0000] {logging_mixin.py:188} INFO - [2026-06-24T12:58:14.456+0000] {dag.py:3820} INFO - Setting next_dagrun for review_timeout_dag to 2026-06-23T01:00:00+00:00, run_after=2026-06-24T01:00:00+00:00
[2026-06-24T12:58:14.475+0000] {processor.py:183} INFO - Processing /opt/airflow/dags/review_timeout_dag.py took 0.155 seconds
[2026-06-24T12:58:44.660+0000] {processor.py:161} INFO - Started process (PID=453) to work on /opt/airflow/dags/review_timeout_dag.py
[2026-06-24T12:58:44.664+0000] {processor.py:830} INFO - Processing file /opt/airflow/dags/review_timeout_dag.py for tasks to queue
[2026-06-24T12:58:44.665+0000] {logging_mixin.py:188} INFO - [2026-06-24T12:58:44.665+0000] {dagbag.py:538} INFO - Filling up the DagBag from /opt/airflow/dags/review_timeout_dag.py
[2026-06-24T12:58:44.691+0000] {processor.py:840} INFO - DAG(s) 'review_timeout_dag' retrieved from /opt/airflow/dags/review_timeout_dag.py
[2026-06-24T12:58:44.736+0000] {logging_mixin.py:188} INFO - [2026-06-24T12:58:44.736+0000] {dag.py:3033} INFO - Sync 1 DAGs
[2026-06-24T12:58:45.049+0000] {logging_mixin.py:188} INFO - [2026-06-24T12:58:45.048+0000] {dag.py:3820} INFO - Setting next_dagrun for review_timeout_dag to 2026-06-23T01:00:00+00:00, run_after=2026-06-24T01:00:00+00:00
[2026-06-24T12:58:45.097+0000] {processor.py:183} INFO - Processing /opt/airflow/dags/review_timeout_dag.py took 0.442 seconds
[2026-06-24T12:59:15.240+0000] {processor.py:161} INFO - Started process (PID=463) to work on /opt/airflow/dags/review_timeout_dag.py
[2026-06-24T12:59:15.244+0000] {processor.py:830} INFO - Processing file /opt/airflow/dags/review_timeout_dag.py for tasks to queue
[2026-06-24T12:59:15.250+0000] {logging_mixin.py:188} INFO - [2026-06-24T12:59:15.249+0000] {dagbag.py:538} INFO - Filling up the DagBag from /opt/airflow/dags/review_timeout_dag.py
[2026-06-24T12:59:15.331+0000] {processor.py:840} INFO - DAG(s) 'review_timeout_dag' retrieved from /opt/airflow/dags/review_timeout_dag.py
[2026-06-24T12:59:15.455+0000] {logging_mixin.py:188} INFO - [2026-06-24T12:59:15.454+0000] {dag.py:3033} INFO - Sync 1 DAGs
[2026-06-24T12:59:15.483+0000] {logging_mixin.py:188} INFO - [2026-06-24T12:59:15.482+0000] {dag.py:3820} INFO - Setting next_dagrun for review_timeout_dag to 2026-06-23T01:00:00+00:00, run_after=2026-06-24T01:00:00+00:00
[2026-06-24T12:59:15.545+0000] {processor.py:183} INFO - Processing /opt/airflow/dags/review_timeout_dag.py took 0.328 seconds
[2026-06-24T12:59:45.950+0000] {processor.py:161} INFO - Started process (PID=473) to work on /opt/airflow/dags/review_timeout_dag.py
[2026-06-24T12:59:45.953+0000] {processor.py:830} INFO - Processing file /opt/airflow/dags/review_timeout_dag.py for tasks to queue
[2026-06-24T12:59:45.956+0000] {logging_mixin.py:188} INFO - [2026-06-24T12:59:45.956+0000] {dagbag.py:538} INFO - Filling up the DagBag from /opt/airflow/dags/review_timeout_dag.py
[2026-06-24T12:59:46.000+0000] {processor.py:840} INFO - DAG(s) 'review_timeout_dag' retrieved from /opt/airflow/dags/review_timeout_dag.py
[2026-06-24T12:59:46.046+0000] {logging_mixin.py:188} INFO - [2026-06-24T12:59:46.046+0000] {dag.py:3033} INFO - Sync 1 DAGs
[2026-06-24T12:59:46.076+0000] {logging_mixin.py:188} INFO - [2026-06-24T12:59:46.075+0000] {dag.py:3820} INFO - Setting next_dagrun for review_timeout_dag to 2026-06-23T01:00:00+00:00, run_after=2026-06-24T01:00:00+00:00
[2026-06-24T12:59:46.099+0000] {processor.py:183} INFO - Processing /opt/airflow/dags/review_timeout_dag.py took 0.164 seconds
[2026-06-24T13:00:16.200+0000] {processor.py:161} INFO - Started process (PID=483) to work on /opt/airflow/dags/review_timeout_dag.py
[2026-06-24T13:00:16.207+0000] {processor.py:830} INFO - Processing file /opt/airflow/dags/review_timeout_dag.py for tasks to queue
[2026-06-24T13:00:16.208+0000] {logging_mixin.py:188} INFO - [2026-06-24T13:00:16.207+0000] {dagbag.py:538} INFO - Filling up the DagBag from /opt/airflow/dags/review_timeout_dag.py
[2026-06-24T13:00:16.235+0000] {processor.py:840} INFO - DAG(s) 'review_timeout_dag' retrieved from /opt/airflow/dags/review_timeout_dag.py
[2026-06-24T13:00:16.271+0000] {logging_mixin.py:188} INFO - [2026-06-24T13:00:16.271+0000] {dag.py:3033} INFO - Sync 1 DAGs
[2026-06-24T13:00:16.290+0000] {logging_mixin.py:188} INFO - [2026-06-24T13:00:16.290+0000] {dag.py:3820} INFO - Setting next_dagrun for review_timeout_dag to 2026-06-23T01:00:00+00:00, run_after=2026-06-24T01:00:00+00:00
[2026-06-24T13:00:16.307+0000] {processor.py:183} INFO - Processing /opt/airflow/dags/review_timeout_dag.py took 0.113 seconds
[2026-06-24T13:00:46.729+0000] {processor.py:161} INFO - Started process (PID=493) to work on /opt/airflow/dags/review_timeout_dag.py
[2026-06-24T13:00:46.730+0000] {processor.py:830} INFO - Processing file /opt/airflow/dags/review_timeout_dag.py for tasks to queue
[2026-06-24T13:00:46.732+0000] {logging_mixin.py:188} INFO - [2026-06-24T13:00:46.732+0000] {dagbag.py:538} INFO - Filling up the DagBag from /opt/airflow/dags/review_timeout_dag.py
[2026-06-24T13:00:46.756+0000] {processor.py:840} INFO - DAG(s) 'review_timeout_dag' retrieved from /opt/airflow/dags/review_timeout_dag.py
[2026-06-24T13:00:46.797+0000] {logging_mixin.py:188} INFO - [2026-06-24T13:00:46.797+0000] {dag.py:3033} INFO - Sync 1 DAGs
[2026-06-24T13:00:46.820+0000] {logging_mixin.py:188} INFO - [2026-06-24T13:00:46.820+0000] {dag.py:3820} INFO - Setting next_dagrun for review_timeout_dag to 2026-06-23T01:00:00+00:00, run_after=2026-06-24T01:00:00+00:00
[2026-06-24T13:00:46.835+0000] {processor.py:183} INFO - Processing /opt/airflow/dags/review_timeout_dag.py took 0.111 seconds
[2026-06-24T13:01:17.304+0000] {processor.py:161} INFO - Started process (PID=503) to work on /opt/airflow/dags/review_timeout_dag.py
[2026-06-24T13:01:17.312+0000] {processor.py:830} INFO - Processing file /opt/airflow/dags/review_timeout_dag.py for tasks to queue
[2026-06-24T13:01:17.315+0000] {logging_mixin.py:188} INFO - [2026-06-24T13:01:17.314+0000] {dagbag.py:538} INFO - Filling up the DagBag from /opt/airflow/dags/review_timeout_dag.py
[2026-06-24T13:01:17.358+0000] {processor.py:840} INFO - DAG(s) 'review_timeout_dag' retrieved from /opt/airflow/dags/review_timeout_dag.py
[2026-06-24T13:01:17.423+0000] {logging_mixin.py:188} INFO - [2026-06-24T13:01:17.423+0000] {dag.py:3033} INFO - Sync 1 DAGs
[2026-06-24T13:01:17.479+0000] {logging_mixin.py:188} INFO - [2026-06-24T13:01:17.479+0000] {dag.py:3820} INFO - Setting next_dagrun for review_timeout_dag to 2026-06-23T01:00:00+00:00, run_after=2026-06-24T01:00:00+00:00
[2026-06-24T13:01:17.499+0000] {processor.py:183} INFO - Processing /opt/airflow/dags/review_timeout_dag.py took 0.215 seconds
[2026-06-24T13:01:48.091+0000] {processor.py:161} INFO - Started process (PID=513) to work on /opt/airflow/dags/review_timeout_dag.py
[2026-06-24T13:01:48.094+0000] {processor.py:830} INFO - Processing file /opt/airflow/dags/review_timeout_dag.py for tasks to queue
[2026-06-24T13:01:48.100+0000] {logging_mixin.py:188} INFO - [2026-06-24T13:01:48.099+0000] {dagbag.py:538} INFO - Filling up the DagBag from /opt/airflow/dags/review_timeout_dag.py
[2026-06-24T13:01:48.158+0000] {processor.py:840} INFO - DAG(s) 'review_timeout_dag' retrieved from /opt/airflow/dags/review_timeout_dag.py
[2026-06-24T13:01:48.216+0000] {logging_mixin.py:188} INFO - [2026-06-24T13:01:48.215+0000] {dag.py:3033} INFO - Sync 1 DAGs
[2026-06-24T13:01:48.240+0000] {logging_mixin.py:188} INFO - [2026-06-24T13:01:48.240+0000] {dag.py:3820} INFO - Setting next_dagrun for review_timeout_dag to 2026-06-23T01:00:00+00:00, run_after=2026-06-24T01:00:00+00:00
[2026-06-24T13:01:48.262+0000] {processor.py:183} INFO - Processing /opt/airflow/dags/review_timeout_dag.py took 0.193 seconds
[2026-06-24T13:02:18.526+0000] {processor.py:161} INFO - Started process (PID=523) to work on /opt/airflow/dags/review_timeout_dag.py
[2026-06-24T13:02:18.531+0000] {processor.py:830} INFO - Processing file /opt/airflow/dags/review_timeout_dag.py for tasks to queue
[2026-06-24T13:02:18.534+0000] {logging_mixin.py:188} INFO - [2026-06-24T13:02:18.533+0000] {dagbag.py:538} INFO - Filling up the DagBag from /opt/airflow/dags/review_timeout_dag.py
[2026-06-24T13:02:18.586+0000] {processor.py:840} INFO - DAG(s) 'review_timeout_dag' retrieved from /opt/airflow/dags/review_timeout_dag.py
[2026-06-24T13:02:18.642+0000] {logging_mixin.py:188} INFO - [2026-06-24T13:02:18.642+0000] {dag.py:3033} INFO - Sync 1 DAGs
[2026-06-24T13:02:18.668+0000] {logging_mixin.py:188} INFO - [2026-06-24T13:02:18.668+0000] {dag.py:3820} INFO - Setting next_dagrun for review_timeout_dag to 2026-06-23T01:00:00+00:00, run_after=2026-06-24T01:00:00+00:00
[2026-06-24T13:02:18.693+0000] {processor.py:183} INFO - Processing /opt/airflow/dags/review_timeout_dag.py took 0.181 seconds
[2026-06-24T13:02:49.245+0000] {processor.py:161} INFO - Started process (PID=533) to work on /opt/airflow/dags/review_timeout_dag.py
[2026-06-24T13:02:49.247+0000] {processor.py:830} INFO - Processing file /opt/airflow/dags/review_timeout_dag.py for tasks to queue
[2026-06-24T13:02:49.248+0000] {logging_mixin.py:188} INFO - [2026-06-24T13:02:49.248+0000] {dagbag.py:538} INFO - Filling up the DagBag from /opt/airflow/dags/review_timeout_dag.py
[2026-06-24T13:02:49.273+0000] {processor.py:840} INFO - DAG(s) 'review_timeout_dag' retrieved from /opt/airflow/dags/review_timeout_dag.py
[2026-06-24T13:02:49.312+0000] {logging_mixin.py:188} INFO - [2026-06-24T13:02:49.311+0000] {dag.py:3033} INFO - Sync 1 DAGs
[2026-06-24T13:02:49.334+0000] {logging_mixin.py:188} INFO - [2026-06-24T13:02:49.333+0000] {dag.py:3820} INFO - Setting next_dagrun for review_timeout_dag to 2026-06-23T01:00:00+00:00, run_after=2026-06-24T01:00:00+00:00
[2026-06-24T13:02:49.354+0000] {processor.py:183} INFO - Processing /opt/airflow/dags/review_timeout_dag.py took 0.116 seconds
[2026-06-24T13:03:19.761+0000] {processor.py:161} INFO - Started process (PID=543) to work on /opt/airflow/dags/review_timeout_dag.py
[2026-06-24T13:03:19.766+0000] {processor.py:830} INFO - Processing file /opt/airflow/dags/review_timeout_dag.py for tasks to queue
[2026-06-24T13:03:19.770+0000] {logging_mixin.py:188} INFO - [2026-06-24T13:03:19.768+0000] {dagbag.py:538} INFO - Filling up the DagBag from /opt/airflow/dags/review_timeout_dag.py
[2026-06-24T13:03:19.800+0000] {processor.py:840} INFO - DAG(s) 'review_timeout_dag' retrieved from /opt/airflow/dags/review_timeout_dag.py
[2026-06-24T13:03:19.838+0000] {logging_mixin.py:188} INFO - [2026-06-24T13:03:19.838+0000] {dag.py:3033} INFO - Sync 1 DAGs
[2026-06-24T13:03:19.864+0000] {logging_mixin.py:188} INFO - [2026-06-24T13:03:19.863+0000] {dag.py:3820} INFO - Setting next_dagrun for review_timeout_dag to 2026-06-23T01:00:00+00:00, run_after=2026-06-24T01:00:00+00:00
[2026-06-24T13:03:19.883+0000] {processor.py:183} INFO - Processing /opt/airflow/dags/review_timeout_dag.py took 0.128 seconds
[2026-06-24T13:03:50.102+0000] {processor.py:161} INFO - Started process (PID=553) to work on /opt/airflow/dags/review_timeout_dag.py
[2026-06-24T13:03:50.103+0000] {processor.py:830} INFO - Processing file /opt/airflow/dags/review_timeout_dag.py for tasks to queue
[2026-06-24T13:03:50.105+0000] {logging_mixin.py:188} INFO - [2026-06-24T13:03:50.104+0000] {dagbag.py:538} INFO - Filling up the DagBag from /opt/airflow/dags/review_timeout_dag.py
[2026-06-24T13:03:50.125+0000] {processor.py:840} INFO - DAG(s) 'review_timeout_dag' retrieved from /opt/airflow/dags/review_timeout_dag.py
[2026-06-24T13:03:50.157+0000] {logging_mixin.py:188} INFO - [2026-06-24T13:03:50.156+0000] {dag.py:3033} INFO - Sync 1 DAGs
[2026-06-24T13:03:50.178+0000] {logging_mixin.py:188} INFO - [2026-06-24T13:03:50.177+0000] {dag.py:3820} INFO - Setting next_dagrun for review_timeout_dag to 2026-06-23T01:00:00+00:00, run_after=2026-06-24T01:00:00+00:00
[2026-06-24T13:03:50.193+0000] {processor.py:183} INFO - Processing /opt/airflow/dags/review_timeout_dag.py took 0.095 seconds
[2026-06-24T13:04:20.502+0000] {processor.py:161} INFO - Started process (PID=563) to work on /opt/airflow/dags/review_timeout_dag.py
[2026-06-24T13:04:20.503+0000] {processor.py:830} INFO - Processing file /opt/airflow/dags/review_timeout_dag.py for tasks to queue
[2026-06-24T13:04:20.507+0000] {logging_mixin.py:188} INFO - [2026-06-24T13:04:20.507+0000] {dagbag.py:538} INFO - Filling up the DagBag from /opt/airflow/dags/review_timeout_dag.py
[2026-06-24T13:04:20.530+0000] {processor.py:840} INFO - DAG(s) 'review_timeout_dag' retrieved from /opt/airflow/dags/review_timeout_dag.py
[2026-06-24T13:04:20.572+0000] {logging_mixin.py:188} INFO - [2026-06-24T13:04:20.572+0000] {dag.py:3033} INFO - Sync 1 DAGs
[2026-06-24T13:04:20.594+0000] {logging_mixin.py:188} INFO - [2026-06-24T13:04:20.594+0000] {dag.py:3820} INFO - Setting next_dagrun for review_timeout_dag to 2026-06-23T01:00:00+00:00, run_after=2026-06-24T01:00:00+00:00
[2026-06-24T13:04:20.610+0000] {processor.py:183} INFO - Processing /opt/airflow/dags/review_timeout_dag.py took 0.114 seconds
[2026-06-24T13:04:50.928+0000] {processor.py:161} INFO - Started process (PID=573) to work on /opt/airflow/dags/review_timeout_dag.py
[2026-06-24T13:04:50.929+0000] {processor.py:830} INFO - Processing file /opt/airflow/dags/review_timeout_dag.py for tasks to queue
[2026-06-24T13:04:50.932+0000] {logging_mixin.py:188} INFO - [2026-06-24T13:04:50.931+0000] {dagbag.py:538} INFO - Filling up the DagBag from /opt/airflow/dags/review_timeout_dag.py
[2026-06-24T13:04:50.952+0000] {processor.py:840} INFO - DAG(s) 'review_timeout_dag' retrieved from /opt/airflow/dags/review_timeout_dag.py
[2026-06-24T13:04:51.003+0000] {logging_mixin.py:188} INFO - [2026-06-24T13:04:51.003+0000] {dag.py:3033} INFO - Sync 1 DAGs
[2026-06-24T13:04:51.026+0000] {logging_mixin.py:188} INFO - [2026-06-24T13:04:51.026+0000] {dag.py:3820} INFO - Setting next_dagrun for review_timeout_dag to 2026-06-23T01:00:00+00:00, run_after=2026-06-24T01:00:00+00:00
[2026-06-24T13:04:51.044+0000] {processor.py:183} INFO - Processing /opt/airflow/dags/review_timeout_dag.py took 0.120 seconds
[2026-06-24T13:05:21.163+0000] {processor.py:161} INFO - Started process (PID=583) to work on /opt/airflow/dags/review_timeout_dag.py
[2026-06-24T13:05:21.165+0000] {processor.py:830} INFO - Processing file /opt/airflow/dags/review_timeout_dag.py for tasks to queue
[2026-06-24T13:05:21.166+0000] {logging_mixin.py:188} INFO - [2026-06-24T13:05:21.166+0000] {dagbag.py:538} INFO - Filling up the DagBag from /opt/airflow/dags/review_timeout_dag.py
[2026-06-24T13:05:21.187+0000] {processor.py:840} INFO - DAG(s) 'review_timeout_dag' retrieved from /opt/airflow/dags/review_timeout_dag.py
[2026-06-24T13:05:21.221+0000] {logging_mixin.py:188} INFO - [2026-06-24T13:05:21.221+0000] {dag.py:3033} INFO - Sync 1 DAGs
[2026-06-24T13:05:21.241+0000] {logging_mixin.py:188} INFO - [2026-06-24T13:05:21.241+0000] {dag.py:3820} INFO - Setting next_dagrun for review_timeout_dag to 2026-06-23T01:00:00+00:00, run_after=2026-06-24T01:00:00+00:00
[2026-06-24T13:05:21.256+0000] {processor.py:183} INFO - Processing /opt/airflow/dags/review_timeout_dag.py took 0.102 seconds
[2026-06-24T13:05:51.456+0000] {processor.py:161} INFO - Started process (PID=593) to work on /opt/airflow/dags/review_timeout_dag.py
[2026-06-24T13:05:51.457+0000] {processor.py:830} INFO - Processing file /opt/airflow/dags/review_timeout_dag.py for tasks to queue
[2026-06-24T13:05:51.458+0000] {logging_mixin.py:188} INFO - [2026-06-24T13:05:51.458+0000] {dagbag.py:538} INFO - Filling up the DagBag from /opt/airflow/dags/review_timeout_dag.py
[2026-06-24T13:05:51.483+0000] {processor.py:840} INFO - DAG(s) 'review_timeout_dag' retrieved from /opt/airflow/dags/review_timeout_dag.py
[2026-06-24T13:05:51.524+0000] {logging_mixin.py:188} INFO - [2026-06-24T13:05:51.524+0000] {dag.py:3033} INFO - Sync 1 DAGs
[2026-06-24T13:05:51.549+0000] {logging_mixin.py:188} INFO - [2026-06-24T13:05:51.549+0000] {dag.py:3820} INFO - Setting next_dagrun for review_timeout_dag to 2026-06-23T01:00:00+00:00, run_after=2026-06-24T01:00:00+00:00
[2026-06-24T13:05:51.570+0000] {processor.py:183} INFO - Processing /opt/airflow/dags/review_timeout_dag.py took 0.119 seconds
[2026-06-24T13:06:22.268+0000] {processor.py:161} INFO - Started process (PID=603) to work on /opt/airflow/dags/review_timeout_dag.py
[2026-06-24T13:06:22.274+0000] {processor.py:830} INFO - Processing file /opt/airflow/dags/review_timeout_dag.py for tasks to queue
[2026-06-24T13:06:22.275+0000] {logging_mixin.py:188} INFO - [2026-06-24T13:06:22.275+0000] {dagbag.py:538} INFO - Filling up the DagBag from /opt/airflow/dags/review_timeout_dag.py
[2026-06-24T13:06:22.312+0000] {processor.py:840} INFO - DAG(s) 'review_timeout_dag' retrieved from /opt/airflow/dags/review_timeout_dag.py
[2026-06-24T13:06:22.370+0000] {logging_mixin.py:188} INFO - [2026-06-24T13:06:22.369+0000] {dag.py:3033} INFO - Sync 1 DAGs
[2026-06-24T13:06:22.397+0000] {logging_mixin.py:188} INFO - [2026-06-24T13:06:22.397+0000] {dag.py:3820} INFO - Setting next_dagrun for review_timeout_dag to 2026-06-23T01:00:00+00:00, run_after=2026-06-24T01:00:00+00:00
[2026-06-24T13:06:22.417+0000] {processor.py:183} INFO - Processing /opt/airflow/dags/review_timeout_dag.py took 0.167 seconds
[2026-06-24T13:06:52.773+0000] {processor.py:161} INFO - Started process (PID=613) to work on /opt/airflow/dags/review_timeout_dag.py
[2026-06-24T13:06:52.774+0000] {processor.py:830} INFO - Processing file /opt/airflow/dags/review_timeout_dag.py for tasks to queue
[2026-06-24T13:06:52.776+0000] {logging_mixin.py:188} INFO - [2026-06-24T13:06:52.776+0000] {dagbag.py:538} INFO - Filling up the DagBag from /opt/airflow/dags/review_timeout_dag.py
[2026-06-24T13:06:52.799+0000] {processor.py:840} INFO - DAG(s) 'review_timeout_dag' retrieved from /opt/airflow/dags/review_timeout_dag.py
[2026-06-24T13:06:52.860+0000] {logging_mixin.py:188} INFO - [2026-06-24T13:06:52.860+0000] {dag.py:3033} INFO - Sync 1 DAGs
[2026-06-24T13:06:52.893+0000] {logging_mixin.py:188} INFO - [2026-06-24T13:06:52.893+0000] {dag.py:3820} INFO - Setting next_dagrun for review_timeout_dag to 2026-06-23T01:00:00+00:00, run_after=2026-06-24T01:00:00+00:00
[2026-06-24T13:06:52.913+0000] {processor.py:183} INFO - Processing /opt/airflow/dags/review_timeout_dag.py took 0.146 seconds
[2026-06-24T13:07:23.362+0000] {processor.py:161} INFO - Started process (PID=623) to work on /opt/airflow/dags/review_timeout_dag.py
[2026-06-24T13:07:23.381+0000] {processor.py:830} INFO - Processing file /opt/airflow/dags/review_timeout_dag.py for tasks to queue
[2026-06-24T13:07:23.421+0000] {logging_mixin.py:188} INFO - [2026-06-24T13:07:23.400+0000] {dagbag.py:538} INFO - Filling up the DagBag from /opt/airflow/dags/review_timeout_dag.py
[2026-06-24T13:07:23.525+0000] {processor.py:840} INFO - DAG(s) 'review_timeout_dag' retrieved from /opt/airflow/dags/review_timeout_dag.py
[2026-06-24T13:07:23.627+0000] {logging_mixin.py:188} INFO - [2026-06-24T13:07:23.626+0000] {dag.py:3033} INFO - Sync 1 DAGs
[2026-06-24T13:07:23.668+0000] {logging_mixin.py:188} INFO - [2026-06-24T13:07:23.668+0000] {dag.py:3820} INFO - Setting next_dagrun for review_timeout_dag to 2026-06-23T01:00:00+00:00, run_after=2026-06-24T01:00:00+00:00
[2026-06-24T13:07:23.705+0000] {processor.py:183} INFO - Processing /opt/airflow/dags/review_timeout_dag.py took 0.426 seconds
[2026-06-24T13:07:53.936+0000] {processor.py:161} INFO - Started process (PID=633) to work on /opt/airflow/dags/review_timeout_dag.py
[2026-06-24T13:07:53.940+0000] {processor.py:830} INFO - Processing file /opt/airflow/dags/review_timeout_dag.py for tasks to queue
[2026-06-24T13:07:53.942+0000] {logging_mixin.py:188} INFO - [2026-06-24T13:07:53.942+0000] {dagbag.py:538} INFO - Filling up the DagBag from /opt/airflow/dags/review_timeout_dag.py
[2026-06-24T13:07:53.976+0000] {processor.py:840} INFO - DAG(s) 'review_timeout_dag' retrieved from /opt/airflow/dags/review_timeout_dag.py
[2026-06-24T13:07:54.015+0000] {logging_mixin.py:188} INFO - [2026-06-24T13:07:54.014+0000] {dag.py:3033} INFO - Sync 1 DAGs
[2026-06-24T13:07:54.040+0000] {logging_mixin.py:188} INFO - [2026-06-24T13:07:54.040+0000] {dag.py:3820} INFO - Setting next_dagrun for review_timeout_dag to 2026-06-23T01:00:00+00:00, run_after=2026-06-24T01:00:00+00:00
[2026-06-24T13:07:54.061+0000] {processor.py:183} INFO - Processing /opt/airflow/dags/review_timeout_dag.py took 0.132 seconds
[2026-06-24T13:08:24.357+0000] {processor.py:161} INFO - Started process (PID=643) to work on /opt/airflow/dags/review_timeout_dag.py
[2026-06-24T13:08:24.358+0000] {processor.py:830} INFO - Processing file /opt/airflow/dags/review_timeout_dag.py for tasks to queue
[2026-06-24T13:08:24.359+0000] {logging_mixin.py:188} INFO - [2026-06-24T13:08:24.359+0000] {dagbag.py:538} INFO - Filling up the DagBag from /opt/airflow/dags/review_timeout_dag.py
[2026-06-24T13:08:24.392+0000] {processor.py:840} INFO - DAG(s) 'review_timeout_dag' retrieved from /opt/airflow/dags/review_timeout_dag.py
[2026-06-24T13:08:24.486+0000] {logging_mixin.py:188} INFO - [2026-06-24T13:08:24.486+0000] {dag.py:3033} INFO - Sync 1 DAGs
[2026-06-24T13:08:24.518+0000] {logging_mixin.py:188} INFO - [2026-06-24T13:08:24.518+0000] {dag.py:3820} INFO - Setting next_dagrun for review_timeout_dag to 2026-06-23T01:00:00+00:00, run_after=2026-06-24T01:00:00+00:00
[2026-06-24T13:08:24.554+0000] {processor.py:183} INFO - Processing /opt/airflow/dags/review_timeout_dag.py took 0.206 seconds
[2026-06-24T13:08:54.808+0000] {processor.py:161} INFO - Started process (PID=653) to work on /opt/airflow/dags/review_timeout_dag.py
[2026-06-24T13:08:54.816+0000] {processor.py:830} INFO - Processing file /opt/airflow/dags/review_timeout_dag.py for tasks to queue
[2026-06-24T13:08:54.824+0000] {logging_mixin.py:188} INFO - [2026-06-24T13:08:54.823+0000] {dagbag.py:538} INFO - Filling up the DagBag from /opt/airflow/dags/review_timeout_dag.py
[2026-06-24T13:08:55.288+0000] {processor.py:840} INFO - DAG(s) 'review_timeout_dag' retrieved from /opt/airflow/dags/review_timeout_dag.py
[2026-06-24T13:08:55.547+0000] {logging_mixin.py:188} INFO - [2026-06-24T13:08:55.546+0000] {dag.py:3033} INFO - Sync 1 DAGs
[2026-06-24T13:08:55.663+0000] {logging_mixin.py:188} INFO - [2026-06-24T13:08:55.663+0000] {dag.py:3820} INFO - Setting next_dagrun for review_timeout_dag to 2026-06-23T01:00:00+00:00, run_after=2026-06-24T01:00:00+00:00
[2026-06-24T13:08:55.709+0000] {processor.py:183} INFO - Processing /opt/airflow/dags/review_timeout_dag.py took 0.933 seconds
[2026-06-24T13:09:26.053+0000] {processor.py:161} INFO - Started process (PID=663) to work on /opt/airflow/dags/review_timeout_dag.py
[2026-06-24T13:09:26.055+0000] {processor.py:830} INFO - Processing file /opt/airflow/dags/review_timeout_dag.py for tasks to queue
[2026-06-24T13:09:26.056+0000] {logging_mixin.py:188} INFO - [2026-06-24T13:09:26.056+0000] {dagbag.py:538} INFO - Filling up the DagBag from /opt/airflow/dags/review_timeout_dag.py
[2026-06-24T13:09:26.087+0000] {processor.py:840} INFO - DAG(s) 'review_timeout_dag' retrieved from /opt/airflow/dags/review_timeout_dag.py
[2026-06-24T13:09:26.129+0000] {logging_mixin.py:188} INFO - [2026-06-24T13:09:26.128+0000] {dag.py:3033} INFO - Sync 1 DAGs
[2026-06-24T13:09:26.150+0000] {logging_mixin.py:188} INFO - [2026-06-24T13:09:26.150+0000] {dag.py:3820} INFO - Setting next_dagrun for review_timeout_dag to 2026-06-23T01:00:00+00:00, run_after=2026-06-24T01:00:00+00:00
[2026-06-24T13:09:26.171+0000] {processor.py:183} INFO - Processing /opt/airflow/dags/review_timeout_dag.py took 0.125 seconds
[2026-06-24T13:09:56.432+0000] {processor.py:161} INFO - Started process (PID=673) to work on /opt/airflow/dags/review_timeout_dag.py
[2026-06-24T13:09:56.435+0000] {processor.py:830} INFO - Processing file /opt/airflow/dags/review_timeout_dag.py for tasks to queue
[2026-06-24T13:09:56.436+0000] {logging_mixin.py:188} INFO - [2026-06-24T13:09:56.435+0000] {dagbag.py:538} INFO - Filling up the DagBag from /opt/airflow/dags/review_timeout_dag.py
[2026-06-24T13:09:56.458+0000] {processor.py:840} INFO - DAG(s) 'review_timeout_dag' retrieved from /opt/airflow/dags/review_timeout_dag.py
[2026-06-24T13:09:56.490+0000] {logging_mixin.py:188} INFO - [2026-06-24T13:09:56.489+0000] {dag.py:3033} INFO - Sync 1 DAGs
[2026-06-24T13:09:56.518+0000] {logging_mixin.py:188} INFO - [2026-06-24T13:09:56.518+0000] {dag.py:3820} INFO - Setting next_dagrun for review_timeout_dag to 2026-06-23T01:00:00+00:00, run_after=2026-06-24T01:00:00+00:00
[2026-06-24T13:09:56.532+0000] {processor.py:183} INFO - Processing /opt/airflow/dags/review_timeout_dag.py took 0.105 seconds
[2026-06-24T13:10:26.815+0000] {processor.py:161} INFO - Started process (PID=683) to work on /opt/airflow/dags/review_timeout_dag.py
[2026-06-24T13:10:26.816+0000] {processor.py:830} INFO - Processing file /opt/airflow/dags/review_timeout_dag.py for tasks to queue
[2026-06-24T13:10:26.818+0000] {logging_mixin.py:188} INFO - [2026-06-24T13:10:26.817+0000] {dagbag.py:538} INFO - Filling up the DagBag from /opt/airflow/dags/review_timeout_dag.py
[2026-06-24T13:10:26.840+0000] {processor.py:840} INFO - DAG(s) 'review_timeout_dag' retrieved from /opt/airflow/dags/review_timeout_dag.py
[2026-06-24T13:10:26.881+0000] {logging_mixin.py:188} INFO - [2026-06-24T13:10:26.881+0000] {dag.py:3033} INFO - Sync 1 DAGs
[2026-06-24T13:10:26.902+0000] {logging_mixin.py:188} INFO - [2026-06-24T13:10:26.902+0000] {dag.py:3820} INFO - Setting next_dagrun for review_timeout_dag to 2026-06-23T01:00:00+00:00, run_after=2026-06-24T01:00:00+00:00
[2026-06-24T13:10:26.924+0000] {processor.py:183} INFO - Processing /opt/airflow/dags/review_timeout_dag.py took 0.114 seconds
[2026-06-24T13:10:57.249+0000] {processor.py:161} INFO - Started process (PID=693) to work on /opt/airflow/dags/review_timeout_dag.py
[2026-06-24T13:10:57.253+0000] {processor.py:830} INFO - Processing file /opt/airflow/dags/review_timeout_dag.py for tasks to queue
[2026-06-24T13:10:57.257+0000] {logging_mixin.py:188} INFO - [2026-06-24T13:10:57.255+0000] {dagbag.py:538} INFO - Filling up the DagBag from /opt/airflow/dags/review_timeout_dag.py
[2026-06-24T13:10:57.305+0000] {processor.py:840} INFO - DAG(s) 'review_timeout_dag' retrieved from /opt/airflow/dags/review_timeout_dag.py
[2026-06-24T13:10:57.459+0000] {logging_mixin.py:188} INFO - [2026-06-24T13:10:57.459+0000] {dag.py:3033} INFO - Sync 1 DAGs
[2026-06-24T13:10:57.502+0000] {logging_mixin.py:188} INFO - [2026-06-24T13:10:57.501+0000] {dag.py:3820} INFO - Setting next_dagrun for review_timeout_dag to 2026-06-23T01:00:00+00:00, run_after=2026-06-24T01:00:00+00:00
[2026-06-24T13:10:57.524+0000] {processor.py:183} INFO - Processing /opt/airflow/dags/review_timeout_dag.py took 0.291 seconds
[2026-06-24T13:11:27.748+0000] {processor.py:161} INFO - Started process (PID=703) to work on /opt/airflow/dags/review_timeout_dag.py
[2026-06-24T13:11:27.751+0000] {processor.py:830} INFO - Processing file /opt/airflow/dags/review_timeout_dag.py for tasks to queue
[2026-06-24T13:11:27.752+0000] {logging_mixin.py:188} INFO - [2026-06-24T13:11:27.752+0000] {dagbag.py:538} INFO - Filling up the DagBag from /opt/airflow/dags/review_timeout_dag.py
[2026-06-24T13:11:27.772+0000] {processor.py:840} INFO - DAG(s) 'review_timeout_dag' retrieved from /opt/airflow/dags/review_timeout_dag.py
[2026-06-24T13:11:27.807+0000] {logging_mixin.py:188} INFO - [2026-06-24T13:11:27.807+0000] {dag.py:3033} INFO - Sync 1 DAGs
[2026-06-24T13:11:27.838+0000] {logging_mixin.py:188} INFO - [2026-06-24T13:11:27.838+0000] {dag.py:3820} INFO - Setting next_dagrun for review_timeout_dag to 2026-06-23T01:00:00+00:00, run_after=2026-06-24T01:00:00+00:00
[2026-06-24T13:11:27.865+0000] {processor.py:183} INFO - Processing /opt/airflow/dags/review_timeout_dag.py took 0.122 seconds
[2026-06-24T13:11:58.127+0000] {processor.py:161} INFO - Started process (PID=713) to work on /opt/airflow/dags/review_timeout_dag.py
[2026-06-24T13:11:58.130+0000] {processor.py:830} INFO - Processing file /opt/airflow/dags/review_timeout_dag.py for tasks to queue
[2026-06-24T13:11:58.132+0000] {logging_mixin.py:188} INFO - [2026-06-24T13:11:58.131+0000] {dagbag.py:538} INFO - Filling up the DagBag from /opt/airflow/dags/review_timeout_dag.py
[2026-06-24T13:11:58.165+0000] {processor.py:840} INFO - DAG(s) 'review_timeout_dag' retrieved from /opt/airflow/dags/review_timeout_dag.py
[2026-06-24T13:11:58.219+0000] {logging_mixin.py:188} INFO - [2026-06-24T13:11:58.219+0000] {dag.py:3033} INFO - Sync 1 DAGs
[2026-06-24T13:11:58.249+0000] {logging_mixin.py:188} INFO - [2026-06-24T13:11:58.249+0000] {dag.py:3820} INFO - Setting next_dagrun for review_timeout_dag to 2026-06-23T01:00:00+00:00, run_after=2026-06-24T01:00:00+00:00
[2026-06-24T13:11:58.272+0000] {processor.py:183} INFO - Processing /opt/airflow/dags/review_timeout_dag.py took 0.152 seconds
[2026-06-24T13:12:28.430+0000] {processor.py:161} INFO - Started process (PID=723) to work on /opt/airflow/dags/review_timeout_dag.py
[2026-06-24T13:12:28.433+0000] {processor.py:830} INFO - Processing file /opt/airflow/dags/review_timeout_dag.py for tasks to queue
[2026-06-24T13:12:28.434+0000] {logging_mixin.py:188} INFO - [2026-06-24T13:12:28.434+0000] {dagbag.py:538} INFO - Filling up the DagBag from /opt/airflow/dags/review_timeout_dag.py
[2026-06-24T13:12:28.461+0000] {processor.py:840} INFO - DAG(s) 'review_timeout_dag' retrieved from /opt/airflow/dags/review_timeout_dag.py
[2026-06-24T13:12:28.498+0000] {logging_mixin.py:188} INFO - [2026-06-24T13:12:28.498+0000] {dag.py:3033} INFO - Sync 1 DAGs
[2026-06-24T13:12:28.520+0000] {logging_mixin.py:188} INFO - [2026-06-24T13:12:28.520+0000] {dag.py:3820} INFO - Setting next_dagrun for review_timeout_dag to 2026-06-23T01:00:00+00:00, run_after=2026-06-24T01:00:00+00:00
[2026-06-24T13:12:28.536+0000] {processor.py:183} INFO - Processing /opt/airflow/dags/review_timeout_dag.py took 0.113 seconds
[2026-06-24T13:12:58.922+0000] {processor.py:161} INFO - Started process (PID=733) to work on /opt/airflow/dags/review_timeout_dag.py
[2026-06-24T13:12:58.924+0000] {processor.py:830} INFO - Processing file /opt/airflow/dags/review_timeout_dag.py for tasks to queue
[2026-06-24T13:12:58.930+0000] {logging_mixin.py:188} INFO - [2026-06-24T13:12:58.925+0000] {dagbag.py:538} INFO - Filling up the DagBag from /opt/airflow/dags/review_timeout_dag.py
[2026-06-24T13:12:58.963+0000] {processor.py:840} INFO - DAG(s) 'review_timeout_dag' retrieved from /opt/airflow/dags/review_timeout_dag.py
[2026-06-24T13:12:59.014+0000] {logging_mixin.py:188} INFO - [2026-06-24T13:12:59.013+0000] {dag.py:3033} INFO - Sync 1 DAGs
[2026-06-24T13:12:59.041+0000] {logging_mixin.py:188} INFO - [2026-06-24T13:12:59.041+0000] {dag.py:3820} INFO - Setting next_dagrun for review_timeout_dag to 2026-06-23T01:00:00+00:00, run_after=2026-06-24T01:00:00+00:00
[2026-06-24T13:12:59.066+0000] {processor.py:183} INFO - Processing /opt/airflow/dags/review_timeout_dag.py took 0.156 seconds
[2026-06-24T13:13:29.257+0000] {processor.py:161} INFO - Started process (PID=743) to work on /opt/airflow/dags/review_timeout_dag.py
[2026-06-24T13:13:29.258+0000] {processor.py:830} INFO - Processing file /opt/airflow/dags/review_timeout_dag.py for tasks to queue
[2026-06-24T13:13:29.259+0000] {logging_mixin.py:188} INFO - [2026-06-24T13:13:29.259+0000] {dagbag.py:538} INFO - Filling up the DagBag from /opt/airflow/dags/review_timeout_dag.py
[2026-06-24T13:13:29.285+0000] {processor.py:840} INFO - DAG(s) 'review_timeout_dag' retrieved from /opt/airflow/dags/review_timeout_dag.py
[2026-06-24T13:13:29.326+0000] {logging_mixin.py:188} INFO - [2026-06-24T13:13:29.326+0000] {dag.py:3033} INFO - Sync 1 DAGs
[2026-06-24T13:13:29.351+0000] {logging_mixin.py:188} INFO - [2026-06-24T13:13:29.350+0000] {dag.py:3820} INFO - Setting next_dagrun for review_timeout_dag to 2026-06-23T01:00:00+00:00, run_after=2026-06-24T01:00:00+00:00
[2026-06-24T13:13:29.368+0000] {processor.py:183} INFO - Processing /opt/airflow/dags/review_timeout_dag.py took 0.118 seconds
[2026-06-24T13:13:59.559+0000] {processor.py:161} INFO - Started process (PID=753) to work on /opt/airflow/dags/review_timeout_dag.py
[2026-06-24T13:13:59.562+0000] {processor.py:830} INFO - Processing file /opt/airflow/dags/review_timeout_dag.py for tasks to queue
[2026-06-24T13:13:59.564+0000] {logging_mixin.py:188} INFO - [2026-06-24T13:13:59.564+0000] {dagbag.py:538} INFO - Filling up the DagBag from /opt/airflow/dags/review_timeout_dag.py
[2026-06-24T13:13:59.591+0000] {processor.py:840} INFO - DAG(s) 'review_timeout_dag' retrieved from /opt/airflow/dags/review_timeout_dag.py
[2026-06-24T13:13:59.641+0000] {logging_mixin.py:188} INFO - [2026-06-24T13:13:59.641+0000] {dag.py:3033} INFO - Sync 1 DAGs
[2026-06-24T13:13:59.684+0000] {logging_mixin.py:188} INFO - [2026-06-24T13:13:59.684+0000] {dag.py:3820} INFO - Setting next_dagrun for review_timeout_dag to 2026-06-23T01:00:00+00:00, run_after=2026-06-24T01:00:00+00:00
[2026-06-24T13:13:59.707+0000] {processor.py:183} INFO - Processing /opt/airflow/dags/review_timeout_dag.py took 0.155 seconds
[2026-06-24T13:14:29.919+0000] {processor.py:161} INFO - Started process (PID=763) to work on /opt/airflow/dags/review_timeout_dag.py
[2026-06-24T13:14:29.921+0000] {processor.py:830} INFO - Processing file /opt/airflow/dags/review_timeout_dag.py for tasks to queue
[2026-06-24T13:14:29.922+0000] {logging_mixin.py:188} INFO - [2026-06-24T13:14:29.922+0000] {dagbag.py:538} INFO - Filling up the DagBag from /opt/airflow/dags/review_timeout_dag.py
[2026-06-24T13:14:29.947+0000] {processor.py:840} INFO - DAG(s) 'review_timeout_dag' retrieved from /opt/airflow/dags/review_timeout_dag.py
[2026-06-24T13:14:29.991+0000] {logging_mixin.py:188} INFO - [2026-06-24T13:14:29.991+0000] {dag.py:3033} INFO - Sync 1 DAGs
[2026-06-24T13:14:30.014+0000] {logging_mixin.py:188} INFO - [2026-06-24T13:14:30.014+0000] {dag.py:3820} INFO - Setting next_dagrun for review_timeout_dag to 2026-06-23T01:00:00+00:00, run_after=2026-06-24T01:00:00+00:00
[2026-06-24T13:14:30.034+0000] {processor.py:183} INFO - Processing /opt/airflow/dags/review_timeout_dag.py took 0.119 seconds
[2026-06-24T13:15:00.409+0000] {processor.py:161} INFO - Started process (PID=773) to work on /opt/airflow/dags/review_timeout_dag.py
[2026-06-24T13:15:00.411+0000] {processor.py:830} INFO - Processing file /opt/airflow/dags/review_timeout_dag.py for tasks to queue
[2026-06-24T13:15:00.412+0000] {logging_mixin.py:188} INFO - [2026-06-24T13:15:00.412+0000] {dagbag.py:538} INFO - Filling up the DagBag from /opt/airflow/dags/review_timeout_dag.py
[2026-06-24T13:15:00.439+0000] {processor.py:840} INFO - DAG(s) 'review_timeout_dag' retrieved from /opt/airflow/dags/review_timeout_dag.py
[2026-06-24T13:15:00.497+0000] {logging_mixin.py:188} INFO - [2026-06-24T13:15:00.497+0000] {dag.py:3033} INFO - Sync 1 DAGs
[2026-06-24T13:15:00.524+0000] {logging_mixin.py:188} INFO - [2026-06-24T13:15:00.524+0000] {dag.py:3820} INFO - Setting next_dagrun for review_timeout_dag to 2026-06-23T01:00:00+00:00, run_after=2026-06-24T01:00:00+00:00
[2026-06-24T13:15:00.544+0000] {processor.py:183} INFO - Processing /opt/airflow/dags/review_timeout_dag.py took 0.144 seconds
[2026-06-24T13:15:30.670+0000] {processor.py:161} INFO - Started process (PID=783) to work on /opt/airflow/dags/review_timeout_dag.py
[2026-06-24T13:15:30.672+0000] {processor.py:830} INFO - Processing file /opt/airflow/dags/review_timeout_dag.py for tasks to queue
[2026-06-24T13:15:30.675+0000] {logging_mixin.py:188} INFO - [2026-06-24T13:15:30.673+0000] {dagbag.py:538} INFO - Filling up the DagBag from /opt/airflow/dags/review_timeout_dag.py
[2026-06-24T13:15:30.716+0000] {processor.py:840} INFO - DAG(s) 'review_timeout_dag' retrieved from /opt/airflow/dags/review_timeout_dag.py
[2026-06-24T13:15:30.792+0000] {logging_mixin.py:188} INFO - [2026-06-24T13:15:30.792+0000] {dag.py:3033} INFO - Sync 1 DAGs
[2026-06-24T13:15:30.839+0000] {logging_mixin.py:188} INFO - [2026-06-24T13:15:30.839+0000] {dag.py:3820} INFO - Setting next_dagrun for review_timeout_dag to 2026-06-23T01:00:00+00:00, run_after=2026-06-24T01:00:00+00:00
[2026-06-24T13:15:30.872+0000] {processor.py:183} INFO - Processing /opt/airflow/dags/review_timeout_dag.py took 0.209 seconds
[2026-06-24T13:16:01.471+0000] {processor.py:161} INFO - Started process (PID=793) to work on /opt/airflow/dags/review_timeout_dag.py
[2026-06-24T13:16:01.474+0000] {processor.py:830} INFO - Processing file /opt/airflow/dags/review_timeout_dag.py for tasks to queue
[2026-06-24T13:16:01.475+0000] {logging_mixin.py:188} INFO - [2026-06-24T13:16:01.475+0000] {dagbag.py:538} INFO - Filling up the DagBag from /opt/airflow/dags/review_timeout_dag.py
[2026-06-24T13:16:01.526+0000] {processor.py:840} INFO - DAG(s) 'review_timeout_dag' retrieved from /opt/airflow/dags/review_timeout_dag.py
[2026-06-24T13:16:01.675+0000] {logging_mixin.py:188} INFO - [2026-06-24T13:16:01.675+0000] {dag.py:3033} INFO - Sync 1 DAGs
[2026-06-24T13:16:01.750+0000] {logging_mixin.py:188} INFO - [2026-06-24T13:16:01.749+0000] {dag.py:3820} INFO - Setting next_dagrun for review_timeout_dag to 2026-06-23T01:00:00+00:00, run_after=2026-06-24T01:00:00+00:00
[2026-06-24T13:16:01.790+0000] {processor.py:183} INFO - Processing /opt/airflow/dags/review_timeout_dag.py took 0.329 seconds
[2026-06-24T13:16:32.592+0000] {processor.py:161} INFO - Started process (PID=803) to work on /opt/airflow/dags/review_timeout_dag.py
[2026-06-24T13:16:32.598+0000] {processor.py:830} INFO - Processing file /opt/airflow/dags/review_timeout_dag.py for tasks to queue
[2026-06-24T13:16:32.603+0000] {logging_mixin.py:188} INFO - [2026-06-24T13:16:32.602+0000] {dagbag.py:538} INFO - Filling up the DagBag from /opt/airflow/dags/review_timeout_dag.py
[2026-06-24T13:16:32.665+0000] {processor.py:840} INFO - DAG(s) 'review_timeout_dag' retrieved from /opt/airflow/dags/review_timeout_dag.py
[2026-06-24T13:16:32.737+0000] {logging_mixin.py:188} INFO - [2026-06-24T13:16:32.737+0000] {dag.py:3033} INFO - Sync 1 DAGs
[2026-06-24T13:16:32.783+0000] {logging_mixin.py:188} INFO - [2026-06-24T13:16:32.783+0000] {dag.py:3820} INFO - Setting next_dagrun for review_timeout_dag to 2026-06-23T01:00:00+00:00, run_after=2026-06-24T01:00:00+00:00
[2026-06-24T13:16:32.804+0000] {processor.py:183} INFO - Processing /opt/airflow/dags/review_timeout_dag.py took 0.237 seconds
[2026-06-24T13:17:03.274+0000] {processor.py:161} INFO - Started process (PID=813) to work on /opt/airflow/dags/review_timeout_dag.py
[2026-06-24T13:17:03.275+0000] {processor.py:830} INFO - Processing file /opt/airflow/dags/review_timeout_dag.py for tasks to queue
[2026-06-24T13:17:03.277+0000] {logging_mixin.py:188} INFO - [2026-06-24T13:17:03.277+0000] {dagbag.py:538} INFO - Filling up the DagBag from /opt/airflow/dags/review_timeout_dag.py
[2026-06-24T13:17:03.301+0000] {processor.py:840} INFO - DAG(s) 'review_timeout_dag' retrieved from /opt/airflow/dags/review_timeout_dag.py
[2026-06-24T13:17:03.343+0000] {logging_mixin.py:188} INFO - [2026-06-24T13:17:03.343+0000] {dag.py:3033} INFO - Sync 1 DAGs
[2026-06-24T13:17:03.376+0000] {logging_mixin.py:188} INFO - [2026-06-24T13:17:03.376+0000] {dag.py:3820} INFO - Setting next_dagrun for review_timeout_dag to 2026-06-23T01:00:00+00:00, run_after=2026-06-24T01:00:00+00:00
[2026-06-24T13:17:03.410+0000] {processor.py:183} INFO - Processing /opt/airflow/dags/review_timeout_dag.py took 0.143 seconds
[2026-06-24T13:17:33.867+0000] {processor.py:161} INFO - Started process (PID=823) to work on /opt/airflow/dags/review_timeout_dag.py
[2026-06-24T13:17:33.868+0000] {processor.py:830} INFO - Processing file /opt/airflow/dags/review_timeout_dag.py for tasks to queue
[2026-06-24T13:17:33.872+0000] {logging_mixin.py:188} INFO - [2026-06-24T13:17:33.870+0000] {dagbag.py:538} INFO - Filling up the DagBag from /opt/airflow/dags/review_timeout_dag.py
[2026-06-24T13:17:33.901+0000] {processor.py:840} INFO - DAG(s) 'review_timeout_dag' retrieved from /opt/airflow/dags/review_timeout_dag.py
[2026-06-24T13:17:33.943+0000] {logging_mixin.py:188} INFO - [2026-06-24T13:17:33.943+0000] {dag.py:3033} INFO - Sync 1 DAGs
[2026-06-24T13:17:33.970+0000] {logging_mixin.py:188} INFO - [2026-06-24T13:17:33.970+0000] {dag.py:3820} INFO - Setting next_dagrun for review_timeout_dag to 2026-06-23T01:00:00+00:00, run_after=2026-06-24T01:00:00+00:00
[2026-06-24T13:17:33.988+0000] {processor.py:183} INFO - Processing /opt/airflow/dags/review_timeout_dag.py took 0.138 seconds
[2026-06-24T13:18:04.630+0000] {processor.py:161} INFO - Started process (PID=833) to work on /opt/airflow/dags/review_timeout_dag.py
[2026-06-24T13:18:04.632+0000] {processor.py:830} INFO - Processing file /opt/airflow/dags/review_timeout_dag.py for tasks to queue
[2026-06-24T13:18:04.641+0000] {logging_mixin.py:188} INFO - [2026-06-24T13:18:04.640+0000] {dagbag.py:538} INFO - Filling up the DagBag from /opt/airflow/dags/review_timeout_dag.py
[2026-06-24T13:18:04.715+0000] {processor.py:840} INFO - DAG(s) 'review_timeout_dag' retrieved from /opt/airflow/dags/review_timeout_dag.py
[2026-06-24T13:18:04.802+0000] {logging_mixin.py:188} INFO - [2026-06-24T13:18:04.801+0000] {dag.py:3033} INFO - Sync 1 DAGs
[2026-06-24T13:18:04.847+0000] {logging_mixin.py:188} INFO - [2026-06-24T13:18:04.847+0000] {dag.py:3820} INFO - Setting next_dagrun for review_timeout_dag to 2026-06-23T01:00:00+00:00, run_after=2026-06-24T01:00:00+00:00
[2026-06-24T13:18:04.876+0000] {processor.py:183} INFO - Processing /opt/airflow/dags/review_timeout_dag.py took 0.288 seconds
[2026-06-24T13:18:35.114+0000] {processor.py:161} INFO - Started process (PID=843) to work on /opt/airflow/dags/review_timeout_dag.py
[2026-06-24T13:18:35.116+0000] {processor.py:830} INFO - Processing file /opt/airflow/dags/review_timeout_dag.py for tasks to queue
[2026-06-24T13:18:35.119+0000] {logging_mixin.py:188} INFO - [2026-06-24T13:18:35.119+0000] {dagbag.py:538} INFO - Filling up the DagBag from /opt/airflow/dags/review_timeout_dag.py
[2026-06-24T13:18:35.145+0000] {processor.py:840} INFO - DAG(s) 'review_timeout_dag' retrieved from /opt/airflow/dags/review_timeout_dag.py
[2026-06-24T13:18:35.186+0000] {logging_mixin.py:188} INFO - [2026-06-24T13:18:35.186+0000] {dag.py:3033} INFO - Sync 1 DAGs
[2026-06-24T13:18:35.204+0000] {logging_mixin.py:188} INFO - [2026-06-24T13:18:35.204+0000] {dag.py:3820} INFO - Setting next_dagrun for review_timeout_dag to 2026-06-23T01:00:00+00:00, run_after=2026-06-24T01:00:00+00:00
[2026-06-24T13:18:35.223+0000] {processor.py:183} INFO - Processing /opt/airflow/dags/review_timeout_dag.py took 0.119 seconds
[2026-06-24T13:19:05.519+0000] {processor.py:161} INFO - Started process (PID=853) to work on /opt/airflow/dags/review_timeout_dag.py
[2026-06-24T13:19:05.526+0000] {processor.py:830} INFO - Processing file /opt/airflow/dags/review_timeout_dag.py for tasks to queue
[2026-06-24T13:19:05.531+0000] {logging_mixin.py:188} INFO - [2026-06-24T13:19:05.528+0000] {dagbag.py:538} INFO - Filling up the DagBag from /opt/airflow/dags/review_timeout_dag.py
[2026-06-24T13:19:05.590+0000] {processor.py:840} INFO - DAG(s) 'review_timeout_dag' retrieved from /opt/airflow/dags/review_timeout_dag.py
[2026-06-24T13:19:05.630+0000] {logging_mixin.py:188} INFO - [2026-06-24T13:19:05.630+0000] {dag.py:3033} INFO - Sync 1 DAGs
[2026-06-24T13:19:05.664+0000] {logging_mixin.py:188} INFO - [2026-06-24T13:19:05.663+0000] {dag.py:3820} INFO - Setting next_dagrun for review_timeout_dag to 2026-06-23T01:00:00+00:00, run_after=2026-06-24T01:00:00+00:00
[2026-06-24T13:19:05.704+0000] {processor.py:183} INFO - Processing /opt/airflow/dags/review_timeout_dag.py took 0.203 seconds
[2026-06-24T13:19:35.868+0000] {processor.py:161} INFO - Started process (PID=863) to work on /opt/airflow/dags/review_timeout_dag.py
[2026-06-24T13:19:35.870+0000] {processor.py:830} INFO - Processing file /opt/airflow/dags/review_timeout_dag.py for tasks to queue
[2026-06-24T13:19:35.872+0000] {logging_mixin.py:188} INFO - [2026-06-24T13:19:35.871+0000] {dagbag.py:538} INFO - Filling up the DagBag from /opt/airflow/dags/review_timeout_dag.py
[2026-06-24T13:19:35.893+0000] {processor.py:840} INFO - DAG(s) 'review_timeout_dag' retrieved from /opt/airflow/dags/review_timeout_dag.py
[2026-06-24T13:19:35.962+0000] {logging_mixin.py:188} INFO - [2026-06-24T13:19:35.962+0000] {dag.py:3033} INFO - Sync 1 DAGs
[2026-06-24T13:19:35.995+0000] {logging_mixin.py:188} INFO - [2026-06-24T13:19:35.994+0000] {dag.py:3820} INFO - Setting next_dagrun for review_timeout_dag to 2026-06-23T01:00:00+00:00, run_after=2026-06-24T01:00:00+00:00
[2026-06-24T13:19:36.020+0000] {processor.py:183} INFO - Processing /opt/airflow/dags/review_timeout_dag.py took 0.159 seconds
[2026-06-24T13:20:06.398+0000] {processor.py:161} INFO - Started process (PID=873) to work on /opt/airflow/dags/review_timeout_dag.py
[2026-06-24T13:20:06.399+0000] {processor.py:830} INFO - Processing file /opt/airflow/dags/review_timeout_dag.py for tasks to queue
[2026-06-24T13:20:06.400+0000] {logging_mixin.py:188} INFO - [2026-06-24T13:20:06.400+0000] {dagbag.py:538} INFO - Filling up the DagBag from /opt/airflow/dags/review_timeout_dag.py
[2026-06-24T13:20:06.426+0000] {processor.py:840} INFO - DAG(s) 'review_timeout_dag' retrieved from /opt/airflow/dags/review_timeout_dag.py
[2026-06-24T13:20:06.577+0000] {logging_mixin.py:188} INFO - [2026-06-24T13:20:06.576+0000] {dag.py:3033} INFO - Sync 1 DAGs
[2026-06-24T13:20:06.773+0000] {logging_mixin.py:188} INFO - [2026-06-24T13:20:06.773+0000] {dag.py:3820} INFO - Setting next_dagrun for review_timeout_dag to 2026-06-23T01:00:00+00:00, run_after=2026-06-24T01:00:00+00:00
[2026-06-24T13:20:07.066+0000] {processor.py:183} INFO - Processing /opt/airflow/dags/review_timeout_dag.py took 0.674 seconds
[2026-06-24T13:20:37.828+0000] {processor.py:161} INFO - Started process (PID=883) to work on /opt/airflow/dags/review_timeout_dag.py
[2026-06-24T13:20:37.832+0000] {processor.py:830} INFO - Processing file /opt/airflow/dags/review_timeout_dag.py for tasks to queue
[2026-06-24T13:20:37.834+0000] {logging_mixin.py:188} INFO - [2026-06-24T13:20:37.834+0000] {dagbag.py:538} INFO - Filling up the DagBag from /opt/airflow/dags/review_timeout_dag.py
[2026-06-24T13:20:37.875+0000] {processor.py:840} INFO - DAG(s) 'review_timeout_dag' retrieved from /opt/airflow/dags/review_timeout_dag.py
[2026-06-24T13:20:37.921+0000] {logging_mixin.py:188} INFO - [2026-06-24T13:20:37.920+0000] {dag.py:3033} INFO - Sync 1 DAGs
[2026-06-24T13:20:37.957+0000] {logging_mixin.py:188} INFO - [2026-06-24T13:20:37.957+0000] {dag.py:3820} INFO - Setting next_dagrun for review_timeout_dag to 2026-06-23T01:00:00+00:00, run_after=2026-06-24T01:00:00+00:00
[2026-06-24T13:20:37.982+0000] {processor.py:183} INFO - Processing /opt/airflow/dags/review_timeout_dag.py took 0.165 seconds
[2026-06-24T13:21:08.177+0000] {processor.py:161} INFO - Started process (PID=893) to work on /opt/airflow/dags/review_timeout_dag.py
[2026-06-24T13:21:08.178+0000] {processor.py:830} INFO - Processing file /opt/airflow/dags/review_timeout_dag.py for tasks to queue
[2026-06-24T13:21:08.181+0000] {logging_mixin.py:188} INFO - [2026-06-24T13:21:08.180+0000] {dagbag.py:538} INFO - Filling up the DagBag from /opt/airflow/dags/review_timeout_dag.py
[2026-06-24T13:21:08.206+0000] {processor.py:840} INFO - DAG(s) 'review_timeout_dag' retrieved from /opt/airflow/dags/review_timeout_dag.py
[2026-06-24T13:21:08.246+0000] {logging_mixin.py:188} INFO - [2026-06-24T13:21:08.246+0000] {dag.py:3033} INFO - Sync 1 DAGs
[2026-06-24T13:21:08.272+0000] {logging_mixin.py:188} INFO - [2026-06-24T13:21:08.272+0000] {dag.py:3820} INFO - Setting next_dagrun for review_timeout_dag to 2026-06-23T01:00:00+00:00, run_after=2026-06-24T01:00:00+00:00
[2026-06-24T13:21:08.291+0000] {processor.py:183} INFO - Processing /opt/airflow/dags/review_timeout_dag.py took 0.125 seconds
[2026-06-24T13:21:38.572+0000] {processor.py:161} INFO - Started process (PID=903) to work on /opt/airflow/dags/review_timeout_dag.py
[2026-06-24T13:21:38.572+0000] {processor.py:830} INFO - Processing file /opt/airflow/dags/review_timeout_dag.py for tasks to queue
[2026-06-24T13:21:38.574+0000] {logging_mixin.py:188} INFO - [2026-06-24T13:21:38.573+0000] {dagbag.py:538} INFO - Filling up the DagBag from /opt/airflow/dags/review_timeout_dag.py
[2026-06-24T13:21:38.595+0000] {processor.py:840} INFO - DAG(s) 'review_timeout_dag' retrieved from /opt/airflow/dags/review_timeout_dag.py
[2026-06-24T13:21:38.647+0000] {logging_mixin.py:188} INFO - [2026-06-24T13:21:38.647+0000] {dag.py:3033} INFO - Sync 1 DAGs
[2026-06-24T13:21:38.670+0000] {logging_mixin.py:188} INFO - [2026-06-24T13:21:38.670+0000] {dag.py:3820} INFO - Setting next_dagrun for review_timeout_dag to 2026-06-23T01:00:00+00:00, run_after=2026-06-24T01:00:00+00:00
[2026-06-24T13:21:38.693+0000] {processor.py:183} INFO - Processing /opt/airflow/dags/review_timeout_dag.py took 0.126 seconds
[2026-06-24T13:22:09.208+0000] {processor.py:161} INFO - Started process (PID=913) to work on /opt/airflow/dags/review_timeout_dag.py
[2026-06-24T13:22:09.209+0000] {processor.py:830} INFO - Processing file /opt/airflow/dags/review_timeout_dag.py for tasks to queue
[2026-06-24T13:22:09.210+0000] {logging_mixin.py:188} INFO - [2026-06-24T13:22:09.209+0000] {dagbag.py:538} INFO - Filling up the DagBag from /opt/airflow/dags/review_timeout_dag.py
[2026-06-24T13:22:09.245+0000] {processor.py:840} INFO - DAG(s) 'review_timeout_dag' retrieved from /opt/airflow/dags/review_timeout_dag.py
[2026-06-24T13:22:09.300+0000] {logging_mixin.py:188} INFO - [2026-06-24T13:22:09.300+0000] {dag.py:3033} INFO - Sync 1 DAGs
[2026-06-24T13:22:09.335+0000] {logging_mixin.py:188} INFO - [2026-06-24T13:22:09.334+0000] {dag.py:3820} INFO - Setting next_dagrun for review_timeout_dag to 2026-06-23T01:00:00+00:00, run_after=2026-06-24T01:00:00+00:00
[2026-06-24T13:22:09.356+0000] {processor.py:183} INFO - Processing /opt/airflow/dags/review_timeout_dag.py took 0.159 seconds
[2026-06-24T13:22:39.704+0000] {processor.py:161} INFO - Started process (PID=923) to work on /opt/airflow/dags/review_timeout_dag.py
[2026-06-24T13:22:39.706+0000] {processor.py:830} INFO - Processing file /opt/airflow/dags/review_timeout_dag.py for tasks to queue
[2026-06-24T13:22:39.707+0000] {logging_mixin.py:188} INFO - [2026-06-24T13:22:39.706+0000] {dagbag.py:538} INFO - Filling up the DagBag from /opt/airflow/dags/review_timeout_dag.py
[2026-06-24T13:22:39.732+0000] {processor.py:840} INFO - DAG(s) 'review_timeout_dag' retrieved from /opt/airflow/dags/review_timeout_dag.py
[2026-06-24T13:22:39.772+0000] {logging_mixin.py:188} INFO - [2026-06-24T13:22:39.772+0000] {dag.py:3033} INFO - Sync 1 DAGs
[2026-06-24T13:22:39.804+0000] {logging_mixin.py:188} INFO - [2026-06-24T13:22:39.804+0000] {dag.py:3820} INFO - Setting next_dagrun for review_timeout_dag to 2026-06-23T01:00:00+00:00, run_after=2026-06-24T01:00:00+00:00
[2026-06-24T13:22:39.825+0000] {processor.py:183} INFO - Processing /opt/airflow/dags/review_timeout_dag.py took 0.126 seconds
[2026-06-24T13:23:10.357+0000] {processor.py:161} INFO - Started process (PID=933) to work on /opt/airflow/dags/review_timeout_dag.py
[2026-06-24T13:23:10.359+0000] {processor.py:830} INFO - Processing file /opt/airflow/dags/review_timeout_dag.py for tasks to queue
[2026-06-24T13:23:10.361+0000] {logging_mixin.py:188} INFO - [2026-06-24T13:23:10.360+0000] {dagbag.py:538} INFO - Filling up the DagBag from /opt/airflow/dags/review_timeout_dag.py
[2026-06-24T13:23:10.449+0000] {processor.py:840} INFO - DAG(s) 'review_timeout_dag' retrieved from /opt/airflow/dags/review_timeout_dag.py
[2026-06-24T13:23:10.613+0000] {logging_mixin.py:188} INFO - [2026-06-24T13:23:10.613+0000] {dag.py:3033} INFO - Sync 1 DAGs
[2026-06-24T13:23:10.717+0000] {logging_mixin.py:188} INFO - [2026-06-24T13:23:10.717+0000] {dag.py:3820} INFO - Setting next_dagrun for review_timeout_dag to 2026-06-23T01:00:00+00:00, run_after=2026-06-24T01:00:00+00:00
[2026-06-24T13:23:10.781+0000] {processor.py:183} INFO - Processing /opt/airflow/dags/review_timeout_dag.py took 0.438 seconds
[2026-06-24T13:23:41.056+0000] {processor.py:161} INFO - Started process (PID=943) to work on /opt/airflow/dags/review_timeout_dag.py
[2026-06-24T13:23:41.058+0000] {processor.py:830} INFO - Processing file /opt/airflow/dags/review_timeout_dag.py for tasks to queue
[2026-06-24T13:23:41.059+0000] {logging_mixin.py:188} INFO - [2026-06-24T13:23:41.058+0000] {dagbag.py:538} INFO - Filling up the DagBag from /opt/airflow/dags/review_timeout_dag.py
[2026-06-24T13:23:41.084+0000] {processor.py:840} INFO - DAG(s) 'review_timeout_dag' retrieved from /opt/airflow/dags/review_timeout_dag.py
[2026-06-24T13:23:41.178+0000] {logging_mixin.py:188} INFO - [2026-06-24T13:23:41.177+0000] {dag.py:3033} INFO - Sync 1 DAGs
[2026-06-24T13:23:41.254+0000] {logging_mixin.py:188} INFO - [2026-06-24T13:23:41.253+0000] {dag.py:3820} INFO - Setting next_dagrun for review_timeout_dag to 2026-06-23T01:00:00+00:00, run_after=2026-06-24T01:00:00+00:00
[2026-06-24T13:23:41.358+0000] {processor.py:183} INFO - Processing /opt/airflow/dags/review_timeout_dag.py took 0.307 seconds
[2026-06-24T13:24:12.018+0000] {processor.py:161} INFO - Started process (PID=953) to work on /opt/airflow/dags/review_timeout_dag.py
[2026-06-24T13:24:12.019+0000] {processor.py:830} INFO - Processing file /opt/airflow/dags/review_timeout_dag.py for tasks to queue
[2026-06-24T13:24:12.020+0000] {logging_mixin.py:188} INFO - [2026-06-24T13:24:12.020+0000] {dagbag.py:538} INFO - Filling up the DagBag from /opt/airflow/dags/review_timeout_dag.py
[2026-06-24T13:24:12.043+0000] {processor.py:840} INFO - DAG(s) 'review_timeout_dag' retrieved from /opt/airflow/dags/review_timeout_dag.py
[2026-06-24T13:24:12.198+0000] {logging_mixin.py:188} INFO - [2026-06-24T13:24:12.198+0000] {dag.py:3033} INFO - Sync 1 DAGs
[2026-06-24T13:24:12.240+0000] {logging_mixin.py:188} INFO - [2026-06-24T13:24:12.240+0000] {dag.py:3820} INFO - Setting next_dagrun for review_timeout_dag to 2026-06-23T01:00:00+00:00, run_after=2026-06-24T01:00:00+00:00
[2026-06-24T13:24:12.262+0000] {processor.py:183} INFO - Processing /opt/airflow/dags/review_timeout_dag.py took 0.248 seconds
[2026-06-24T13:24:42.519+0000] {processor.py:161} INFO - Started process (PID=963) to work on /opt/airflow/dags/review_timeout_dag.py
[2026-06-24T13:24:42.521+0000] {processor.py:830} INFO - Processing file /opt/airflow/dags/review_timeout_dag.py for tasks to queue
[2026-06-24T13:24:42.526+0000] {logging_mixin.py:188} INFO - [2026-06-24T13:24:42.521+0000] {dagbag.py:538} INFO - Filling up the DagBag from /opt/airflow/dags/review_timeout_dag.py
[2026-06-24T13:24:42.564+0000] {processor.py:840} INFO - DAG(s) 'review_timeout_dag' retrieved from /opt/airflow/dags/review_timeout_dag.py
[2026-06-24T13:24:42.623+0000] {logging_mixin.py:188} INFO - [2026-06-24T13:24:42.623+0000] {dag.py:3033} INFO - Sync 1 DAGs
[2026-06-24T13:24:42.650+0000] {logging_mixin.py:188} INFO - [2026-06-24T13:24:42.650+0000] {dag.py:3820} INFO - Setting next_dagrun for review_timeout_dag to 2026-06-23T01:00:00+00:00, run_after=2026-06-24T01:00:00+00:00
[2026-06-24T13:24:42.670+0000] {processor.py:183} INFO - Processing /opt/airflow/dags/review_timeout_dag.py took 0.156 seconds
[2026-06-24T13:25:13.125+0000] {processor.py:161} INFO - Started process (PID=973) to work on /opt/airflow/dags/review_timeout_dag.py
[2026-06-24T13:25:13.127+0000] {processor.py:830} INFO - Processing file /opt/airflow/dags/review_timeout_dag.py for tasks to queue
[2026-06-24T13:25:13.129+0000] {logging_mixin.py:188} INFO - [2026-06-24T13:25:13.128+0000] {dagbag.py:538} INFO - Filling up the DagBag from /opt/airflow/dags/review_timeout_dag.py
[2026-06-24T13:25:13.166+0000] {processor.py:840} INFO - DAG(s) 'review_timeout_dag' retrieved from /opt/airflow/dags/review_timeout_dag.py
[2026-06-24T13:25:13.221+0000] {logging_mixin.py:188} INFO - [2026-06-24T13:25:13.221+0000] {dag.py:3033} INFO - Sync 1 DAGs
[2026-06-24T13:25:13.250+0000] {logging_mixin.py:188} INFO - [2026-06-24T13:25:13.250+0000] {dag.py:3820} INFO - Setting next_dagrun for review_timeout_dag to 2026-06-23T01:00:00+00:00, run_after=2026-06-24T01:00:00+00:00
[2026-06-24T13:25:13.274+0000] {processor.py:183} INFO - Processing /opt/airflow/dags/review_timeout_dag.py took 0.160 seconds
[2026-06-24T13:25:43.823+0000] {processor.py:161} INFO - Started process (PID=983) to work on /opt/airflow/dags/review_timeout_dag.py
[2026-06-24T13:25:43.827+0000] {processor.py:830} INFO - Processing file /opt/airflow/dags/review_timeout_dag.py for tasks to queue
[2026-06-24T13:25:43.829+0000] {logging_mixin.py:188} INFO - [2026-06-24T13:25:43.829+0000] {dagbag.py:538} INFO - Filling up the DagBag from /opt/airflow/dags/review_timeout_dag.py
[2026-06-24T13:25:43.868+0000] {processor.py:840} INFO - DAG(s) 'review_timeout_dag' retrieved from /opt/airflow/dags/review_timeout_dag.py
[2026-06-24T13:25:43.939+0000] {logging_mixin.py:188} INFO - [2026-06-24T13:25:43.938+0000] {dag.py:3033} INFO - Sync 1 DAGs
[2026-06-24T13:25:43.978+0000] {logging_mixin.py:188} INFO - [2026-06-24T13:25:43.978+0000] {dag.py:3820} INFO - Setting next_dagrun for review_timeout_dag to 2026-06-23T01:00:00+00:00, run_after=2026-06-24T01:00:00+00:00
[2026-06-24T13:25:44.013+0000] {processor.py:183} INFO - Processing /opt/airflow/dags/review_timeout_dag.py took 0.204 seconds
[2026-06-24T13:26:14.207+0000] {processor.py:161} INFO - Started process (PID=993) to work on /opt/airflow/dags/review_timeout_dag.py
[2026-06-24T13:26:14.209+0000] {processor.py:830} INFO - Processing file /opt/airflow/dags/review_timeout_dag.py for tasks to queue
[2026-06-24T13:26:14.211+0000] {logging_mixin.py:188} INFO - [2026-06-24T13:26:14.211+0000] {dagbag.py:538} INFO - Filling up the DagBag from /opt/airflow/dags/review_timeout_dag.py
[2026-06-24T13:26:14.236+0000] {processor.py:840} INFO - DAG(s) 'review_timeout_dag' retrieved from /opt/airflow/dags/review_timeout_dag.py
[2026-06-24T13:26:14.278+0000] {logging_mixin.py:188} INFO - [2026-06-24T13:26:14.278+0000] {dag.py:3033} INFO - Sync 1 DAGs
[2026-06-24T13:26:14.302+0000] {logging_mixin.py:188} INFO - [2026-06-24T13:26:14.301+0000] {dag.py:3820} INFO - Setting next_dagrun for review_timeout_dag to 2026-06-23T01:00:00+00:00, run_after=2026-06-24T01:00:00+00:00
[2026-06-24T13:26:14.325+0000] {processor.py:183} INFO - Processing /opt/airflow/dags/review_timeout_dag.py took 0.124 seconds
[2026-06-24T13:26:44.533+0000] {processor.py:161} INFO - Started process (PID=1003) to work on /opt/airflow/dags/review_timeout_dag.py
[2026-06-24T13:26:44.534+0000] {processor.py:830} INFO - Processing file /opt/airflow/dags/review_timeout_dag.py for tasks to queue
[2026-06-24T13:26:44.536+0000] {logging_mixin.py:188} INFO - [2026-06-24T13:26:44.535+0000] {dagbag.py:538} INFO - Filling up the DagBag from /opt/airflow/dags/review_timeout_dag.py
[2026-06-24T13:26:44.585+0000] {processor.py:840} INFO - DAG(s) 'review_timeout_dag' retrieved from /opt/airflow/dags/review_timeout_dag.py
[2026-06-24T13:26:44.653+0000] {logging_mixin.py:188} INFO - [2026-06-24T13:26:44.652+0000] {dag.py:3033} INFO - Sync 1 DAGs
[2026-06-24T13:26:44.693+0000] {logging_mixin.py:188} INFO - [2026-06-24T13:26:44.692+0000] {dag.py:3820} INFO - Setting next_dagrun for review_timeout_dag to 2026-06-23T01:00:00+00:00, run_after=2026-06-24T01:00:00+00:00
[2026-06-24T13:26:44.726+0000] {processor.py:183} INFO - Processing /opt/airflow/dags/review_timeout_dag.py took 0.200 seconds
[2026-06-24T13:27:15.172+0000] {processor.py:161} INFO - Started process (PID=1013) to work on /opt/airflow/dags/review_timeout_dag.py
[2026-06-24T13:27:15.180+0000] {processor.py:830} INFO - Processing file /opt/airflow/dags/review_timeout_dag.py for tasks to queue
[2026-06-24T13:27:15.183+0000] {logging_mixin.py:188} INFO - [2026-06-24T13:27:15.182+0000] {dagbag.py:538} INFO - Filling up the DagBag from /opt/airflow/dags/review_timeout_dag.py
[2026-06-24T13:27:15.262+0000] {processor.py:840} INFO - DAG(s) 'review_timeout_dag' retrieved from /opt/airflow/dags/review_timeout_dag.py
[2026-06-24T13:27:15.360+0000] {logging_mixin.py:188} INFO - [2026-06-24T13:27:15.360+0000] {dag.py:3033} INFO - Sync 1 DAGs
[2026-06-24T13:27:15.392+0000] {logging_mixin.py:188} INFO - [2026-06-24T13:27:15.392+0000] {dag.py:3820} INFO - Setting next_dagrun for review_timeout_dag to 2026-06-23T01:00:00+00:00, run_after=2026-06-24T01:00:00+00:00
[2026-06-24T13:27:15.420+0000] {processor.py:183} INFO - Processing /opt/airflow/dags/review_timeout_dag.py took 0.295 seconds
[2026-06-24T13:27:45.632+0000] {processor.py:161} INFO - Started process (PID=1023) to work on /opt/airflow/dags/review_timeout_dag.py
[2026-06-24T13:27:45.635+0000] {processor.py:830} INFO - Processing file /opt/airflow/dags/review_timeout_dag.py for tasks to queue
[2026-06-24T13:27:45.639+0000] {logging_mixin.py:188} INFO - [2026-06-24T13:27:45.638+0000] {dagbag.py:538} INFO - Filling up the DagBag from /opt/airflow/dags/review_timeout_dag.py
[2026-06-24T13:27:45.685+0000] {processor.py:840} INFO - DAG(s) 'review_timeout_dag' retrieved from /opt/airflow/dags/review_timeout_dag.py
[2026-06-24T13:27:45.737+0000] {logging_mixin.py:188} INFO - [2026-06-24T13:27:45.737+0000] {dag.py:3033} INFO - Sync 1 DAGs
[2026-06-24T13:27:45.764+0000] {logging_mixin.py:188} INFO - [2026-06-24T13:27:45.764+0000] {dag.py:3820} INFO - Setting next_dagrun for review_timeout_dag to 2026-06-23T01:00:00+00:00, run_after=2026-06-24T01:00:00+00:00
[2026-06-24T13:27:45.785+0000] {processor.py:183} INFO - Processing /opt/airflow/dags/review_timeout_dag.py took 0.161 seconds
[2026-06-24T13:28:16.656+0000] {processor.py:161} INFO - Started process (PID=1033) to work on /opt/airflow/dags/review_timeout_dag.py
[2026-06-24T13:28:16.665+0000] {processor.py:830} INFO - Processing file /opt/airflow/dags/review_timeout_dag.py for tasks to queue
[2026-06-24T13:28:16.673+0000] {logging_mixin.py:188} INFO - [2026-06-24T13:28:16.668+0000] {dagbag.py:538} INFO - Filling up the DagBag from /opt/airflow/dags/review_timeout_dag.py
[2026-06-24T13:28:16.756+0000] {processor.py:840} INFO - DAG(s) 'review_timeout_dag' retrieved from /opt/airflow/dags/review_timeout_dag.py
[2026-06-24T13:28:16.830+0000] {logging_mixin.py:188} INFO - [2026-06-24T13:28:16.829+0000] {dag.py:3033} INFO - Sync 1 DAGs
[2026-06-24T13:28:16.865+0000] {logging_mixin.py:188} INFO - [2026-06-24T13:28:16.865+0000] {dag.py:3820} INFO - Setting next_dagrun for review_timeout_dag to 2026-06-23T01:00:00+00:00, run_after=2026-06-24T01:00:00+00:00
[2026-06-24T13:28:16.903+0000] {processor.py:183} INFO - Processing /opt/airflow/dags/review_timeout_dag.py took 0.277 seconds
[2026-06-24T13:28:47.291+0000] {processor.py:161} INFO - Started process (PID=1043) to work on /opt/airflow/dags/review_timeout_dag.py
[2026-06-24T13:28:47.293+0000] {processor.py:830} INFO - Processing file /opt/airflow/dags/review_timeout_dag.py for tasks to queue
[2026-06-24T13:28:47.294+0000] {logging_mixin.py:188} INFO - [2026-06-24T13:28:47.293+0000] {dagbag.py:538} INFO - Filling up the DagBag from /opt/airflow/dags/review_timeout_dag.py
[2026-06-24T13:28:47.377+0000] {processor.py:840} INFO - DAG(s) 'review_timeout_dag' retrieved from /opt/airflow/dags/review_timeout_dag.py
[2026-06-24T13:28:47.479+0000] {logging_mixin.py:188} INFO - [2026-06-24T13:28:47.478+0000] {dag.py:3033} INFO - Sync 1 DAGs
[2026-06-24T13:28:47.544+0000] {logging_mixin.py:188} INFO - [2026-06-24T13:28:47.543+0000] {dag.py:3820} INFO - Setting next_dagrun for review_timeout_dag to 2026-06-23T01:00:00+00:00, run_after=2026-06-24T01:00:00+00:00
[2026-06-24T13:28:47.894+0000] {processor.py:183} INFO - Processing /opt/airflow/dags/review_timeout_dag.py took 0.616 seconds
[2026-06-24T13:29:18.776+0000] {processor.py:161} INFO - Started process (PID=1053) to work on /opt/airflow/dags/review_timeout_dag.py
[2026-06-24T13:29:18.782+0000] {processor.py:830} INFO - Processing file /opt/airflow/dags/review_timeout_dag.py for tasks to queue
[2026-06-24T13:29:18.787+0000] {logging_mixin.py:188} INFO - [2026-06-24T13:29:18.787+0000] {dagbag.py:538} INFO - Filling up the DagBag from /opt/airflow/dags/review_timeout_dag.py
[2026-06-24T13:29:18.819+0000] {processor.py:840} INFO - DAG(s) 'review_timeout_dag' retrieved from /opt/airflow/dags/review_timeout_dag.py
[2026-06-24T13:29:18.902+0000] {logging_mixin.py:188} INFO - [2026-06-24T13:29:18.902+0000] {dag.py:3033} INFO - Sync 1 DAGs
[2026-06-24T13:29:18.941+0000] {logging_mixin.py:188} INFO - [2026-06-24T13:29:18.941+0000] {dag.py:3820} INFO - Setting next_dagrun for review_timeout_dag to 2026-06-23T01:00:00+00:00, run_after=2026-06-24T01:00:00+00:00
[2026-06-24T13:29:18.967+0000] {processor.py:183} INFO - Processing /opt/airflow/dags/review_timeout_dag.py took 0.210 seconds
[2026-06-24T13:29:49.325+0000] {processor.py:161} INFO - Started process (PID=1063) to work on /opt/airflow/dags/review_timeout_dag.py
[2026-06-24T13:29:49.326+0000] {processor.py:830} INFO - Processing file /opt/airflow/dags/review_timeout_dag.py for tasks to queue
[2026-06-24T13:29:49.328+0000] {logging_mixin.py:188} INFO - [2026-06-24T13:29:49.327+0000] {dagbag.py:538} INFO - Filling up the DagBag from /opt/airflow/dags/review_timeout_dag.py
[2026-06-24T13:29:49.356+0000] {processor.py:840} INFO - DAG(s) 'review_timeout_dag' retrieved from /opt/airflow/dags/review_timeout_dag.py
[2026-06-24T13:29:49.428+0000] {logging_mixin.py:188} INFO - [2026-06-24T13:29:49.427+0000] {dag.py:3033} INFO - Sync 1 DAGs
[2026-06-24T13:29:49.483+0000] {logging_mixin.py:188} INFO - [2026-06-24T13:29:49.482+0000] {dag.py:3820} INFO - Setting next_dagrun for review_timeout_dag to 2026-06-23T01:00:00+00:00, run_after=2026-06-24T01:00:00+00:00
[2026-06-24T13:29:49.514+0000] {processor.py:183} INFO - Processing /opt/airflow/dags/review_timeout_dag.py took 0.198 seconds
[2026-06-24T13:30:19.879+0000] {processor.py:161} INFO - Started process (PID=1073) to work on /opt/airflow/dags/review_timeout_dag.py
[2026-06-24T13:30:19.880+0000] {processor.py:830} INFO - Processing file /opt/airflow/dags/review_timeout_dag.py for tasks to queue
[2026-06-24T13:30:19.882+0000] {logging_mixin.py:188} INFO - [2026-06-24T13:30:19.881+0000] {dagbag.py:538} INFO - Filling up the DagBag from /opt/airflow/dags/review_timeout_dag.py
[2026-06-24T13:30:19.915+0000] {processor.py:840} INFO - DAG(s) 'review_timeout_dag' retrieved from /opt/airflow/dags/review_timeout_dag.py
[2026-06-24T13:30:19.963+0000] {logging_mixin.py:188} INFO - [2026-06-24T13:30:19.963+0000] {dag.py:3033} INFO - Sync 1 DAGs
[2026-06-24T13:30:19.986+0000] {logging_mixin.py:188} INFO - [2026-06-24T13:30:19.986+0000] {dag.py:3820} INFO - Setting next_dagrun for review_timeout_dag to 2026-06-23T01:00:00+00:00, run_after=2026-06-24T01:00:00+00:00
[2026-06-24T13:30:20.005+0000] {processor.py:183} INFO - Processing /opt/airflow/dags/review_timeout_dag.py took 0.131 seconds
[2026-06-24T13:30:50.369+0000] {processor.py:161} INFO - Started process (PID=1083) to work on /opt/airflow/dags/review_timeout_dag.py
[2026-06-24T13:30:50.371+0000] {processor.py:830} INFO - Processing file /opt/airflow/dags/review_timeout_dag.py for tasks to queue
[2026-06-24T13:30:50.374+0000] {logging_mixin.py:188} INFO - [2026-06-24T13:30:50.373+0000] {dagbag.py:538} INFO - Filling up the DagBag from /opt/airflow/dags/review_timeout_dag.py
[2026-06-24T13:30:50.421+0000] {processor.py:840} INFO - DAG(s) 'review_timeout_dag' retrieved from /opt/airflow/dags/review_timeout_dag.py
[2026-06-24T13:30:50.490+0000] {logging_mixin.py:188} INFO - [2026-06-24T13:30:50.489+0000] {dag.py:3033} INFO - Sync 1 DAGs
[2026-06-24T13:30:50.539+0000] {logging_mixin.py:188} INFO - [2026-06-24T13:30:50.539+0000] {dag.py:3820} INFO - Setting next_dagrun for review_timeout_dag to 2026-06-23T01:00:00+00:00, run_after=2026-06-24T01:00:00+00:00
[2026-06-24T13:30:50.584+0000] {processor.py:183} INFO - Processing /opt/airflow/dags/review_timeout_dag.py took 0.224 seconds
[2026-06-24T13:31:21.405+0000] {processor.py:161} INFO - Started process (PID=1093) to work on /opt/airflow/dags/review_timeout_dag.py
[2026-06-24T13:31:21.407+0000] {processor.py:830} INFO - Processing file /opt/airflow/dags/review_timeout_dag.py for tasks to queue
[2026-06-24T13:31:21.410+0000] {logging_mixin.py:188} INFO - [2026-06-24T13:31:21.409+0000] {dagbag.py:538} INFO - Filling up the DagBag from /opt/airflow/dags/review_timeout_dag.py
[2026-06-24T13:31:21.445+0000] {processor.py:840} INFO - DAG(s) 'review_timeout_dag' retrieved from /opt/airflow/dags/review_timeout_dag.py
[2026-06-24T13:31:21.496+0000] {logging_mixin.py:188} INFO - [2026-06-24T13:31:21.496+0000] {dag.py:3033} INFO - Sync 1 DAGs
[2026-06-24T13:31:21.523+0000] {logging_mixin.py:188} INFO - [2026-06-24T13:31:21.523+0000] {dag.py:3820} INFO - Setting next_dagrun for review_timeout_dag to 2026-06-23T01:00:00+00:00, run_after=2026-06-24T01:00:00+00:00
[2026-06-24T13:31:21.547+0000] {processor.py:183} INFO - Processing /opt/airflow/dags/review_timeout_dag.py took 0.154 seconds
[2026-06-24T13:31:51.852+0000] {processor.py:161} INFO - Started process (PID=1103) to work on /opt/airflow/dags/review_timeout_dag.py
[2026-06-24T13:31:51.853+0000] {processor.py:830} INFO - Processing file /opt/airflow/dags/review_timeout_dag.py for tasks to queue
[2026-06-24T13:31:51.854+0000] {logging_mixin.py:188} INFO - [2026-06-24T13:31:51.854+0000] {dagbag.py:538} INFO - Filling up the DagBag from /opt/airflow/dags/review_timeout_dag.py
[2026-06-24T13:31:51.879+0000] {processor.py:840} INFO - DAG(s) 'review_timeout_dag' retrieved from /opt/airflow/dags/review_timeout_dag.py
[2026-06-24T13:31:51.917+0000] {logging_mixin.py:188} INFO - [2026-06-24T13:31:51.917+0000] {dag.py:3033} INFO - Sync 1 DAGs
[2026-06-24T13:31:51.939+0000] {logging_mixin.py:188} INFO - [2026-06-24T13:31:51.939+0000] {dag.py:3820} INFO - Setting next_dagrun for review_timeout_dag to 2026-06-23T01:00:00+00:00, run_after=2026-06-24T01:00:00+00:00
[2026-06-24T13:31:51.961+0000] {processor.py:183} INFO - Processing /opt/airflow/dags/review_timeout_dag.py took 0.114 seconds
[2026-06-24T13:32:22.295+0000] {processor.py:161} INFO - Started process (PID=1113) to work on /opt/airflow/dags/review_timeout_dag.py
[2026-06-24T13:32:22.297+0000] {processor.py:830} INFO - Processing file /opt/airflow/dags/review_timeout_dag.py for tasks to queue
[2026-06-24T13:32:22.301+0000] {logging_mixin.py:188} INFO - [2026-06-24T13:32:22.298+0000] {dagbag.py:538} INFO - Filling up the DagBag from /opt/airflow/dags/review_timeout_dag.py
[2026-06-24T13:32:22.334+0000] {processor.py:840} INFO - DAG(s) 'review_timeout_dag' retrieved from /opt/airflow/dags/review_timeout_dag.py
[2026-06-24T13:32:22.391+0000] {logging_mixin.py:188} INFO - [2026-06-24T13:32:22.391+0000] {dag.py:3033} INFO - Sync 1 DAGs
[2026-06-24T13:32:22.429+0000] {logging_mixin.py:188} INFO - [2026-06-24T13:32:22.429+0000] {dag.py:3820} INFO - Setting next_dagrun for review_timeout_dag to 2026-06-23T01:00:00+00:00, run_after=2026-06-24T01:00:00+00:00
[2026-06-24T13:32:22.451+0000] {processor.py:183} INFO - Processing /opt/airflow/dags/review_timeout_dag.py took 0.164 seconds
[2026-06-24T13:32:52.711+0000] {processor.py:161} INFO - Started process (PID=1123) to work on /opt/airflow/dags/review_timeout_dag.py
[2026-06-24T13:32:52.718+0000] {processor.py:830} INFO - Processing file /opt/airflow/dags/review_timeout_dag.py for tasks to queue
[2026-06-24T13:32:52.724+0000] {logging_mixin.py:188} INFO - [2026-06-24T13:32:52.723+0000] {dagbag.py:538} INFO - Filling up the DagBag from /opt/airflow/dags/review_timeout_dag.py
[2026-06-24T13:32:52.771+0000] {processor.py:840} INFO - DAG(s) 'review_timeout_dag' retrieved from /opt/airflow/dags/review_timeout_dag.py
[2026-06-24T13:32:52.830+0000] {logging_mixin.py:188} INFO - [2026-06-24T13:32:52.829+0000] {dag.py:3033} INFO - Sync 1 DAGs
[2026-06-24T13:32:52.859+0000] {logging_mixin.py:188} INFO - [2026-06-24T13:32:52.858+0000] {dag.py:3820} INFO - Setting next_dagrun for review_timeout_dag to 2026-06-23T01:00:00+00:00, run_after=2026-06-24T01:00:00+00:00
[2026-06-24T13:32:52.880+0000] {processor.py:183} INFO - Processing /opt/airflow/dags/review_timeout_dag.py took 0.205 seconds
[2026-06-24T13:33:23.012+0000] {processor.py:161} INFO - Started process (PID=1133) to work on /opt/airflow/dags/review_timeout_dag.py
[2026-06-24T13:33:23.013+0000] {processor.py:830} INFO - Processing file /opt/airflow/dags/review_timeout_dag.py for tasks to queue
[2026-06-24T13:33:23.016+0000] {logging_mixin.py:188} INFO - [2026-06-24T13:33:23.016+0000] {dagbag.py:538} INFO - Filling up the DagBag from /opt/airflow/dags/review_timeout_dag.py
[2026-06-24T13:33:23.071+0000] {processor.py:840} INFO - DAG(s) 'review_timeout_dag' retrieved from /opt/airflow/dags/review_timeout_dag.py
[2026-06-24T13:33:23.144+0000] {logging_mixin.py:188} INFO - [2026-06-24T13:33:23.144+0000] {dag.py:3033} INFO - Sync 1 DAGs
[2026-06-24T13:33:23.169+0000] {logging_mixin.py:188} INFO - [2026-06-24T13:33:23.169+0000] {dag.py:3820} INFO - Setting next_dagrun for review_timeout_dag to 2026-06-23T01:00:00+00:00, run_after=2026-06-24T01:00:00+00:00
[2026-06-24T13:33:23.189+0000] {processor.py:183} INFO - Processing /opt/airflow/dags/review_timeout_dag.py took 0.181 seconds
[2026-06-24T13:33:53.415+0000] {processor.py:161} INFO - Started process (PID=1143) to work on /opt/airflow/dags/review_timeout_dag.py
[2026-06-24T13:33:53.417+0000] {processor.py:830} INFO - Processing file /opt/airflow/dags/review_timeout_dag.py for tasks to queue
[2026-06-24T13:33:53.419+0000] {logging_mixin.py:188} INFO - [2026-06-24T13:33:53.418+0000] {dagbag.py:538} INFO - Filling up the DagBag from /opt/airflow/dags/review_timeout_dag.py
[2026-06-24T13:33:53.456+0000] {processor.py:840} INFO - DAG(s) 'review_timeout_dag' retrieved from /opt/airflow/dags/review_timeout_dag.py
[2026-06-24T13:33:53.524+0000] {logging_mixin.py:188} INFO - [2026-06-24T13:33:53.524+0000] {dag.py:3033} INFO - Sync 1 DAGs
[2026-06-24T13:33:53.557+0000] {logging_mixin.py:188} INFO - [2026-06-24T13:33:53.557+0000] {dag.py:3820} INFO - Setting next_dagrun for review_timeout_dag to 2026-06-23T01:00:00+00:00, run_after=2026-06-24T01:00:00+00:00
[2026-06-24T13:33:53.578+0000] {processor.py:183} INFO - Processing /opt/airflow/dags/review_timeout_dag.py took 0.175 seconds
[2026-06-24T13:34:23.926+0000] {processor.py:161} INFO - Started process (PID=1153) to work on /opt/airflow/dags/review_timeout_dag.py
[2026-06-24T13:34:23.927+0000] {processor.py:830} INFO - Processing file /opt/airflow/dags/review_timeout_dag.py for tasks to queue
[2026-06-24T13:34:23.930+0000] {logging_mixin.py:188} INFO - [2026-06-24T13:34:23.929+0000] {dagbag.py:538} INFO - Filling up the DagBag from /opt/airflow/dags/review_timeout_dag.py
[2026-06-24T13:34:23.961+0000] {processor.py:840} INFO - DAG(s) 'review_timeout_dag' retrieved from /opt/airflow/dags/review_timeout_dag.py
[2026-06-24T13:34:24.012+0000] {logging_mixin.py:188} INFO - [2026-06-24T13:34:24.012+0000] {dag.py:3033} INFO - Sync 1 DAGs
[2026-06-24T13:34:24.041+0000] {logging_mixin.py:188} INFO - [2026-06-24T13:34:24.041+0000] {dag.py:3820} INFO - Setting next_dagrun for review_timeout_dag to 2026-06-23T01:00:00+00:00, run_after=2026-06-24T01:00:00+00:00
[2026-06-24T13:34:24.064+0000] {processor.py:183} INFO - Processing /opt/airflow/dags/review_timeout_dag.py took 0.145 seconds
[2026-06-24T13:34:54.190+0000] {processor.py:161} INFO - Started process (PID=1163) to work on /opt/airflow/dags/review_timeout_dag.py
[2026-06-24T13:34:54.191+0000] {processor.py:830} INFO - Processing file /opt/airflow/dags/review_timeout_dag.py for tasks to queue
[2026-06-24T13:34:54.192+0000] {logging_mixin.py:188} INFO - [2026-06-24T13:34:54.192+0000] {dagbag.py:538} INFO - Filling up the DagBag from /opt/airflow/dags/review_timeout_dag.py
[2026-06-24T13:34:54.224+0000] {processor.py:840} INFO - DAG(s) 'review_timeout_dag' retrieved from /opt/airflow/dags/review_timeout_dag.py
[2026-06-24T13:34:54.275+0000] {logging_mixin.py:188} INFO - [2026-06-24T13:34:54.275+0000] {dag.py:3033} INFO - Sync 1 DAGs
[2026-06-24T13:34:54.303+0000] {logging_mixin.py:188} INFO - [2026-06-24T13:34:54.303+0000] {dag.py:3820} INFO - Setting next_dagrun for review_timeout_dag to 2026-06-23T01:00:00+00:00, run_after=2026-06-24T01:00:00+00:00
[2026-06-24T13:34:54.321+0000] {processor.py:183} INFO - Processing /opt/airflow/dags/review_timeout_dag.py took 0.137 seconds
[2026-06-24T13:35:24.582+0000] {processor.py:161} INFO - Started process (PID=1173) to work on /opt/airflow/dags/review_timeout_dag.py
[2026-06-24T13:35:24.585+0000] {processor.py:830} INFO - Processing file /opt/airflow/dags/review_timeout_dag.py for tasks to queue
[2026-06-24T13:35:24.586+0000] {logging_mixin.py:188} INFO - [2026-06-24T13:35:24.585+0000] {dagbag.py:538} INFO - Filling up the DagBag from /opt/airflow/dags/review_timeout_dag.py
[2026-06-24T13:35:24.611+0000] {processor.py:840} INFO - DAG(s) 'review_timeout_dag' retrieved from /opt/airflow/dags/review_timeout_dag.py
[2026-06-24T13:35:24.661+0000] {logging_mixin.py:188} INFO - [2026-06-24T13:35:24.661+0000] {dag.py:3033} INFO - Sync 1 DAGs
[2026-06-24T13:35:24.690+0000] {logging_mixin.py:188} INFO - [2026-06-24T13:35:24.690+0000] {dag.py:3820} INFO - Setting next_dagrun for review_timeout_dag to 2026-06-23T01:00:00+00:00, run_after=2026-06-24T01:00:00+00:00
[2026-06-24T13:35:24.710+0000] {processor.py:183} INFO - Processing /opt/airflow/dags/review_timeout_dag.py took 0.137 seconds
[2026-06-24T13:35:54.860+0000] {processor.py:161} INFO - Started process (PID=1183) to work on /opt/airflow/dags/review_timeout_dag.py
[2026-06-24T13:35:54.861+0000] {processor.py:830} INFO - Processing file /opt/airflow/dags/review_timeout_dag.py for tasks to queue
[2026-06-24T13:35:54.863+0000] {logging_mixin.py:188} INFO - [2026-06-24T13:35:54.862+0000] {dagbag.py:538} INFO - Filling up the DagBag from /opt/airflow/dags/review_timeout_dag.py
[2026-06-24T13:35:54.892+0000] {processor.py:840} INFO - DAG(s) 'review_timeout_dag' retrieved from /opt/airflow/dags/review_timeout_dag.py
[2026-06-24T13:35:54.941+0000] {logging_mixin.py:188} INFO - [2026-06-24T13:35:54.941+0000] {dag.py:3033} INFO - Sync 1 DAGs
[2026-06-24T13:35:54.966+0000] {logging_mixin.py:188} INFO - [2026-06-24T13:35:54.966+0000] {dag.py:3820} INFO - Setting next_dagrun for review_timeout_dag to 2026-06-23T01:00:00+00:00, run_after=2026-06-24T01:00:00+00:00
[2026-06-24T13:35:54.987+0000] {processor.py:183} INFO - Processing /opt/airflow/dags/review_timeout_dag.py took 0.138 seconds
[2026-06-24T13:36:25.209+0000] {processor.py:161} INFO - Started process (PID=1193) to work on /opt/airflow/dags/review_timeout_dag.py
[2026-06-24T13:36:25.211+0000] {processor.py:830} INFO - Processing file /opt/airflow/dags/review_timeout_dag.py for tasks to queue
[2026-06-24T13:36:25.212+0000] {logging_mixin.py:188} INFO - [2026-06-24T13:36:25.212+0000] {dagbag.py:538} INFO - Filling up the DagBag from /opt/airflow/dags/review_timeout_dag.py
[2026-06-24T13:36:25.234+0000] {processor.py:840} INFO - DAG(s) 'review_timeout_dag' retrieved from /opt/airflow/dags/review_timeout_dag.py
[2026-06-24T13:36:25.273+0000] {logging_mixin.py:188} INFO - [2026-06-24T13:36:25.273+0000] {dag.py:3033} INFO - Sync 1 DAGs
[2026-06-24T13:36:25.299+0000] {logging_mixin.py:188} INFO - [2026-06-24T13:36:25.299+0000] {dag.py:3820} INFO - Setting next_dagrun for review_timeout_dag to 2026-06-23T01:00:00+00:00, run_after=2026-06-24T01:00:00+00:00
[2026-06-24T13:36:25.318+0000] {processor.py:183} INFO - Processing /opt/airflow/dags/review_timeout_dag.py took 0.113 seconds
[2026-06-24T13:36:55.566+0000] {processor.py:161} INFO - Started process (PID=1203) to work on /opt/airflow/dags/review_timeout_dag.py
[2026-06-24T13:36:55.573+0000] {processor.py:830} INFO - Processing file /opt/airflow/dags/review_timeout_dag.py for tasks to queue
[2026-06-24T13:36:55.576+0000] {logging_mixin.py:188} INFO - [2026-06-24T13:36:55.575+0000] {dagbag.py:538} INFO - Filling up the DagBag from /opt/airflow/dags/review_timeout_dag.py
[2026-06-24T13:36:55.635+0000] {processor.py:840} INFO - DAG(s) 'review_timeout_dag' retrieved from /opt/airflow/dags/review_timeout_dag.py
[2026-06-24T13:36:55.729+0000] {logging_mixin.py:188} INFO - [2026-06-24T13:36:55.728+0000] {dag.py:3033} INFO - Sync 1 DAGs
[2026-06-24T13:36:55.815+0000] {logging_mixin.py:188} INFO - [2026-06-24T13:36:55.815+0000] {dag.py:3820} INFO - Setting next_dagrun for review_timeout_dag to 2026-06-23T01:00:00+00:00, run_after=2026-06-24T01:00:00+00:00
[2026-06-24T13:36:55.915+0000] {processor.py:183} INFO - Processing /opt/airflow/dags/review_timeout_dag.py took 0.366 seconds
[2026-06-24T13:37:26.302+0000] {processor.py:161} INFO - Started process (PID=1213) to work on /opt/airflow/dags/review_timeout_dag.py
[2026-06-24T13:37:26.303+0000] {processor.py:830} INFO - Processing file /opt/airflow/dags/review_timeout_dag.py for tasks to queue
[2026-06-24T13:37:26.307+0000] {logging_mixin.py:188} INFO - [2026-06-24T13:37:26.305+0000] {dagbag.py:538} INFO - Filling up the DagBag from /opt/airflow/dags/review_timeout_dag.py
[2026-06-24T13:37:26.333+0000] {processor.py:840} INFO - DAG(s) 'review_timeout_dag' retrieved from /opt/airflow/dags/review_timeout_dag.py
[2026-06-24T13:37:26.404+0000] {logging_mixin.py:188} INFO - [2026-06-24T13:37:26.404+0000] {dag.py:3033} INFO - Sync 1 DAGs
[2026-06-24T13:37:26.445+0000] {logging_mixin.py:188} INFO - [2026-06-24T13:37:26.445+0000] {dag.py:3820} INFO - Setting next_dagrun for review_timeout_dag to 2026-06-23T01:00:00+00:00, run_after=2026-06-24T01:00:00+00:00
[2026-06-24T13:37:26.468+0000] {processor.py:183} INFO - Processing /opt/airflow/dags/review_timeout_dag.py took 0.171 seconds
[2026-06-24T13:37:56.868+0000] {processor.py:161} INFO - Started process (PID=1223) to work on /opt/airflow/dags/review_timeout_dag.py
[2026-06-24T13:37:56.870+0000] {processor.py:830} INFO - Processing file /opt/airflow/dags/review_timeout_dag.py for tasks to queue
[2026-06-24T13:37:56.876+0000] {logging_mixin.py:188} INFO - [2026-06-24T13:37:56.872+0000] {dagbag.py:538} INFO - Filling up the DagBag from /opt/airflow/dags/review_timeout_dag.py
[2026-06-24T13:37:56.929+0000] {processor.py:840} INFO - DAG(s) 'review_timeout_dag' retrieved from /opt/airflow/dags/review_timeout_dag.py
[2026-06-24T13:37:57.048+0000] {logging_mixin.py:188} INFO - [2026-06-24T13:37:57.047+0000] {dag.py:3033} INFO - Sync 1 DAGs
[2026-06-24T13:37:57.100+0000] {logging_mixin.py:188} INFO - [2026-06-24T13:37:57.100+0000] {dag.py:3820} INFO - Setting next_dagrun for review_timeout_dag to 2026-06-23T01:00:00+00:00, run_after=2026-06-24T01:00:00+00:00
[2026-06-24T13:37:57.130+0000] {processor.py:183} INFO - Processing /opt/airflow/dags/review_timeout_dag.py took 0.274 seconds
[2026-06-24T13:38:27.259+0000] {processor.py:161} INFO - Started process (PID=1233) to work on /opt/airflow/dags/review_timeout_dag.py
[2026-06-24T13:38:27.262+0000] {processor.py:830} INFO - Processing file /opt/airflow/dags/review_timeout_dag.py for tasks to queue
[2026-06-24T13:38:27.264+0000] {logging_mixin.py:188} INFO - [2026-06-24T13:38:27.264+0000] {dagbag.py:538} INFO - Filling up the DagBag from /opt/airflow/dags/review_timeout_dag.py
[2026-06-24T13:38:27.297+0000] {processor.py:840} INFO - DAG(s) 'review_timeout_dag' retrieved from /opt/airflow/dags/review_timeout_dag.py
[2026-06-24T13:38:27.357+0000] {logging_mixin.py:188} INFO - [2026-06-24T13:38:27.356+0000] {dag.py:3033} INFO - Sync 1 DAGs
[2026-06-24T13:38:27.381+0000] {logging_mixin.py:188} INFO - [2026-06-24T13:38:27.380+0000] {dag.py:3820} INFO - Setting next_dagrun for review_timeout_dag to 2026-06-23T01:00:00+00:00, run_after=2026-06-24T01:00:00+00:00
[2026-06-24T13:38:27.398+0000] {processor.py:183} INFO - Processing /opt/airflow/dags/review_timeout_dag.py took 0.156 seconds
[2026-06-24T13:38:57.826+0000] {processor.py:161} INFO - Started process (PID=1243) to work on /opt/airflow/dags/review_timeout_dag.py
[2026-06-24T13:38:57.829+0000] {processor.py:830} INFO - Processing file /opt/airflow/dags/review_timeout_dag.py for tasks to queue
[2026-06-24T13:38:57.831+0000] {logging_mixin.py:188} INFO - [2026-06-24T13:38:57.830+0000] {dagbag.py:538} INFO - Filling up the DagBag from /opt/airflow/dags/review_timeout_dag.py
[2026-06-24T13:38:57.856+0000] {processor.py:840} INFO - DAG(s) 'review_timeout_dag' retrieved from /opt/airflow/dags/review_timeout_dag.py
[2026-06-24T13:38:57.901+0000] {logging_mixin.py:188} INFO - [2026-06-24T13:38:57.901+0000] {dag.py:3033} INFO - Sync 1 DAGs
[2026-06-24T13:38:57.931+0000] {logging_mixin.py:188} INFO - [2026-06-24T13:38:57.931+0000] {dag.py:3820} INFO - Setting next_dagrun for review_timeout_dag to 2026-06-23T01:00:00+00:00, run_after=2026-06-24T01:00:00+00:00
[2026-06-24T13:38:57.971+0000] {processor.py:183} INFO - Processing /opt/airflow/dags/review_timeout_dag.py took 0.159 seconds
[2026-06-24T13:39:28.209+0000] {processor.py:161} INFO - Started process (PID=1253) to work on /opt/airflow/dags/review_timeout_dag.py
[2026-06-24T13:39:28.212+0000] {processor.py:830} INFO - Processing file /opt/airflow/dags/review_timeout_dag.py for tasks to queue
[2026-06-24T13:39:28.214+0000] {logging_mixin.py:188} INFO - [2026-06-24T13:39:28.213+0000] {dagbag.py:538} INFO - Filling up the DagBag from /opt/airflow/dags/review_timeout_dag.py
[2026-06-24T13:39:28.262+0000] {processor.py:840} INFO - DAG(s) 'review_timeout_dag' retrieved from /opt/airflow/dags/review_timeout_dag.py
[2026-06-24T13:39:28.326+0000] {logging_mixin.py:188} INFO - [2026-06-24T13:39:28.326+0000] {dag.py:3033} INFO - Sync 1 DAGs
[2026-06-24T13:39:28.364+0000] {logging_mixin.py:188} INFO - [2026-06-24T13:39:28.364+0000] {dag.py:3820} INFO - Setting next_dagrun for review_timeout_dag to 2026-06-23T01:00:00+00:00, run_after=2026-06-24T01:00:00+00:00
[2026-06-24T13:39:28.392+0000] {processor.py:183} INFO - Processing /opt/airflow/dags/review_timeout_dag.py took 0.194 seconds
[2026-06-24T13:39:58.664+0000] {processor.py:161} INFO - Started process (PID=1263) to work on /opt/airflow/dags/review_timeout_dag.py
[2026-06-24T13:39:58.666+0000] {processor.py:830} INFO - Processing file /opt/airflow/dags/review_timeout_dag.py for tasks to queue
[2026-06-24T13:39:58.667+0000] {logging_mixin.py:188} INFO - [2026-06-24T13:39:58.666+0000] {dagbag.py:538} INFO - Filling up the DagBag from /opt/airflow/dags/review_timeout_dag.py
[2026-06-24T13:39:58.694+0000] {processor.py:840} INFO - DAG(s) 'review_timeout_dag' retrieved from /opt/airflow/dags/review_timeout_dag.py
[2026-06-24T13:39:58.734+0000] {logging_mixin.py:188} INFO - [2026-06-24T13:39:58.734+0000] {dag.py:3033} INFO - Sync 1 DAGs
[2026-06-24T13:39:58.754+0000] {logging_mixin.py:188} INFO - [2026-06-24T13:39:58.754+0000] {dag.py:3820} INFO - Setting next_dagrun for review_timeout_dag to 2026-06-23T01:00:00+00:00, run_after=2026-06-24T01:00:00+00:00
[2026-06-24T13:39:58.773+0000] {processor.py:183} INFO - Processing /opt/airflow/dags/review_timeout_dag.py took 0.118 seconds
[2026-06-24T13:40:28.964+0000] {processor.py:161} INFO - Started process (PID=1273) to work on /opt/airflow/dags/review_timeout_dag.py
[2026-06-24T13:40:28.965+0000] {processor.py:830} INFO - Processing file /opt/airflow/dags/review_timeout_dag.py for tasks to queue
[2026-06-24T13:40:28.966+0000] {logging_mixin.py:188} INFO - [2026-06-24T13:40:28.966+0000] {dagbag.py:538} INFO - Filling up the DagBag from /opt/airflow/dags/review_timeout_dag.py
[2026-06-24T13:40:29.006+0000] {processor.py:840} INFO - DAG(s) 'review_timeout_dag' retrieved from /opt/airflow/dags/review_timeout_dag.py
[2026-06-24T13:40:29.060+0000] {logging_mixin.py:188} INFO - [2026-06-24T13:40:29.060+0000] {dag.py:3033} INFO - Sync 1 DAGs
[2026-06-24T13:40:29.080+0000] {logging_mixin.py:188} INFO - [2026-06-24T13:40:29.080+0000] {dag.py:3820} INFO - Setting next_dagrun for review_timeout_dag to 2026-06-23T01:00:00+00:00, run_after=2026-06-24T01:00:00+00:00
[2026-06-24T13:40:29.112+0000] {processor.py:183} INFO - Processing /opt/airflow/dags/review_timeout_dag.py took 0.156 seconds
[2026-06-24T13:40:59.608+0000] {processor.py:161} INFO - Started process (PID=1283) to work on /opt/airflow/dags/review_timeout_dag.py
[2026-06-24T13:40:59.612+0000] {processor.py:830} INFO - Processing file /opt/airflow/dags/review_timeout_dag.py for tasks to queue
[2026-06-24T13:40:59.614+0000] {logging_mixin.py:188} INFO - [2026-06-24T13:40:59.614+0000] {dagbag.py:538} INFO - Filling up the DagBag from /opt/airflow/dags/review_timeout_dag.py
[2026-06-24T13:40:59.688+0000] {processor.py:840} INFO - DAG(s) 'review_timeout_dag' retrieved from /opt/airflow/dags/review_timeout_dag.py
[2026-06-24T13:40:59.790+0000] {logging_mixin.py:188} INFO - [2026-06-24T13:40:59.790+0000] {dag.py:3033} INFO - Sync 1 DAGs
[2026-06-24T13:40:59.836+0000] {logging_mixin.py:188} INFO - [2026-06-24T13:40:59.836+0000] {dag.py:3820} INFO - Setting next_dagrun for review_timeout_dag to 2026-06-23T01:00:00+00:00, run_after=2026-06-24T01:00:00+00:00
[2026-06-24T13:40:59.877+0000] {processor.py:183} INFO - Processing /opt/airflow/dags/review_timeout_dag.py took 0.286 seconds
[2026-06-24T13:41:30.467+0000] {processor.py:161} INFO - Started process (PID=1293) to work on /opt/airflow/dags/review_timeout_dag.py
[2026-06-24T13:41:30.483+0000] {processor.py:830} INFO - Processing file /opt/airflow/dags/review_timeout_dag.py for tasks to queue
[2026-06-24T13:41:30.485+0000] {logging_mixin.py:188} INFO - [2026-06-24T13:41:30.485+0000] {dagbag.py:538} INFO - Filling up the DagBag from /opt/airflow/dags/review_timeout_dag.py
[2026-06-24T13:41:30.532+0000] {processor.py:840} INFO - DAG(s) 'review_timeout_dag' retrieved from /opt/airflow/dags/review_timeout_dag.py
[2026-06-24T13:41:30.651+0000] {logging_mixin.py:188} INFO - [2026-06-24T13:41:30.651+0000] {dag.py:3033} INFO - Sync 1 DAGs
[2026-06-24T13:41:30.685+0000] {logging_mixin.py:188} INFO - [2026-06-24T13:41:30.685+0000] {dag.py:3820} INFO - Setting next_dagrun for review_timeout_dag to 2026-06-23T01:00:00+00:00, run_after=2026-06-24T01:00:00+00:00
[2026-06-24T13:41:30.722+0000] {processor.py:183} INFO - Processing /opt/airflow/dags/review_timeout_dag.py took 0.270 seconds
[2026-06-24T13:42:00.770+0000] {processor.py:161} INFO - Started process (PID=1303) to work on /opt/airflow/dags/review_timeout_dag.py
[2026-06-24T13:42:00.771+0000] {processor.py:830} INFO - Processing file /opt/airflow/dags/review_timeout_dag.py for tasks to queue
[2026-06-24T13:42:00.772+0000] {logging_mixin.py:188} INFO - [2026-06-24T13:42:00.772+0000] {dagbag.py:538} INFO - Filling up the DagBag from /opt/airflow/dags/review_timeout_dag.py
[2026-06-24T13:42:00.794+0000] {processor.py:840} INFO - DAG(s) 'review_timeout_dag' retrieved from /opt/airflow/dags/review_timeout_dag.py
[2026-06-24T13:42:00.831+0000] {logging_mixin.py:188} INFO - [2026-06-24T13:42:00.831+0000] {dag.py:3033} INFO - Sync 1 DAGs
[2026-06-24T13:42:00.857+0000] {logging_mixin.py:188} INFO - [2026-06-24T13:42:00.857+0000] {dag.py:3820} INFO - Setting next_dagrun for review_timeout_dag to 2026-06-23T01:00:00+00:00, run_after=2026-06-24T01:00:00+00:00
[2026-06-24T13:42:00.878+0000] {processor.py:183} INFO - Processing /opt/airflow/dags/review_timeout_dag.py took 0.113 seconds
[2026-06-24T13:42:31.283+0000] {processor.py:161} INFO - Started process (PID=1313) to work on /opt/airflow/dags/review_timeout_dag.py
[2026-06-24T13:42:31.290+0000] {processor.py:830} INFO - Processing file /opt/airflow/dags/review_timeout_dag.py for tasks to queue
[2026-06-24T13:42:31.295+0000] {logging_mixin.py:188} INFO - [2026-06-24T13:42:31.293+0000] {dagbag.py:538} INFO - Filling up the DagBag from /opt/airflow/dags/review_timeout_dag.py
[2026-06-24T13:42:31.369+0000] {processor.py:840} INFO - DAG(s) 'review_timeout_dag' retrieved from /opt/airflow/dags/review_timeout_dag.py
[2026-06-24T13:42:31.462+0000] {logging_mixin.py:188} INFO - [2026-06-24T13:42:31.462+0000] {dag.py:3033} INFO - Sync 1 DAGs
[2026-06-24T13:42:31.534+0000] {logging_mixin.py:188} INFO - [2026-06-24T13:42:31.533+0000] {dag.py:3820} INFO - Setting next_dagrun for review_timeout_dag to 2026-06-23T01:00:00+00:00, run_after=2026-06-24T01:00:00+00:00
[2026-06-24T13:42:31.571+0000] {processor.py:183} INFO - Processing /opt/airflow/dags/review_timeout_dag.py took 0.303 seconds
[2026-06-24T13:43:02.487+0000] {processor.py:161} INFO - Started process (PID=1323) to work on /opt/airflow/dags/review_timeout_dag.py
[2026-06-24T13:43:02.489+0000] {processor.py:830} INFO - Processing file /opt/airflow/dags/review_timeout_dag.py for tasks to queue
[2026-06-24T13:43:02.490+0000] {logging_mixin.py:188} INFO - [2026-06-24T13:43:02.490+0000] {dagbag.py:538} INFO - Filling up the DagBag from /opt/airflow/dags/review_timeout_dag.py
[2026-06-24T13:43:02.528+0000] {processor.py:840} INFO - DAG(s) 'review_timeout_dag' retrieved from /opt/airflow/dags/review_timeout_dag.py
[2026-06-24T13:43:02.595+0000] {logging_mixin.py:188} INFO - [2026-06-24T13:43:02.595+0000] {dag.py:3033} INFO - Sync 1 DAGs
[2026-06-24T13:43:02.631+0000] {logging_mixin.py:188} INFO - [2026-06-24T13:43:02.631+0000] {dag.py:3820} INFO - Setting next_dagrun for review_timeout_dag to 2026-06-23T01:00:00+00:00, run_after=2026-06-24T01:00:00+00:00
[2026-06-24T13:43:02.653+0000] {processor.py:183} INFO - Processing /opt/airflow/dags/review_timeout_dag.py took 0.173 seconds
[2026-06-24T13:43:32.845+0000] {processor.py:161} INFO - Started process (PID=1333) to work on /opt/airflow/dags/review_timeout_dag.py
[2026-06-24T13:43:32.854+0000] {processor.py:830} INFO - Processing file /opt/airflow/dags/review_timeout_dag.py for tasks to queue
[2026-06-24T13:43:32.857+0000] {logging_mixin.py:188} INFO - [2026-06-24T13:43:32.856+0000] {dagbag.py:538} INFO - Filling up the DagBag from /opt/airflow/dags/review_timeout_dag.py
[2026-06-24T13:43:32.950+0000] {processor.py:840} INFO - DAG(s) 'review_timeout_dag' retrieved from /opt/airflow/dags/review_timeout_dag.py
[2026-06-24T13:43:33.054+0000] {logging_mixin.py:188} INFO - [2026-06-24T13:43:33.054+0000] {dag.py:3033} INFO - Sync 1 DAGs
[2026-06-24T13:43:33.107+0000] {logging_mixin.py:188} INFO - [2026-06-24T13:43:33.107+0000] {dag.py:3820} INFO - Setting next_dagrun for review_timeout_dag to 2026-06-23T01:00:00+00:00, run_after=2026-06-24T01:00:00+00:00
[2026-06-24T13:43:33.153+0000] {processor.py:183} INFO - Processing /opt/airflow/dags/review_timeout_dag.py took 0.323 seconds
[2026-06-24T13:44:03.350+0000] {processor.py:161} INFO - Started process (PID=1343) to work on /opt/airflow/dags/review_timeout_dag.py
[2026-06-24T13:44:03.354+0000] {processor.py:830} INFO - Processing file /opt/airflow/dags/review_timeout_dag.py for tasks to queue
[2026-06-24T13:44:03.358+0000] {logging_mixin.py:188} INFO - [2026-06-24T13:44:03.357+0000] {dagbag.py:538} INFO - Filling up the DagBag from /opt/airflow/dags/review_timeout_dag.py
[2026-06-24T13:44:03.415+0000] {processor.py:840} INFO - DAG(s) 'review_timeout_dag' retrieved from /opt/airflow/dags/review_timeout_dag.py
[2026-06-24T13:44:03.523+0000] {logging_mixin.py:188} INFO - [2026-06-24T13:44:03.522+0000] {dag.py:3033} INFO - Sync 1 DAGs
[2026-06-24T13:44:03.568+0000] {logging_mixin.py:188} INFO - [2026-06-24T13:44:03.568+0000] {dag.py:3820} INFO - Setting next_dagrun for review_timeout_dag to 2026-06-23T01:00:00+00:00, run_after=2026-06-24T01:00:00+00:00
[2026-06-24T13:44:03.628+0000] {processor.py:183} INFO - Processing /opt/airflow/dags/review_timeout_dag.py took 0.295 seconds
[2026-06-24T13:44:33.700+0000] {processor.py:161} INFO - Started process (PID=1353) to work on /opt/airflow/dags/review_timeout_dag.py
[2026-06-24T13:44:33.702+0000] {processor.py:830} INFO - Processing file /opt/airflow/dags/review_timeout_dag.py for tasks to queue
[2026-06-24T13:44:33.705+0000] {logging_mixin.py:188} INFO - [2026-06-24T13:44:33.704+0000] {dagbag.py:538} INFO - Filling up the DagBag from /opt/airflow/dags/review_timeout_dag.py
[2026-06-24T13:44:33.743+0000] {processor.py:840} INFO - DAG(s) 'review_timeout_dag' retrieved from /opt/airflow/dags/review_timeout_dag.py
[2026-06-24T13:44:33.801+0000] {logging_mixin.py:188} INFO - [2026-06-24T13:44:33.801+0000] {dag.py:3033} INFO - Sync 1 DAGs
[2026-06-24T13:44:33.843+0000] {logging_mixin.py:188} INFO - [2026-06-24T13:44:33.843+0000] {dag.py:3820} INFO - Setting next_dagrun for review_timeout_dag to 2026-06-23T01:00:00+00:00, run_after=2026-06-24T01:00:00+00:00
[2026-06-24T13:44:33.876+0000] {processor.py:183} INFO - Processing /opt/airflow/dags/review_timeout_dag.py took 0.183 seconds
[2026-06-24T13:45:04.252+0000] {processor.py:161} INFO - Started process (PID=1363) to work on /opt/airflow/dags/review_timeout_dag.py
[2026-06-24T13:45:04.257+0000] {processor.py:830} INFO - Processing file /opt/airflow/dags/review_timeout_dag.py for tasks to queue
[2026-06-24T13:45:04.261+0000] {logging_mixin.py:188} INFO - [2026-06-24T13:45:04.260+0000] {dagbag.py:538} INFO - Filling up the DagBag from /opt/airflow/dags/review_timeout_dag.py
[2026-06-24T13:45:04.310+0000] {processor.py:840} INFO - DAG(s) 'review_timeout_dag' retrieved from /opt/airflow/dags/review_timeout_dag.py
[2026-06-24T13:45:04.358+0000] {logging_mixin.py:188} INFO - [2026-06-24T13:45:04.358+0000] {dag.py:3033} INFO - Sync 1 DAGs
[2026-06-24T13:45:04.386+0000] {logging_mixin.py:188} INFO - [2026-06-24T13:45:04.386+0000] {dag.py:3820} INFO - Setting next_dagrun for review_timeout_dag to 2026-06-23T01:00:00+00:00, run_after=2026-06-24T01:00:00+00:00
[2026-06-24T13:45:04.408+0000] {processor.py:183} INFO - Processing /opt/airflow/dags/review_timeout_dag.py took 0.169 seconds
[2026-06-24T13:45:34.947+0000] {processor.py:161} INFO - Started process (PID=1373) to work on /opt/airflow/dags/review_timeout_dag.py
[2026-06-24T13:45:34.948+0000] {processor.py:830} INFO - Processing file /opt/airflow/dags/review_timeout_dag.py for tasks to queue
[2026-06-24T13:45:34.950+0000] {logging_mixin.py:188} INFO - [2026-06-24T13:45:34.949+0000] {dagbag.py:538} INFO - Filling up the DagBag from /opt/airflow/dags/review_timeout_dag.py
[2026-06-24T13:45:34.979+0000] {processor.py:840} INFO - DAG(s) 'review_timeout_dag' retrieved from /opt/airflow/dags/review_timeout_dag.py
[2026-06-24T13:45:35.028+0000] {logging_mixin.py:188} INFO - [2026-06-24T13:45:35.028+0000] {dag.py:3033} INFO - Sync 1 DAGs
[2026-06-24T13:45:35.055+0000] {logging_mixin.py:188} INFO - [2026-06-24T13:45:35.055+0000] {dag.py:3820} INFO - Setting next_dagrun for review_timeout_dag to 2026-06-23T01:00:00+00:00, run_after=2026-06-24T01:00:00+00:00
[2026-06-24T13:45:35.080+0000] {processor.py:183} INFO - Processing /opt/airflow/dags/review_timeout_dag.py took 0.139 seconds
[2026-06-24T13:46:05.532+0000] {processor.py:161} INFO - Started process (PID=1383) to work on /opt/airflow/dags/review_timeout_dag.py
[2026-06-24T13:46:05.540+0000] {processor.py:830} INFO - Processing file /opt/airflow/dags/review_timeout_dag.py for tasks to queue
[2026-06-24T13:46:05.544+0000] {logging_mixin.py:188} INFO - [2026-06-24T13:46:05.543+0000] {dagbag.py:538} INFO - Filling up the DagBag from /opt/airflow/dags/review_timeout_dag.py
[2026-06-24T13:46:05.589+0000] {processor.py:840} INFO - DAG(s) 'review_timeout_dag' retrieved from /opt/airflow/dags/review_timeout_dag.py
[2026-06-24T13:46:05.668+0000] {logging_mixin.py:188} INFO - [2026-06-24T13:46:05.667+0000] {dag.py:3033} INFO - Sync 1 DAGs
[2026-06-24T13:46:05.703+0000] {logging_mixin.py:188} INFO - [2026-06-24T13:46:05.702+0000] {dag.py:3820} INFO - Setting next_dagrun for review_timeout_dag to 2026-06-23T01:00:00+00:00, run_after=2026-06-24T01:00:00+00:00
[2026-06-24T13:46:05.743+0000] {processor.py:183} INFO - Processing /opt/airflow/dags/review_timeout_dag.py took 0.224 seconds
[2026-06-24T13:46:36.209+0000] {processor.py:161} INFO - Started process (PID=1393) to work on /opt/airflow/dags/review_timeout_dag.py
[2026-06-24T13:46:36.217+0000] {processor.py:830} INFO - Processing file /opt/airflow/dags/review_timeout_dag.py for tasks to queue
[2026-06-24T13:46:36.220+0000] {logging_mixin.py:188} INFO - [2026-06-24T13:46:36.219+0000] {dagbag.py:538} INFO - Filling up the DagBag from /opt/airflow/dags/review_timeout_dag.py
[2026-06-24T13:46:36.256+0000] {processor.py:840} INFO - DAG(s) 'review_timeout_dag' retrieved from /opt/airflow/dags/review_timeout_dag.py
[2026-06-24T13:46:36.327+0000] {logging_mixin.py:188} INFO - [2026-06-24T13:46:36.327+0000] {dag.py:3033} INFO - Sync 1 DAGs
[2026-06-24T13:46:36.366+0000] {logging_mixin.py:188} INFO - [2026-06-24T13:46:36.366+0000] {dag.py:3820} INFO - Setting next_dagrun for review_timeout_dag to 2026-06-23T01:00:00+00:00, run_after=2026-06-24T01:00:00+00:00
[2026-06-24T13:46:36.396+0000] {processor.py:183} INFO - Processing /opt/airflow/dags/review_timeout_dag.py took 0.207 seconds
[2026-06-24T13:47:06.590+0000] {processor.py:161} INFO - Started process (PID=1403) to work on /opt/airflow/dags/review_timeout_dag.py
[2026-06-24T13:47:06.592+0000] {processor.py:830} INFO - Processing file /opt/airflow/dags/review_timeout_dag.py for tasks to queue
[2026-06-24T13:47:06.594+0000] {logging_mixin.py:188} INFO - [2026-06-24T13:47:06.593+0000] {dagbag.py:538} INFO - Filling up the DagBag from /opt/airflow/dags/review_timeout_dag.py
[2026-06-24T13:47:06.615+0000] {processor.py:840} INFO - DAG(s) 'review_timeout_dag' retrieved from /opt/airflow/dags/review_timeout_dag.py
[2026-06-24T13:47:06.644+0000] {logging_mixin.py:188} INFO - [2026-06-24T13:47:06.644+0000] {dag.py:3033} INFO - Sync 1 DAGs
[2026-06-24T13:47:06.666+0000] {logging_mixin.py:188} INFO - [2026-06-24T13:47:06.666+0000] {dag.py:3820} INFO - Setting next_dagrun for review_timeout_dag to 2026-06-23T01:00:00+00:00, run_after=2026-06-24T01:00:00+00:00
[2026-06-24T13:47:06.681+0000] {processor.py:183} INFO - Processing /opt/airflow/dags/review_timeout_dag.py took 0.095 seconds
[2026-06-24T13:47:37.074+0000] {processor.py:161} INFO - Started process (PID=1413) to work on /opt/airflow/dags/review_timeout_dag.py
[2026-06-24T13:47:37.076+0000] {processor.py:830} INFO - Processing file /opt/airflow/dags/review_timeout_dag.py for tasks to queue
[2026-06-24T13:47:37.080+0000] {logging_mixin.py:188} INFO - [2026-06-24T13:47:37.077+0000] {dagbag.py:538} INFO - Filling up the DagBag from /opt/airflow/dags/review_timeout_dag.py
[2026-06-24T13:47:37.142+0000] {processor.py:840} INFO - DAG(s) 'review_timeout_dag' retrieved from /opt/airflow/dags/review_timeout_dag.py
[2026-06-24T13:47:37.219+0000] {logging_mixin.py:188} INFO - [2026-06-24T13:47:37.218+0000] {dag.py:3033} INFO - Sync 1 DAGs
[2026-06-24T13:47:37.254+0000] {logging_mixin.py:188} INFO - [2026-06-24T13:47:37.253+0000] {dag.py:3820} INFO - Setting next_dagrun for review_timeout_dag to 2026-06-23T01:00:00+00:00, run_after=2026-06-24T01:00:00+00:00
[2026-06-24T13:47:37.279+0000] {processor.py:183} INFO - Processing /opt/airflow/dags/review_timeout_dag.py took 0.211 seconds
[2026-06-24T13:48:07.425+0000] {processor.py:161} INFO - Started process (PID=1423) to work on /opt/airflow/dags/review_timeout_dag.py
[2026-06-24T13:48:07.429+0000] {processor.py:830} INFO - Processing file /opt/airflow/dags/review_timeout_dag.py for tasks to queue
[2026-06-24T13:48:07.430+0000] {logging_mixin.py:188} INFO - [2026-06-24T13:48:07.429+0000] {dagbag.py:538} INFO - Filling up the DagBag from /opt/airflow/dags/review_timeout_dag.py
[2026-06-24T13:48:07.460+0000] {processor.py:840} INFO - DAG(s) 'review_timeout_dag' retrieved from /opt/airflow/dags/review_timeout_dag.py
[2026-06-24T13:48:07.497+0000] {logging_mixin.py:188} INFO - [2026-06-24T13:48:07.497+0000] {dag.py:3033} INFO - Sync 1 DAGs
[2026-06-24T13:48:07.528+0000] {logging_mixin.py:188} INFO - [2026-06-24T13:48:07.527+0000] {dag.py:3820} INFO - Setting next_dagrun for review_timeout_dag to 2026-06-23T01:00:00+00:00, run_after=2026-06-24T01:00:00+00:00
[2026-06-24T13:48:07.545+0000] {processor.py:183} INFO - Processing /opt/airflow/dags/review_timeout_dag.py took 0.130 seconds
[2026-06-24T13:48:37.798+0000] {processor.py:161} INFO - Started process (PID=1433) to work on /opt/airflow/dags/review_timeout_dag.py
[2026-06-24T13:48:37.800+0000] {processor.py:830} INFO - Processing file /opt/airflow/dags/review_timeout_dag.py for tasks to queue
[2026-06-24T13:48:37.802+0000] {logging_mixin.py:188} INFO - [2026-06-24T13:48:37.801+0000] {dagbag.py:538} INFO - Filling up the DagBag from /opt/airflow/dags/review_timeout_dag.py
[2026-06-24T13:48:37.842+0000] {processor.py:840} INFO - DAG(s) 'review_timeout_dag' retrieved from /opt/airflow/dags/review_timeout_dag.py
[2026-06-24T13:48:37.899+0000] {logging_mixin.py:188} INFO - [2026-06-24T13:48:37.899+0000] {dag.py:3033} INFO - Sync 1 DAGs
[2026-06-24T13:48:37.932+0000] {logging_mixin.py:188} INFO - [2026-06-24T13:48:37.932+0000] {dag.py:3820} INFO - Setting next_dagrun for review_timeout_dag to 2026-06-23T01:00:00+00:00, run_after=2026-06-24T01:00:00+00:00
[2026-06-24T13:48:37.964+0000] {processor.py:183} INFO - Processing /opt/airflow/dags/review_timeout_dag.py took 0.184 seconds
[2026-06-24T13:49:08.193+0000] {processor.py:161} INFO - Started process (PID=1443) to work on /opt/airflow/dags/review_timeout_dag.py
[2026-06-24T13:49:08.195+0000] {processor.py:830} INFO - Processing file /opt/airflow/dags/review_timeout_dag.py for tasks to queue
[2026-06-24T13:49:08.196+0000] {logging_mixin.py:188} INFO - [2026-06-24T13:49:08.196+0000] {dagbag.py:538} INFO - Filling up the DagBag from /opt/airflow/dags/review_timeout_dag.py
[2026-06-24T13:49:08.247+0000] {processor.py:840} INFO - DAG(s) 'review_timeout_dag' retrieved from /opt/airflow/dags/review_timeout_dag.py
[2026-06-24T13:49:08.295+0000] {logging_mixin.py:188} INFO - [2026-06-24T13:49:08.295+0000] {dag.py:3033} INFO - Sync 1 DAGs
[2026-06-24T13:49:08.326+0000] {logging_mixin.py:188} INFO - [2026-06-24T13:49:08.326+0000] {dag.py:3820} INFO - Setting next_dagrun for review_timeout_dag to 2026-06-23T01:00:00+00:00, run_after=2026-06-24T01:00:00+00:00
[2026-06-24T13:49:08.353+0000] {processor.py:183} INFO - Processing /opt/airflow/dags/review_timeout_dag.py took 0.175 seconds
[2026-06-24T13:49:38.497+0000] {processor.py:161} INFO - Started process (PID=1453) to work on /opt/airflow/dags/review_timeout_dag.py
[2026-06-24T13:49:38.498+0000] {processor.py:830} INFO - Processing file /opt/airflow/dags/review_timeout_dag.py for tasks to queue
[2026-06-24T13:49:38.499+0000] {logging_mixin.py:188} INFO - [2026-06-24T13:49:38.499+0000] {dagbag.py:538} INFO - Filling up the DagBag from /opt/airflow/dags/review_timeout_dag.py
[2026-06-24T13:49:38.523+0000] {processor.py:840} INFO - DAG(s) 'review_timeout_dag' retrieved from /opt/airflow/dags/review_timeout_dag.py
[2026-06-24T13:49:38.558+0000] {logging_mixin.py:188} INFO - [2026-06-24T13:49:38.557+0000] {dag.py:3033} INFO - Sync 1 DAGs
[2026-06-24T13:49:38.579+0000] {logging_mixin.py:188} INFO - [2026-06-24T13:49:38.579+0000] {dag.py:3820} INFO - Setting next_dagrun for review_timeout_dag to 2026-06-23T01:00:00+00:00, run_after=2026-06-24T01:00:00+00:00
[2026-06-24T13:49:38.603+0000] {processor.py:183} INFO - Processing /opt/airflow/dags/review_timeout_dag.py took 0.111 seconds
[2026-06-24T13:50:08.988+0000] {processor.py:161} INFO - Started process (PID=1463) to work on /opt/airflow/dags/review_timeout_dag.py
[2026-06-24T13:50:08.990+0000] {processor.py:830} INFO - Processing file /opt/airflow/dags/review_timeout_dag.py for tasks to queue
[2026-06-24T13:50:08.991+0000] {logging_mixin.py:188} INFO - [2026-06-24T13:50:08.991+0000] {dagbag.py:538} INFO - Filling up the DagBag from /opt/airflow/dags/review_timeout_dag.py
[2026-06-24T13:50:09.030+0000] {processor.py:840} INFO - DAG(s) 'review_timeout_dag' retrieved from /opt/airflow/dags/review_timeout_dag.py
[2026-06-24T13:50:09.094+0000] {logging_mixin.py:188} INFO - [2026-06-24T13:50:09.093+0000] {dag.py:3033} INFO - Sync 1 DAGs
[2026-06-24T13:50:09.130+0000] {logging_mixin.py:188} INFO - [2026-06-24T13:50:09.130+0000] {dag.py:3820} INFO - Setting next_dagrun for review_timeout_dag to 2026-06-23T01:00:00+00:00, run_after=2026-06-24T01:00:00+00:00
[2026-06-24T13:50:09.197+0000] {processor.py:183} INFO - Processing /opt/airflow/dags/review_timeout_dag.py took 0.227 seconds
[2026-06-24T13:50:39.917+0000] {processor.py:161} INFO - Started process (PID=1473) to work on /opt/airflow/dags/review_timeout_dag.py
[2026-06-24T13:50:39.919+0000] {processor.py:830} INFO - Processing file /opt/airflow/dags/review_timeout_dag.py for tasks to queue
[2026-06-24T13:50:39.920+0000] {logging_mixin.py:188} INFO - [2026-06-24T13:50:39.920+0000] {dagbag.py:538} INFO - Filling up the DagBag from /opt/airflow/dags/review_timeout_dag.py
[2026-06-24T13:50:39.944+0000] {processor.py:840} INFO - DAG(s) 'review_timeout_dag' retrieved from /opt/airflow/dags/review_timeout_dag.py
[2026-06-24T13:50:39.998+0000] {logging_mixin.py:188} INFO - [2026-06-24T13:50:39.997+0000] {dag.py:3033} INFO - Sync 1 DAGs
[2026-06-24T13:50:40.018+0000] {logging_mixin.py:188} INFO - [2026-06-24T13:50:40.018+0000] {dag.py:3820} INFO - Setting next_dagrun for review_timeout_dag to 2026-06-23T01:00:00+00:00, run_after=2026-06-24T01:00:00+00:00
[2026-06-24T13:50:40.034+0000] {processor.py:183} INFO - Processing /opt/airflow/dags/review_timeout_dag.py took 0.122 seconds
[2026-06-24T13:51:10.156+0000] {processor.py:161} INFO - Started process (PID=1483) to work on /opt/airflow/dags/review_timeout_dag.py
[2026-06-24T13:51:10.157+0000] {processor.py:830} INFO - Processing file /opt/airflow/dags/review_timeout_dag.py for tasks to queue
[2026-06-24T13:51:10.158+0000] {logging_mixin.py:188} INFO - [2026-06-24T13:51:10.157+0000] {dagbag.py:538} INFO - Filling up the DagBag from /opt/airflow/dags/review_timeout_dag.py
[2026-06-24T13:51:10.176+0000] {processor.py:840} INFO - DAG(s) 'review_timeout_dag' retrieved from /opt/airflow/dags/review_timeout_dag.py
[2026-06-24T13:51:10.212+0000] {logging_mixin.py:188} INFO - [2026-06-24T13:51:10.212+0000] {dag.py:3033} INFO - Sync 1 DAGs
[2026-06-24T13:51:10.232+0000] {logging_mixin.py:188} INFO - [2026-06-24T13:51:10.232+0000] {dag.py:3820} INFO - Setting next_dagrun for review_timeout_dag to 2026-06-23T01:00:00+00:00, run_after=2026-06-24T01:00:00+00:00
[2026-06-24T13:51:10.248+0000] {processor.py:183} INFO - Processing /opt/airflow/dags/review_timeout_dag.py took 0.096 seconds
[2026-06-24T13:51:40.531+0000] {processor.py:161} INFO - Started process (PID=1493) to work on /opt/airflow/dags/review_timeout_dag.py
[2026-06-24T13:51:40.533+0000] {processor.py:830} INFO - Processing file /opt/airflow/dags/review_timeout_dag.py for tasks to queue
[2026-06-24T13:51:40.534+0000] {logging_mixin.py:188} INFO - [2026-06-24T13:51:40.533+0000] {dagbag.py:538} INFO - Filling up the DagBag from /opt/airflow/dags/review_timeout_dag.py
[2026-06-24T13:51:40.558+0000] {processor.py:840} INFO - DAG(s) 'review_timeout_dag' retrieved from /opt/airflow/dags/review_timeout_dag.py
[2026-06-24T13:51:40.605+0000] {logging_mixin.py:188} INFO - [2026-06-24T13:51:40.605+0000] {dag.py:3033} INFO - Sync 1 DAGs
[2026-06-24T13:51:40.626+0000] {logging_mixin.py:188} INFO - [2026-06-24T13:51:40.626+0000] {dag.py:3820} INFO - Setting next_dagrun for review_timeout_dag to 2026-06-23T01:00:00+00:00, run_after=2026-06-24T01:00:00+00:00
[2026-06-24T13:51:40.648+0000] {processor.py:183} INFO - Processing /opt/airflow/dags/review_timeout_dag.py took 0.125 seconds
[2026-06-24T13:52:10.804+0000] {processor.py:161} INFO - Started process (PID=1503) to work on /opt/airflow/dags/review_timeout_dag.py
[2026-06-24T13:52:10.805+0000] {processor.py:830} INFO - Processing file /opt/airflow/dags/review_timeout_dag.py for tasks to queue
[2026-06-24T13:52:10.806+0000] {logging_mixin.py:188} INFO - [2026-06-24T13:52:10.806+0000] {dagbag.py:538} INFO - Filling up the DagBag from /opt/airflow/dags/review_timeout_dag.py
[2026-06-24T13:52:10.831+0000] {processor.py:840} INFO - DAG(s) 'review_timeout_dag' retrieved from /opt/airflow/dags/review_timeout_dag.py
[2026-06-24T13:52:10.867+0000] {logging_mixin.py:188} INFO - [2026-06-24T13:52:10.867+0000] {dag.py:3033} INFO - Sync 1 DAGs
[2026-06-24T13:52:10.895+0000] {logging_mixin.py:188} INFO - [2026-06-24T13:52:10.895+0000] {dag.py:3820} INFO - Setting next_dagrun for review_timeout_dag to 2026-06-23T01:00:00+00:00, run_after=2026-06-24T01:00:00+00:00
[2026-06-24T13:52:10.912+0000] {processor.py:183} INFO - Processing /opt/airflow/dags/review_timeout_dag.py took 0.113 seconds
[2026-06-24T13:52:41.288+0000] {processor.py:161} INFO - Started process (PID=1513) to work on /opt/airflow/dags/review_timeout_dag.py
[2026-06-24T13:52:41.289+0000] {processor.py:830} INFO - Processing file /opt/airflow/dags/review_timeout_dag.py for tasks to queue
[2026-06-24T13:52:41.290+0000] {logging_mixin.py:188} INFO - [2026-06-24T13:52:41.290+0000] {dagbag.py:538} INFO - Filling up the DagBag from /opt/airflow/dags/review_timeout_dag.py
[2026-06-24T13:52:41.316+0000] {processor.py:840} INFO - DAG(s) 'review_timeout_dag' retrieved from /opt/airflow/dags/review_timeout_dag.py
[2026-06-24T13:52:41.345+0000] {logging_mixin.py:188} INFO - [2026-06-24T13:52:41.345+0000] {dag.py:3033} INFO - Sync 1 DAGs
[2026-06-24T13:52:41.363+0000] {logging_mixin.py:188} INFO - [2026-06-24T13:52:41.363+0000] {dag.py:3820} INFO - Setting next_dagrun for review_timeout_dag to 2026-06-23T01:00:00+00:00, run_after=2026-06-24T01:00:00+00:00
[2026-06-24T13:52:41.378+0000] {processor.py:183} INFO - Processing /opt/airflow/dags/review_timeout_dag.py took 0.096 seconds
[2026-06-24T13:53:12.166+0000] {processor.py:161} INFO - Started process (PID=1523) to work on /opt/airflow/dags/review_timeout_dag.py
[2026-06-24T13:53:12.172+0000] {processor.py:830} INFO - Processing file /opt/airflow/dags/review_timeout_dag.py for tasks to queue
[2026-06-24T13:53:12.179+0000] {logging_mixin.py:188} INFO - [2026-06-24T13:53:12.178+0000] {dagbag.py:538} INFO - Filling up the DagBag from /opt/airflow/dags/review_timeout_dag.py
[2026-06-24T13:53:12.249+0000] {processor.py:840} INFO - DAG(s) 'review_timeout_dag' retrieved from /opt/airflow/dags/review_timeout_dag.py
[2026-06-24T13:53:12.371+0000] {logging_mixin.py:188} INFO - [2026-06-24T13:53:12.370+0000] {dag.py:3033} INFO - Sync 1 DAGs
[2026-06-24T13:53:12.419+0000] {logging_mixin.py:188} INFO - [2026-06-24T13:53:12.418+0000] {dag.py:3820} INFO - Setting next_dagrun for review_timeout_dag to 2026-06-23T01:00:00+00:00, run_after=2026-06-24T01:00:00+00:00
[2026-06-24T13:53:12.451+0000] {processor.py:183} INFO - Processing /opt/airflow/dags/review_timeout_dag.py took 0.322 seconds
[2026-06-24T13:53:42.720+0000] {processor.py:161} INFO - Started process (PID=1538) to work on /opt/airflow/dags/review_timeout_dag.py
[2026-06-24T13:53:42.720+0000] {processor.py:830} INFO - Processing file /opt/airflow/dags/review_timeout_dag.py for tasks to queue
[2026-06-24T13:53:42.721+0000] {logging_mixin.py:188} INFO - [2026-06-24T13:53:42.721+0000] {dagbag.py:538} INFO - Filling up the DagBag from /opt/airflow/dags/review_timeout_dag.py
[2026-06-24T13:53:42.731+0000] {processor.py:840} INFO - DAG(s) 'review_timeout_dag' retrieved from /opt/airflow/dags/review_timeout_dag.py
[2026-06-24T13:53:42.753+0000] {logging_mixin.py:188} INFO - [2026-06-24T13:53:42.753+0000] {dag.py:3033} INFO - Sync 1 DAGs
[2026-06-24T13:53:42.770+0000] {logging_mixin.py:188} INFO - [2026-06-24T13:53:42.770+0000] {dag.py:3820} INFO - Setting next_dagrun for review_timeout_dag to 2026-06-23T01:00:00+00:00, run_after=2026-06-24T01:00:00+00:00
[2026-06-24T13:53:42.783+0000] {processor.py:183} INFO - Processing /opt/airflow/dags/review_timeout_dag.py took 0.066 seconds
[2026-06-24T13:54:13.010+0000] {processor.py:161} INFO - Started process (PID=1543) to work on /opt/airflow/dags/review_timeout_dag.py
[2026-06-24T13:54:13.015+0000] {processor.py:830} INFO - Processing file /opt/airflow/dags/review_timeout_dag.py for tasks to queue
[2026-06-24T13:54:13.017+0000] {logging_mixin.py:188} INFO - [2026-06-24T13:54:13.017+0000] {dagbag.py:538} INFO - Filling up the DagBag from /opt/airflow/dags/review_timeout_dag.py
[2026-06-24T13:54:13.041+0000] {processor.py:840} INFO - DAG(s) 'review_timeout_dag' retrieved from /opt/airflow/dags/review_timeout_dag.py
[2026-06-24T13:54:13.085+0000] {logging_mixin.py:188} INFO - [2026-06-24T13:54:13.085+0000] {dag.py:3033} INFO - Sync 1 DAGs
[2026-06-24T13:54:13.106+0000] {logging_mixin.py:188} INFO - [2026-06-24T13:54:13.106+0000] {dag.py:3820} INFO - Setting next_dagrun for review_timeout_dag to 2026-06-23T01:00:00+00:00, run_after=2026-06-24T01:00:00+00:00
[2026-06-24T13:54:13.130+0000] {processor.py:183} INFO - Processing /opt/airflow/dags/review_timeout_dag.py took 0.126 seconds
[2026-06-24T13:54:43.493+0000] {processor.py:161} INFO - Started process (PID=1553) to work on /opt/airflow/dags/review_timeout_dag.py
[2026-06-24T13:54:43.496+0000] {processor.py:830} INFO - Processing file /opt/airflow/dags/review_timeout_dag.py for tasks to queue
[2026-06-24T13:54:43.498+0000] {logging_mixin.py:188} INFO - [2026-06-24T13:54:43.497+0000] {dagbag.py:538} INFO - Filling up the DagBag from /opt/airflow/dags/review_timeout_dag.py
[2026-06-24T13:54:43.530+0000] {processor.py:840} INFO - DAG(s) 'review_timeout_dag' retrieved from /opt/airflow/dags/review_timeout_dag.py
[2026-06-24T13:54:43.587+0000] {logging_mixin.py:188} INFO - [2026-06-24T13:54:43.586+0000] {dag.py:3033} INFO - Sync 1 DAGs
[2026-06-24T13:54:43.612+0000] {logging_mixin.py:188} INFO - [2026-06-24T13:54:43.611+0000] {dag.py:3820} INFO - Setting next_dagrun for review_timeout_dag to 2026-06-23T01:00:00+00:00, run_after=2026-06-24T01:00:00+00:00
[2026-06-24T13:54:43.635+0000] {processor.py:183} INFO - Processing /opt/airflow/dags/review_timeout_dag.py took 0.153 seconds
[2026-06-24T13:55:13.841+0000] {processor.py:161} INFO - Started process (PID=1563) to work on /opt/airflow/dags/review_timeout_dag.py
[2026-06-24T13:55:13.842+0000] {processor.py:830} INFO - Processing file /opt/airflow/dags/review_timeout_dag.py for tasks to queue
[2026-06-24T13:55:13.843+0000] {logging_mixin.py:188} INFO - [2026-06-24T13:55:13.842+0000] {dagbag.py:538} INFO - Filling up the DagBag from /opt/airflow/dags/review_timeout_dag.py
[2026-06-24T13:55:13.869+0000] {processor.py:840} INFO - DAG(s) 'review_timeout_dag' retrieved from /opt/airflow/dags/review_timeout_dag.py
[2026-06-24T13:55:13.905+0000] {logging_mixin.py:188} INFO - [2026-06-24T13:55:13.905+0000] {dag.py:3033} INFO - Sync 1 DAGs
[2026-06-24T13:55:13.931+0000] {logging_mixin.py:188} INFO - [2026-06-24T13:55:13.931+0000] {dag.py:3820} INFO - Setting next_dagrun for review_timeout_dag to 2026-06-23T01:00:00+00:00, run_after=2026-06-24T01:00:00+00:00
[2026-06-24T13:55:13.950+0000] {processor.py:183} INFO - Processing /opt/airflow/dags/review_timeout_dag.py took 0.113 seconds
[2026-06-24T13:55:44.203+0000] {processor.py:161} INFO - Started process (PID=1573) to work on /opt/airflow/dags/review_timeout_dag.py
[2026-06-24T13:55:44.203+0000] {processor.py:830} INFO - Processing file /opt/airflow/dags/review_timeout_dag.py for tasks to queue
[2026-06-24T13:55:44.205+0000] {logging_mixin.py:188} INFO - [2026-06-24T13:55:44.204+0000] {dagbag.py:538} INFO - Filling up the DagBag from /opt/airflow/dags/review_timeout_dag.py
[2026-06-24T13:55:44.236+0000] {processor.py:840} INFO - DAG(s) 'review_timeout_dag' retrieved from /opt/airflow/dags/review_timeout_dag.py
[2026-06-24T13:55:44.385+0000] {logging_mixin.py:188} INFO - [2026-06-24T13:55:44.384+0000] {dag.py:3033} INFO - Sync 1 DAGs
[2026-06-24T13:55:44.433+0000] {logging_mixin.py:188} INFO - [2026-06-24T13:55:44.433+0000] {dag.py:3820} INFO - Setting next_dagrun for review_timeout_dag to 2026-06-23T01:00:00+00:00, run_after=2026-06-24T01:00:00+00:00
[2026-06-24T13:55:44.467+0000] {processor.py:183} INFO - Processing /opt/airflow/dags/review_timeout_dag.py took 0.270 seconds
[2026-06-24T13:56:14.734+0000] {processor.py:161} INFO - Started process (PID=1583) to work on /opt/airflow/dags/review_timeout_dag.py
[2026-06-24T13:56:14.736+0000] {processor.py:830} INFO - Processing file /opt/airflow/dags/review_timeout_dag.py for tasks to queue
[2026-06-24T13:56:14.737+0000] {logging_mixin.py:188} INFO - [2026-06-24T13:56:14.737+0000] {dagbag.py:538} INFO - Filling up the DagBag from /opt/airflow/dags/review_timeout_dag.py
[2026-06-24T13:56:14.761+0000] {processor.py:840} INFO - DAG(s) 'review_timeout_dag' retrieved from /opt/airflow/dags/review_timeout_dag.py
[2026-06-24T13:56:14.806+0000] {logging_mixin.py:188} INFO - [2026-06-24T13:56:14.806+0000] {dag.py:3033} INFO - Sync 1 DAGs
[2026-06-24T13:56:14.833+0000] {logging_mixin.py:188} INFO - [2026-06-24T13:56:14.833+0000] {dag.py:3820} INFO - Setting next_dagrun for review_timeout_dag to 2026-06-23T01:00:00+00:00, run_after=2026-06-24T01:00:00+00:00
[2026-06-24T13:56:14.857+0000] {processor.py:183} INFO - Processing /opt/airflow/dags/review_timeout_dag.py took 0.127 seconds
[2026-06-24T13:56:44.979+0000] {processor.py:161} INFO - Started process (PID=1593) to work on /opt/airflow/dags/review_timeout_dag.py
[2026-06-24T13:56:44.980+0000] {processor.py:830} INFO - Processing file /opt/airflow/dags/review_timeout_dag.py for tasks to queue
[2026-06-24T13:56:44.981+0000] {logging_mixin.py:188} INFO - [2026-06-24T13:56:44.981+0000] {dagbag.py:538} INFO - Filling up the DagBag from /opt/airflow/dags/review_timeout_dag.py
[2026-06-24T13:56:45.215+0000] {processor.py:840} INFO - DAG(s) 'review_timeout_dag' retrieved from /opt/airflow/dags/review_timeout_dag.py
[2026-06-24T13:56:45.262+0000] {logging_mixin.py:188} INFO - [2026-06-24T13:56:45.262+0000] {dag.py:3033} INFO - Sync 1 DAGs
[2026-06-24T13:56:45.287+0000] {logging_mixin.py:188} INFO - [2026-06-24T13:56:45.287+0000] {dag.py:3820} INFO - Setting next_dagrun for review_timeout_dag to 2026-06-23T01:00:00+00:00, run_after=2026-06-24T01:00:00+00:00
[2026-06-24T13:56:45.309+0000] {processor.py:183} INFO - Processing /opt/airflow/dags/review_timeout_dag.py took 0.337 seconds
[2026-06-24T13:57:15.659+0000] {processor.py:161} INFO - Started process (PID=1603) to work on /opt/airflow/dags/review_timeout_dag.py
[2026-06-24T13:57:15.663+0000] {processor.py:830} INFO - Processing file /opt/airflow/dags/review_timeout_dag.py for tasks to queue
[2026-06-24T13:57:15.666+0000] {logging_mixin.py:188} INFO - [2026-06-24T13:57:15.666+0000] {dagbag.py:538} INFO - Filling up the DagBag from /opt/airflow/dags/review_timeout_dag.py
[2026-06-24T13:57:15.701+0000] {processor.py:840} INFO - DAG(s) 'review_timeout_dag' retrieved from /opt/airflow/dags/review_timeout_dag.py
[2026-06-24T13:57:15.795+0000] {logging_mixin.py:188} INFO - [2026-06-24T13:57:15.795+0000] {dag.py:3033} INFO - Sync 1 DAGs
[2026-06-24T13:57:15.954+0000] {logging_mixin.py:188} INFO - [2026-06-24T13:57:15.954+0000] {dag.py:3820} INFO - Setting next_dagrun for review_timeout_dag to 2026-06-23T01:00:00+00:00, run_after=2026-06-24T01:00:00+00:00
[2026-06-24T13:57:16.049+0000] {processor.py:183} INFO - Processing /opt/airflow/dags/review_timeout_dag.py took 0.397 seconds
[2026-06-24T13:57:46.449+0000] {processor.py:161} INFO - Started process (PID=1613) to work on /opt/airflow/dags/review_timeout_dag.py
[2026-06-24T13:57:46.451+0000] {processor.py:830} INFO - Processing file /opt/airflow/dags/review_timeout_dag.py for tasks to queue
[2026-06-24T13:57:46.453+0000] {logging_mixin.py:188} INFO - [2026-06-24T13:57:46.452+0000] {dagbag.py:538} INFO - Filling up the DagBag from /opt/airflow/dags/review_timeout_dag.py
[2026-06-24T13:57:46.487+0000] {processor.py:840} INFO - DAG(s) 'review_timeout_dag' retrieved from /opt/airflow/dags/review_timeout_dag.py
[2026-06-24T13:57:46.568+0000] {logging_mixin.py:188} INFO - [2026-06-24T13:57:46.568+0000] {dag.py:3033} INFO - Sync 1 DAGs
[2026-06-24T13:57:46.608+0000] {logging_mixin.py:188} INFO - [2026-06-24T13:57:46.608+0000] {dag.py:3820} INFO - Setting next_dagrun for review_timeout_dag to 2026-06-23T01:00:00+00:00, run_after=2026-06-24T01:00:00+00:00
[2026-06-24T13:57:46.635+0000] {processor.py:183} INFO - Processing /opt/airflow/dags/review_timeout_dag.py took 0.193 seconds
[2026-06-24T13:58:16.800+0000] {processor.py:161} INFO - Started process (PID=1623) to work on /opt/airflow/dags/review_timeout_dag.py
[2026-06-24T13:58:16.806+0000] {processor.py:830} INFO - Processing file /opt/airflow/dags/review_timeout_dag.py for tasks to queue
[2026-06-24T13:58:16.809+0000] {logging_mixin.py:188} INFO - [2026-06-24T13:58:16.808+0000] {dagbag.py:538} INFO - Filling up the DagBag from /opt/airflow/dags/review_timeout_dag.py
[2026-06-24T13:58:16.860+0000] {processor.py:840} INFO - DAG(s) 'review_timeout_dag' retrieved from /opt/airflow/dags/review_timeout_dag.py
[2026-06-24T13:58:16.918+0000] {logging_mixin.py:188} INFO - [2026-06-24T13:58:16.918+0000] {dag.py:3033} INFO - Sync 1 DAGs
[2026-06-24T13:58:16.957+0000] {logging_mixin.py:188} INFO - [2026-06-24T13:58:16.957+0000] {dag.py:3820} INFO - Setting next_dagrun for review_timeout_dag to 2026-06-23T01:00:00+00:00, run_after=2026-06-24T01:00:00+00:00
[2026-06-24T13:58:16.986+0000] {processor.py:183} INFO - Processing /opt/airflow/dags/review_timeout_dag.py took 0.199 seconds
[2026-06-24T13:58:47.141+0000] {processor.py:161} INFO - Started process (PID=1633) to work on /opt/airflow/dags/review_timeout_dag.py
[2026-06-24T13:58:47.145+0000] {processor.py:830} INFO - Processing file /opt/airflow/dags/review_timeout_dag.py for tasks to queue
[2026-06-24T13:58:47.147+0000] {logging_mixin.py:188} INFO - [2026-06-24T13:58:47.146+0000] {dagbag.py:538} INFO - Filling up the DagBag from /opt/airflow/dags/review_timeout_dag.py
[2026-06-24T13:58:47.214+0000] {processor.py:840} INFO - DAG(s) 'review_timeout_dag' retrieved from /opt/airflow/dags/review_timeout_dag.py
[2026-06-24T13:58:47.308+0000] {logging_mixin.py:188} INFO - [2026-06-24T13:58:47.307+0000] {dag.py:3033} INFO - Sync 1 DAGs
[2026-06-24T13:58:47.348+0000] {logging_mixin.py:188} INFO - [2026-06-24T13:58:47.348+0000] {dag.py:3820} INFO - Setting next_dagrun for review_timeout_dag to 2026-06-23T01:00:00+00:00, run_after=2026-06-24T01:00:00+00:00
[2026-06-24T13:58:47.382+0000] {processor.py:183} INFO - Processing /opt/airflow/dags/review_timeout_dag.py took 0.261 seconds
[2026-06-24T13:59:17.592+0000] {processor.py:161} INFO - Started process (PID=1643) to work on /opt/airflow/dags/review_timeout_dag.py
[2026-06-24T13:59:17.594+0000] {processor.py:830} INFO - Processing file /opt/airflow/dags/review_timeout_dag.py for tasks to queue
[2026-06-24T13:59:17.598+0000] {logging_mixin.py:188} INFO - [2026-06-24T13:59:17.597+0000] {dagbag.py:538} INFO - Filling up the DagBag from /opt/airflow/dags/review_timeout_dag.py
[2026-06-24T13:59:17.662+0000] {processor.py:840} INFO - DAG(s) 'review_timeout_dag' retrieved from /opt/airflow/dags/review_timeout_dag.py
[2026-06-24T13:59:17.740+0000] {logging_mixin.py:188} INFO - [2026-06-24T13:59:17.740+0000] {dag.py:3033} INFO - Sync 1 DAGs
[2026-06-24T13:59:17.779+0000] {logging_mixin.py:188} INFO - [2026-06-24T13:59:17.779+0000] {dag.py:3820} INFO - Setting next_dagrun for review_timeout_dag to 2026-06-23T01:00:00+00:00, run_after=2026-06-24T01:00:00+00:00
[2026-06-24T13:59:17.814+0000] {processor.py:183} INFO - Processing /opt/airflow/dags/review_timeout_dag.py took 0.235 seconds
[2026-06-24T13:59:48.336+0000] {processor.py:161} INFO - Started process (PID=1653) to work on /opt/airflow/dags/review_timeout_dag.py
[2026-06-24T13:59:48.340+0000] {processor.py:830} INFO - Processing file /opt/airflow/dags/review_timeout_dag.py for tasks to queue
[2026-06-24T13:59:48.350+0000] {logging_mixin.py:188} INFO - [2026-06-24T13:59:48.347+0000] {dagbag.py:538} INFO - Filling up the DagBag from /opt/airflow/dags/review_timeout_dag.py
[2026-06-24T13:59:48.449+0000] {processor.py:840} INFO - DAG(s) 'review_timeout_dag' retrieved from /opt/airflow/dags/review_timeout_dag.py
[2026-06-24T13:59:48.590+0000] {logging_mixin.py:188} INFO - [2026-06-24T13:59:48.589+0000] {dag.py:3033} INFO - Sync 1 DAGs
[2026-06-24T13:59:48.659+0000] {logging_mixin.py:188} INFO - [2026-06-24T13:59:48.658+0000] {dag.py:3820} INFO - Setting next_dagrun for review_timeout_dag to 2026-06-23T01:00:00+00:00, run_after=2026-06-24T01:00:00+00:00
[2026-06-24T13:59:48.735+0000] {processor.py:183} INFO - Processing /opt/airflow/dags/review_timeout_dag.py took 0.433 seconds
[2026-06-24T14:00:19.716+0000] {processor.py:161} INFO - Started process (PID=1663) to work on /opt/airflow/dags/review_timeout_dag.py
[2026-06-24T14:00:19.723+0000] {processor.py:830} INFO - Processing file /opt/airflow/dags/review_timeout_dag.py for tasks to queue
[2026-06-24T14:00:19.727+0000] {logging_mixin.py:188} INFO - [2026-06-24T14:00:19.726+0000] {dagbag.py:538} INFO - Filling up the DagBag from /opt/airflow/dags/review_timeout_dag.py
[2026-06-24T14:00:19.773+0000] {processor.py:840} INFO - DAG(s) 'review_timeout_dag' retrieved from /opt/airflow/dags/review_timeout_dag.py
[2026-06-24T14:00:19.848+0000] {logging_mixin.py:188} INFO - [2026-06-24T14:00:19.848+0000] {dag.py:3033} INFO - Sync 1 DAGs
[2026-06-24T14:00:19.929+0000] {logging_mixin.py:188} INFO - [2026-06-24T14:00:19.928+0000] {dag.py:3820} INFO - Setting next_dagrun for review_timeout_dag to 2026-06-23T01:00:00+00:00, run_after=2026-06-24T01:00:00+00:00
[2026-06-24T14:00:19.999+0000] {processor.py:183} INFO - Processing /opt/airflow/dags/review_timeout_dag.py took 0.296 seconds
[2026-06-24T14:00:50.231+0000] {processor.py:161} INFO - Started process (PID=1673) to work on /opt/airflow/dags/review_timeout_dag.py
[2026-06-24T14:00:50.234+0000] {processor.py:830} INFO - Processing file /opt/airflow/dags/review_timeout_dag.py for tasks to queue
[2026-06-24T14:00:50.236+0000] {logging_mixin.py:188} INFO - [2026-06-24T14:00:50.236+0000] {dagbag.py:538} INFO - Filling up the DagBag from /opt/airflow/dags/review_timeout_dag.py
[2026-06-24T14:00:50.273+0000] {processor.py:840} INFO - DAG(s) 'review_timeout_dag' retrieved from /opt/airflow/dags/review_timeout_dag.py
[2026-06-24T14:00:50.342+0000] {logging_mixin.py:188} INFO - [2026-06-24T14:00:50.342+0000] {dag.py:3033} INFO - Sync 1 DAGs
[2026-06-24T14:00:50.386+0000] {logging_mixin.py:188} INFO - [2026-06-24T14:00:50.386+0000] {dag.py:3820} INFO - Setting next_dagrun for review_timeout_dag to 2026-06-23T01:00:00+00:00, run_after=2026-06-24T01:00:00+00:00
[2026-06-24T14:00:50.423+0000] {processor.py:183} INFO - Processing /opt/airflow/dags/review_timeout_dag.py took 0.213 seconds
[2026-06-24T14:01:20.800+0000] {processor.py:161} INFO - Started process (PID=1683) to work on /opt/airflow/dags/review_timeout_dag.py
[2026-06-24T14:01:20.806+0000] {processor.py:830} INFO - Processing file /opt/airflow/dags/review_timeout_dag.py for tasks to queue
[2026-06-24T14:01:20.811+0000] {logging_mixin.py:188} INFO - [2026-06-24T14:01:20.809+0000] {dagbag.py:538} INFO - Filling up the DagBag from /opt/airflow/dags/review_timeout_dag.py
[2026-06-24T14:01:20.899+0000] {processor.py:840} INFO - DAG(s) 'review_timeout_dag' retrieved from /opt/airflow/dags/review_timeout_dag.py
[2026-06-24T14:01:21.118+0000] {logging_mixin.py:188} INFO - [2026-06-24T14:01:21.101+0000] {dag.py:3033} INFO - Sync 1 DAGs
[2026-06-24T14:01:21.311+0000] {logging_mixin.py:188} INFO - [2026-06-24T14:01:21.310+0000] {dag.py:3820} INFO - Setting next_dagrun for review_timeout_dag to 2026-06-23T01:00:00+00:00, run_after=2026-06-24T01:00:00+00:00
[2026-06-24T14:01:21.386+0000] {processor.py:183} INFO - Processing /opt/airflow/dags/review_timeout_dag.py took 0.621 seconds
[2026-06-24T14:01:51.877+0000] {processor.py:161} INFO - Started process (PID=1693) to work on /opt/airflow/dags/review_timeout_dag.py
[2026-06-24T14:01:51.880+0000] {processor.py:830} INFO - Processing file /opt/airflow/dags/review_timeout_dag.py for tasks to queue
[2026-06-24T14:01:51.886+0000] {logging_mixin.py:188} INFO - [2026-06-24T14:01:51.882+0000] {dagbag.py:538} INFO - Filling up the DagBag from /opt/airflow/dags/review_timeout_dag.py
[2026-06-24T14:01:51.955+0000] {processor.py:840} INFO - DAG(s) 'review_timeout_dag' retrieved from /opt/airflow/dags/review_timeout_dag.py
[2026-06-24T14:01:52.114+0000] {logging_mixin.py:188} INFO - [2026-06-24T14:01:52.114+0000] {dag.py:3033} INFO - Sync 1 DAGs
[2026-06-24T14:01:52.154+0000] {logging_mixin.py:188} INFO - [2026-06-24T14:01:52.153+0000] {dag.py:3820} INFO - Setting next_dagrun for review_timeout_dag to 2026-06-23T01:00:00+00:00, run_after=2026-06-24T01:00:00+00:00
[2026-06-24T14:01:52.189+0000] {processor.py:183} INFO - Processing /opt/airflow/dags/review_timeout_dag.py took 0.324 seconds
[2026-06-24T14:02:22.850+0000] {processor.py:161} INFO - Started process (PID=1703) to work on /opt/airflow/dags/review_timeout_dag.py
[2026-06-24T14:02:22.860+0000] {processor.py:830} INFO - Processing file /opt/airflow/dags/review_timeout_dag.py for tasks to queue
[2026-06-24T14:02:22.866+0000] {logging_mixin.py:188} INFO - [2026-06-24T14:02:22.864+0000] {dagbag.py:538} INFO - Filling up the DagBag from /opt/airflow/dags/review_timeout_dag.py
[2026-06-24T14:02:22.982+0000] {processor.py:840} INFO - DAG(s) 'review_timeout_dag' retrieved from /opt/airflow/dags/review_timeout_dag.py
[2026-06-24T14:02:23.171+0000] {logging_mixin.py:188} INFO - [2026-06-24T14:02:23.170+0000] {dag.py:3033} INFO - Sync 1 DAGs
[2026-06-24T14:02:23.342+0000] {logging_mixin.py:188} INFO - [2026-06-24T14:02:23.341+0000] {dag.py:3820} INFO - Setting next_dagrun for review_timeout_dag to 2026-06-23T01:00:00+00:00, run_after=2026-06-24T01:00:00+00:00
[2026-06-24T14:02:23.411+0000] {processor.py:183} INFO - Processing /opt/airflow/dags/review_timeout_dag.py took 0.613 seconds
[2026-06-24T14:02:53.915+0000] {processor.py:161} INFO - Started process (PID=1713) to work on /opt/airflow/dags/review_timeout_dag.py
[2026-06-24T14:02:53.918+0000] {processor.py:830} INFO - Processing file /opt/airflow/dags/review_timeout_dag.py for tasks to queue
[2026-06-24T14:02:53.920+0000] {logging_mixin.py:188} INFO - [2026-06-24T14:02:53.919+0000] {dagbag.py:538} INFO - Filling up the DagBag from /opt/airflow/dags/review_timeout_dag.py
[2026-06-24T14:02:53.958+0000] {processor.py:840} INFO - DAG(s) 'review_timeout_dag' retrieved from /opt/airflow/dags/review_timeout_dag.py
[2026-06-24T14:02:54.021+0000] {logging_mixin.py:188} INFO - [2026-06-24T14:02:54.021+0000] {dag.py:3033} INFO - Sync 1 DAGs
[2026-06-24T14:02:54.053+0000] {logging_mixin.py:188} INFO - [2026-06-24T14:02:54.053+0000] {dag.py:3820} INFO - Setting next_dagrun for review_timeout_dag to 2026-06-23T01:00:00+00:00, run_after=2026-06-24T01:00:00+00:00
[2026-06-24T14:02:54.077+0000] {processor.py:183} INFO - Processing /opt/airflow/dags/review_timeout_dag.py took 0.178 seconds
[2026-06-24T14:03:24.833+0000] {processor.py:161} INFO - Started process (PID=1723) to work on /opt/airflow/dags/review_timeout_dag.py
[2026-06-24T14:03:24.837+0000] {processor.py:830} INFO - Processing file /opt/airflow/dags/review_timeout_dag.py for tasks to queue
[2026-06-24T14:03:24.841+0000] {logging_mixin.py:188} INFO - [2026-06-24T14:03:24.840+0000] {dagbag.py:538} INFO - Filling up the DagBag from /opt/airflow/dags/review_timeout_dag.py
[2026-06-24T14:03:24.894+0000] {processor.py:840} INFO - DAG(s) 'review_timeout_dag' retrieved from /opt/airflow/dags/review_timeout_dag.py
[2026-06-24T14:03:24.956+0000] {logging_mixin.py:188} INFO - [2026-06-24T14:03:24.955+0000] {dag.py:3033} INFO - Sync 1 DAGs
[2026-06-24T14:03:24.990+0000] {logging_mixin.py:188} INFO - [2026-06-24T14:03:24.989+0000] {dag.py:3820} INFO - Setting next_dagrun for review_timeout_dag to 2026-06-23T01:00:00+00:00, run_after=2026-06-24T01:00:00+00:00
[2026-06-24T14:03:25.022+0000] {processor.py:183} INFO - Processing /opt/airflow/dags/review_timeout_dag.py took 0.213 seconds
[2026-06-24T14:03:56.670+0000] {processor.py:161} INFO - Started process (PID=1733) to work on /opt/airflow/dags/review_timeout_dag.py
[2026-06-24T14:03:56.694+0000] {processor.py:830} INFO - Processing file /opt/airflow/dags/review_timeout_dag.py for tasks to queue
[2026-06-24T14:03:56.867+0000] {logging_mixin.py:188} INFO - [2026-06-24T14:03:56.862+0000] {dagbag.py:538} INFO - Filling up the DagBag from /opt/airflow/dags/review_timeout_dag.py
[2026-06-24T14:03:57.532+0000] {processor.py:840} INFO - DAG(s) 'review_timeout_dag' retrieved from /opt/airflow/dags/review_timeout_dag.py
[2026-06-24T14:03:59.141+0000] {logging_mixin.py:188} INFO - [2026-06-24T14:03:59.134+0000] {dag.py:3033} INFO - Sync 1 DAGs
[2026-06-24T14:03:59.539+0000] {logging_mixin.py:188} INFO - [2026-06-24T14:03:59.539+0000] {dag.py:3820} INFO - Setting next_dagrun for review_timeout_dag to 2026-06-23T01:00:00+00:00, run_after=2026-06-24T01:00:00+00:00
[2026-06-24T14:03:59.746+0000] {processor.py:183} INFO - Processing /opt/airflow/dags/review_timeout_dag.py took 3.447 seconds
[2026-06-24T14:04:30.496+0000] {processor.py:161} INFO - Started process (PID=1743) to work on /opt/airflow/dags/review_timeout_dag.py
[2026-06-24T14:04:30.505+0000] {processor.py:830} INFO - Processing file /opt/airflow/dags/review_timeout_dag.py for tasks to queue
[2026-06-24T14:04:30.510+0000] {logging_mixin.py:188} INFO - [2026-06-24T14:04:30.509+0000] {dagbag.py:538} INFO - Filling up the DagBag from /opt/airflow/dags/review_timeout_dag.py
[2026-06-24T14:04:30.548+0000] {processor.py:840} INFO - DAG(s) 'review_timeout_dag' retrieved from /opt/airflow/dags/review_timeout_dag.py
[2026-06-24T14:04:30.620+0000] {logging_mixin.py:188} INFO - [2026-06-24T14:04:30.619+0000] {dag.py:3033} INFO - Sync 1 DAGs
[2026-06-24T14:04:30.657+0000] {logging_mixin.py:188} INFO - [2026-06-24T14:04:30.656+0000] {dag.py:3820} INFO - Setting next_dagrun for review_timeout_dag to 2026-06-23T01:00:00+00:00, run_after=2026-06-24T01:00:00+00:00
[2026-06-24T14:04:30.690+0000] {processor.py:183} INFO - Processing /opt/airflow/dags/review_timeout_dag.py took 0.212 seconds
[2026-06-24T14:05:01.604+0000] {processor.py:161} INFO - Started process (PID=1753) to work on /opt/airflow/dags/review_timeout_dag.py
[2026-06-24T14:05:01.608+0000] {processor.py:830} INFO - Processing file /opt/airflow/dags/review_timeout_dag.py for tasks to queue
[2026-06-24T14:05:01.610+0000] {logging_mixin.py:188} INFO - [2026-06-24T14:05:01.610+0000] {dagbag.py:538} INFO - Filling up the DagBag from /opt/airflow/dags/review_timeout_dag.py
[2026-06-24T14:05:01.768+0000] {processor.py:840} INFO - DAG(s) 'review_timeout_dag' retrieved from /opt/airflow/dags/review_timeout_dag.py
[2026-06-24T14:05:02.396+0000] {logging_mixin.py:188} INFO - [2026-06-24T14:05:02.391+0000] {dag.py:3033} INFO - Sync 1 DAGs
[2026-06-24T14:05:02.752+0000] {logging_mixin.py:188} INFO - [2026-06-24T14:05:02.748+0000] {dag.py:3820} INFO - Setting next_dagrun for review_timeout_dag to 2026-06-23T01:00:00+00:00, run_after=2026-06-24T01:00:00+00:00
[2026-06-24T14:05:02.999+0000] {processor.py:183} INFO - Processing /opt/airflow/dags/review_timeout_dag.py took 1.411 seconds
[2026-06-24T14:05:34.802+0000] {processor.py:161} INFO - Started process (PID=1763) to work on /opt/airflow/dags/review_timeout_dag.py
[2026-06-24T14:05:34.804+0000] {processor.py:830} INFO - Processing file /opt/airflow/dags/review_timeout_dag.py for tasks to queue
[2026-06-24T14:05:34.809+0000] {logging_mixin.py:188} INFO - [2026-06-24T14:05:34.805+0000] {dagbag.py:538} INFO - Filling up the DagBag from /opt/airflow/dags/review_timeout_dag.py
[2026-06-24T14:05:34.841+0000] {processor.py:840} INFO - DAG(s) 'review_timeout_dag' retrieved from /opt/airflow/dags/review_timeout_dag.py
[2026-06-24T14:05:34.890+0000] {logging_mixin.py:188} INFO - [2026-06-24T14:05:34.890+0000] {dag.py:3033} INFO - Sync 1 DAGs
[2026-06-24T14:05:34.918+0000] {logging_mixin.py:188} INFO - [2026-06-24T14:05:34.918+0000] {dag.py:3820} INFO - Setting next_dagrun for review_timeout_dag to 2026-06-23T01:00:00+00:00, run_after=2026-06-24T01:00:00+00:00
[2026-06-24T14:05:34.940+0000] {processor.py:183} INFO - Processing /opt/airflow/dags/review_timeout_dag.py took 0.144 seconds
[2026-06-24T14:06:05.654+0000] {processor.py:161} INFO - Started process (PID=1773) to work on /opt/airflow/dags/review_timeout_dag.py
[2026-06-24T14:06:05.658+0000] {processor.py:830} INFO - Processing file /opt/airflow/dags/review_timeout_dag.py for tasks to queue
[2026-06-24T14:06:05.664+0000] {logging_mixin.py:188} INFO - [2026-06-24T14:06:05.661+0000] {dagbag.py:538} INFO - Filling up the DagBag from /opt/airflow/dags/review_timeout_dag.py
[2026-06-24T14:06:05.786+0000] {processor.py:840} INFO - DAG(s) 'review_timeout_dag' retrieved from /opt/airflow/dags/review_timeout_dag.py
[2026-06-24T14:06:05.980+0000] {logging_mixin.py:188} INFO - [2026-06-24T14:06:05.980+0000] {dag.py:3033} INFO - Sync 1 DAGs
[2026-06-24T14:06:06.053+0000] {logging_mixin.py:188} INFO - [2026-06-24T14:06:06.053+0000] {dag.py:3820} INFO - Setting next_dagrun for review_timeout_dag to 2026-06-23T01:00:00+00:00, run_after=2026-06-24T01:00:00+00:00
[2026-06-24T14:06:06.086+0000] {processor.py:183} INFO - Processing /opt/airflow/dags/review_timeout_dag.py took 0.453 seconds
[2026-06-24T14:06:36.265+0000] {processor.py:161} INFO - Started process (PID=1783) to work on /opt/airflow/dags/review_timeout_dag.py
[2026-06-24T14:06:36.266+0000] {processor.py:830} INFO - Processing file /opt/airflow/dags/review_timeout_dag.py for tasks to queue
[2026-06-24T14:06:36.268+0000] {logging_mixin.py:188} INFO - [2026-06-24T14:06:36.267+0000] {dagbag.py:538} INFO - Filling up the DagBag from /opt/airflow/dags/review_timeout_dag.py
[2026-06-24T14:06:36.313+0000] {processor.py:840} INFO - DAG(s) 'review_timeout_dag' retrieved from /opt/airflow/dags/review_timeout_dag.py
[2026-06-24T14:06:36.375+0000] {logging_mixin.py:188} INFO - [2026-06-24T14:06:36.375+0000] {dag.py:3033} INFO - Sync 1 DAGs
[2026-06-24T14:06:36.405+0000] {logging_mixin.py:188} INFO - [2026-06-24T14:06:36.405+0000] {dag.py:3820} INFO - Setting next_dagrun for review_timeout_dag to 2026-06-23T01:00:00+00:00, run_after=2026-06-24T01:00:00+00:00
[2026-06-24T14:06:36.431+0000] {processor.py:183} INFO - Processing /opt/airflow/dags/review_timeout_dag.py took 0.174 seconds
[2026-06-24T14:07:06.632+0000] {processor.py:161} INFO - Started process (PID=1793) to work on /opt/airflow/dags/review_timeout_dag.py
[2026-06-24T14:07:06.636+0000] {processor.py:830} INFO - Processing file /opt/airflow/dags/review_timeout_dag.py for tasks to queue
[2026-06-24T14:07:06.649+0000] {logging_mixin.py:188} INFO - [2026-06-24T14:07:06.642+0000] {dagbag.py:538} INFO - Filling up the DagBag from /opt/airflow/dags/review_timeout_dag.py
[2026-06-24T14:07:06.728+0000] {processor.py:840} INFO - DAG(s) 'review_timeout_dag' retrieved from /opt/airflow/dags/review_timeout_dag.py
[2026-06-24T14:07:06.823+0000] {logging_mixin.py:188} INFO - [2026-06-24T14:07:06.822+0000] {dag.py:3033} INFO - Sync 1 DAGs
[2026-06-24T14:07:06.876+0000] {logging_mixin.py:188} INFO - [2026-06-24T14:07:06.876+0000] {dag.py:3820} INFO - Setting next_dagrun for review_timeout_dag to 2026-06-23T01:00:00+00:00, run_after=2026-06-24T01:00:00+00:00
[2026-06-24T14:07:06.952+0000] {processor.py:183} INFO - Processing /opt/airflow/dags/review_timeout_dag.py took 0.334 seconds
[2026-06-24T14:07:37.252+0000] {processor.py:161} INFO - Started process (PID=1803) to work on /opt/airflow/dags/review_timeout_dag.py
[2026-06-24T14:07:37.255+0000] {processor.py:830} INFO - Processing file /opt/airflow/dags/review_timeout_dag.py for tasks to queue
[2026-06-24T14:07:37.257+0000] {logging_mixin.py:188} INFO - [2026-06-24T14:07:37.256+0000] {dagbag.py:538} INFO - Filling up the DagBag from /opt/airflow/dags/review_timeout_dag.py
[2026-06-24T14:07:37.297+0000] {processor.py:840} INFO - DAG(s) 'review_timeout_dag' retrieved from /opt/airflow/dags/review_timeout_dag.py
[2026-06-24T14:07:37.370+0000] {logging_mixin.py:188} INFO - [2026-06-24T14:07:37.370+0000] {dag.py:3033} INFO - Sync 1 DAGs
[2026-06-24T14:07:37.404+0000] {logging_mixin.py:188} INFO - [2026-06-24T14:07:37.404+0000] {dag.py:3820} INFO - Setting next_dagrun for review_timeout_dag to 2026-06-23T01:00:00+00:00, run_after=2026-06-24T01:00:00+00:00
[2026-06-24T14:07:37.428+0000] {processor.py:183} INFO - Processing /opt/airflow/dags/review_timeout_dag.py took 0.188 seconds
[2026-06-24T14:08:07.551+0000] {processor.py:161} INFO - Started process (PID=1813) to work on /opt/airflow/dags/review_timeout_dag.py
[2026-06-24T14:08:07.556+0000] {processor.py:830} INFO - Processing file /opt/airflow/dags/review_timeout_dag.py for tasks to queue
[2026-06-24T14:08:07.558+0000] {logging_mixin.py:188} INFO - [2026-06-24T14:08:07.558+0000] {dagbag.py:538} INFO - Filling up the DagBag from /opt/airflow/dags/review_timeout_dag.py
[2026-06-24T14:08:07.595+0000] {processor.py:840} INFO - DAG(s) 'review_timeout_dag' retrieved from /opt/airflow/dags/review_timeout_dag.py
[2026-06-24T14:08:07.649+0000] {logging_mixin.py:188} INFO - [2026-06-24T14:08:07.649+0000] {dag.py:3033} INFO - Sync 1 DAGs
[2026-06-24T14:08:07.682+0000] {logging_mixin.py:188} INFO - [2026-06-24T14:08:07.682+0000] {dag.py:3820} INFO - Setting next_dagrun for review_timeout_dag to 2026-06-23T01:00:00+00:00, run_after=2026-06-24T01:00:00+00:00
[2026-06-24T14:08:07.708+0000] {processor.py:183} INFO - Processing /opt/airflow/dags/review_timeout_dag.py took 0.171 seconds
[2026-06-24T14:08:38.003+0000] {processor.py:161} INFO - Started process (PID=1823) to work on /opt/airflow/dags/review_timeout_dag.py
[2026-06-24T14:08:38.005+0000] {processor.py:830} INFO - Processing file /opt/airflow/dags/review_timeout_dag.py for tasks to queue
[2026-06-24T14:08:38.007+0000] {logging_mixin.py:188} INFO - [2026-06-24T14:08:38.006+0000] {dagbag.py:538} INFO - Filling up the DagBag from /opt/airflow/dags/review_timeout_dag.py
[2026-06-24T14:08:38.046+0000] {processor.py:840} INFO - DAG(s) 'review_timeout_dag' retrieved from /opt/airflow/dags/review_timeout_dag.py
[2026-06-24T14:08:38.129+0000] {logging_mixin.py:188} INFO - [2026-06-24T14:08:38.129+0000] {dag.py:3033} INFO - Sync 1 DAGs
[2026-06-24T14:08:38.200+0000] {logging_mixin.py:188} INFO - [2026-06-24T14:08:38.200+0000] {dag.py:3820} INFO - Setting next_dagrun for review_timeout_dag to 2026-06-23T01:00:00+00:00, run_after=2026-06-24T01:00:00+00:00
[2026-06-24T14:08:38.238+0000] {processor.py:183} INFO - Processing /opt/airflow/dags/review_timeout_dag.py took 0.243 seconds
[2026-06-24T14:09:08.970+0000] {processor.py:161} INFO - Started process (PID=1833) to work on /opt/airflow/dags/review_timeout_dag.py
[2026-06-24T14:09:08.979+0000] {processor.py:830} INFO - Processing file /opt/airflow/dags/review_timeout_dag.py for tasks to queue
[2026-06-24T14:09:08.983+0000] {logging_mixin.py:188} INFO - [2026-06-24T14:09:08.981+0000] {dagbag.py:538} INFO - Filling up the DagBag from /opt/airflow/dags/review_timeout_dag.py
[2026-06-24T14:09:09.056+0000] {processor.py:840} INFO - DAG(s) 'review_timeout_dag' retrieved from /opt/airflow/dags/review_timeout_dag.py
[2026-06-24T14:09:09.166+0000] {logging_mixin.py:188} INFO - [2026-06-24T14:09:09.166+0000] {dag.py:3033} INFO - Sync 1 DAGs
[2026-06-24T14:09:09.255+0000] {logging_mixin.py:188} INFO - [2026-06-24T14:09:09.254+0000] {dag.py:3820} INFO - Setting next_dagrun for review_timeout_dag to 2026-06-23T01:00:00+00:00, run_after=2026-06-24T01:00:00+00:00
[2026-06-24T14:09:09.360+0000] {processor.py:183} INFO - Processing /opt/airflow/dags/review_timeout_dag.py took 0.422 seconds
[2026-06-24T14:09:40.376+0000] {processor.py:161} INFO - Started process (PID=1843) to work on /opt/airflow/dags/review_timeout_dag.py
[2026-06-24T14:09:40.377+0000] {processor.py:830} INFO - Processing file /opt/airflow/dags/review_timeout_dag.py for tasks to queue
[2026-06-24T14:09:40.388+0000] {logging_mixin.py:188} INFO - [2026-06-24T14:09:40.384+0000] {dagbag.py:538} INFO - Filling up the DagBag from /opt/airflow/dags/review_timeout_dag.py
[2026-06-24T14:09:40.427+0000] {processor.py:840} INFO - DAG(s) 'review_timeout_dag' retrieved from /opt/airflow/dags/review_timeout_dag.py
[2026-06-24T14:09:40.475+0000] {logging_mixin.py:188} INFO - [2026-06-24T14:09:40.474+0000] {dag.py:3033} INFO - Sync 1 DAGs
[2026-06-24T14:09:40.501+0000] {logging_mixin.py:188} INFO - [2026-06-24T14:09:40.501+0000] {dag.py:3820} INFO - Setting next_dagrun for review_timeout_dag to 2026-06-23T01:00:00+00:00, run_after=2026-06-24T01:00:00+00:00
[2026-06-24T14:09:40.523+0000] {processor.py:183} INFO - Processing /opt/airflow/dags/review_timeout_dag.py took 0.153 seconds
[2026-06-24T14:10:11.566+0000] {processor.py:161} INFO - Started process (PID=1853) to work on /opt/airflow/dags/review_timeout_dag.py
[2026-06-24T14:10:11.571+0000] {processor.py:830} INFO - Processing file /opt/airflow/dags/review_timeout_dag.py for tasks to queue
[2026-06-24T14:10:11.577+0000] {logging_mixin.py:188} INFO - [2026-06-24T14:10:11.575+0000] {dagbag.py:538} INFO - Filling up the DagBag from /opt/airflow/dags/review_timeout_dag.py
[2026-06-24T14:10:11.687+0000] {processor.py:840} INFO - DAG(s) 'review_timeout_dag' retrieved from /opt/airflow/dags/review_timeout_dag.py
[2026-06-24T14:10:12.244+0000] {logging_mixin.py:188} INFO - [2026-06-24T14:10:12.243+0000] {dag.py:3033} INFO - Sync 1 DAGs
[2026-06-24T14:10:12.357+0000] {logging_mixin.py:188} INFO - [2026-06-24T14:10:12.357+0000] {dag.py:3820} INFO - Setting next_dagrun for review_timeout_dag to 2026-06-23T01:00:00+00:00, run_after=2026-06-24T01:00:00+00:00
[2026-06-24T14:10:12.405+0000] {processor.py:183} INFO - Processing /opt/airflow/dags/review_timeout_dag.py took 0.866 seconds
[2026-06-24T14:10:42.884+0000] {processor.py:161} INFO - Started process (PID=1863) to work on /opt/airflow/dags/review_timeout_dag.py
[2026-06-24T14:10:42.888+0000] {processor.py:830} INFO - Processing file /opt/airflow/dags/review_timeout_dag.py for tasks to queue
[2026-06-24T14:10:42.891+0000] {logging_mixin.py:188} INFO - [2026-06-24T14:10:42.890+0000] {dagbag.py:538} INFO - Filling up the DagBag from /opt/airflow/dags/review_timeout_dag.py
[2026-06-24T14:10:42.944+0000] {processor.py:840} INFO - DAG(s) 'review_timeout_dag' retrieved from /opt/airflow/dags/review_timeout_dag.py
[2026-06-24T14:10:43.026+0000] {logging_mixin.py:188} INFO - [2026-06-24T14:10:43.025+0000] {dag.py:3033} INFO - Sync 1 DAGs
[2026-06-24T14:10:43.136+0000] {logging_mixin.py:188} INFO - [2026-06-24T14:10:43.131+0000] {dag.py:3820} INFO - Setting next_dagrun for review_timeout_dag to 2026-06-23T01:00:00+00:00, run_after=2026-06-24T01:00:00+00:00
[2026-06-24T14:10:43.307+0000] {processor.py:183} INFO - Processing /opt/airflow/dags/review_timeout_dag.py took 0.440 seconds
[2026-06-24T14:11:13.823+0000] {processor.py:161} INFO - Started process (PID=1873) to work on /opt/airflow/dags/review_timeout_dag.py
[2026-06-24T14:11:13.825+0000] {processor.py:830} INFO - Processing file /opt/airflow/dags/review_timeout_dag.py for tasks to queue
[2026-06-24T14:11:13.826+0000] {logging_mixin.py:188} INFO - [2026-06-24T14:11:13.825+0000] {dagbag.py:538} INFO - Filling up the DagBag from /opt/airflow/dags/review_timeout_dag.py
[2026-06-24T14:11:13.856+0000] {processor.py:840} INFO - DAG(s) 'review_timeout_dag' retrieved from /opt/airflow/dags/review_timeout_dag.py
[2026-06-24T14:11:13.912+0000] {logging_mixin.py:188} INFO - [2026-06-24T14:11:13.912+0000] {dag.py:3033} INFO - Sync 1 DAGs
[2026-06-24T14:11:13.955+0000] {logging_mixin.py:188} INFO - [2026-06-24T14:11:13.955+0000] {dag.py:3820} INFO - Setting next_dagrun for review_timeout_dag to 2026-06-23T01:00:00+00:00, run_after=2026-06-24T01:00:00+00:00
[2026-06-24T14:11:14.003+0000] {processor.py:183} INFO - Processing /opt/airflow/dags/review_timeout_dag.py took 0.188 seconds
[2026-06-24T14:11:44.927+0000] {processor.py:161} INFO - Started process (PID=1883) to work on /opt/airflow/dags/review_timeout_dag.py
[2026-06-24T14:11:44.935+0000] {processor.py:830} INFO - Processing file /opt/airflow/dags/review_timeout_dag.py for tasks to queue
[2026-06-24T14:11:44.938+0000] {logging_mixin.py:188} INFO - [2026-06-24T14:11:44.937+0000] {dagbag.py:538} INFO - Filling up the DagBag from /opt/airflow/dags/review_timeout_dag.py
[2026-06-24T14:11:44.987+0000] {processor.py:840} INFO - DAG(s) 'review_timeout_dag' retrieved from /opt/airflow/dags/review_timeout_dag.py
[2026-06-24T14:11:45.065+0000] {logging_mixin.py:188} INFO - [2026-06-24T14:11:45.064+0000] {dag.py:3033} INFO - Sync 1 DAGs
[2026-06-24T14:11:45.109+0000] {logging_mixin.py:188} INFO - [2026-06-24T14:11:45.108+0000] {dag.py:3820} INFO - Setting next_dagrun for review_timeout_dag to 2026-06-23T01:00:00+00:00, run_after=2026-06-24T01:00:00+00:00
[2026-06-24T14:11:45.142+0000] {processor.py:183} INFO - Processing /opt/airflow/dags/review_timeout_dag.py took 0.257 seconds
[2026-06-24T14:12:15.363+0000] {processor.py:161} INFO - Started process (PID=1893) to work on /opt/airflow/dags/review_timeout_dag.py
[2026-06-24T14:12:15.367+0000] {processor.py:830} INFO - Processing file /opt/airflow/dags/review_timeout_dag.py for tasks to queue
[2026-06-24T14:12:15.373+0000] {logging_mixin.py:188} INFO - [2026-06-24T14:12:15.372+0000] {dagbag.py:538} INFO - Filling up the DagBag from /opt/airflow/dags/review_timeout_dag.py
[2026-06-24T14:12:15.457+0000] {processor.py:840} INFO - DAG(s) 'review_timeout_dag' retrieved from /opt/airflow/dags/review_timeout_dag.py
[2026-06-24T14:12:15.603+0000] {logging_mixin.py:188} INFO - [2026-06-24T14:12:15.602+0000] {dag.py:3033} INFO - Sync 1 DAGs
[2026-06-24T14:12:15.859+0000] {logging_mixin.py:188} INFO - [2026-06-24T14:12:15.854+0000] {dag.py:3820} INFO - Setting next_dagrun for review_timeout_dag to 2026-06-23T01:00:00+00:00, run_after=2026-06-24T01:00:00+00:00
[2026-06-24T14:12:15.930+0000] {processor.py:183} INFO - Processing /opt/airflow/dags/review_timeout_dag.py took 0.584 seconds
[2026-06-24T14:12:46.524+0000] {processor.py:161} INFO - Started process (PID=1903) to work on /opt/airflow/dags/review_timeout_dag.py
[2026-06-24T14:12:46.527+0000] {processor.py:830} INFO - Processing file /opt/airflow/dags/review_timeout_dag.py for tasks to queue
[2026-06-24T14:12:46.529+0000] {logging_mixin.py:188} INFO - [2026-06-24T14:12:46.528+0000] {dagbag.py:538} INFO - Filling up the DagBag from /opt/airflow/dags/review_timeout_dag.py
[2026-06-24T14:12:46.594+0000] {processor.py:840} INFO - DAG(s) 'review_timeout_dag' retrieved from /opt/airflow/dags/review_timeout_dag.py
[2026-06-24T14:12:46.680+0000] {logging_mixin.py:188} INFO - [2026-06-24T14:12:46.680+0000] {dag.py:3033} INFO - Sync 1 DAGs
[2026-06-24T14:12:46.747+0000] {logging_mixin.py:188} INFO - [2026-06-24T14:12:46.746+0000] {dag.py:3820} INFO - Setting next_dagrun for review_timeout_dag to 2026-06-23T01:00:00+00:00, run_after=2026-06-24T01:00:00+00:00
[2026-06-24T14:12:46.830+0000] {processor.py:183} INFO - Processing /opt/airflow/dags/review_timeout_dag.py took 0.319 seconds
[2026-06-24T14:13:17.528+0000] {processor.py:161} INFO - Started process (PID=1913) to work on /opt/airflow/dags/review_timeout_dag.py
[2026-06-24T14:13:17.530+0000] {processor.py:830} INFO - Processing file /opt/airflow/dags/review_timeout_dag.py for tasks to queue
[2026-06-24T14:13:17.534+0000] {logging_mixin.py:188} INFO - [2026-06-24T14:13:17.532+0000] {dagbag.py:538} INFO - Filling up the DagBag from /opt/airflow/dags/review_timeout_dag.py
[2026-06-24T14:13:17.591+0000] {processor.py:840} INFO - DAG(s) 'review_timeout_dag' retrieved from /opt/airflow/dags/review_timeout_dag.py
[2026-06-24T14:13:17.774+0000] {logging_mixin.py:188} INFO - [2026-06-24T14:13:17.773+0000] {dag.py:3033} INFO - Sync 1 DAGs
[2026-06-24T14:13:17.838+0000] {logging_mixin.py:188} INFO - [2026-06-24T14:13:17.837+0000] {dag.py:3820} INFO - Setting next_dagrun for review_timeout_dag to 2026-06-23T01:00:00+00:00, run_after=2026-06-24T01:00:00+00:00
[2026-06-24T14:13:17.901+0000] {processor.py:183} INFO - Processing /opt/airflow/dags/review_timeout_dag.py took 0.383 seconds
[2026-06-24T14:13:49.317+0000] {processor.py:161} INFO - Started process (PID=1923) to work on /opt/airflow/dags/review_timeout_dag.py
[2026-06-24T14:13:49.328+0000] {processor.py:830} INFO - Processing file /opt/airflow/dags/review_timeout_dag.py for tasks to queue
[2026-06-24T14:13:49.335+0000] {logging_mixin.py:188} INFO - [2026-06-24T14:13:49.333+0000] {dagbag.py:538} INFO - Filling up the DagBag from /opt/airflow/dags/review_timeout_dag.py
[2026-06-24T14:13:49.433+0000] {processor.py:840} INFO - DAG(s) 'review_timeout_dag' retrieved from /opt/airflow/dags/review_timeout_dag.py
[2026-06-24T14:13:49.682+0000] {logging_mixin.py:188} INFO - [2026-06-24T14:13:49.681+0000] {dag.py:3033} INFO - Sync 1 DAGs
[2026-06-24T14:13:49.924+0000] {logging_mixin.py:188} INFO - [2026-06-24T14:13:49.923+0000] {dag.py:3820} INFO - Setting next_dagrun for review_timeout_dag to 2026-06-23T01:00:00+00:00, run_after=2026-06-24T01:00:00+00:00
[2026-06-24T14:13:50.064+0000] {processor.py:183} INFO - Processing /opt/airflow/dags/review_timeout_dag.py took 0.790 seconds
[2026-06-24T14:14:20.773+0000] {processor.py:161} INFO - Started process (PID=1933) to work on /opt/airflow/dags/review_timeout_dag.py
[2026-06-24T14:14:20.799+0000] {processor.py:830} INFO - Processing file /opt/airflow/dags/review_timeout_dag.py for tasks to queue
[2026-06-24T14:14:20.816+0000] {logging_mixin.py:188} INFO - [2026-06-24T14:14:20.806+0000] {dagbag.py:538} INFO - Filling up the DagBag from /opt/airflow/dags/review_timeout_dag.py
[2026-06-24T14:14:20.947+0000] {processor.py:840} INFO - DAG(s) 'review_timeout_dag' retrieved from /opt/airflow/dags/review_timeout_dag.py
[2026-06-24T14:14:21.196+0000] {logging_mixin.py:188} INFO - [2026-06-24T14:14:21.196+0000] {dag.py:3033} INFO - Sync 1 DAGs
[2026-06-24T14:14:21.299+0000] {logging_mixin.py:188} INFO - [2026-06-24T14:14:21.298+0000] {dag.py:3820} INFO - Setting next_dagrun for review_timeout_dag to 2026-06-23T01:00:00+00:00, run_after=2026-06-24T01:00:00+00:00
[2026-06-24T14:14:21.364+0000] {processor.py:183} INFO - Processing /opt/airflow/dags/review_timeout_dag.py took 0.687 seconds
[2026-06-24T14:14:53.076+0000] {processor.py:161} INFO - Started process (PID=1943) to work on /opt/airflow/dags/review_timeout_dag.py
[2026-06-24T14:14:53.081+0000] {processor.py:830} INFO - Processing file /opt/airflow/dags/review_timeout_dag.py for tasks to queue
[2026-06-24T14:14:53.088+0000] {logging_mixin.py:188} INFO - [2026-06-24T14:14:53.084+0000] {dagbag.py:538} INFO - Filling up the DagBag from /opt/airflow/dags/review_timeout_dag.py
[2026-06-24T14:14:53.257+0000] {processor.py:840} INFO - DAG(s) 'review_timeout_dag' retrieved from /opt/airflow/dags/review_timeout_dag.py
[2026-06-24T14:14:53.681+0000] {logging_mixin.py:188} INFO - [2026-06-24T14:14:53.677+0000] {dag.py:3033} INFO - Sync 1 DAGs
[2026-06-24T14:14:53.876+0000] {logging_mixin.py:188} INFO - [2026-06-24T14:14:53.876+0000] {dag.py:3820} INFO - Setting next_dagrun for review_timeout_dag to 2026-06-23T01:00:00+00:00, run_after=2026-06-24T01:00:00+00:00
[2026-06-24T14:14:54.000+0000] {processor.py:183} INFO - Processing /opt/airflow/dags/review_timeout_dag.py took 0.974 seconds
[2026-06-24T14:15:25.163+0000] {processor.py:161} INFO - Started process (PID=1953) to work on /opt/airflow/dags/review_timeout_dag.py
[2026-06-24T14:15:25.166+0000] {processor.py:830} INFO - Processing file /opt/airflow/dags/review_timeout_dag.py for tasks to queue
[2026-06-24T14:15:25.169+0000] {logging_mixin.py:188} INFO - [2026-06-24T14:15:25.168+0000] {dagbag.py:538} INFO - Filling up the DagBag from /opt/airflow/dags/review_timeout_dag.py
[2026-06-24T14:15:25.215+0000] {processor.py:840} INFO - DAG(s) 'review_timeout_dag' retrieved from /opt/airflow/dags/review_timeout_dag.py
[2026-06-24T14:15:25.275+0000] {logging_mixin.py:188} INFO - [2026-06-24T14:15:25.275+0000] {dag.py:3033} INFO - Sync 1 DAGs
[2026-06-24T14:15:25.316+0000] {logging_mixin.py:188} INFO - [2026-06-24T14:15:25.316+0000] {dag.py:3820} INFO - Setting next_dagrun for review_timeout_dag to 2026-06-23T01:00:00+00:00, run_after=2026-06-24T01:00:00+00:00
[2026-06-24T14:15:25.363+0000] {processor.py:183} INFO - Processing /opt/airflow/dags/review_timeout_dag.py took 0.211 seconds
[2026-06-24T14:15:56.006+0000] {processor.py:161} INFO - Started process (PID=1963) to work on /opt/airflow/dags/review_timeout_dag.py
[2026-06-24T14:15:56.009+0000] {processor.py:830} INFO - Processing file /opt/airflow/dags/review_timeout_dag.py for tasks to queue
[2026-06-24T14:15:56.013+0000] {logging_mixin.py:188} INFO - [2026-06-24T14:15:56.011+0000] {dagbag.py:538} INFO - Filling up the DagBag from /opt/airflow/dags/review_timeout_dag.py
[2026-06-24T14:15:56.067+0000] {processor.py:840} INFO - DAG(s) 'review_timeout_dag' retrieved from /opt/airflow/dags/review_timeout_dag.py
[2026-06-24T14:15:56.213+0000] {logging_mixin.py:188} INFO - [2026-06-24T14:15:56.212+0000] {dag.py:3033} INFO - Sync 1 DAGs
[2026-06-24T14:15:56.350+0000] {logging_mixin.py:188} INFO - [2026-06-24T14:15:56.345+0000] {dag.py:3820} INFO - Setting next_dagrun for review_timeout_dag to 2026-06-23T01:00:00+00:00, run_after=2026-06-24T01:00:00+00:00
[2026-06-24T14:15:56.436+0000] {processor.py:183} INFO - Processing /opt/airflow/dags/review_timeout_dag.py took 0.450 seconds
[2026-06-24T14:16:27.846+0000] {processor.py:161} INFO - Started process (PID=1973) to work on /opt/airflow/dags/review_timeout_dag.py
[2026-06-24T14:16:27.850+0000] {processor.py:830} INFO - Processing file /opt/airflow/dags/review_timeout_dag.py for tasks to queue
[2026-06-24T14:16:27.859+0000] {logging_mixin.py:188} INFO - [2026-06-24T14:16:27.857+0000] {dagbag.py:538} INFO - Filling up the DagBag from /opt/airflow/dags/review_timeout_dag.py
[2026-06-24T14:16:27.962+0000] {processor.py:840} INFO - DAG(s) 'review_timeout_dag' retrieved from /opt/airflow/dags/review_timeout_dag.py
[2026-06-24T14:16:28.229+0000] {logging_mixin.py:188} INFO - [2026-06-24T14:16:28.229+0000] {dag.py:3033} INFO - Sync 1 DAGs
[2026-06-24T14:16:28.325+0000] {logging_mixin.py:188} INFO - [2026-06-24T14:16:28.320+0000] {dag.py:3820} INFO - Setting next_dagrun for review_timeout_dag to 2026-06-23T01:00:00+00:00, run_after=2026-06-24T01:00:00+00:00
[2026-06-24T14:16:28.389+0000] {processor.py:183} INFO - Processing /opt/airflow/dags/review_timeout_dag.py took 0.573 seconds
[2026-06-24T14:16:58.939+0000] {processor.py:161} INFO - Started process (PID=1983) to work on /opt/airflow/dags/review_timeout_dag.py
[2026-06-24T14:16:58.941+0000] {processor.py:830} INFO - Processing file /opt/airflow/dags/review_timeout_dag.py for tasks to queue
[2026-06-24T14:16:58.943+0000] {logging_mixin.py:188} INFO - [2026-06-24T14:16:58.942+0000] {dagbag.py:538} INFO - Filling up the DagBag from /opt/airflow/dags/review_timeout_dag.py
[2026-06-24T14:16:58.984+0000] {processor.py:840} INFO - DAG(s) 'review_timeout_dag' retrieved from /opt/airflow/dags/review_timeout_dag.py
[2026-06-24T14:16:59.040+0000] {logging_mixin.py:188} INFO - [2026-06-24T14:16:59.039+0000] {dag.py:3033} INFO - Sync 1 DAGs
[2026-06-24T14:16:59.073+0000] {logging_mixin.py:188} INFO - [2026-06-24T14:16:59.073+0000] {dag.py:3820} INFO - Setting next_dagrun for review_timeout_dag to 2026-06-23T01:00:00+00:00, run_after=2026-06-24T01:00:00+00:00
[2026-06-24T14:16:59.096+0000] {processor.py:183} INFO - Processing /opt/airflow/dags/review_timeout_dag.py took 0.164 seconds
[2026-06-24T14:17:29.609+0000] {processor.py:161} INFO - Started process (PID=1993) to work on /opt/airflow/dags/review_timeout_dag.py
[2026-06-24T14:17:29.610+0000] {processor.py:830} INFO - Processing file /opt/airflow/dags/review_timeout_dag.py for tasks to queue
[2026-06-24T14:17:29.612+0000] {logging_mixin.py:188} INFO - [2026-06-24T14:17:29.612+0000] {dagbag.py:538} INFO - Filling up the DagBag from /opt/airflow/dags/review_timeout_dag.py
[2026-06-24T14:17:29.645+0000] {processor.py:840} INFO - DAG(s) 'review_timeout_dag' retrieved from /opt/airflow/dags/review_timeout_dag.py
[2026-06-24T14:17:29.743+0000] {logging_mixin.py:188} INFO - [2026-06-24T14:17:29.743+0000] {dag.py:3033} INFO - Sync 1 DAGs
[2026-06-24T14:17:29.791+0000] {logging_mixin.py:188} INFO - [2026-06-24T14:17:29.791+0000] {dag.py:3820} INFO - Setting next_dagrun for review_timeout_dag to 2026-06-23T01:00:00+00:00, run_after=2026-06-24T01:00:00+00:00
[2026-06-24T14:17:29.834+0000] {processor.py:183} INFO - Processing /opt/airflow/dags/review_timeout_dag.py took 0.234 seconds
[2026-06-24T14:18:00.699+0000] {processor.py:161} INFO - Started process (PID=2003) to work on /opt/airflow/dags/review_timeout_dag.py
[2026-06-24T14:18:00.703+0000] {processor.py:830} INFO - Processing file /opt/airflow/dags/review_timeout_dag.py for tasks to queue
[2026-06-24T14:18:00.707+0000] {logging_mixin.py:188} INFO - [2026-06-24T14:18:00.705+0000] {dagbag.py:538} INFO - Filling up the DagBag from /opt/airflow/dags/review_timeout_dag.py
[2026-06-24T14:18:00.825+0000] {processor.py:840} INFO - DAG(s) 'review_timeout_dag' retrieved from /opt/airflow/dags/review_timeout_dag.py
[2026-06-24T14:18:00.970+0000] {logging_mixin.py:188} INFO - [2026-06-24T14:18:00.969+0000] {dag.py:3033} INFO - Sync 1 DAGs
[2026-06-24T14:18:01.009+0000] {logging_mixin.py:188} INFO - [2026-06-24T14:18:01.009+0000] {dag.py:3820} INFO - Setting next_dagrun for review_timeout_dag to 2026-06-23T01:00:00+00:00, run_after=2026-06-24T01:00:00+00:00
[2026-06-24T14:18:01.043+0000] {processor.py:183} INFO - Processing /opt/airflow/dags/review_timeout_dag.py took 0.377 seconds
[2026-06-24T14:18:31.332+0000] {processor.py:161} INFO - Started process (PID=2013) to work on /opt/airflow/dags/review_timeout_dag.py
[2026-06-24T14:18:31.336+0000] {processor.py:830} INFO - Processing file /opt/airflow/dags/review_timeout_dag.py for tasks to queue
[2026-06-24T14:18:31.340+0000] {logging_mixin.py:188} INFO - [2026-06-24T14:18:31.338+0000] {dagbag.py:538} INFO - Filling up the DagBag from /opt/airflow/dags/review_timeout_dag.py
[2026-06-24T14:18:31.402+0000] {processor.py:840} INFO - DAG(s) 'review_timeout_dag' retrieved from /opt/airflow/dags/review_timeout_dag.py
[2026-06-24T14:18:31.671+0000] {logging_mixin.py:188} INFO - [2026-06-24T14:18:31.670+0000] {dag.py:3033} INFO - Sync 1 DAGs
[2026-06-24T14:18:31.854+0000] {logging_mixin.py:188} INFO - [2026-06-24T14:18:31.853+0000] {dag.py:3820} INFO - Setting next_dagrun for review_timeout_dag to 2026-06-23T01:00:00+00:00, run_after=2026-06-24T01:00:00+00:00
[2026-06-24T14:18:31.910+0000] {processor.py:183} INFO - Processing /opt/airflow/dags/review_timeout_dag.py took 0.601 seconds
[2026-06-24T14:19:02.389+0000] {processor.py:161} INFO - Started process (PID=2023) to work on /opt/airflow/dags/review_timeout_dag.py
[2026-06-24T14:19:02.395+0000] {processor.py:830} INFO - Processing file /opt/airflow/dags/review_timeout_dag.py for tasks to queue
[2026-06-24T14:19:02.398+0000] {logging_mixin.py:188} INFO - [2026-06-24T14:19:02.397+0000] {dagbag.py:538} INFO - Filling up the DagBag from /opt/airflow/dags/review_timeout_dag.py
[2026-06-24T14:19:02.452+0000] {processor.py:840} INFO - DAG(s) 'review_timeout_dag' retrieved from /opt/airflow/dags/review_timeout_dag.py
[2026-06-24T14:19:02.551+0000] {logging_mixin.py:188} INFO - [2026-06-24T14:19:02.551+0000] {dag.py:3033} INFO - Sync 1 DAGs
[2026-06-24T14:19:02.602+0000] {logging_mixin.py:188} INFO - [2026-06-24T14:19:02.601+0000] {dag.py:3820} INFO - Setting next_dagrun for review_timeout_dag to 2026-06-23T01:00:00+00:00, run_after=2026-06-24T01:00:00+00:00
[2026-06-24T14:19:02.627+0000] {processor.py:183} INFO - Processing /opt/airflow/dags/review_timeout_dag.py took 0.262 seconds
[2026-06-24T14:19:33.135+0000] {processor.py:161} INFO - Started process (PID=2033) to work on /opt/airflow/dags/review_timeout_dag.py
[2026-06-24T14:19:33.138+0000] {processor.py:830} INFO - Processing file /opt/airflow/dags/review_timeout_dag.py for tasks to queue
[2026-06-24T14:19:33.147+0000] {logging_mixin.py:188} INFO - [2026-06-24T14:19:33.145+0000] {dagbag.py:538} INFO - Filling up the DagBag from /opt/airflow/dags/review_timeout_dag.py
[2026-06-24T14:19:33.221+0000] {processor.py:840} INFO - DAG(s) 'review_timeout_dag' retrieved from /opt/airflow/dags/review_timeout_dag.py
[2026-06-24T14:19:33.322+0000] {logging_mixin.py:188} INFO - [2026-06-24T14:19:33.322+0000] {dag.py:3033} INFO - Sync 1 DAGs
[2026-06-24T14:19:33.378+0000] {logging_mixin.py:188} INFO - [2026-06-24T14:19:33.378+0000] {dag.py:3820} INFO - Setting next_dagrun for review_timeout_dag to 2026-06-23T01:00:00+00:00, run_after=2026-06-24T01:00:00+00:00
[2026-06-24T14:19:33.425+0000] {processor.py:183} INFO - Processing /opt/airflow/dags/review_timeout_dag.py took 0.329 seconds
[2026-06-24T14:20:04.139+0000] {processor.py:161} INFO - Started process (PID=2043) to work on /opt/airflow/dags/review_timeout_dag.py
[2026-06-24T14:20:04.149+0000] {processor.py:830} INFO - Processing file /opt/airflow/dags/review_timeout_dag.py for tasks to queue
[2026-06-24T14:20:04.154+0000] {logging_mixin.py:188} INFO - [2026-06-24T14:20:04.152+0000] {dagbag.py:538} INFO - Filling up the DagBag from /opt/airflow/dags/review_timeout_dag.py
[2026-06-24T14:20:04.269+0000] {processor.py:840} INFO - DAG(s) 'review_timeout_dag' retrieved from /opt/airflow/dags/review_timeout_dag.py
[2026-06-24T14:20:04.471+0000] {logging_mixin.py:188} INFO - [2026-06-24T14:20:04.470+0000] {dag.py:3033} INFO - Sync 1 DAGs
[2026-06-24T14:20:04.562+0000] {logging_mixin.py:188} INFO - [2026-06-24T14:20:04.562+0000] {dag.py:3820} INFO - Setting next_dagrun for review_timeout_dag to 2026-06-23T01:00:00+00:00, run_after=2026-06-24T01:00:00+00:00
[2026-06-24T14:20:04.668+0000] {processor.py:183} INFO - Processing /opt/airflow/dags/review_timeout_dag.py took 0.579 seconds
[2026-06-24T14:20:35.835+0000] {processor.py:161} INFO - Started process (PID=2053) to work on /opt/airflow/dags/review_timeout_dag.py
[2026-06-24T14:20:35.852+0000] {processor.py:830} INFO - Processing file /opt/airflow/dags/review_timeout_dag.py for tasks to queue
[2026-06-24T14:20:35.860+0000] {logging_mixin.py:188} INFO - [2026-06-24T14:20:35.855+0000] {dagbag.py:538} INFO - Filling up the DagBag from /opt/airflow/dags/review_timeout_dag.py
[2026-06-24T14:20:36.579+0000] {processor.py:840} INFO - DAG(s) 'review_timeout_dag' retrieved from /opt/airflow/dags/review_timeout_dag.py
[2026-06-24T14:20:37.246+0000] {logging_mixin.py:188} INFO - [2026-06-24T14:20:37.245+0000] {dag.py:3033} INFO - Sync 1 DAGs
[2026-06-24T14:20:37.308+0000] {logging_mixin.py:188} INFO - [2026-06-24T14:20:37.308+0000] {dag.py:3820} INFO - Setting next_dagrun for review_timeout_dag to 2026-06-23T01:00:00+00:00, run_after=2026-06-24T01:00:00+00:00
[2026-06-24T14:20:37.369+0000] {processor.py:183} INFO - Processing /opt/airflow/dags/review_timeout_dag.py took 1.600 seconds
[2026-06-24T14:21:07.766+0000] {processor.py:161} INFO - Started process (PID=2063) to work on /opt/airflow/dags/review_timeout_dag.py
[2026-06-24T14:21:07.769+0000] {processor.py:830} INFO - Processing file /opt/airflow/dags/review_timeout_dag.py for tasks to queue
[2026-06-24T14:21:07.772+0000] {logging_mixin.py:188} INFO - [2026-06-24T14:21:07.771+0000] {dagbag.py:538} INFO - Filling up the DagBag from /opt/airflow/dags/review_timeout_dag.py
[2026-06-24T14:21:07.838+0000] {processor.py:840} INFO - DAG(s) 'review_timeout_dag' retrieved from /opt/airflow/dags/review_timeout_dag.py
[2026-06-24T14:21:07.942+0000] {logging_mixin.py:188} INFO - [2026-06-24T14:21:07.941+0000] {dag.py:3033} INFO - Sync 1 DAGs
[2026-06-24T14:21:08.002+0000] {logging_mixin.py:188} INFO - [2026-06-24T14:21:08.001+0000] {dag.py:3820} INFO - Setting next_dagrun for review_timeout_dag to 2026-06-23T01:00:00+00:00, run_after=2026-06-24T01:00:00+00:00
[2026-06-24T14:21:08.041+0000] {processor.py:183} INFO - Processing /opt/airflow/dags/review_timeout_dag.py took 0.293 seconds
[2026-06-24T14:21:38.192+0000] {processor.py:161} INFO - Started process (PID=2073) to work on /opt/airflow/dags/review_timeout_dag.py
[2026-06-24T14:21:38.198+0000] {processor.py:830} INFO - Processing file /opt/airflow/dags/review_timeout_dag.py for tasks to queue
[2026-06-24T14:21:38.204+0000] {logging_mixin.py:188} INFO - [2026-06-24T14:21:38.201+0000] {dagbag.py:538} INFO - Filling up the DagBag from /opt/airflow/dags/review_timeout_dag.py
[2026-06-24T14:21:38.255+0000] {processor.py:840} INFO - DAG(s) 'review_timeout_dag' retrieved from /opt/airflow/dags/review_timeout_dag.py
[2026-06-24T14:21:38.379+0000] {logging_mixin.py:188} INFO - [2026-06-24T14:21:38.379+0000] {dag.py:3033} INFO - Sync 1 DAGs
[2026-06-24T14:21:38.446+0000] {logging_mixin.py:188} INFO - [2026-06-24T14:21:38.445+0000] {dag.py:3820} INFO - Setting next_dagrun for review_timeout_dag to 2026-06-23T01:00:00+00:00, run_after=2026-06-24T01:00:00+00:00
[2026-06-24T14:21:38.493+0000] {processor.py:183} INFO - Processing /opt/airflow/dags/review_timeout_dag.py took 0.316 seconds
[2026-06-24T14:22:08.898+0000] {processor.py:161} INFO - Started process (PID=2083) to work on /opt/airflow/dags/review_timeout_dag.py
[2026-06-24T14:22:08.901+0000] {processor.py:830} INFO - Processing file /opt/airflow/dags/review_timeout_dag.py for tasks to queue
[2026-06-24T14:22:08.904+0000] {logging_mixin.py:188} INFO - [2026-06-24T14:22:08.902+0000] {dagbag.py:538} INFO - Filling up the DagBag from /opt/airflow/dags/review_timeout_dag.py
[2026-06-24T14:22:08.937+0000] {processor.py:840} INFO - DAG(s) 'review_timeout_dag' retrieved from /opt/airflow/dags/review_timeout_dag.py
[2026-06-24T14:22:08.981+0000] {logging_mixin.py:188} INFO - [2026-06-24T14:22:08.981+0000] {dag.py:3033} INFO - Sync 1 DAGs
[2026-06-24T14:22:09.013+0000] {logging_mixin.py:188} INFO - [2026-06-24T14:22:09.012+0000] {dag.py:3820} INFO - Setting next_dagrun for review_timeout_dag to 2026-06-23T01:00:00+00:00, run_after=2026-06-24T01:00:00+00:00
[2026-06-24T14:22:09.035+0000] {processor.py:183} INFO - Processing /opt/airflow/dags/review_timeout_dag.py took 0.143 seconds
[2026-06-24T14:22:39.617+0000] {processor.py:161} INFO - Started process (PID=2093) to work on /opt/airflow/dags/review_timeout_dag.py
[2026-06-24T14:22:39.619+0000] {processor.py:830} INFO - Processing file /opt/airflow/dags/review_timeout_dag.py for tasks to queue
[2026-06-24T14:22:39.621+0000] {logging_mixin.py:188} INFO - [2026-06-24T14:22:39.621+0000] {dagbag.py:538} INFO - Filling up the DagBag from /opt/airflow/dags/review_timeout_dag.py
[2026-06-24T14:22:39.663+0000] {processor.py:840} INFO - DAG(s) 'review_timeout_dag' retrieved from /opt/airflow/dags/review_timeout_dag.py
[2026-06-24T14:22:39.740+0000] {logging_mixin.py:188} INFO - [2026-06-24T14:22:39.740+0000] {dag.py:3033} INFO - Sync 1 DAGs
[2026-06-24T14:22:39.807+0000] {logging_mixin.py:188} INFO - [2026-06-24T14:22:39.807+0000] {dag.py:3820} INFO - Setting next_dagrun for review_timeout_dag to 2026-06-23T01:00:00+00:00, run_after=2026-06-24T01:00:00+00:00
[2026-06-24T14:22:39.860+0000] {processor.py:183} INFO - Processing /opt/airflow/dags/review_timeout_dag.py took 0.262 seconds
[2026-06-24T14:23:10.924+0000] {processor.py:161} INFO - Started process (PID=2103) to work on /opt/airflow/dags/review_timeout_dag.py
[2026-06-24T14:23:10.934+0000] {processor.py:830} INFO - Processing file /opt/airflow/dags/review_timeout_dag.py for tasks to queue
[2026-06-24T14:23:10.997+0000] {logging_mixin.py:188} INFO - [2026-06-24T14:23:10.990+0000] {dagbag.py:538} INFO - Filling up the DagBag from /opt/airflow/dags/review_timeout_dag.py
[2026-06-24T14:23:11.068+0000] {processor.py:840} INFO - DAG(s) 'review_timeout_dag' retrieved from /opt/airflow/dags/review_timeout_dag.py
[2026-06-24T14:23:11.174+0000] {logging_mixin.py:188} INFO - [2026-06-24T14:23:11.173+0000] {dag.py:3033} INFO - Sync 1 DAGs
[2026-06-24T14:23:11.277+0000] {logging_mixin.py:188} INFO - [2026-06-24T14:23:11.276+0000] {dag.py:3820} INFO - Setting next_dagrun for review_timeout_dag to 2026-06-23T01:00:00+00:00, run_after=2026-06-24T01:00:00+00:00
[2026-06-24T14:23:11.349+0000] {processor.py:183} INFO - Processing /opt/airflow/dags/review_timeout_dag.py took 0.466 seconds
[2026-06-24T14:23:42.252+0000] {processor.py:161} INFO - Started process (PID=2113) to work on /opt/airflow/dags/review_timeout_dag.py
[2026-06-24T14:23:42.253+0000] {processor.py:830} INFO - Processing file /opt/airflow/dags/review_timeout_dag.py for tasks to queue
[2026-06-24T14:23:42.255+0000] {logging_mixin.py:188} INFO - [2026-06-24T14:23:42.254+0000] {dagbag.py:538} INFO - Filling up the DagBag from /opt/airflow/dags/review_timeout_dag.py
[2026-06-24T14:23:42.287+0000] {processor.py:840} INFO - DAG(s) 'review_timeout_dag' retrieved from /opt/airflow/dags/review_timeout_dag.py
[2026-06-24T14:23:42.336+0000] {logging_mixin.py:188} INFO - [2026-06-24T14:23:42.336+0000] {dag.py:3033} INFO - Sync 1 DAGs
[2026-06-24T14:23:42.366+0000] {logging_mixin.py:188} INFO - [2026-06-24T14:23:42.366+0000] {dag.py:3820} INFO - Setting next_dagrun for review_timeout_dag to 2026-06-23T01:00:00+00:00, run_after=2026-06-24T01:00:00+00:00
[2026-06-24T14:23:42.390+0000] {processor.py:183} INFO - Processing /opt/airflow/dags/review_timeout_dag.py took 0.145 seconds
[2026-06-24T14:24:13.678+0000] {processor.py:161} INFO - Started process (PID=2123) to work on /opt/airflow/dags/review_timeout_dag.py
[2026-06-24T14:24:13.688+0000] {processor.py:830} INFO - Processing file /opt/airflow/dags/review_timeout_dag.py for tasks to queue
[2026-06-24T14:24:13.695+0000] {logging_mixin.py:188} INFO - [2026-06-24T14:24:13.693+0000] {dagbag.py:538} INFO - Filling up the DagBag from /opt/airflow/dags/review_timeout_dag.py
[2026-06-24T14:24:13.805+0000] {processor.py:840} INFO - DAG(s) 'review_timeout_dag' retrieved from /opt/airflow/dags/review_timeout_dag.py
[2026-06-24T14:24:13.980+0000] {logging_mixin.py:188} INFO - [2026-06-24T14:24:13.980+0000] {dag.py:3033} INFO - Sync 1 DAGs
[2026-06-24T14:24:14.073+0000] {logging_mixin.py:188} INFO - [2026-06-24T14:24:14.073+0000] {dag.py:3820} INFO - Setting next_dagrun for review_timeout_dag to 2026-06-23T01:00:00+00:00, run_after=2026-06-24T01:00:00+00:00
[2026-06-24T14:24:14.260+0000] {processor.py:183} INFO - Processing /opt/airflow/dags/review_timeout_dag.py took 0.641 seconds
[2026-06-24T14:24:44.937+0000] {processor.py:161} INFO - Started process (PID=2133) to work on /opt/airflow/dags/review_timeout_dag.py
[2026-06-24T14:24:44.944+0000] {processor.py:830} INFO - Processing file /opt/airflow/dags/review_timeout_dag.py for tasks to queue
[2026-06-24T14:24:44.954+0000] {logging_mixin.py:188} INFO - [2026-06-24T14:24:44.949+0000] {dagbag.py:538} INFO - Filling up the DagBag from /opt/airflow/dags/review_timeout_dag.py
[2026-06-24T14:24:45.024+0000] {processor.py:840} INFO - DAG(s) 'review_timeout_dag' retrieved from /opt/airflow/dags/review_timeout_dag.py
[2026-06-24T14:24:45.266+0000] {logging_mixin.py:188} INFO - [2026-06-24T14:24:45.265+0000] {dag.py:3033} INFO - Sync 1 DAGs
[2026-06-24T14:24:45.852+0000] {logging_mixin.py:188} INFO - [2026-06-24T14:24:45.845+0000] {dag.py:3820} INFO - Setting next_dagrun for review_timeout_dag to 2026-06-23T01:00:00+00:00, run_after=2026-06-24T01:00:00+00:00
[2026-06-24T14:24:46.477+0000] {processor.py:183} INFO - Processing /opt/airflow/dags/review_timeout_dag.py took 1.574 seconds
[2026-06-24T14:25:17.999+0000] {processor.py:161} INFO - Started process (PID=2146) to work on /opt/airflow/dags/review_timeout_dag.py
[2026-06-24T14:25:18.040+0000] {processor.py:830} INFO - Processing file /opt/airflow/dags/review_timeout_dag.py for tasks to queue
[2026-06-24T14:25:18.108+0000] {logging_mixin.py:188} INFO - [2026-06-24T14:25:18.097+0000] {dagbag.py:538} INFO - Filling up the DagBag from /opt/airflow/dags/review_timeout_dag.py
[2026-06-24T14:25:18.287+0000] {processor.py:840} INFO - DAG(s) 'review_timeout_dag' retrieved from /opt/airflow/dags/review_timeout_dag.py
[2026-06-24T14:25:18.707+0000] {logging_mixin.py:188} INFO - [2026-06-24T14:25:18.707+0000] {dag.py:3033} INFO - Sync 1 DAGs
[2026-06-24T14:25:19.020+0000] {logging_mixin.py:188} INFO - [2026-06-24T14:25:19.020+0000] {dag.py:3820} INFO - Setting next_dagrun for review_timeout_dag to 2026-06-23T01:00:00+00:00, run_after=2026-06-24T01:00:00+00:00
[2026-06-24T14:25:19.170+0000] {processor.py:183} INFO - Processing /opt/airflow/dags/review_timeout_dag.py took 1.197 seconds
[2026-06-24T14:25:49.427+0000] {processor.py:161} INFO - Started process (PID=2153) to work on /opt/airflow/dags/review_timeout_dag.py
[2026-06-24T14:25:49.432+0000] {processor.py:830} INFO - Processing file /opt/airflow/dags/review_timeout_dag.py for tasks to queue
[2026-06-24T14:25:49.437+0000] {logging_mixin.py:188} INFO - [2026-06-24T14:25:49.435+0000] {dagbag.py:538} INFO - Filling up the DagBag from /opt/airflow/dags/review_timeout_dag.py
[2026-06-24T14:25:49.510+0000] {processor.py:840} INFO - DAG(s) 'review_timeout_dag' retrieved from /opt/airflow/dags/review_timeout_dag.py
[2026-06-24T14:25:49.649+0000] {logging_mixin.py:188} INFO - [2026-06-24T14:25:49.648+0000] {dag.py:3033} INFO - Sync 1 DAGs
[2026-06-24T14:25:49.704+0000] {logging_mixin.py:188} INFO - [2026-06-24T14:25:49.704+0000] {dag.py:3820} INFO - Setting next_dagrun for review_timeout_dag to 2026-06-23T01:00:00+00:00, run_after=2026-06-24T01:00:00+00:00
[2026-06-24T14:25:49.741+0000] {processor.py:183} INFO - Processing /opt/airflow/dags/review_timeout_dag.py took 0.340 seconds
[2026-06-24T14:26:19.981+0000] {processor.py:161} INFO - Started process (PID=2163) to work on /opt/airflow/dags/review_timeout_dag.py
[2026-06-24T14:26:19.984+0000] {processor.py:830} INFO - Processing file /opt/airflow/dags/review_timeout_dag.py for tasks to queue
[2026-06-24T14:26:19.989+0000] {logging_mixin.py:188} INFO - [2026-06-24T14:26:19.987+0000] {dagbag.py:538} INFO - Filling up the DagBag from /opt/airflow/dags/review_timeout_dag.py
[2026-06-24T14:26:20.033+0000] {processor.py:840} INFO - DAG(s) 'review_timeout_dag' retrieved from /opt/airflow/dags/review_timeout_dag.py
[2026-06-24T14:26:20.093+0000] {logging_mixin.py:188} INFO - [2026-06-24T14:26:20.093+0000] {dag.py:3033} INFO - Sync 1 DAGs
[2026-06-24T14:26:20.129+0000] {logging_mixin.py:188} INFO - [2026-06-24T14:26:20.129+0000] {dag.py:3820} INFO - Setting next_dagrun for review_timeout_dag to 2026-06-23T01:00:00+00:00, run_after=2026-06-24T01:00:00+00:00
[2026-06-24T14:26:20.157+0000] {processor.py:183} INFO - Processing /opt/airflow/dags/review_timeout_dag.py took 0.192 seconds
[2026-06-24T14:26:50.360+0000] {processor.py:161} INFO - Started process (PID=2173) to work on /opt/airflow/dags/review_timeout_dag.py
[2026-06-24T14:26:50.362+0000] {processor.py:830} INFO - Processing file /opt/airflow/dags/review_timeout_dag.py for tasks to queue
[2026-06-24T14:26:50.364+0000] {logging_mixin.py:188} INFO - [2026-06-24T14:26:50.363+0000] {dagbag.py:538} INFO - Filling up the DagBag from /opt/airflow/dags/review_timeout_dag.py
[2026-06-24T14:26:50.400+0000] {processor.py:840} INFO - DAG(s) 'review_timeout_dag' retrieved from /opt/airflow/dags/review_timeout_dag.py
[2026-06-24T14:26:50.449+0000] {logging_mixin.py:188} INFO - [2026-06-24T14:26:50.449+0000] {dag.py:3033} INFO - Sync 1 DAGs
[2026-06-24T14:26:50.481+0000] {logging_mixin.py:188} INFO - [2026-06-24T14:26:50.481+0000] {dag.py:3820} INFO - Setting next_dagrun for review_timeout_dag to 2026-06-23T01:00:00+00:00, run_after=2026-06-24T01:00:00+00:00
[2026-06-24T14:26:50.502+0000] {processor.py:183} INFO - Processing /opt/airflow/dags/review_timeout_dag.py took 0.149 seconds
[2026-06-24T14:27:20.852+0000] {processor.py:161} INFO - Started process (PID=2183) to work on /opt/airflow/dags/review_timeout_dag.py
[2026-06-24T14:27:20.856+0000] {processor.py:830} INFO - Processing file /opt/airflow/dags/review_timeout_dag.py for tasks to queue
[2026-06-24T14:27:20.859+0000] {logging_mixin.py:188} INFO - [2026-06-24T14:27:20.858+0000] {dagbag.py:538} INFO - Filling up the DagBag from /opt/airflow/dags/review_timeout_dag.py
[2026-06-24T14:27:20.904+0000] {processor.py:840} INFO - DAG(s) 'review_timeout_dag' retrieved from /opt/airflow/dags/review_timeout_dag.py
[2026-06-24T14:27:20.980+0000] {logging_mixin.py:188} INFO - [2026-06-24T14:27:20.980+0000] {dag.py:3033} INFO - Sync 1 DAGs
[2026-06-24T14:27:21.017+0000] {logging_mixin.py:188} INFO - [2026-06-24T14:27:21.017+0000] {dag.py:3820} INFO - Setting next_dagrun for review_timeout_dag to 2026-06-23T01:00:00+00:00, run_after=2026-06-24T01:00:00+00:00
[2026-06-24T14:27:21.053+0000] {processor.py:183} INFO - Processing /opt/airflow/dags/review_timeout_dag.py took 0.220 seconds
[2026-06-24T14:27:51.533+0000] {processor.py:161} INFO - Started process (PID=2193) to work on /opt/airflow/dags/review_timeout_dag.py
[2026-06-24T14:27:51.535+0000] {processor.py:830} INFO - Processing file /opt/airflow/dags/review_timeout_dag.py for tasks to queue
[2026-06-24T14:27:51.536+0000] {logging_mixin.py:188} INFO - [2026-06-24T14:27:51.535+0000] {dagbag.py:538} INFO - Filling up the DagBag from /opt/airflow/dags/review_timeout_dag.py
[2026-06-24T14:27:51.562+0000] {processor.py:840} INFO - DAG(s) 'review_timeout_dag' retrieved from /opt/airflow/dags/review_timeout_dag.py
[2026-06-24T14:27:51.606+0000] {logging_mixin.py:188} INFO - [2026-06-24T14:27:51.606+0000] {dag.py:3033} INFO - Sync 1 DAGs
[2026-06-24T14:27:51.638+0000] {logging_mixin.py:188} INFO - [2026-06-24T14:27:51.637+0000] {dag.py:3820} INFO - Setting next_dagrun for review_timeout_dag to 2026-06-23T01:00:00+00:00, run_after=2026-06-24T01:00:00+00:00
[2026-06-24T14:27:51.665+0000] {processor.py:183} INFO - Processing /opt/airflow/dags/review_timeout_dag.py took 0.138 seconds
[2026-06-24T14:28:21.917+0000] {processor.py:161} INFO - Started process (PID=2203) to work on /opt/airflow/dags/review_timeout_dag.py
[2026-06-24T14:28:21.919+0000] {processor.py:830} INFO - Processing file /opt/airflow/dags/review_timeout_dag.py for tasks to queue
[2026-06-24T14:28:21.921+0000] {logging_mixin.py:188} INFO - [2026-06-24T14:28:21.920+0000] {dagbag.py:538} INFO - Filling up the DagBag from /opt/airflow/dags/review_timeout_dag.py
[2026-06-24T14:28:21.973+0000] {processor.py:840} INFO - DAG(s) 'review_timeout_dag' retrieved from /opt/airflow/dags/review_timeout_dag.py
[2026-06-24T14:28:22.046+0000] {logging_mixin.py:188} INFO - [2026-06-24T14:28:22.046+0000] {dag.py:3033} INFO - Sync 1 DAGs
[2026-06-24T14:28:22.086+0000] {logging_mixin.py:188} INFO - [2026-06-24T14:28:22.085+0000] {dag.py:3820} INFO - Setting next_dagrun for review_timeout_dag to 2026-06-23T01:00:00+00:00, run_after=2026-06-24T01:00:00+00:00
[2026-06-24T14:28:22.116+0000] {processor.py:183} INFO - Processing /opt/airflow/dags/review_timeout_dag.py took 0.210 seconds
[2026-06-24T14:28:52.232+0000] {processor.py:161} INFO - Started process (PID=2213) to work on /opt/airflow/dags/review_timeout_dag.py
[2026-06-24T14:28:52.233+0000] {processor.py:830} INFO - Processing file /opt/airflow/dags/review_timeout_dag.py for tasks to queue
[2026-06-24T14:28:52.235+0000] {logging_mixin.py:188} INFO - [2026-06-24T14:28:52.234+0000] {dagbag.py:538} INFO - Filling up the DagBag from /opt/airflow/dags/review_timeout_dag.py
[2026-06-24T14:28:52.261+0000] {processor.py:840} INFO - DAG(s) 'review_timeout_dag' retrieved from /opt/airflow/dags/review_timeout_dag.py
[2026-06-24T14:28:52.302+0000] {logging_mixin.py:188} INFO - [2026-06-24T14:28:52.302+0000] {dag.py:3033} INFO - Sync 1 DAGs
[2026-06-24T14:28:52.329+0000] {logging_mixin.py:188} INFO - [2026-06-24T14:28:52.329+0000] {dag.py:3820} INFO - Setting next_dagrun for review_timeout_dag to 2026-06-23T01:00:00+00:00, run_after=2026-06-24T01:00:00+00:00
[2026-06-24T14:28:52.349+0000] {processor.py:183} INFO - Processing /opt/airflow/dags/review_timeout_dag.py took 0.124 seconds
[2026-06-24T14:29:23.026+0000] {processor.py:161} INFO - Started process (PID=2223) to work on /opt/airflow/dags/review_timeout_dag.py
[2026-06-24T14:29:23.034+0000] {processor.py:830} INFO - Processing file /opt/airflow/dags/review_timeout_dag.py for tasks to queue
[2026-06-24T14:29:23.039+0000] {logging_mixin.py:188} INFO - [2026-06-24T14:29:23.036+0000] {dagbag.py:538} INFO - Filling up the DagBag from /opt/airflow/dags/review_timeout_dag.py
[2026-06-24T14:29:23.163+0000] {processor.py:840} INFO - DAG(s) 'review_timeout_dag' retrieved from /opt/airflow/dags/review_timeout_dag.py
[2026-06-24T14:29:23.319+0000] {logging_mixin.py:188} INFO - [2026-06-24T14:29:23.318+0000] {dag.py:3033} INFO - Sync 1 DAGs
[2026-06-24T14:29:23.378+0000] {logging_mixin.py:188} INFO - [2026-06-24T14:29:23.378+0000] {dag.py:3820} INFO - Setting next_dagrun for review_timeout_dag to 2026-06-23T01:00:00+00:00, run_after=2026-06-24T01:00:00+00:00
[2026-06-24T14:29:23.425+0000] {processor.py:183} INFO - Processing /opt/airflow/dags/review_timeout_dag.py took 0.431 seconds
[2026-06-24T14:29:53.749+0000] {processor.py:161} INFO - Started process (PID=2233) to work on /opt/airflow/dags/review_timeout_dag.py
[2026-06-24T14:29:53.751+0000] {processor.py:830} INFO - Processing file /opt/airflow/dags/review_timeout_dag.py for tasks to queue
[2026-06-24T14:29:53.752+0000] {logging_mixin.py:188} INFO - [2026-06-24T14:29:53.752+0000] {dagbag.py:538} INFO - Filling up the DagBag from /opt/airflow/dags/review_timeout_dag.py
[2026-06-24T14:29:53.798+0000] {processor.py:840} INFO - DAG(s) 'review_timeout_dag' retrieved from /opt/airflow/dags/review_timeout_dag.py
[2026-06-24T14:29:53.857+0000] {logging_mixin.py:188} INFO - [2026-06-24T14:29:53.857+0000] {dag.py:3033} INFO - Sync 1 DAGs
[2026-06-24T14:29:53.892+0000] {logging_mixin.py:188} INFO - [2026-06-24T14:29:53.892+0000] {dag.py:3820} INFO - Setting next_dagrun for review_timeout_dag to 2026-06-23T01:00:00+00:00, run_after=2026-06-24T01:00:00+00:00
[2026-06-24T14:29:53.918+0000] {processor.py:183} INFO - Processing /opt/airflow/dags/review_timeout_dag.py took 0.180 seconds
[2026-06-24T14:30:24.151+0000] {processor.py:161} INFO - Started process (PID=2243) to work on /opt/airflow/dags/review_timeout_dag.py
[2026-06-24T14:30:24.154+0000] {processor.py:830} INFO - Processing file /opt/airflow/dags/review_timeout_dag.py for tasks to queue
[2026-06-24T14:30:24.158+0000] {logging_mixin.py:188} INFO - [2026-06-24T14:30:24.155+0000] {dagbag.py:538} INFO - Filling up the DagBag from /opt/airflow/dags/review_timeout_dag.py
[2026-06-24T14:30:24.193+0000] {processor.py:840} INFO - DAG(s) 'review_timeout_dag' retrieved from /opt/airflow/dags/review_timeout_dag.py
[2026-06-24T14:30:24.255+0000] {logging_mixin.py:188} INFO - [2026-06-24T14:30:24.254+0000] {dag.py:3033} INFO - Sync 1 DAGs
[2026-06-24T14:30:24.289+0000] {logging_mixin.py:188} INFO - [2026-06-24T14:30:24.289+0000] {dag.py:3820} INFO - Setting next_dagrun for review_timeout_dag to 2026-06-23T01:00:00+00:00, run_after=2026-06-24T01:00:00+00:00
[2026-06-24T14:30:24.333+0000] {processor.py:183} INFO - Processing /opt/airflow/dags/review_timeout_dag.py took 0.197 seconds
[2026-06-24T14:30:55.223+0000] {processor.py:161} INFO - Started process (PID=2253) to work on /opt/airflow/dags/review_timeout_dag.py
[2026-06-24T14:30:55.279+0000] {processor.py:830} INFO - Processing file /opt/airflow/dags/review_timeout_dag.py for tasks to queue
[2026-06-24T14:30:55.442+0000] {logging_mixin.py:188} INFO - [2026-06-24T14:30:55.433+0000] {dagbag.py:538} INFO - Filling up the DagBag from /opt/airflow/dags/review_timeout_dag.py
[2026-06-24T14:30:56.002+0000] {processor.py:840} INFO - DAG(s) 'review_timeout_dag' retrieved from /opt/airflow/dags/review_timeout_dag.py
[2026-06-24T14:30:56.544+0000] {logging_mixin.py:188} INFO - [2026-06-24T14:30:56.543+0000] {dag.py:3033} INFO - Sync 1 DAGs
[2026-06-24T14:30:56.948+0000] {logging_mixin.py:188} INFO - [2026-06-24T14:30:56.947+0000] {dag.py:3820} INFO - Setting next_dagrun for review_timeout_dag to 2026-06-23T01:00:00+00:00, run_after=2026-06-24T01:00:00+00:00
[2026-06-24T14:30:58.173+0000] {processor.py:183} INFO - Processing /opt/airflow/dags/review_timeout_dag.py took 3.333 seconds
[2026-06-24T14:31:29.226+0000] {processor.py:161} INFO - Started process (PID=2263) to work on /opt/airflow/dags/review_timeout_dag.py
[2026-06-24T14:31:29.231+0000] {processor.py:830} INFO - Processing file /opt/airflow/dags/review_timeout_dag.py for tasks to queue
[2026-06-24T14:31:29.235+0000] {logging_mixin.py:188} INFO - [2026-06-24T14:31:29.235+0000] {dagbag.py:538} INFO - Filling up the DagBag from /opt/airflow/dags/review_timeout_dag.py
[2026-06-24T14:31:29.334+0000] {processor.py:840} INFO - DAG(s) 'review_timeout_dag' retrieved from /opt/airflow/dags/review_timeout_dag.py
[2026-06-24T14:31:29.626+0000] {logging_mixin.py:188} INFO - [2026-06-24T14:31:29.625+0000] {dag.py:3033} INFO - Sync 1 DAGs
[2026-06-24T14:31:29.740+0000] {logging_mixin.py:188} INFO - [2026-06-24T14:31:29.740+0000] {dag.py:3820} INFO - Setting next_dagrun for review_timeout_dag to 2026-06-23T01:00:00+00:00, run_after=2026-06-24T01:00:00+00:00
[2026-06-24T14:31:29.816+0000] {processor.py:183} INFO - Processing /opt/airflow/dags/review_timeout_dag.py took 0.617 seconds
