[2026-06-24T03:43:03.346+0000] {processor.py:161} INFO - Started process (PID=183) to work on /opt/airflow/dags/weekly_training_dag.py
[2026-06-24T03:43:03.347+0000] {processor.py:830} INFO - Processing file /opt/airflow/dags/weekly_training_dag.py for tasks to queue
[2026-06-24T03:43:03.349+0000] {logging_mixin.py:188} INFO - [2026-06-24T03:43:03.349+0000] {dagbag.py:538} INFO - Filling up the DagBag from /opt/airflow/dags/weekly_training_dag.py
[2026-06-24T03:43:03.387+0000] {processor.py:840} INFO - DAG(s) 'xray_weekly_training' retrieved from /opt/airflow/dags/weekly_training_dag.py
[2026-06-24T03:43:03.725+0000] {logging_mixin.py:188} INFO - [2026-06-24T03:43:03.724+0000] {override.py:1769} INFO - Created Permission View: can read on DAG:xray_weekly_training
[2026-06-24T03:43:03.734+0000] {logging_mixin.py:188} INFO - [2026-06-24T03:43:03.734+0000] {override.py:1769} INFO - Created Permission View: can delete on DAG:xray_weekly_training
[2026-06-24T03:43:03.740+0000] {logging_mixin.py:188} INFO - [2026-06-24T03:43:03.740+0000] {override.py:1769} INFO - Created Permission View: can edit on DAG:xray_weekly_training
[2026-06-24T03:43:03.740+0000] {logging_mixin.py:188} INFO - [2026-06-24T03:43:03.740+0000] {dag.py:3033} INFO - Sync 1 DAGs
[2026-06-24T03:43:03.753+0000] {logging_mixin.py:188} INFO - [2026-06-24T03:43:03.753+0000] {dag.py:3055} INFO - Creating ORM DAG for xray_weekly_training
[2026-06-24T03:43:03.766+0000] {logging_mixin.py:188} INFO - [2026-06-24T03:43:03.766+0000] {dag.py:3820} INFO - Setting next_dagrun for xray_weekly_training to 2026-06-14T02:00:00+00:00, run_after=2026-06-21T02:00:00+00:00
[2026-06-24T03:43:03.785+0000] {processor.py:183} INFO - Processing /opt/airflow/dags/weekly_training_dag.py took 0.442 seconds
[2026-06-24T03:43:34.103+0000] {processor.py:161} INFO - Started process (PID=192) to work on /opt/airflow/dags/weekly_training_dag.py
[2026-06-24T03:43:34.107+0000] {processor.py:830} INFO - Processing file /opt/airflow/dags/weekly_training_dag.py for tasks to queue
[2026-06-24T03:43:34.115+0000] {logging_mixin.py:188} INFO - [2026-06-24T03:43:34.113+0000] {dagbag.py:538} INFO - Filling up the DagBag from /opt/airflow/dags/weekly_training_dag.py
[2026-06-24T03:43:34.152+0000] {processor.py:840} INFO - DAG(s) 'xray_weekly_training' retrieved from /opt/airflow/dags/weekly_training_dag.py
[2026-06-24T03:43:34.449+0000] {logging_mixin.py:188} INFO - [2026-06-24T03:43:34.449+0000] {dag.py:3033} INFO - Sync 1 DAGs
[2026-06-24T03:43:34.479+0000] {logging_mixin.py:188} INFO - [2026-06-24T03:43:34.479+0000] {dag.py:3820} INFO - Setting next_dagrun for xray_weekly_training to 2026-06-14T02:00:00+00:00, run_after=2026-06-21T02:00:00+00:00
[2026-06-24T03:43:34.518+0000] {processor.py:183} INFO - Processing /opt/airflow/dags/weekly_training_dag.py took 0.431 seconds
[2026-06-24T03:44:04.964+0000] {processor.py:161} INFO - Started process (PID=204) to work on /opt/airflow/dags/weekly_training_dag.py
[2026-06-24T03:44:04.966+0000] {processor.py:830} INFO - Processing file /opt/airflow/dags/weekly_training_dag.py for tasks to queue
[2026-06-24T03:44:04.969+0000] {logging_mixin.py:188} INFO - [2026-06-24T03:44:04.969+0000] {dagbag.py:538} INFO - Filling up the DagBag from /opt/airflow/dags/weekly_training_dag.py
[2026-06-24T03:44:05.010+0000] {processor.py:840} INFO - DAG(s) 'xray_weekly_training' retrieved from /opt/airflow/dags/weekly_training_dag.py
[2026-06-24T03:44:05.056+0000] {logging_mixin.py:188} INFO - [2026-06-24T03:44:05.056+0000] {dag.py:3033} INFO - Sync 1 DAGs
[2026-06-24T03:44:05.077+0000] {logging_mixin.py:188} INFO - [2026-06-24T03:44:05.077+0000] {dag.py:3820} INFO - Setting next_dagrun for xray_weekly_training to 2026-06-14T02:00:00+00:00, run_after=2026-06-21T02:00:00+00:00
[2026-06-24T03:44:05.096+0000] {processor.py:183} INFO - Processing /opt/airflow/dags/weekly_training_dag.py took 0.143 seconds
[2026-06-24T03:44:35.746+0000] {processor.py:161} INFO - Started process (PID=214) to work on /opt/airflow/dags/weekly_training_dag.py
[2026-06-24T03:44:35.747+0000] {processor.py:830} INFO - Processing file /opt/airflow/dags/weekly_training_dag.py for tasks to queue
[2026-06-24T03:44:35.748+0000] {logging_mixin.py:188} INFO - [2026-06-24T03:44:35.748+0000] {dagbag.py:538} INFO - Filling up the DagBag from /opt/airflow/dags/weekly_training_dag.py
[2026-06-24T03:44:35.770+0000] {processor.py:840} INFO - DAG(s) 'xray_weekly_training' retrieved from /opt/airflow/dags/weekly_training_dag.py
[2026-06-24T03:44:35.805+0000] {logging_mixin.py:188} INFO - [2026-06-24T03:44:35.805+0000] {dag.py:3033} INFO - Sync 1 DAGs
[2026-06-24T03:44:35.829+0000] {logging_mixin.py:188} INFO - [2026-06-24T03:44:35.829+0000] {dag.py:3820} INFO - Setting next_dagrun for xray_weekly_training to 2026-06-14T02:00:00+00:00, run_after=2026-06-21T02:00:00+00:00
[2026-06-24T03:44:35.846+0000] {processor.py:183} INFO - Processing /opt/airflow/dags/weekly_training_dag.py took 0.103 seconds
[2026-06-24T03:45:06.401+0000] {processor.py:161} INFO - Started process (PID=224) to work on /opt/airflow/dags/weekly_training_dag.py
[2026-06-24T03:45:06.402+0000] {processor.py:830} INFO - Processing file /opt/airflow/dags/weekly_training_dag.py for tasks to queue
[2026-06-24T03:45:06.405+0000] {logging_mixin.py:188} INFO - [2026-06-24T03:45:06.404+0000] {dagbag.py:538} INFO - Filling up the DagBag from /opt/airflow/dags/weekly_training_dag.py
[2026-06-24T03:45:06.428+0000] {processor.py:840} INFO - DAG(s) 'xray_weekly_training' retrieved from /opt/airflow/dags/weekly_training_dag.py
[2026-06-24T03:45:06.489+0000] {logging_mixin.py:188} INFO - [2026-06-24T03:45:06.489+0000] {dag.py:3033} INFO - Sync 1 DAGs
[2026-06-24T03:45:06.512+0000] {logging_mixin.py:188} INFO - [2026-06-24T03:45:06.512+0000] {dag.py:3820} INFO - Setting next_dagrun for xray_weekly_training to 2026-06-14T02:00:00+00:00, run_after=2026-06-21T02:00:00+00:00
[2026-06-24T03:45:06.529+0000] {processor.py:183} INFO - Processing /opt/airflow/dags/weekly_training_dag.py took 0.134 seconds
[2026-06-24T03:45:36.884+0000] {processor.py:161} INFO - Started process (PID=234) to work on /opt/airflow/dags/weekly_training_dag.py
[2026-06-24T03:45:36.885+0000] {processor.py:830} INFO - Processing file /opt/airflow/dags/weekly_training_dag.py for tasks to queue
[2026-06-24T03:45:36.887+0000] {logging_mixin.py:188} INFO - [2026-06-24T03:45:36.886+0000] {dagbag.py:538} INFO - Filling up the DagBag from /opt/airflow/dags/weekly_training_dag.py
[2026-06-24T03:45:36.910+0000] {processor.py:840} INFO - DAG(s) 'xray_weekly_training' retrieved from /opt/airflow/dags/weekly_training_dag.py
[2026-06-24T03:45:36.948+0000] {logging_mixin.py:188} INFO - [2026-06-24T03:45:36.948+0000] {dag.py:3033} INFO - Sync 1 DAGs
[2026-06-24T03:45:36.979+0000] {logging_mixin.py:188} INFO - [2026-06-24T03:45:36.978+0000] {dag.py:3820} INFO - Setting next_dagrun for xray_weekly_training to 2026-06-14T02:00:00+00:00, run_after=2026-06-21T02:00:00+00:00
[2026-06-24T03:45:36.998+0000] {processor.py:183} INFO - Processing /opt/airflow/dags/weekly_training_dag.py took 0.117 seconds
[2026-06-24T03:46:07.245+0000] {processor.py:161} INFO - Started process (PID=244) to work on /opt/airflow/dags/weekly_training_dag.py
[2026-06-24T03:46:07.246+0000] {processor.py:830} INFO - Processing file /opt/airflow/dags/weekly_training_dag.py for tasks to queue
[2026-06-24T03:46:07.247+0000] {logging_mixin.py:188} INFO - [2026-06-24T03:46:07.247+0000] {dagbag.py:538} INFO - Filling up the DagBag from /opt/airflow/dags/weekly_training_dag.py
[2026-06-24T03:46:07.263+0000] {processor.py:840} INFO - DAG(s) 'xray_weekly_training' retrieved from /opt/airflow/dags/weekly_training_dag.py
[2026-06-24T03:46:07.308+0000] {logging_mixin.py:188} INFO - [2026-06-24T03:46:07.308+0000] {dag.py:3033} INFO - Sync 1 DAGs
[2026-06-24T03:46:07.329+0000] {logging_mixin.py:188} INFO - [2026-06-24T03:46:07.329+0000] {dag.py:3820} INFO - Setting next_dagrun for xray_weekly_training to 2026-06-14T02:00:00+00:00, run_after=2026-06-21T02:00:00+00:00
[2026-06-24T03:46:07.354+0000] {processor.py:183} INFO - Processing /opt/airflow/dags/weekly_training_dag.py took 0.114 seconds
[2026-06-24T03:46:37.561+0000] {processor.py:161} INFO - Started process (PID=254) to work on /opt/airflow/dags/weekly_training_dag.py
[2026-06-24T03:46:37.564+0000] {processor.py:830} INFO - Processing file /opt/airflow/dags/weekly_training_dag.py for tasks to queue
[2026-06-24T03:46:37.566+0000] {logging_mixin.py:188} INFO - [2026-06-24T03:46:37.565+0000] {dagbag.py:538} INFO - Filling up the DagBag from /opt/airflow/dags/weekly_training_dag.py
[2026-06-24T03:46:37.594+0000] {processor.py:840} INFO - DAG(s) 'xray_weekly_training' retrieved from /opt/airflow/dags/weekly_training_dag.py
[2026-06-24T03:46:37.710+0000] {logging_mixin.py:188} INFO - [2026-06-24T03:46:37.710+0000] {dag.py:3033} INFO - Sync 1 DAGs
[2026-06-24T03:46:37.754+0000] {logging_mixin.py:188} INFO - [2026-06-24T03:46:37.753+0000] {dag.py:3820} INFO - Setting next_dagrun for xray_weekly_training to 2026-06-14T02:00:00+00:00, run_after=2026-06-21T02:00:00+00:00
[2026-06-24T03:46:37.778+0000] {processor.py:183} INFO - Processing /opt/airflow/dags/weekly_training_dag.py took 0.225 seconds
[2026-06-24T03:47:07.906+0000] {processor.py:161} INFO - Started process (PID=263) to work on /opt/airflow/dags/weekly_training_dag.py
[2026-06-24T03:47:07.907+0000] {processor.py:830} INFO - Processing file /opt/airflow/dags/weekly_training_dag.py for tasks to queue
[2026-06-24T03:47:07.908+0000] {logging_mixin.py:188} INFO - [2026-06-24T03:47:07.908+0000] {dagbag.py:538} INFO - Filling up the DagBag from /opt/airflow/dags/weekly_training_dag.py
[2026-06-24T03:47:07.941+0000] {processor.py:840} INFO - DAG(s) 'xray_weekly_training' retrieved from /opt/airflow/dags/weekly_training_dag.py
[2026-06-24T03:47:07.976+0000] {logging_mixin.py:188} INFO - [2026-06-24T03:47:07.976+0000] {dag.py:3033} INFO - Sync 1 DAGs
[2026-06-24T03:47:08.000+0000] {logging_mixin.py:188} INFO - [2026-06-24T03:47:08.000+0000] {dag.py:3820} INFO - Setting next_dagrun for xray_weekly_training to 2026-06-14T02:00:00+00:00, run_after=2026-06-21T02:00:00+00:00
[2026-06-24T03:47:08.015+0000] {processor.py:183} INFO - Processing /opt/airflow/dags/weekly_training_dag.py took 0.112 seconds
[2026-06-24T03:47:38.251+0000] {processor.py:161} INFO - Started process (PID=274) to work on /opt/airflow/dags/weekly_training_dag.py
[2026-06-24T03:47:38.252+0000] {processor.py:830} INFO - Processing file /opt/airflow/dags/weekly_training_dag.py for tasks to queue
[2026-06-24T03:47:38.253+0000] {logging_mixin.py:188} INFO - [2026-06-24T03:47:38.253+0000] {dagbag.py:538} INFO - Filling up the DagBag from /opt/airflow/dags/weekly_training_dag.py
[2026-06-24T03:47:38.273+0000] {processor.py:840} INFO - DAG(s) 'xray_weekly_training' retrieved from /opt/airflow/dags/weekly_training_dag.py
[2026-06-24T03:47:38.310+0000] {logging_mixin.py:188} INFO - [2026-06-24T03:47:38.310+0000] {dag.py:3033} INFO - Sync 1 DAGs
[2026-06-24T03:47:38.333+0000] {logging_mixin.py:188} INFO - [2026-06-24T03:47:38.332+0000] {dag.py:3820} INFO - Setting next_dagrun for xray_weekly_training to 2026-06-14T02:00:00+00:00, run_after=2026-06-21T02:00:00+00:00
[2026-06-24T03:47:38.353+0000] {processor.py:183} INFO - Processing /opt/airflow/dags/weekly_training_dag.py took 0.104 seconds
[2026-06-24T03:48:08.697+0000] {processor.py:161} INFO - Started process (PID=284) to work on /opt/airflow/dags/weekly_training_dag.py
[2026-06-24T03:48:08.699+0000] {processor.py:830} INFO - Processing file /opt/airflow/dags/weekly_training_dag.py for tasks to queue
[2026-06-24T03:48:08.700+0000] {logging_mixin.py:188} INFO - [2026-06-24T03:48:08.700+0000] {dagbag.py:538} INFO - Filling up the DagBag from /opt/airflow/dags/weekly_training_dag.py
[2026-06-24T03:48:08.726+0000] {processor.py:840} INFO - DAG(s) 'xray_weekly_training' retrieved from /opt/airflow/dags/weekly_training_dag.py
[2026-06-24T03:48:08.785+0000] {logging_mixin.py:188} INFO - [2026-06-24T03:48:08.784+0000] {dag.py:3033} INFO - Sync 1 DAGs
[2026-06-24T03:48:08.811+0000] {logging_mixin.py:188} INFO - [2026-06-24T03:48:08.811+0000] {dag.py:3820} INFO - Setting next_dagrun for xray_weekly_training to 2026-06-14T02:00:00+00:00, run_after=2026-06-21T02:00:00+00:00
[2026-06-24T03:48:08.834+0000] {processor.py:183} INFO - Processing /opt/airflow/dags/weekly_training_dag.py took 0.142 seconds
[2026-06-24T03:48:39.291+0000] {processor.py:161} INFO - Started process (PID=294) to work on /opt/airflow/dags/weekly_training_dag.py
[2026-06-24T03:48:39.301+0000] {processor.py:830} INFO - Processing file /opt/airflow/dags/weekly_training_dag.py for tasks to queue
[2026-06-24T03:48:39.314+0000] {logging_mixin.py:188} INFO - [2026-06-24T03:48:39.313+0000] {dagbag.py:538} INFO - Filling up the DagBag from /opt/airflow/dags/weekly_training_dag.py
[2026-06-24T03:48:39.417+0000] {processor.py:840} INFO - DAG(s) 'xray_weekly_training' retrieved from /opt/airflow/dags/weekly_training_dag.py
[2026-06-24T03:48:39.883+0000] {logging_mixin.py:188} INFO - [2026-06-24T03:48:39.882+0000] {dag.py:3033} INFO - Sync 1 DAGs
[2026-06-24T03:48:39.996+0000] {logging_mixin.py:188} INFO - [2026-06-24T03:48:39.995+0000] {dag.py:3820} INFO - Setting next_dagrun for xray_weekly_training to 2026-06-14T02:00:00+00:00, run_after=2026-06-21T02:00:00+00:00
[2026-06-24T03:48:40.092+0000] {processor.py:183} INFO - Processing /opt/airflow/dags/weekly_training_dag.py took 0.861 seconds
[2026-06-24T03:49:11.079+0000] {processor.py:161} INFO - Started process (PID=304) to work on /opt/airflow/dags/weekly_training_dag.py
[2026-06-24T03:49:11.083+0000] {processor.py:830} INFO - Processing file /opt/airflow/dags/weekly_training_dag.py for tasks to queue
[2026-06-24T03:49:11.084+0000] {logging_mixin.py:188} INFO - [2026-06-24T03:49:11.084+0000] {dagbag.py:538} INFO - Filling up the DagBag from /opt/airflow/dags/weekly_training_dag.py
[2026-06-24T03:49:11.118+0000] {processor.py:840} INFO - DAG(s) 'xray_weekly_training' retrieved from /opt/airflow/dags/weekly_training_dag.py
[2026-06-24T03:49:11.179+0000] {logging_mixin.py:188} INFO - [2026-06-24T03:49:11.178+0000] {dag.py:3033} INFO - Sync 1 DAGs
[2026-06-24T03:49:11.215+0000] {logging_mixin.py:188} INFO - [2026-06-24T03:49:11.215+0000] {dag.py:3820} INFO - Setting next_dagrun for xray_weekly_training to 2026-06-14T02:00:00+00:00, run_after=2026-06-21T02:00:00+00:00
[2026-06-24T03:49:11.247+0000] {processor.py:183} INFO - Processing /opt/airflow/dags/weekly_training_dag.py took 0.184 seconds
[2026-06-24T03:49:42.015+0000] {processor.py:161} INFO - Started process (PID=313) to work on /opt/airflow/dags/weekly_training_dag.py
[2026-06-24T03:49:42.023+0000] {processor.py:830} INFO - Processing file /opt/airflow/dags/weekly_training_dag.py for tasks to queue
[2026-06-24T03:49:42.037+0000] {logging_mixin.py:188} INFO - [2026-06-24T03:49:42.037+0000] {dagbag.py:538} INFO - Filling up the DagBag from /opt/airflow/dags/weekly_training_dag.py
[2026-06-24T03:49:42.127+0000] {processor.py:840} INFO - DAG(s) 'xray_weekly_training' retrieved from /opt/airflow/dags/weekly_training_dag.py
[2026-06-24T03:49:42.238+0000] {logging_mixin.py:188} INFO - [2026-06-24T03:49:42.238+0000] {dag.py:3033} INFO - Sync 1 DAGs
[2026-06-24T03:49:42.340+0000] {logging_mixin.py:188} INFO - [2026-06-24T03:49:42.339+0000] {dag.py:3820} INFO - Setting next_dagrun for xray_weekly_training to 2026-06-14T02:00:00+00:00, run_after=2026-06-21T02:00:00+00:00
[2026-06-24T03:49:42.394+0000] {processor.py:183} INFO - Processing /opt/airflow/dags/weekly_training_dag.py took 0.384 seconds
[2026-06-24T03:50:12.692+0000] {processor.py:161} INFO - Started process (PID=324) to work on /opt/airflow/dags/weekly_training_dag.py
[2026-06-24T03:50:12.693+0000] {processor.py:830} INFO - Processing file /opt/airflow/dags/weekly_training_dag.py for tasks to queue
[2026-06-24T03:50:12.695+0000] {logging_mixin.py:188} INFO - [2026-06-24T03:50:12.694+0000] {dagbag.py:538} INFO - Filling up the DagBag from /opt/airflow/dags/weekly_training_dag.py
[2026-06-24T03:50:12.722+0000] {processor.py:840} INFO - DAG(s) 'xray_weekly_training' retrieved from /opt/airflow/dags/weekly_training_dag.py
[2026-06-24T03:50:12.758+0000] {logging_mixin.py:188} INFO - [2026-06-24T03:50:12.758+0000] {dag.py:3033} INFO - Sync 1 DAGs
[2026-06-24T03:50:12.788+0000] {logging_mixin.py:188} INFO - [2026-06-24T03:50:12.787+0000] {dag.py:3820} INFO - Setting next_dagrun for xray_weekly_training to 2026-06-14T02:00:00+00:00, run_after=2026-06-21T02:00:00+00:00
[2026-06-24T03:50:12.814+0000] {processor.py:183} INFO - Processing /opt/airflow/dags/weekly_training_dag.py took 0.130 seconds
[2026-06-24T03:50:43.199+0000] {processor.py:161} INFO - Started process (PID=334) to work on /opt/airflow/dags/weekly_training_dag.py
[2026-06-24T03:50:43.200+0000] {processor.py:830} INFO - Processing file /opt/airflow/dags/weekly_training_dag.py for tasks to queue
[2026-06-24T03:50:43.201+0000] {logging_mixin.py:188} INFO - [2026-06-24T03:50:43.200+0000] {dagbag.py:538} INFO - Filling up the DagBag from /opt/airflow/dags/weekly_training_dag.py
[2026-06-24T03:50:43.220+0000] {processor.py:840} INFO - DAG(s) 'xray_weekly_training' retrieved from /opt/airflow/dags/weekly_training_dag.py
[2026-06-24T03:50:43.255+0000] {logging_mixin.py:188} INFO - [2026-06-24T03:50:43.255+0000] {dag.py:3033} INFO - Sync 1 DAGs
[2026-06-24T03:50:43.285+0000] {logging_mixin.py:188} INFO - [2026-06-24T03:50:43.284+0000] {dag.py:3820} INFO - Setting next_dagrun for xray_weekly_training to 2026-06-14T02:00:00+00:00, run_after=2026-06-21T02:00:00+00:00
[2026-06-24T03:50:43.303+0000] {processor.py:183} INFO - Processing /opt/airflow/dags/weekly_training_dag.py took 0.107 seconds
[2026-06-24T03:51:13.664+0000] {processor.py:161} INFO - Started process (PID=344) to work on /opt/airflow/dags/weekly_training_dag.py
[2026-06-24T03:51:13.665+0000] {processor.py:830} INFO - Processing file /opt/airflow/dags/weekly_training_dag.py for tasks to queue
[2026-06-24T03:51:13.667+0000] {logging_mixin.py:188} INFO - [2026-06-24T03:51:13.666+0000] {dagbag.py:538} INFO - Filling up the DagBag from /opt/airflow/dags/weekly_training_dag.py
[2026-06-24T03:51:13.695+0000] {processor.py:840} INFO - DAG(s) 'xray_weekly_training' retrieved from /opt/airflow/dags/weekly_training_dag.py
[2026-06-24T03:51:13.748+0000] {logging_mixin.py:188} INFO - [2026-06-24T03:51:13.747+0000] {dag.py:3033} INFO - Sync 1 DAGs
[2026-06-24T03:51:13.779+0000] {logging_mixin.py:188} INFO - [2026-06-24T03:51:13.779+0000] {dag.py:3820} INFO - Setting next_dagrun for xray_weekly_training to 2026-06-14T02:00:00+00:00, run_after=2026-06-21T02:00:00+00:00
[2026-06-24T03:51:13.816+0000] {processor.py:183} INFO - Processing /opt/airflow/dags/weekly_training_dag.py took 0.156 seconds
[2026-06-24T03:51:44.129+0000] {processor.py:161} INFO - Started process (PID=354) to work on /opt/airflow/dags/weekly_training_dag.py
[2026-06-24T03:51:44.132+0000] {processor.py:830} INFO - Processing file /opt/airflow/dags/weekly_training_dag.py for tasks to queue
[2026-06-24T03:51:44.132+0000] {logging_mixin.py:188} INFO - [2026-06-24T03:51:44.132+0000] {dagbag.py:538} INFO - Filling up the DagBag from /opt/airflow/dags/weekly_training_dag.py
[2026-06-24T03:51:44.152+0000] {processor.py:840} INFO - DAG(s) 'xray_weekly_training' retrieved from /opt/airflow/dags/weekly_training_dag.py
[2026-06-24T03:51:44.191+0000] {logging_mixin.py:188} INFO - [2026-06-24T03:51:44.191+0000] {dag.py:3033} INFO - Sync 1 DAGs
[2026-06-24T03:51:44.219+0000] {logging_mixin.py:188} INFO - [2026-06-24T03:51:44.219+0000] {dag.py:3820} INFO - Setting next_dagrun for xray_weekly_training to 2026-06-14T02:00:00+00:00, run_after=2026-06-21T02:00:00+00:00
[2026-06-24T03:51:44.240+0000] {processor.py:183} INFO - Processing /opt/airflow/dags/weekly_training_dag.py took 0.117 seconds
[2026-06-24T03:52:14.566+0000] {processor.py:161} INFO - Started process (PID=364) to work on /opt/airflow/dags/weekly_training_dag.py
[2026-06-24T03:52:14.569+0000] {processor.py:830} INFO - Processing file /opt/airflow/dags/weekly_training_dag.py for tasks to queue
[2026-06-24T03:52:14.572+0000] {logging_mixin.py:188} INFO - [2026-06-24T03:52:14.572+0000] {dagbag.py:538} INFO - Filling up the DagBag from /opt/airflow/dags/weekly_training_dag.py
[2026-06-24T03:52:14.652+0000] {processor.py:840} INFO - DAG(s) 'xray_weekly_training' retrieved from /opt/airflow/dags/weekly_training_dag.py
[2026-06-24T03:52:14.749+0000] {logging_mixin.py:188} INFO - [2026-06-24T03:52:14.748+0000] {dag.py:3033} INFO - Sync 1 DAGs
[2026-06-24T03:52:14.816+0000] {logging_mixin.py:188} INFO - [2026-06-24T03:52:14.815+0000] {dag.py:3820} INFO - Setting next_dagrun for xray_weekly_training to 2026-06-14T02:00:00+00:00, run_after=2026-06-21T02:00:00+00:00
[2026-06-24T03:52:14.864+0000] {processor.py:183} INFO - Processing /opt/airflow/dags/weekly_training_dag.py took 0.304 seconds
[2026-06-24T03:52:45.100+0000] {processor.py:161} INFO - Started process (PID=374) to work on /opt/airflow/dags/weekly_training_dag.py
[2026-06-24T03:52:45.102+0000] {processor.py:830} INFO - Processing file /opt/airflow/dags/weekly_training_dag.py for tasks to queue
[2026-06-24T03:52:45.103+0000] {logging_mixin.py:188} INFO - [2026-06-24T03:52:45.103+0000] {dagbag.py:538} INFO - Filling up the DagBag from /opt/airflow/dags/weekly_training_dag.py
[2026-06-24T03:52:45.125+0000] {processor.py:840} INFO - DAG(s) 'xray_weekly_training' retrieved from /opt/airflow/dags/weekly_training_dag.py
[2026-06-24T03:52:45.163+0000] {logging_mixin.py:188} INFO - [2026-06-24T03:52:45.162+0000] {dag.py:3033} INFO - Sync 1 DAGs
[2026-06-24T03:52:45.190+0000] {logging_mixin.py:188} INFO - [2026-06-24T03:52:45.190+0000] {dag.py:3820} INFO - Setting next_dagrun for xray_weekly_training to 2026-06-14T02:00:00+00:00, run_after=2026-06-21T02:00:00+00:00
[2026-06-24T03:52:45.210+0000] {processor.py:183} INFO - Processing /opt/airflow/dags/weekly_training_dag.py took 0.114 seconds
[2026-06-24T03:53:15.500+0000] {processor.py:161} INFO - Started process (PID=384) to work on /opt/airflow/dags/weekly_training_dag.py
[2026-06-24T03:53:15.501+0000] {processor.py:830} INFO - Processing file /opt/airflow/dags/weekly_training_dag.py for tasks to queue
[2026-06-24T03:53:15.501+0000] {logging_mixin.py:188} INFO - [2026-06-24T03:53:15.501+0000] {dagbag.py:538} INFO - Filling up the DagBag from /opt/airflow/dags/weekly_training_dag.py
[2026-06-24T03:53:15.526+0000] {processor.py:840} INFO - DAG(s) 'xray_weekly_training' retrieved from /opt/airflow/dags/weekly_training_dag.py
[2026-06-24T03:53:15.555+0000] {logging_mixin.py:188} INFO - [2026-06-24T03:53:15.555+0000] {dag.py:3033} INFO - Sync 1 DAGs
[2026-06-24T03:53:15.577+0000] {logging_mixin.py:188} INFO - [2026-06-24T03:53:15.577+0000] {dag.py:3820} INFO - Setting next_dagrun for xray_weekly_training to 2026-06-14T02:00:00+00:00, run_after=2026-06-21T02:00:00+00:00
[2026-06-24T03:53:15.594+0000] {processor.py:183} INFO - Processing /opt/airflow/dags/weekly_training_dag.py took 0.096 seconds
[2026-06-24T03:53:45.767+0000] {processor.py:161} INFO - Started process (PID=393) to work on /opt/airflow/dags/weekly_training_dag.py
[2026-06-24T03:53:45.767+0000] {processor.py:830} INFO - Processing file /opt/airflow/dags/weekly_training_dag.py for tasks to queue
[2026-06-24T03:53:45.769+0000] {logging_mixin.py:188} INFO - [2026-06-24T03:53:45.769+0000] {dagbag.py:538} INFO - Filling up the DagBag from /opt/airflow/dags/weekly_training_dag.py
[2026-06-24T03:53:45.790+0000] {processor.py:840} INFO - DAG(s) 'xray_weekly_training' retrieved from /opt/airflow/dags/weekly_training_dag.py
[2026-06-24T03:53:45.828+0000] {logging_mixin.py:188} INFO - [2026-06-24T03:53:45.828+0000] {dag.py:3033} INFO - Sync 1 DAGs
[2026-06-24T03:53:45.850+0000] {logging_mixin.py:188} INFO - [2026-06-24T03:53:45.850+0000] {dag.py:3820} INFO - Setting next_dagrun for xray_weekly_training to 2026-06-14T02:00:00+00:00, run_after=2026-06-21T02:00:00+00:00
[2026-06-24T03:53:45.870+0000] {processor.py:183} INFO - Processing /opt/airflow/dags/weekly_training_dag.py took 0.108 seconds
[2026-06-24T03:54:16.124+0000] {processor.py:161} INFO - Started process (PID=404) to work on /opt/airflow/dags/weekly_training_dag.py
[2026-06-24T03:54:16.127+0000] {processor.py:830} INFO - Processing file /opt/airflow/dags/weekly_training_dag.py for tasks to queue
[2026-06-24T03:54:16.128+0000] {logging_mixin.py:188} INFO - [2026-06-24T03:54:16.127+0000] {dagbag.py:538} INFO - Filling up the DagBag from /opt/airflow/dags/weekly_training_dag.py
[2026-06-24T03:54:16.165+0000] {processor.py:840} INFO - DAG(s) 'xray_weekly_training' retrieved from /opt/airflow/dags/weekly_training_dag.py
[2026-06-24T03:54:16.224+0000] {logging_mixin.py:188} INFO - [2026-06-24T03:54:16.224+0000] {dag.py:3033} INFO - Sync 1 DAGs
[2026-06-24T03:54:16.249+0000] {logging_mixin.py:188} INFO - [2026-06-24T03:54:16.248+0000] {dag.py:3820} INFO - Setting next_dagrun for xray_weekly_training to 2026-06-14T02:00:00+00:00, run_after=2026-06-21T02:00:00+00:00
[2026-06-24T03:54:16.268+0000] {processor.py:183} INFO - Processing /opt/airflow/dags/weekly_training_dag.py took 0.151 seconds
[2026-06-24T03:54:46.542+0000] {processor.py:161} INFO - Started process (PID=414) to work on /opt/airflow/dags/weekly_training_dag.py
[2026-06-24T03:54:46.544+0000] {processor.py:830} INFO - Processing file /opt/airflow/dags/weekly_training_dag.py for tasks to queue
[2026-06-24T03:54:46.546+0000] {logging_mixin.py:188} INFO - [2026-06-24T03:54:46.545+0000] {dagbag.py:538} INFO - Filling up the DagBag from /opt/airflow/dags/weekly_training_dag.py
[2026-06-24T03:54:46.569+0000] {processor.py:840} INFO - DAG(s) 'xray_weekly_training' retrieved from /opt/airflow/dags/weekly_training_dag.py
[2026-06-24T03:54:46.608+0000] {logging_mixin.py:188} INFO - [2026-06-24T03:54:46.607+0000] {dag.py:3033} INFO - Sync 1 DAGs
[2026-06-24T03:54:46.631+0000] {logging_mixin.py:188} INFO - [2026-06-24T03:54:46.631+0000] {dag.py:3820} INFO - Setting next_dagrun for xray_weekly_training to 2026-06-14T02:00:00+00:00, run_after=2026-06-21T02:00:00+00:00
[2026-06-24T03:54:46.648+0000] {processor.py:183} INFO - Processing /opt/airflow/dags/weekly_training_dag.py took 0.111 seconds
[2026-06-24T03:55:17.008+0000] {processor.py:161} INFO - Started process (PID=424) to work on /opt/airflow/dags/weekly_training_dag.py
[2026-06-24T03:55:17.009+0000] {processor.py:830} INFO - Processing file /opt/airflow/dags/weekly_training_dag.py for tasks to queue
[2026-06-24T03:55:17.011+0000] {logging_mixin.py:188} INFO - [2026-06-24T03:55:17.011+0000] {dagbag.py:538} INFO - Filling up the DagBag from /opt/airflow/dags/weekly_training_dag.py
[2026-06-24T03:55:17.032+0000] {processor.py:840} INFO - DAG(s) 'xray_weekly_training' retrieved from /opt/airflow/dags/weekly_training_dag.py
[2026-06-24T03:55:17.083+0000] {logging_mixin.py:188} INFO - [2026-06-24T03:55:17.082+0000] {dag.py:3033} INFO - Sync 1 DAGs
[2026-06-24T03:55:17.122+0000] {logging_mixin.py:188} INFO - [2026-06-24T03:55:17.122+0000] {dag.py:3820} INFO - Setting next_dagrun for xray_weekly_training to 2026-06-14T02:00:00+00:00, run_after=2026-06-21T02:00:00+00:00
[2026-06-24T03:55:17.151+0000] {processor.py:183} INFO - Processing /opt/airflow/dags/weekly_training_dag.py took 0.148 seconds
[2026-06-24T03:55:47.448+0000] {processor.py:161} INFO - Started process (PID=434) to work on /opt/airflow/dags/weekly_training_dag.py
[2026-06-24T03:55:47.449+0000] {processor.py:830} INFO - Processing file /opt/airflow/dags/weekly_training_dag.py for tasks to queue
[2026-06-24T03:55:47.451+0000] {logging_mixin.py:188} INFO - [2026-06-24T03:55:47.451+0000] {dagbag.py:538} INFO - Filling up the DagBag from /opt/airflow/dags/weekly_training_dag.py
[2026-06-24T03:55:47.484+0000] {processor.py:840} INFO - DAG(s) 'xray_weekly_training' retrieved from /opt/airflow/dags/weekly_training_dag.py
[2026-06-24T03:55:47.563+0000] {logging_mixin.py:188} INFO - [2026-06-24T03:55:47.563+0000] {dag.py:3033} INFO - Sync 1 DAGs
[2026-06-24T03:55:47.602+0000] {logging_mixin.py:188} INFO - [2026-06-24T03:55:47.602+0000] {dag.py:3820} INFO - Setting next_dagrun for xray_weekly_training to 2026-06-14T02:00:00+00:00, run_after=2026-06-21T02:00:00+00:00
[2026-06-24T03:55:47.629+0000] {processor.py:183} INFO - Processing /opt/airflow/dags/weekly_training_dag.py took 0.188 seconds
[2026-06-24T03:56:17.927+0000] {processor.py:161} INFO - Started process (PID=444) to work on /opt/airflow/dags/weekly_training_dag.py
[2026-06-24T03:56:17.928+0000] {processor.py:830} INFO - Processing file /opt/airflow/dags/weekly_training_dag.py for tasks to queue
[2026-06-24T03:56:17.929+0000] {logging_mixin.py:188} INFO - [2026-06-24T03:56:17.929+0000] {dagbag.py:538} INFO - Filling up the DagBag from /opt/airflow/dags/weekly_training_dag.py
[2026-06-24T03:56:17.953+0000] {processor.py:840} INFO - DAG(s) 'xray_weekly_training' retrieved from /opt/airflow/dags/weekly_training_dag.py
[2026-06-24T03:56:17.988+0000] {logging_mixin.py:188} INFO - [2026-06-24T03:56:17.988+0000] {dag.py:3033} INFO - Sync 1 DAGs
[2026-06-24T03:56:18.009+0000] {logging_mixin.py:188} INFO - [2026-06-24T03:56:18.009+0000] {dag.py:3820} INFO - Setting next_dagrun for xray_weekly_training to 2026-06-14T02:00:00+00:00, run_after=2026-06-21T02:00:00+00:00
[2026-06-24T03:56:18.027+0000] {processor.py:183} INFO - Processing /opt/airflow/dags/weekly_training_dag.py took 0.104 seconds
[2026-06-24T03:56:48.306+0000] {processor.py:161} INFO - Started process (PID=454) to work on /opt/airflow/dags/weekly_training_dag.py
[2026-06-24T03:56:48.309+0000] {processor.py:830} INFO - Processing file /opt/airflow/dags/weekly_training_dag.py for tasks to queue
[2026-06-24T03:56:48.310+0000] {logging_mixin.py:188} INFO - [2026-06-24T03:56:48.310+0000] {dagbag.py:538} INFO - Filling up the DagBag from /opt/airflow/dags/weekly_training_dag.py
[2026-06-24T03:56:48.330+0000] {processor.py:840} INFO - DAG(s) 'xray_weekly_training' retrieved from /opt/airflow/dags/weekly_training_dag.py
[2026-06-24T03:56:48.364+0000] {logging_mixin.py:188} INFO - [2026-06-24T03:56:48.363+0000] {dag.py:3033} INFO - Sync 1 DAGs
[2026-06-24T03:56:48.385+0000] {logging_mixin.py:188} INFO - [2026-06-24T03:56:48.385+0000] {dag.py:3820} INFO - Setting next_dagrun for xray_weekly_training to 2026-06-14T02:00:00+00:00, run_after=2026-06-21T02:00:00+00:00
[2026-06-24T03:56:48.405+0000] {processor.py:183} INFO - Processing /opt/airflow/dags/weekly_training_dag.py took 0.102 seconds
[2026-06-24T03:57:18.605+0000] {processor.py:161} INFO - Started process (PID=463) to work on /opt/airflow/dags/weekly_training_dag.py
[2026-06-24T03:57:18.606+0000] {processor.py:830} INFO - Processing file /opt/airflow/dags/weekly_training_dag.py for tasks to queue
[2026-06-24T03:57:18.607+0000] {logging_mixin.py:188} INFO - [2026-06-24T03:57:18.607+0000] {dagbag.py:538} INFO - Filling up the DagBag from /opt/airflow/dags/weekly_training_dag.py
[2026-06-24T03:57:18.631+0000] {processor.py:840} INFO - DAG(s) 'xray_weekly_training' retrieved from /opt/airflow/dags/weekly_training_dag.py
[2026-06-24T03:57:18.679+0000] {logging_mixin.py:188} INFO - [2026-06-24T03:57:18.679+0000] {dag.py:3033} INFO - Sync 1 DAGs
[2026-06-24T03:57:18.704+0000] {logging_mixin.py:188} INFO - [2026-06-24T03:57:18.703+0000] {dag.py:3820} INFO - Setting next_dagrun for xray_weekly_training to 2026-06-14T02:00:00+00:00, run_after=2026-06-21T02:00:00+00:00
[2026-06-24T03:57:18.723+0000] {processor.py:183} INFO - Processing /opt/airflow/dags/weekly_training_dag.py took 0.123 seconds
[2026-06-24T03:57:48.928+0000] {processor.py:161} INFO - Started process (PID=474) to work on /opt/airflow/dags/weekly_training_dag.py
[2026-06-24T03:57:48.929+0000] {processor.py:830} INFO - Processing file /opt/airflow/dags/weekly_training_dag.py for tasks to queue
[2026-06-24T03:57:48.930+0000] {logging_mixin.py:188} INFO - [2026-06-24T03:57:48.930+0000] {dagbag.py:538} INFO - Filling up the DagBag from /opt/airflow/dags/weekly_training_dag.py
[2026-06-24T03:57:48.961+0000] {processor.py:840} INFO - DAG(s) 'xray_weekly_training' retrieved from /opt/airflow/dags/weekly_training_dag.py
[2026-06-24T03:57:49.005+0000] {logging_mixin.py:188} INFO - [2026-06-24T03:57:49.004+0000] {dag.py:3033} INFO - Sync 1 DAGs
[2026-06-24T03:57:49.026+0000] {logging_mixin.py:188} INFO - [2026-06-24T03:57:49.026+0000] {dag.py:3820} INFO - Setting next_dagrun for xray_weekly_training to 2026-06-14T02:00:00+00:00, run_after=2026-06-21T02:00:00+00:00
[2026-06-24T03:57:49.064+0000] {processor.py:183} INFO - Processing /opt/airflow/dags/weekly_training_dag.py took 0.139 seconds
[2026-06-24T03:58:19.314+0000] {processor.py:161} INFO - Started process (PID=484) to work on /opt/airflow/dags/weekly_training_dag.py
[2026-06-24T03:58:19.315+0000] {processor.py:830} INFO - Processing file /opt/airflow/dags/weekly_training_dag.py for tasks to queue
[2026-06-24T03:58:19.316+0000] {logging_mixin.py:188} INFO - [2026-06-24T03:58:19.316+0000] {dagbag.py:538} INFO - Filling up the DagBag from /opt/airflow/dags/weekly_training_dag.py
[2026-06-24T03:58:19.345+0000] {processor.py:840} INFO - DAG(s) 'xray_weekly_training' retrieved from /opt/airflow/dags/weekly_training_dag.py
[2026-06-24T03:58:19.392+0000] {logging_mixin.py:188} INFO - [2026-06-24T03:58:19.392+0000] {dag.py:3033} INFO - Sync 1 DAGs
[2026-06-24T03:58:19.423+0000] {logging_mixin.py:188} INFO - [2026-06-24T03:58:19.423+0000] {dag.py:3820} INFO - Setting next_dagrun for xray_weekly_training to 2026-06-14T02:00:00+00:00, run_after=2026-06-21T02:00:00+00:00
[2026-06-24T03:58:19.443+0000] {processor.py:183} INFO - Processing /opt/airflow/dags/weekly_training_dag.py took 0.132 seconds
[2026-06-24T03:59:35.259+0000] {processor.py:161} INFO - Started process (PID=184) to work on /opt/airflow/dags/weekly_training_dag.py
[2026-06-24T03:59:35.268+0000] {processor.py:830} INFO - Processing file /opt/airflow/dags/weekly_training_dag.py for tasks to queue
[2026-06-24T03:59:35.269+0000] {logging_mixin.py:188} INFO - [2026-06-24T03:59:35.268+0000] {dagbag.py:538} INFO - Filling up the DagBag from /opt/airflow/dags/weekly_training_dag.py
[2026-06-24T03:59:35.346+0000] {processor.py:840} INFO - DAG(s) 'xray_weekly_training' retrieved from /opt/airflow/dags/weekly_training_dag.py
[2026-06-24T03:59:35.644+0000] {logging_mixin.py:188} INFO - [2026-06-24T03:59:35.644+0000] {dag.py:3033} INFO - Sync 1 DAGs
[2026-06-24T03:59:35.666+0000] {logging_mixin.py:188} INFO - [2026-06-24T03:59:35.666+0000] {dag.py:3820} INFO - Setting next_dagrun for xray_weekly_training to 2026-06-14T02:00:00+00:00, run_after=2026-06-21T02:00:00+00:00
[2026-06-24T03:59:35.706+0000] {processor.py:183} INFO - Processing /opt/airflow/dags/weekly_training_dag.py took 0.456 seconds
[2026-06-24T04:00:06.025+0000] {processor.py:161} INFO - Started process (PID=194) to work on /opt/airflow/dags/weekly_training_dag.py
[2026-06-24T04:00:06.026+0000] {processor.py:830} INFO - Processing file /opt/airflow/dags/weekly_training_dag.py for tasks to queue
[2026-06-24T04:00:06.027+0000] {logging_mixin.py:188} INFO - [2026-06-24T04:00:06.027+0000] {dagbag.py:538} INFO - Filling up the DagBag from /opt/airflow/dags/weekly_training_dag.py
[2026-06-24T04:00:06.050+0000] {processor.py:840} INFO - DAG(s) 'xray_weekly_training' retrieved from /opt/airflow/dags/weekly_training_dag.py
[2026-06-24T04:00:06.085+0000] {logging_mixin.py:188} INFO - [2026-06-24T04:00:06.085+0000] {dag.py:3033} INFO - Sync 1 DAGs
[2026-06-24T04:00:06.110+0000] {logging_mixin.py:188} INFO - [2026-06-24T04:00:06.110+0000] {dag.py:3820} INFO - Setting next_dagrun for xray_weekly_training to 2026-06-14T02:00:00+00:00, run_after=2026-06-21T02:00:00+00:00
[2026-06-24T04:00:06.128+0000] {processor.py:183} INFO - Processing /opt/airflow/dags/weekly_training_dag.py took 0.105 seconds
[2026-06-24T04:00:36.438+0000] {processor.py:161} INFO - Started process (PID=203) to work on /opt/airflow/dags/weekly_training_dag.py
[2026-06-24T04:00:36.441+0000] {processor.py:830} INFO - Processing file /opt/airflow/dags/weekly_training_dag.py for tasks to queue
[2026-06-24T04:00:36.444+0000] {logging_mixin.py:188} INFO - [2026-06-24T04:00:36.444+0000] {dagbag.py:538} INFO - Filling up the DagBag from /opt/airflow/dags/weekly_training_dag.py
[2026-06-24T04:00:36.479+0000] {processor.py:840} INFO - DAG(s) 'xray_weekly_training' retrieved from /opt/airflow/dags/weekly_training_dag.py
[2026-06-24T04:00:36.599+0000] {logging_mixin.py:188} INFO - [2026-06-24T04:00:36.599+0000] {dag.py:3033} INFO - Sync 1 DAGs
[2026-06-24T04:00:36.623+0000] {logging_mixin.py:188} INFO - [2026-06-24T04:00:36.622+0000] {dag.py:3820} INFO - Setting next_dagrun for xray_weekly_training to 2026-06-14T02:00:00+00:00, run_after=2026-06-21T02:00:00+00:00
[2026-06-24T04:00:36.650+0000] {processor.py:183} INFO - Processing /opt/airflow/dags/weekly_training_dag.py took 0.218 seconds
[2026-06-24T04:01:06.945+0000] {processor.py:161} INFO - Started process (PID=214) to work on /opt/airflow/dags/weekly_training_dag.py
[2026-06-24T04:01:06.955+0000] {processor.py:830} INFO - Processing file /opt/airflow/dags/weekly_training_dag.py for tasks to queue
[2026-06-24T04:01:06.960+0000] {logging_mixin.py:188} INFO - [2026-06-24T04:01:06.958+0000] {dagbag.py:538} INFO - Filling up the DagBag from /opt/airflow/dags/weekly_training_dag.py
[2026-06-24T04:01:07.037+0000] {processor.py:840} INFO - DAG(s) 'xray_weekly_training' retrieved from /opt/airflow/dags/weekly_training_dag.py
[2026-06-24T04:01:07.137+0000] {logging_mixin.py:188} INFO - [2026-06-24T04:01:07.137+0000] {dag.py:3033} INFO - Sync 1 DAGs
[2026-06-24T04:01:07.160+0000] {logging_mixin.py:188} INFO - [2026-06-24T04:01:07.160+0000] {dag.py:3820} INFO - Setting next_dagrun for xray_weekly_training to 2026-06-14T02:00:00+00:00, run_after=2026-06-21T02:00:00+00:00
[2026-06-24T04:01:07.182+0000] {processor.py:183} INFO - Processing /opt/airflow/dags/weekly_training_dag.py took 0.253 seconds
[2026-06-24T04:01:37.975+0000] {processor.py:161} INFO - Started process (PID=224) to work on /opt/airflow/dags/weekly_training_dag.py
[2026-06-24T04:01:37.976+0000] {processor.py:830} INFO - Processing file /opt/airflow/dags/weekly_training_dag.py for tasks to queue
[2026-06-24T04:01:37.978+0000] {logging_mixin.py:188} INFO - [2026-06-24T04:01:37.977+0000] {dagbag.py:538} INFO - Filling up the DagBag from /opt/airflow/dags/weekly_training_dag.py
[2026-06-24T04:01:38.014+0000] {processor.py:840} INFO - DAG(s) 'xray_weekly_training' retrieved from /opt/airflow/dags/weekly_training_dag.py
[2026-06-24T04:01:38.074+0000] {logging_mixin.py:188} INFO - [2026-06-24T04:01:38.074+0000] {dag.py:3033} INFO - Sync 1 DAGs
[2026-06-24T04:01:38.102+0000] {logging_mixin.py:188} INFO - [2026-06-24T04:01:38.101+0000] {dag.py:3820} INFO - Setting next_dagrun for xray_weekly_training to 2026-06-14T02:00:00+00:00, run_after=2026-06-21T02:00:00+00:00
[2026-06-24T04:01:38.132+0000] {processor.py:183} INFO - Processing /opt/airflow/dags/weekly_training_dag.py took 0.169 seconds
[2026-06-24T04:02:08.890+0000] {processor.py:161} INFO - Started process (PID=233) to work on /opt/airflow/dags/weekly_training_dag.py
[2026-06-24T04:02:08.893+0000] {processor.py:830} INFO - Processing file /opt/airflow/dags/weekly_training_dag.py for tasks to queue
[2026-06-24T04:02:08.895+0000] {logging_mixin.py:188} INFO - [2026-06-24T04:02:08.895+0000] {dagbag.py:538} INFO - Filling up the DagBag from /opt/airflow/dags/weekly_training_dag.py
[2026-06-24T04:02:09.013+0000] {processor.py:840} INFO - DAG(s) 'xray_weekly_training' retrieved from /opt/airflow/dags/weekly_training_dag.py
[2026-06-24T04:02:09.189+0000] {logging_mixin.py:188} INFO - [2026-06-24T04:02:09.189+0000] {dag.py:3033} INFO - Sync 1 DAGs
[2026-06-24T04:02:09.261+0000] {logging_mixin.py:188} INFO - [2026-06-24T04:02:09.260+0000] {dag.py:3820} INFO - Setting next_dagrun for xray_weekly_training to 2026-06-14T02:00:00+00:00, run_after=2026-06-21T02:00:00+00:00
[2026-06-24T04:02:09.299+0000] {processor.py:183} INFO - Processing /opt/airflow/dags/weekly_training_dag.py took 0.415 seconds
[2026-06-24T04:03:09.839+0000] {processor.py:161} INFO - Started process (PID=184) to work on /opt/airflow/dags/weekly_training_dag.py
[2026-06-24T04:03:09.842+0000] {processor.py:830} INFO - Processing file /opt/airflow/dags/weekly_training_dag.py for tasks to queue
[2026-06-24T04:03:09.843+0000] {logging_mixin.py:188} INFO - [2026-06-24T04:03:09.843+0000] {dagbag.py:538} INFO - Filling up the DagBag from /opt/airflow/dags/weekly_training_dag.py
[2026-06-24T04:03:09.895+0000] {processor.py:840} INFO - DAG(s) 'xray_weekly_training' retrieved from /opt/airflow/dags/weekly_training_dag.py
[2026-06-24T04:03:10.307+0000] {logging_mixin.py:188} INFO - [2026-06-24T04:03:10.307+0000] {dag.py:3033} INFO - Sync 1 DAGs
[2026-06-24T04:03:10.343+0000] {logging_mixin.py:188} INFO - [2026-06-24T04:03:10.342+0000] {dag.py:3820} INFO - Setting next_dagrun for xray_weekly_training to 2026-06-14T02:00:00+00:00, run_after=2026-06-21T02:00:00+00:00
[2026-06-24T04:03:10.385+0000] {processor.py:183} INFO - Processing /opt/airflow/dags/weekly_training_dag.py took 0.556 seconds
[2026-06-24T04:03:40.868+0000] {processor.py:161} INFO - Started process (PID=194) to work on /opt/airflow/dags/weekly_training_dag.py
[2026-06-24T04:03:40.870+0000] {processor.py:830} INFO - Processing file /opt/airflow/dags/weekly_training_dag.py for tasks to queue
[2026-06-24T04:03:40.875+0000] {logging_mixin.py:188} INFO - [2026-06-24T04:03:40.874+0000] {dagbag.py:538} INFO - Filling up the DagBag from /opt/airflow/dags/weekly_training_dag.py
[2026-06-24T04:03:40.916+0000] {processor.py:840} INFO - DAG(s) 'xray_weekly_training' retrieved from /opt/airflow/dags/weekly_training_dag.py
[2026-06-24T04:03:40.964+0000] {logging_mixin.py:188} INFO - [2026-06-24T04:03:40.964+0000] {dag.py:3033} INFO - Sync 1 DAGs
[2026-06-24T04:03:40.993+0000] {logging_mixin.py:188} INFO - [2026-06-24T04:03:40.993+0000] {dag.py:3820} INFO - Setting next_dagrun for xray_weekly_training to 2026-06-14T02:00:00+00:00, run_after=2026-06-21T02:00:00+00:00
[2026-06-24T04:03:41.019+0000] {processor.py:183} INFO - Processing /opt/airflow/dags/weekly_training_dag.py took 0.154 seconds
[2026-06-24T04:04:11.335+0000] {processor.py:161} INFO - Started process (PID=204) to work on /opt/airflow/dags/weekly_training_dag.py
[2026-06-24T04:04:11.336+0000] {processor.py:830} INFO - Processing file /opt/airflow/dags/weekly_training_dag.py for tasks to queue
[2026-06-24T04:04:11.337+0000] {logging_mixin.py:188} INFO - [2026-06-24T04:04:11.336+0000] {dagbag.py:538} INFO - Filling up the DagBag from /opt/airflow/dags/weekly_training_dag.py
[2026-06-24T04:04:11.368+0000] {processor.py:840} INFO - DAG(s) 'xray_weekly_training' retrieved from /opt/airflow/dags/weekly_training_dag.py
[2026-06-24T04:04:11.461+0000] {logging_mixin.py:188} INFO - [2026-06-24T04:04:11.461+0000] {dag.py:3033} INFO - Sync 1 DAGs
[2026-06-24T04:04:11.500+0000] {logging_mixin.py:188} INFO - [2026-06-24T04:04:11.499+0000] {dag.py:3820} INFO - Setting next_dagrun for xray_weekly_training to 2026-06-14T02:00:00+00:00, run_after=2026-06-21T02:00:00+00:00
[2026-06-24T04:04:11.526+0000] {processor.py:183} INFO - Processing /opt/airflow/dags/weekly_training_dag.py took 0.193 seconds
[2026-06-24T04:04:41.677+0000] {processor.py:161} INFO - Started process (PID=214) to work on /opt/airflow/dags/weekly_training_dag.py
[2026-06-24T04:04:41.678+0000] {processor.py:830} INFO - Processing file /opt/airflow/dags/weekly_training_dag.py for tasks to queue
[2026-06-24T04:04:41.680+0000] {logging_mixin.py:188} INFO - [2026-06-24T04:04:41.680+0000] {dagbag.py:538} INFO - Filling up the DagBag from /opt/airflow/dags/weekly_training_dag.py
[2026-06-24T04:04:41.728+0000] {processor.py:840} INFO - DAG(s) 'xray_weekly_training' retrieved from /opt/airflow/dags/weekly_training_dag.py
[2026-06-24T04:04:41.822+0000] {logging_mixin.py:188} INFO - [2026-06-24T04:04:41.822+0000] {dag.py:3033} INFO - Sync 1 DAGs
[2026-06-24T04:04:41.860+0000] {logging_mixin.py:188} INFO - [2026-06-24T04:04:41.860+0000] {dag.py:3820} INFO - Setting next_dagrun for xray_weekly_training to 2026-06-14T02:00:00+00:00, run_after=2026-06-21T02:00:00+00:00
[2026-06-24T04:04:41.886+0000] {processor.py:183} INFO - Processing /opt/airflow/dags/weekly_training_dag.py took 0.220 seconds
[2026-06-24T04:05:12.050+0000] {processor.py:161} INFO - Started process (PID=223) to work on /opt/airflow/dags/weekly_training_dag.py
[2026-06-24T04:05:12.053+0000] {processor.py:830} INFO - Processing file /opt/airflow/dags/weekly_training_dag.py for tasks to queue
[2026-06-24T04:05:12.056+0000] {logging_mixin.py:188} INFO - [2026-06-24T04:05:12.055+0000] {dagbag.py:538} INFO - Filling up the DagBag from /opt/airflow/dags/weekly_training_dag.py
[2026-06-24T04:05:12.133+0000] {processor.py:840} INFO - DAG(s) 'xray_weekly_training' retrieved from /opt/airflow/dags/weekly_training_dag.py
[2026-06-24T04:05:12.244+0000] {logging_mixin.py:188} INFO - [2026-06-24T04:05:12.243+0000] {dag.py:3033} INFO - Sync 1 DAGs
[2026-06-24T04:05:12.293+0000] {logging_mixin.py:188} INFO - [2026-06-24T04:05:12.293+0000] {dag.py:3820} INFO - Setting next_dagrun for xray_weekly_training to 2026-06-14T02:00:00+00:00, run_after=2026-06-21T02:00:00+00:00
[2026-06-24T04:05:12.337+0000] {processor.py:183} INFO - Processing /opt/airflow/dags/weekly_training_dag.py took 0.301 seconds
[2026-06-24T04:05:42.526+0000] {processor.py:161} INFO - Started process (PID=233) to work on /opt/airflow/dags/weekly_training_dag.py
[2026-06-24T04:05:42.528+0000] {processor.py:830} INFO - Processing file /opt/airflow/dags/weekly_training_dag.py for tasks to queue
[2026-06-24T04:05:42.530+0000] {logging_mixin.py:188} INFO - [2026-06-24T04:05:42.529+0000] {dagbag.py:538} INFO - Filling up the DagBag from /opt/airflow/dags/weekly_training_dag.py
[2026-06-24T04:05:42.591+0000] {processor.py:840} INFO - DAG(s) 'xray_weekly_training' retrieved from /opt/airflow/dags/weekly_training_dag.py
[2026-06-24T04:05:42.691+0000] {logging_mixin.py:188} INFO - [2026-06-24T04:05:42.690+0000] {dag.py:3033} INFO - Sync 1 DAGs
[2026-06-24T04:05:42.807+0000] {logging_mixin.py:188} INFO - [2026-06-24T04:05:42.807+0000] {dag.py:3820} INFO - Setting next_dagrun for xray_weekly_training to 2026-06-14T02:00:00+00:00, run_after=2026-06-21T02:00:00+00:00
[2026-06-24T04:05:42.871+0000] {processor.py:183} INFO - Processing /opt/airflow/dags/weekly_training_dag.py took 0.364 seconds
[2026-06-24T04:06:13.386+0000] {processor.py:161} INFO - Started process (PID=243) to work on /opt/airflow/dags/weekly_training_dag.py
[2026-06-24T04:06:13.388+0000] {processor.py:830} INFO - Processing file /opt/airflow/dags/weekly_training_dag.py for tasks to queue
[2026-06-24T04:06:13.389+0000] {logging_mixin.py:188} INFO - [2026-06-24T04:06:13.388+0000] {dagbag.py:538} INFO - Filling up the DagBag from /opt/airflow/dags/weekly_training_dag.py
[2026-06-24T04:06:13.419+0000] {processor.py:840} INFO - DAG(s) 'xray_weekly_training' retrieved from /opt/airflow/dags/weekly_training_dag.py
[2026-06-24T04:06:13.459+0000] {logging_mixin.py:188} INFO - [2026-06-24T04:06:13.459+0000] {dag.py:3033} INFO - Sync 1 DAGs
[2026-06-24T04:06:13.486+0000] {logging_mixin.py:188} INFO - [2026-06-24T04:06:13.485+0000] {dag.py:3820} INFO - Setting next_dagrun for xray_weekly_training to 2026-06-14T02:00:00+00:00, run_after=2026-06-21T02:00:00+00:00
[2026-06-24T04:06:13.505+0000] {processor.py:183} INFO - Processing /opt/airflow/dags/weekly_training_dag.py took 0.128 seconds
[2026-06-24T04:06:43.884+0000] {processor.py:161} INFO - Started process (PID=254) to work on /opt/airflow/dags/weekly_training_dag.py
[2026-06-24T04:06:43.886+0000] {processor.py:830} INFO - Processing file /opt/airflow/dags/weekly_training_dag.py for tasks to queue
[2026-06-24T04:06:43.887+0000] {logging_mixin.py:188} INFO - [2026-06-24T04:06:43.887+0000] {dagbag.py:538} INFO - Filling up the DagBag from /opt/airflow/dags/weekly_training_dag.py
[2026-06-24T04:06:43.921+0000] {processor.py:840} INFO - DAG(s) 'xray_weekly_training' retrieved from /opt/airflow/dags/weekly_training_dag.py
[2026-06-24T04:06:43.990+0000] {logging_mixin.py:188} INFO - [2026-06-24T04:06:43.990+0000] {dag.py:3033} INFO - Sync 1 DAGs
[2026-06-24T04:06:44.049+0000] {logging_mixin.py:188} INFO - [2026-06-24T04:06:44.049+0000] {dag.py:3820} INFO - Setting next_dagrun for xray_weekly_training to 2026-06-14T02:00:00+00:00, run_after=2026-06-21T02:00:00+00:00
[2026-06-24T04:06:44.096+0000] {processor.py:183} INFO - Processing /opt/airflow/dags/weekly_training_dag.py took 0.222 seconds
[2026-06-24T04:07:14.257+0000] {processor.py:161} INFO - Started process (PID=263) to work on /opt/airflow/dags/weekly_training_dag.py
[2026-06-24T04:07:14.259+0000] {processor.py:830} INFO - Processing file /opt/airflow/dags/weekly_training_dag.py for tasks to queue
[2026-06-24T04:07:14.261+0000] {logging_mixin.py:188} INFO - [2026-06-24T04:07:14.261+0000] {dagbag.py:538} INFO - Filling up the DagBag from /opt/airflow/dags/weekly_training_dag.py
[2026-06-24T04:07:14.286+0000] {processor.py:840} INFO - DAG(s) 'xray_weekly_training' retrieved from /opt/airflow/dags/weekly_training_dag.py
[2026-06-24T04:07:14.327+0000] {logging_mixin.py:188} INFO - [2026-06-24T04:07:14.327+0000] {dag.py:3033} INFO - Sync 1 DAGs
[2026-06-24T04:07:14.355+0000] {logging_mixin.py:188} INFO - [2026-06-24T04:07:14.355+0000] {dag.py:3820} INFO - Setting next_dagrun for xray_weekly_training to 2026-06-14T02:00:00+00:00, run_after=2026-06-21T02:00:00+00:00
[2026-06-24T04:07:14.373+0000] {processor.py:183} INFO - Processing /opt/airflow/dags/weekly_training_dag.py took 0.126 seconds
[2026-06-24T04:07:44.614+0000] {processor.py:161} INFO - Started process (PID=274) to work on /opt/airflow/dags/weekly_training_dag.py
[2026-06-24T04:07:44.615+0000] {processor.py:830} INFO - Processing file /opt/airflow/dags/weekly_training_dag.py for tasks to queue
[2026-06-24T04:07:44.616+0000] {logging_mixin.py:188} INFO - [2026-06-24T04:07:44.615+0000] {dagbag.py:538} INFO - Filling up the DagBag from /opt/airflow/dags/weekly_training_dag.py
[2026-06-24T04:07:44.644+0000] {processor.py:840} INFO - DAG(s) 'xray_weekly_training' retrieved from /opt/airflow/dags/weekly_training_dag.py
[2026-06-24T04:07:44.735+0000] {logging_mixin.py:188} INFO - [2026-06-24T04:07:44.735+0000] {dag.py:3033} INFO - Sync 1 DAGs
[2026-06-24T04:07:44.774+0000] {logging_mixin.py:188} INFO - [2026-06-24T04:07:44.773+0000] {dag.py:3820} INFO - Setting next_dagrun for xray_weekly_training to 2026-06-14T02:00:00+00:00, run_after=2026-06-21T02:00:00+00:00
[2026-06-24T04:07:44.842+0000] {processor.py:183} INFO - Processing /opt/airflow/dags/weekly_training_dag.py took 0.232 seconds
[2026-06-24T04:08:15.439+0000] {processor.py:161} INFO - Started process (PID=284) to work on /opt/airflow/dags/weekly_training_dag.py
[2026-06-24T04:08:15.441+0000] {processor.py:830} INFO - Processing file /opt/airflow/dags/weekly_training_dag.py for tasks to queue
[2026-06-24T04:08:15.443+0000] {logging_mixin.py:188} INFO - [2026-06-24T04:08:15.442+0000] {dagbag.py:538} INFO - Filling up the DagBag from /opt/airflow/dags/weekly_training_dag.py
[2026-06-24T04:08:15.478+0000] {processor.py:840} INFO - DAG(s) 'xray_weekly_training' retrieved from /opt/airflow/dags/weekly_training_dag.py
[2026-06-24T04:08:15.532+0000] {logging_mixin.py:188} INFO - [2026-06-24T04:08:15.531+0000] {dag.py:3033} INFO - Sync 1 DAGs
[2026-06-24T04:08:15.558+0000] {logging_mixin.py:188} INFO - [2026-06-24T04:08:15.557+0000] {dag.py:3820} INFO - Setting next_dagrun for xray_weekly_training to 2026-06-14T02:00:00+00:00, run_after=2026-06-21T02:00:00+00:00
[2026-06-24T04:08:15.587+0000] {processor.py:183} INFO - Processing /opt/airflow/dags/weekly_training_dag.py took 0.153 seconds
[2026-06-24T04:08:45.834+0000] {processor.py:161} INFO - Started process (PID=294) to work on /opt/airflow/dags/weekly_training_dag.py
[2026-06-24T04:08:45.834+0000] {processor.py:830} INFO - Processing file /opt/airflow/dags/weekly_training_dag.py for tasks to queue
[2026-06-24T04:08:45.835+0000] {logging_mixin.py:188} INFO - [2026-06-24T04:08:45.835+0000] {dagbag.py:538} INFO - Filling up the DagBag from /opt/airflow/dags/weekly_training_dag.py
[2026-06-24T04:08:45.854+0000] {processor.py:840} INFO - DAG(s) 'xray_weekly_training' retrieved from /opt/airflow/dags/weekly_training_dag.py
[2026-06-24T04:08:45.888+0000] {logging_mixin.py:188} INFO - [2026-06-24T04:08:45.887+0000] {dag.py:3033} INFO - Sync 1 DAGs
[2026-06-24T04:08:45.917+0000] {logging_mixin.py:188} INFO - [2026-06-24T04:08:45.917+0000] {dag.py:3820} INFO - Setting next_dagrun for xray_weekly_training to 2026-06-14T02:00:00+00:00, run_after=2026-06-21T02:00:00+00:00
[2026-06-24T04:08:45.937+0000] {processor.py:183} INFO - Processing /opt/airflow/dags/weekly_training_dag.py took 0.109 seconds
[2026-06-24T04:09:16.034+0000] {processor.py:161} INFO - Started process (PID=303) to work on /opt/airflow/dags/weekly_training_dag.py
[2026-06-24T04:09:16.035+0000] {processor.py:830} INFO - Processing file /opt/airflow/dags/weekly_training_dag.py for tasks to queue
[2026-06-24T04:09:16.036+0000] {logging_mixin.py:188} INFO - [2026-06-24T04:09:16.035+0000] {dagbag.py:538} INFO - Filling up the DagBag from /opt/airflow/dags/weekly_training_dag.py
[2026-06-24T04:09:16.069+0000] {processor.py:840} INFO - DAG(s) 'xray_weekly_training' retrieved from /opt/airflow/dags/weekly_training_dag.py
[2026-06-24T04:09:16.125+0000] {logging_mixin.py:188} INFO - [2026-06-24T04:09:16.124+0000] {dag.py:3033} INFO - Sync 1 DAGs
[2026-06-24T04:09:16.148+0000] {logging_mixin.py:188} INFO - [2026-06-24T04:09:16.147+0000] {dag.py:3820} INFO - Setting next_dagrun for xray_weekly_training to 2026-06-14T02:00:00+00:00, run_after=2026-06-21T02:00:00+00:00
[2026-06-24T04:09:16.169+0000] {processor.py:183} INFO - Processing /opt/airflow/dags/weekly_training_dag.py took 0.140 seconds
[2026-06-24T04:09:46.339+0000] {processor.py:161} INFO - Started process (PID=314) to work on /opt/airflow/dags/weekly_training_dag.py
[2026-06-24T04:09:46.342+0000] {processor.py:830} INFO - Processing file /opt/airflow/dags/weekly_training_dag.py for tasks to queue
[2026-06-24T04:09:46.344+0000] {logging_mixin.py:188} INFO - [2026-06-24T04:09:46.344+0000] {dagbag.py:538} INFO - Filling up the DagBag from /opt/airflow/dags/weekly_training_dag.py
[2026-06-24T04:09:46.381+0000] {processor.py:840} INFO - DAG(s) 'xray_weekly_training' retrieved from /opt/airflow/dags/weekly_training_dag.py
[2026-06-24T04:09:46.434+0000] {logging_mixin.py:188} INFO - [2026-06-24T04:09:46.433+0000] {dag.py:3033} INFO - Sync 1 DAGs
[2026-06-24T04:09:46.462+0000] {logging_mixin.py:188} INFO - [2026-06-24T04:09:46.462+0000] {dag.py:3820} INFO - Setting next_dagrun for xray_weekly_training to 2026-06-14T02:00:00+00:00, run_after=2026-06-21T02:00:00+00:00
[2026-06-24T04:09:46.487+0000] {processor.py:183} INFO - Processing /opt/airflow/dags/weekly_training_dag.py took 0.158 seconds
[2026-06-24T04:10:17.178+0000] {processor.py:161} INFO - Started process (PID=324) to work on /opt/airflow/dags/weekly_training_dag.py
[2026-06-24T04:10:17.181+0000] {processor.py:830} INFO - Processing file /opt/airflow/dags/weekly_training_dag.py for tasks to queue
[2026-06-24T04:10:17.182+0000] {logging_mixin.py:188} INFO - [2026-06-24T04:10:17.181+0000] {dagbag.py:538} INFO - Filling up the DagBag from /opt/airflow/dags/weekly_training_dag.py
[2026-06-24T04:10:17.262+0000] {processor.py:840} INFO - DAG(s) 'xray_weekly_training' retrieved from /opt/airflow/dags/weekly_training_dag.py
[2026-06-24T04:10:17.353+0000] {logging_mixin.py:188} INFO - [2026-06-24T04:10:17.353+0000] {dag.py:3033} INFO - Sync 1 DAGs
[2026-06-24T04:10:17.395+0000] {logging_mixin.py:188} INFO - [2026-06-24T04:10:17.395+0000] {dag.py:3820} INFO - Setting next_dagrun for xray_weekly_training to 2026-06-14T02:00:00+00:00, run_after=2026-06-21T02:00:00+00:00
[2026-06-24T04:10:17.425+0000] {processor.py:183} INFO - Processing /opt/airflow/dags/weekly_training_dag.py took 0.265 seconds
[2026-06-24T04:10:48.029+0000] {processor.py:161} INFO - Started process (PID=334) to work on /opt/airflow/dags/weekly_training_dag.py
[2026-06-24T04:10:48.030+0000] {processor.py:830} INFO - Processing file /opt/airflow/dags/weekly_training_dag.py for tasks to queue
[2026-06-24T04:10:48.032+0000] {logging_mixin.py:188} INFO - [2026-06-24T04:10:48.031+0000] {dagbag.py:538} INFO - Filling up the DagBag from /opt/airflow/dags/weekly_training_dag.py
[2026-06-24T04:10:48.067+0000] {processor.py:840} INFO - DAG(s) 'xray_weekly_training' retrieved from /opt/airflow/dags/weekly_training_dag.py
[2026-06-24T04:10:48.131+0000] {logging_mixin.py:188} INFO - [2026-06-24T04:10:48.131+0000] {dag.py:3033} INFO - Sync 1 DAGs
[2026-06-24T04:10:48.170+0000] {logging_mixin.py:188} INFO - [2026-06-24T04:10:48.169+0000] {dag.py:3820} INFO - Setting next_dagrun for xray_weekly_training to 2026-06-14T02:00:00+00:00, run_after=2026-06-21T02:00:00+00:00
[2026-06-24T04:10:49.828+0000] {processor.py:183} INFO - Processing /opt/airflow/dags/weekly_training_dag.py took 1.808 seconds
[2026-06-24T04:11:20.138+0000] {processor.py:161} INFO - Started process (PID=344) to work on /opt/airflow/dags/weekly_training_dag.py
[2026-06-24T04:11:20.141+0000] {processor.py:830} INFO - Processing file /opt/airflow/dags/weekly_training_dag.py for tasks to queue
[2026-06-24T04:11:20.142+0000] {logging_mixin.py:188} INFO - [2026-06-24T04:11:20.142+0000] {dagbag.py:538} INFO - Filling up the DagBag from /opt/airflow/dags/weekly_training_dag.py
[2026-06-24T04:11:20.168+0000] {processor.py:840} INFO - DAG(s) 'xray_weekly_training' retrieved from /opt/airflow/dags/weekly_training_dag.py
[2026-06-24T04:11:20.212+0000] {logging_mixin.py:188} INFO - [2026-06-24T04:11:20.212+0000] {dag.py:3033} INFO - Sync 1 DAGs
[2026-06-24T04:11:20.243+0000] {logging_mixin.py:188} INFO - [2026-06-24T04:11:20.243+0000] {dag.py:3820} INFO - Setting next_dagrun for xray_weekly_training to 2026-06-14T02:00:00+00:00, run_after=2026-06-21T02:00:00+00:00
[2026-06-24T04:11:20.271+0000] {processor.py:183} INFO - Processing /opt/airflow/dags/weekly_training_dag.py took 0.138 seconds
[2026-06-24T04:11:50.689+0000] {processor.py:161} INFO - Started process (PID=354) to work on /opt/airflow/dags/weekly_training_dag.py
[2026-06-24T04:11:50.690+0000] {processor.py:830} INFO - Processing file /opt/airflow/dags/weekly_training_dag.py for tasks to queue
[2026-06-24T04:11:50.693+0000] {logging_mixin.py:188} INFO - [2026-06-24T04:11:50.692+0000] {dagbag.py:538} INFO - Filling up the DagBag from /opt/airflow/dags/weekly_training_dag.py
[2026-06-24T04:11:50.732+0000] {processor.py:840} INFO - DAG(s) 'xray_weekly_training' retrieved from /opt/airflow/dags/weekly_training_dag.py
[2026-06-24T04:11:50.803+0000] {logging_mixin.py:188} INFO - [2026-06-24T04:11:50.803+0000] {dag.py:3033} INFO - Sync 1 DAGs
[2026-06-24T04:11:50.832+0000] {logging_mixin.py:188} INFO - [2026-06-24T04:11:50.832+0000] {dag.py:3820} INFO - Setting next_dagrun for xray_weekly_training to 2026-06-14T02:00:00+00:00, run_after=2026-06-21T02:00:00+00:00
[2026-06-24T04:11:50.857+0000] {processor.py:183} INFO - Processing /opt/airflow/dags/weekly_training_dag.py took 0.172 seconds
[2026-06-24T04:12:21.296+0000] {processor.py:161} INFO - Started process (PID=364) to work on /opt/airflow/dags/weekly_training_dag.py
[2026-06-24T04:12:21.300+0000] {processor.py:830} INFO - Processing file /opt/airflow/dags/weekly_training_dag.py for tasks to queue
[2026-06-24T04:12:21.305+0000] {logging_mixin.py:188} INFO - [2026-06-24T04:12:21.303+0000] {dagbag.py:538} INFO - Filling up the DagBag from /opt/airflow/dags/weekly_training_dag.py
[2026-06-24T04:12:21.412+0000] {processor.py:840} INFO - DAG(s) 'xray_weekly_training' retrieved from /opt/airflow/dags/weekly_training_dag.py
[2026-06-24T04:12:21.988+0000] {logging_mixin.py:188} INFO - [2026-06-24T04:12:21.987+0000] {dag.py:3033} INFO - Sync 1 DAGs
[2026-06-24T04:12:22.069+0000] {logging_mixin.py:188} INFO - [2026-06-24T04:12:22.069+0000] {dag.py:3820} INFO - Setting next_dagrun for xray_weekly_training to 2026-06-14T02:00:00+00:00, run_after=2026-06-21T02:00:00+00:00
[2026-06-24T04:12:22.134+0000] {processor.py:183} INFO - Processing /opt/airflow/dags/weekly_training_dag.py took 0.849 seconds
[2026-06-24T04:12:52.994+0000] {processor.py:161} INFO - Started process (PID=373) to work on /opt/airflow/dags/weekly_training_dag.py
[2026-06-24T04:12:52.996+0000] {processor.py:830} INFO - Processing file /opt/airflow/dags/weekly_training_dag.py for tasks to queue
[2026-06-24T04:12:52.999+0000] {logging_mixin.py:188} INFO - [2026-06-24T04:12:52.998+0000] {dagbag.py:538} INFO - Filling up the DagBag from /opt/airflow/dags/weekly_training_dag.py
[2026-06-24T04:12:53.272+0000] {processor.py:840} INFO - DAG(s) 'xray_weekly_training' retrieved from /opt/airflow/dags/weekly_training_dag.py
[2026-06-24T04:12:53.451+0000] {logging_mixin.py:188} INFO - [2026-06-24T04:12:53.451+0000] {dag.py:3033} INFO - Sync 1 DAGs
[2026-06-24T04:12:53.607+0000] {logging_mixin.py:188} INFO - [2026-06-24T04:12:53.606+0000] {dag.py:3820} INFO - Setting next_dagrun for xray_weekly_training to 2026-06-14T02:00:00+00:00, run_after=2026-06-21T02:00:00+00:00
[2026-06-24T04:12:53.694+0000] {processor.py:183} INFO - Processing /opt/airflow/dags/weekly_training_dag.py took 0.710 seconds
[2026-06-24T04:13:24.623+0000] {processor.py:161} INFO - Started process (PID=384) to work on /opt/airflow/dags/weekly_training_dag.py
[2026-06-24T04:13:24.624+0000] {processor.py:830} INFO - Processing file /opt/airflow/dags/weekly_training_dag.py for tasks to queue
[2026-06-24T04:13:24.626+0000] {logging_mixin.py:188} INFO - [2026-06-24T04:13:24.626+0000] {dagbag.py:538} INFO - Filling up the DagBag from /opt/airflow/dags/weekly_training_dag.py
[2026-06-24T04:13:24.657+0000] {processor.py:840} INFO - DAG(s) 'xray_weekly_training' retrieved from /opt/airflow/dags/weekly_training_dag.py
[2026-06-24T04:13:24.751+0000] {logging_mixin.py:188} INFO - [2026-06-24T04:13:24.750+0000] {dag.py:3033} INFO - Sync 1 DAGs
[2026-06-24T04:13:24.839+0000] {logging_mixin.py:188} INFO - [2026-06-24T04:13:24.839+0000] {dag.py:3820} INFO - Setting next_dagrun for xray_weekly_training to 2026-06-14T02:00:00+00:00, run_after=2026-06-21T02:00:00+00:00
[2026-06-24T04:13:24.957+0000] {processor.py:183} INFO - Processing /opt/airflow/dags/weekly_training_dag.py took 0.343 seconds
[2026-06-24T04:13:55.195+0000] {processor.py:161} INFO - Started process (PID=392) to work on /opt/airflow/dags/weekly_training_dag.py
[2026-06-24T04:13:55.198+0000] {processor.py:830} INFO - Processing file /opt/airflow/dags/weekly_training_dag.py for tasks to queue
[2026-06-24T04:13:55.201+0000] {logging_mixin.py:188} INFO - [2026-06-24T04:13:55.199+0000] {dagbag.py:538} INFO - Filling up the DagBag from /opt/airflow/dags/weekly_training_dag.py
[2026-06-24T04:13:55.308+0000] {processor.py:840} INFO - DAG(s) 'xray_weekly_training' retrieved from /opt/airflow/dags/weekly_training_dag.py
[2026-06-24T04:13:55.576+0000] {logging_mixin.py:188} INFO - [2026-06-24T04:13:55.576+0000] {dag.py:3033} INFO - Sync 1 DAGs
[2026-06-24T04:13:55.707+0000] {logging_mixin.py:188} INFO - [2026-06-24T04:13:55.706+0000] {dag.py:3820} INFO - Setting next_dagrun for xray_weekly_training to 2026-06-14T02:00:00+00:00, run_after=2026-06-21T02:00:00+00:00
[2026-06-24T04:13:55.834+0000] {processor.py:183} INFO - Processing /opt/airflow/dags/weekly_training_dag.py took 0.662 seconds
[2026-06-24T04:14:26.517+0000] {processor.py:161} INFO - Started process (PID=404) to work on /opt/airflow/dags/weekly_training_dag.py
[2026-06-24T04:14:26.523+0000] {processor.py:830} INFO - Processing file /opt/airflow/dags/weekly_training_dag.py for tasks to queue
[2026-06-24T04:14:26.531+0000] {logging_mixin.py:188} INFO - [2026-06-24T04:14:26.528+0000] {dagbag.py:538} INFO - Filling up the DagBag from /opt/airflow/dags/weekly_training_dag.py
[2026-06-24T04:14:26.578+0000] {processor.py:840} INFO - DAG(s) 'xray_weekly_training' retrieved from /opt/airflow/dags/weekly_training_dag.py
[2026-06-24T04:14:26.732+0000] {logging_mixin.py:188} INFO - [2026-06-24T04:14:26.732+0000] {dag.py:3033} INFO - Sync 1 DAGs
[2026-06-24T04:14:26.799+0000] {logging_mixin.py:188} INFO - [2026-06-24T04:14:26.796+0000] {dag.py:3820} INFO - Setting next_dagrun for xray_weekly_training to 2026-06-14T02:00:00+00:00, run_after=2026-06-21T02:00:00+00:00
[2026-06-24T04:14:26.848+0000] {processor.py:183} INFO - Processing /opt/airflow/dags/weekly_training_dag.py took 0.335 seconds
[2026-06-24T04:14:57.428+0000] {processor.py:161} INFO - Started process (PID=414) to work on /opt/airflow/dags/weekly_training_dag.py
[2026-06-24T04:14:57.432+0000] {processor.py:830} INFO - Processing file /opt/airflow/dags/weekly_training_dag.py for tasks to queue
[2026-06-24T04:14:57.437+0000] {logging_mixin.py:188} INFO - [2026-06-24T04:14:57.436+0000] {dagbag.py:538} INFO - Filling up the DagBag from /opt/airflow/dags/weekly_training_dag.py
[2026-06-24T04:14:57.502+0000] {processor.py:840} INFO - DAG(s) 'xray_weekly_training' retrieved from /opt/airflow/dags/weekly_training_dag.py
[2026-06-24T04:14:57.595+0000] {logging_mixin.py:188} INFO - [2026-06-24T04:14:57.594+0000] {dag.py:3033} INFO - Sync 1 DAGs
[2026-06-24T04:14:57.636+0000] {logging_mixin.py:188} INFO - [2026-06-24T04:14:57.636+0000] {dag.py:3820} INFO - Setting next_dagrun for xray_weekly_training to 2026-06-14T02:00:00+00:00, run_after=2026-06-21T02:00:00+00:00
[2026-06-24T04:14:58.046+0000] {processor.py:183} INFO - Processing /opt/airflow/dags/weekly_training_dag.py took 0.625 seconds
[2026-06-24T04:15:28.444+0000] {processor.py:161} INFO - Started process (PID=424) to work on /opt/airflow/dags/weekly_training_dag.py
[2026-06-24T04:15:28.449+0000] {processor.py:830} INFO - Processing file /opt/airflow/dags/weekly_training_dag.py for tasks to queue
[2026-06-24T04:15:28.496+0000] {logging_mixin.py:188} INFO - [2026-06-24T04:15:28.496+0000] {dagbag.py:538} INFO - Filling up the DagBag from /opt/airflow/dags/weekly_training_dag.py
[2026-06-24T04:15:28.691+0000] {processor.py:840} INFO - DAG(s) 'xray_weekly_training' retrieved from /opt/airflow/dags/weekly_training_dag.py
[2026-06-24T04:15:29.133+0000] {logging_mixin.py:188} INFO - [2026-06-24T04:15:29.133+0000] {dag.py:3033} INFO - Sync 1 DAGs
[2026-06-24T04:15:29.782+0000] {logging_mixin.py:188} INFO - [2026-06-24T04:15:29.780+0000] {dag.py:3820} INFO - Setting next_dagrun for xray_weekly_training to 2026-06-14T02:00:00+00:00, run_after=2026-06-21T02:00:00+00:00
[2026-06-24T04:15:29.941+0000] {processor.py:183} INFO - Processing /opt/airflow/dags/weekly_training_dag.py took 1.658 seconds
[2026-06-24T04:16:01.126+0000] {processor.py:161} INFO - Started process (PID=434) to work on /opt/airflow/dags/weekly_training_dag.py
[2026-06-24T04:16:01.128+0000] {processor.py:830} INFO - Processing file /opt/airflow/dags/weekly_training_dag.py for tasks to queue
[2026-06-24T04:16:01.133+0000] {logging_mixin.py:188} INFO - [2026-06-24T04:16:01.132+0000] {dagbag.py:538} INFO - Filling up the DagBag from /opt/airflow/dags/weekly_training_dag.py
[2026-06-24T04:16:01.195+0000] {processor.py:840} INFO - DAG(s) 'xray_weekly_training' retrieved from /opt/airflow/dags/weekly_training_dag.py
[2026-06-24T04:16:01.325+0000] {logging_mixin.py:188} INFO - [2026-06-24T04:16:01.324+0000] {dag.py:3033} INFO - Sync 1 DAGs
[2026-06-24T04:16:01.427+0000] {logging_mixin.py:188} INFO - [2026-06-24T04:16:01.426+0000] {dag.py:3820} INFO - Setting next_dagrun for xray_weekly_training to 2026-06-14T02:00:00+00:00, run_after=2026-06-21T02:00:00+00:00
[2026-06-24T04:16:01.495+0000] {processor.py:183} INFO - Processing /opt/airflow/dags/weekly_training_dag.py took 0.379 seconds
[2026-06-24T04:16:32.658+0000] {processor.py:161} INFO - Started process (PID=444) to work on /opt/airflow/dags/weekly_training_dag.py
[2026-06-24T04:16:32.667+0000] {processor.py:830} INFO - Processing file /opt/airflow/dags/weekly_training_dag.py for tasks to queue
[2026-06-24T04:16:32.669+0000] {logging_mixin.py:188} INFO - [2026-06-24T04:16:32.669+0000] {dagbag.py:538} INFO - Filling up the DagBag from /opt/airflow/dags/weekly_training_dag.py
[2026-06-24T04:16:32.742+0000] {processor.py:840} INFO - DAG(s) 'xray_weekly_training' retrieved from /opt/airflow/dags/weekly_training_dag.py
[2026-06-24T04:16:32.861+0000] {logging_mixin.py:188} INFO - [2026-06-24T04:16:32.861+0000] {dag.py:3033} INFO - Sync 1 DAGs
[2026-06-24T04:16:32.943+0000] {logging_mixin.py:188} INFO - [2026-06-24T04:16:32.942+0000] {dag.py:3820} INFO - Setting next_dagrun for xray_weekly_training to 2026-06-14T02:00:00+00:00, run_after=2026-06-21T02:00:00+00:00
[2026-06-24T04:16:33.003+0000] {processor.py:183} INFO - Processing /opt/airflow/dags/weekly_training_dag.py took 0.374 seconds
[2026-06-24T04:17:03.926+0000] {processor.py:161} INFO - Started process (PID=453) to work on /opt/airflow/dags/weekly_training_dag.py
[2026-06-24T04:17:03.953+0000] {processor.py:830} INFO - Processing file /opt/airflow/dags/weekly_training_dag.py for tasks to queue
[2026-06-24T04:17:03.958+0000] {logging_mixin.py:188} INFO - [2026-06-24T04:17:03.957+0000] {dagbag.py:538} INFO - Filling up the DagBag from /opt/airflow/dags/weekly_training_dag.py
[2026-06-24T04:17:04.019+0000] {processor.py:840} INFO - DAG(s) 'xray_weekly_training' retrieved from /opt/airflow/dags/weekly_training_dag.py
[2026-06-24T04:17:04.421+0000] {logging_mixin.py:188} INFO - [2026-06-24T04:17:04.421+0000] {dag.py:3033} INFO - Sync 1 DAGs
[2026-06-24T04:17:04.507+0000] {logging_mixin.py:188} INFO - [2026-06-24T04:17:04.507+0000] {dag.py:3820} INFO - Setting next_dagrun for xray_weekly_training to 2026-06-14T02:00:00+00:00, run_after=2026-06-21T02:00:00+00:00
[2026-06-24T04:17:04.606+0000] {processor.py:183} INFO - Processing /opt/airflow/dags/weekly_training_dag.py took 0.744 seconds
[2026-06-24T04:17:35.408+0000] {processor.py:161} INFO - Started process (PID=464) to work on /opt/airflow/dags/weekly_training_dag.py
[2026-06-24T04:17:35.411+0000] {processor.py:830} INFO - Processing file /opt/airflow/dags/weekly_training_dag.py for tasks to queue
[2026-06-24T04:17:35.413+0000] {logging_mixin.py:188} INFO - [2026-06-24T04:17:35.413+0000] {dagbag.py:538} INFO - Filling up the DagBag from /opt/airflow/dags/weekly_training_dag.py
[2026-06-24T04:17:35.474+0000] {processor.py:840} INFO - DAG(s) 'xray_weekly_training' retrieved from /opt/airflow/dags/weekly_training_dag.py
[2026-06-24T04:17:35.650+0000] {logging_mixin.py:188} INFO - [2026-06-24T04:17:35.650+0000] {dag.py:3033} INFO - Sync 1 DAGs
[2026-06-24T04:17:35.744+0000] {logging_mixin.py:188} INFO - [2026-06-24T04:17:35.744+0000] {dag.py:3820} INFO - Setting next_dagrun for xray_weekly_training to 2026-06-14T02:00:00+00:00, run_after=2026-06-21T02:00:00+00:00
[2026-06-24T04:17:35.794+0000] {processor.py:183} INFO - Processing /opt/airflow/dags/weekly_training_dag.py took 0.396 seconds
[2026-06-24T04:18:06.341+0000] {processor.py:161} INFO - Started process (PID=474) to work on /opt/airflow/dags/weekly_training_dag.py
[2026-06-24T04:18:06.343+0000] {processor.py:830} INFO - Processing file /opt/airflow/dags/weekly_training_dag.py for tasks to queue
[2026-06-24T04:18:06.344+0000] {logging_mixin.py:188} INFO - [2026-06-24T04:18:06.344+0000] {dagbag.py:538} INFO - Filling up the DagBag from /opt/airflow/dags/weekly_training_dag.py
[2026-06-24T04:18:06.394+0000] {processor.py:840} INFO - DAG(s) 'xray_weekly_training' retrieved from /opt/airflow/dags/weekly_training_dag.py
[2026-06-24T04:18:06.458+0000] {logging_mixin.py:188} INFO - [2026-06-24T04:18:06.458+0000] {dag.py:3033} INFO - Sync 1 DAGs
[2026-06-24T04:18:06.503+0000] {logging_mixin.py:188} INFO - [2026-06-24T04:18:06.503+0000] {dag.py:3820} INFO - Setting next_dagrun for xray_weekly_training to 2026-06-14T02:00:00+00:00, run_after=2026-06-21T02:00:00+00:00
[2026-06-24T04:18:06.538+0000] {processor.py:183} INFO - Processing /opt/airflow/dags/weekly_training_dag.py took 0.203 seconds
[2026-06-24T04:18:36.666+0000] {processor.py:161} INFO - Started process (PID=484) to work on /opt/airflow/dags/weekly_training_dag.py
[2026-06-24T04:18:36.668+0000] {processor.py:830} INFO - Processing file /opt/airflow/dags/weekly_training_dag.py for tasks to queue
[2026-06-24T04:18:36.670+0000] {logging_mixin.py:188} INFO - [2026-06-24T04:18:36.670+0000] {dagbag.py:538} INFO - Filling up the DagBag from /opt/airflow/dags/weekly_training_dag.py
[2026-06-24T04:18:36.693+0000] {processor.py:840} INFO - DAG(s) 'xray_weekly_training' retrieved from /opt/airflow/dags/weekly_training_dag.py
[2026-06-24T04:18:36.731+0000] {logging_mixin.py:188} INFO - [2026-06-24T04:18:36.730+0000] {dag.py:3033} INFO - Sync 1 DAGs
[2026-06-24T04:18:36.760+0000] {logging_mixin.py:188} INFO - [2026-06-24T04:18:36.759+0000] {dag.py:3820} INFO - Setting next_dagrun for xray_weekly_training to 2026-06-14T02:00:00+00:00, run_after=2026-06-21T02:00:00+00:00
[2026-06-24T04:18:36.775+0000] {processor.py:183} INFO - Processing /opt/airflow/dags/weekly_training_dag.py took 0.113 seconds
[2026-06-24T04:19:07.362+0000] {processor.py:161} INFO - Started process (PID=494) to work on /opt/airflow/dags/weekly_training_dag.py
[2026-06-24T04:19:07.365+0000] {processor.py:830} INFO - Processing file /opt/airflow/dags/weekly_training_dag.py for tasks to queue
[2026-06-24T04:19:07.366+0000] {logging_mixin.py:188} INFO - [2026-06-24T04:19:07.366+0000] {dagbag.py:538} INFO - Filling up the DagBag from /opt/airflow/dags/weekly_training_dag.py
[2026-06-24T04:19:07.409+0000] {processor.py:840} INFO - DAG(s) 'xray_weekly_training' retrieved from /opt/airflow/dags/weekly_training_dag.py
[2026-06-24T04:19:07.491+0000] {logging_mixin.py:188} INFO - [2026-06-24T04:19:07.491+0000] {dag.py:3033} INFO - Sync 1 DAGs
[2026-06-24T04:19:07.535+0000] {logging_mixin.py:188} INFO - [2026-06-24T04:19:07.535+0000] {dag.py:3820} INFO - Setting next_dagrun for xray_weekly_training to 2026-06-14T02:00:00+00:00, run_after=2026-06-21T02:00:00+00:00
[2026-06-24T04:19:07.563+0000] {processor.py:183} INFO - Processing /opt/airflow/dags/weekly_training_dag.py took 0.212 seconds
[2026-06-24T04:19:37.867+0000] {processor.py:161} INFO - Started process (PID=503) to work on /opt/airflow/dags/weekly_training_dag.py
[2026-06-24T04:19:37.868+0000] {processor.py:830} INFO - Processing file /opt/airflow/dags/weekly_training_dag.py for tasks to queue
[2026-06-24T04:19:37.874+0000] {logging_mixin.py:188} INFO - [2026-06-24T04:19:37.870+0000] {dagbag.py:538} INFO - Filling up the DagBag from /opt/airflow/dags/weekly_training_dag.py
[2026-06-24T04:19:37.901+0000] {processor.py:840} INFO - DAG(s) 'xray_weekly_training' retrieved from /opt/airflow/dags/weekly_training_dag.py
[2026-06-24T04:19:37.955+0000] {logging_mixin.py:188} INFO - [2026-06-24T04:19:37.955+0000] {dag.py:3033} INFO - Sync 1 DAGs
[2026-06-24T04:19:37.985+0000] {logging_mixin.py:188} INFO - [2026-06-24T04:19:37.985+0000] {dag.py:3820} INFO - Setting next_dagrun for xray_weekly_training to 2026-06-14T02:00:00+00:00, run_after=2026-06-21T02:00:00+00:00
[2026-06-24T04:19:38.003+0000] {processor.py:183} INFO - Processing /opt/airflow/dags/weekly_training_dag.py took 0.143 seconds
[2026-06-24T04:20:08.198+0000] {processor.py:161} INFO - Started process (PID=514) to work on /opt/airflow/dags/weekly_training_dag.py
[2026-06-24T04:20:08.199+0000] {processor.py:830} INFO - Processing file /opt/airflow/dags/weekly_training_dag.py for tasks to queue
[2026-06-24T04:20:08.200+0000] {logging_mixin.py:188} INFO - [2026-06-24T04:20:08.200+0000] {dagbag.py:538} INFO - Filling up the DagBag from /opt/airflow/dags/weekly_training_dag.py
[2026-06-24T04:20:08.233+0000] {processor.py:840} INFO - DAG(s) 'xray_weekly_training' retrieved from /opt/airflow/dags/weekly_training_dag.py
[2026-06-24T04:20:08.294+0000] {logging_mixin.py:188} INFO - [2026-06-24T04:20:08.294+0000] {dag.py:3033} INFO - Sync 1 DAGs
[2026-06-24T04:20:08.325+0000] {logging_mixin.py:188} INFO - [2026-06-24T04:20:08.325+0000] {dag.py:3820} INFO - Setting next_dagrun for xray_weekly_training to 2026-06-14T02:00:00+00:00, run_after=2026-06-21T02:00:00+00:00
[2026-06-24T04:20:08.355+0000] {processor.py:183} INFO - Processing /opt/airflow/dags/weekly_training_dag.py took 0.161 seconds
[2026-06-24T04:20:38.833+0000] {processor.py:161} INFO - Started process (PID=524) to work on /opt/airflow/dags/weekly_training_dag.py
[2026-06-24T04:20:38.836+0000] {processor.py:830} INFO - Processing file /opt/airflow/dags/weekly_training_dag.py for tasks to queue
[2026-06-24T04:20:38.839+0000] {logging_mixin.py:188} INFO - [2026-06-24T04:20:38.838+0000] {dagbag.py:538} INFO - Filling up the DagBag from /opt/airflow/dags/weekly_training_dag.py
[2026-06-24T04:20:38.890+0000] {processor.py:840} INFO - DAG(s) 'xray_weekly_training' retrieved from /opt/airflow/dags/weekly_training_dag.py
[2026-06-24T04:20:38.960+0000] {logging_mixin.py:188} INFO - [2026-06-24T04:20:38.960+0000] {dag.py:3033} INFO - Sync 1 DAGs
[2026-06-24T04:20:39.008+0000] {logging_mixin.py:188} INFO - [2026-06-24T04:20:39.007+0000] {dag.py:3820} INFO - Setting next_dagrun for xray_weekly_training to 2026-06-14T02:00:00+00:00, run_after=2026-06-21T02:00:00+00:00
[2026-06-24T04:20:39.030+0000] {processor.py:183} INFO - Processing /opt/airflow/dags/weekly_training_dag.py took 0.203 seconds
[2026-06-24T04:21:09.621+0000] {processor.py:161} INFO - Started process (PID=534) to work on /opt/airflow/dags/weekly_training_dag.py
[2026-06-24T04:21:09.622+0000] {processor.py:830} INFO - Processing file /opt/airflow/dags/weekly_training_dag.py for tasks to queue
[2026-06-24T04:21:09.624+0000] {logging_mixin.py:188} INFO - [2026-06-24T04:21:09.623+0000] {dagbag.py:538} INFO - Filling up the DagBag from /opt/airflow/dags/weekly_training_dag.py
[2026-06-24T04:21:09.658+0000] {processor.py:840} INFO - DAG(s) 'xray_weekly_training' retrieved from /opt/airflow/dags/weekly_training_dag.py
[2026-06-24T04:21:09.746+0000] {logging_mixin.py:188} INFO - [2026-06-24T04:21:09.746+0000] {dag.py:3033} INFO - Sync 1 DAGs
[2026-06-24T04:21:09.795+0000] {logging_mixin.py:188} INFO - [2026-06-24T04:21:09.794+0000] {dag.py:3820} INFO - Setting next_dagrun for xray_weekly_training to 2026-06-14T02:00:00+00:00, run_after=2026-06-21T02:00:00+00:00
[2026-06-24T04:21:09.849+0000] {processor.py:183} INFO - Processing /opt/airflow/dags/weekly_training_dag.py took 0.227 seconds
[2026-06-24T04:21:40.384+0000] {processor.py:161} INFO - Started process (PID=544) to work on /opt/airflow/dags/weekly_training_dag.py
[2026-06-24T04:21:40.387+0000] {processor.py:830} INFO - Processing file /opt/airflow/dags/weekly_training_dag.py for tasks to queue
[2026-06-24T04:21:40.392+0000] {logging_mixin.py:188} INFO - [2026-06-24T04:21:40.391+0000] {dagbag.py:538} INFO - Filling up the DagBag from /opt/airflow/dags/weekly_training_dag.py
[2026-06-24T04:21:40.439+0000] {processor.py:840} INFO - DAG(s) 'xray_weekly_training' retrieved from /opt/airflow/dags/weekly_training_dag.py
[2026-06-24T04:21:40.531+0000] {logging_mixin.py:188} INFO - [2026-06-24T04:21:40.530+0000] {dag.py:3033} INFO - Sync 1 DAGs
[2026-06-24T04:21:40.580+0000] {logging_mixin.py:188} INFO - [2026-06-24T04:21:40.578+0000] {dag.py:3820} INFO - Setting next_dagrun for xray_weekly_training to 2026-06-14T02:00:00+00:00, run_after=2026-06-21T02:00:00+00:00
[2026-06-24T04:21:40.616+0000] {processor.py:183} INFO - Processing /opt/airflow/dags/weekly_training_dag.py took 0.239 seconds
[2026-06-24T04:22:10.786+0000] {processor.py:161} INFO - Started process (PID=556) to work on /opt/airflow/dags/weekly_training_dag.py
[2026-06-24T04:22:10.787+0000] {processor.py:830} INFO - Processing file /opt/airflow/dags/weekly_training_dag.py for tasks to queue
[2026-06-24T04:22:10.787+0000] {logging_mixin.py:188} INFO - [2026-06-24T04:22:10.787+0000] {dagbag.py:538} INFO - Filling up the DagBag from /opt/airflow/dags/weekly_training_dag.py
[2026-06-24T04:22:10.795+0000] {processor.py:840} INFO - DAG(s) 'xray_weekly_training' retrieved from /opt/airflow/dags/weekly_training_dag.py
[2026-06-24T04:22:10.812+0000] {logging_mixin.py:188} INFO - [2026-06-24T04:22:10.811+0000] {dag.py:3033} INFO - Sync 1 DAGs
[2026-06-24T04:22:10.824+0000] {logging_mixin.py:188} INFO - [2026-06-24T04:22:10.824+0000] {dag.py:3820} INFO - Setting next_dagrun for xray_weekly_training to 2026-06-14T02:00:00+00:00, run_after=2026-06-21T02:00:00+00:00
[2026-06-24T04:22:10.833+0000] {processor.py:183} INFO - Processing /opt/airflow/dags/weekly_training_dag.py took 0.048 seconds
[2026-06-24T04:22:41.108+0000] {processor.py:161} INFO - Started process (PID=564) to work on /opt/airflow/dags/weekly_training_dag.py
[2026-06-24T04:22:41.109+0000] {processor.py:830} INFO - Processing file /opt/airflow/dags/weekly_training_dag.py for tasks to queue
[2026-06-24T04:22:41.112+0000] {logging_mixin.py:188} INFO - [2026-06-24T04:22:41.112+0000] {dagbag.py:538} INFO - Filling up the DagBag from /opt/airflow/dags/weekly_training_dag.py
[2026-06-24T04:22:41.154+0000] {processor.py:840} INFO - DAG(s) 'xray_weekly_training' retrieved from /opt/airflow/dags/weekly_training_dag.py
[2026-06-24T04:22:41.213+0000] {logging_mixin.py:188} INFO - [2026-06-24T04:22:41.212+0000] {dag.py:3033} INFO - Sync 1 DAGs
[2026-06-24T04:22:41.243+0000] {logging_mixin.py:188} INFO - [2026-06-24T04:22:41.243+0000] {dag.py:3820} INFO - Setting next_dagrun for xray_weekly_training to 2026-06-14T02:00:00+00:00, run_after=2026-06-21T02:00:00+00:00
[2026-06-24T04:22:41.277+0000] {processor.py:183} INFO - Processing /opt/airflow/dags/weekly_training_dag.py took 0.176 seconds
[2026-06-24T04:23:11.475+0000] {processor.py:161} INFO - Started process (PID=574) to work on /opt/airflow/dags/weekly_training_dag.py
[2026-06-24T04:23:11.479+0000] {processor.py:830} INFO - Processing file /opt/airflow/dags/weekly_training_dag.py for tasks to queue
[2026-06-24T04:23:11.481+0000] {logging_mixin.py:188} INFO - [2026-06-24T04:23:11.480+0000] {dagbag.py:538} INFO - Filling up the DagBag from /opt/airflow/dags/weekly_training_dag.py
[2026-06-24T04:23:11.516+0000] {processor.py:840} INFO - DAG(s) 'xray_weekly_training' retrieved from /opt/airflow/dags/weekly_training_dag.py
[2026-06-24T04:23:11.560+0000] {logging_mixin.py:188} INFO - [2026-06-24T04:23:11.559+0000] {dag.py:3033} INFO - Sync 1 DAGs
[2026-06-24T04:23:11.587+0000] {logging_mixin.py:188} INFO - [2026-06-24T04:23:11.587+0000] {dag.py:3820} INFO - Setting next_dagrun for xray_weekly_training to 2026-06-14T02:00:00+00:00, run_after=2026-06-21T02:00:00+00:00
[2026-06-24T04:23:11.648+0000] {processor.py:183} INFO - Processing /opt/airflow/dags/weekly_training_dag.py took 0.184 seconds
[2026-06-24T04:23:41.811+0000] {processor.py:161} INFO - Started process (PID=583) to work on /opt/airflow/dags/weekly_training_dag.py
[2026-06-24T04:23:41.816+0000] {processor.py:830} INFO - Processing file /opt/airflow/dags/weekly_training_dag.py for tasks to queue
[2026-06-24T04:23:41.820+0000] {logging_mixin.py:188} INFO - [2026-06-24T04:23:41.820+0000] {dagbag.py:538} INFO - Filling up the DagBag from /opt/airflow/dags/weekly_training_dag.py
[2026-06-24T04:23:41.852+0000] {processor.py:840} INFO - DAG(s) 'xray_weekly_training' retrieved from /opt/airflow/dags/weekly_training_dag.py
[2026-06-24T04:23:41.901+0000] {logging_mixin.py:188} INFO - [2026-06-24T04:23:41.900+0000] {dag.py:3033} INFO - Sync 1 DAGs
[2026-06-24T04:23:41.930+0000] {logging_mixin.py:188} INFO - [2026-06-24T04:23:41.929+0000] {dag.py:3820} INFO - Setting next_dagrun for xray_weekly_training to 2026-06-14T02:00:00+00:00, run_after=2026-06-21T02:00:00+00:00
[2026-06-24T04:23:41.954+0000] {processor.py:183} INFO - Processing /opt/airflow/dags/weekly_training_dag.py took 0.153 seconds
[2026-06-24T04:24:12.331+0000] {processor.py:161} INFO - Started process (PID=594) to work on /opt/airflow/dags/weekly_training_dag.py
[2026-06-24T04:24:12.332+0000] {processor.py:830} INFO - Processing file /opt/airflow/dags/weekly_training_dag.py for tasks to queue
[2026-06-24T04:24:12.335+0000] {logging_mixin.py:188} INFO - [2026-06-24T04:24:12.335+0000] {dagbag.py:538} INFO - Filling up the DagBag from /opt/airflow/dags/weekly_training_dag.py
[2026-06-24T04:24:12.367+0000] {processor.py:840} INFO - DAG(s) 'xray_weekly_training' retrieved from /opt/airflow/dags/weekly_training_dag.py
[2026-06-24T04:24:12.422+0000] {logging_mixin.py:188} INFO - [2026-06-24T04:24:12.422+0000] {dag.py:3033} INFO - Sync 1 DAGs
[2026-06-24T04:24:12.452+0000] {logging_mixin.py:188} INFO - [2026-06-24T04:24:12.452+0000] {dag.py:3820} INFO - Setting next_dagrun for xray_weekly_training to 2026-06-14T02:00:00+00:00, run_after=2026-06-21T02:00:00+00:00
[2026-06-24T04:24:12.471+0000] {processor.py:183} INFO - Processing /opt/airflow/dags/weekly_training_dag.py took 0.146 seconds
[2026-06-24T04:24:42.768+0000] {processor.py:161} INFO - Started process (PID=604) to work on /opt/airflow/dags/weekly_training_dag.py
[2026-06-24T04:24:42.769+0000] {processor.py:830} INFO - Processing file /opt/airflow/dags/weekly_training_dag.py for tasks to queue
[2026-06-24T04:24:42.771+0000] {logging_mixin.py:188} INFO - [2026-06-24T04:24:42.771+0000] {dagbag.py:538} INFO - Filling up the DagBag from /opt/airflow/dags/weekly_training_dag.py
[2026-06-24T04:24:42.801+0000] {processor.py:840} INFO - DAG(s) 'xray_weekly_training' retrieved from /opt/airflow/dags/weekly_training_dag.py
[2026-06-24T04:24:42.844+0000] {logging_mixin.py:188} INFO - [2026-06-24T04:24:42.844+0000] {dag.py:3033} INFO - Sync 1 DAGs
[2026-06-24T04:24:42.869+0000] {logging_mixin.py:188} INFO - [2026-06-24T04:24:42.869+0000] {dag.py:3820} INFO - Setting next_dagrun for xray_weekly_training to 2026-06-14T02:00:00+00:00, run_after=2026-06-21T02:00:00+00:00
[2026-06-24T04:24:42.887+0000] {processor.py:183} INFO - Processing /opt/airflow/dags/weekly_training_dag.py took 0.123 seconds
[2026-06-24T04:25:13.289+0000] {processor.py:161} INFO - Started process (PID=614) to work on /opt/airflow/dags/weekly_training_dag.py
[2026-06-24T04:25:13.290+0000] {processor.py:830} INFO - Processing file /opt/airflow/dags/weekly_training_dag.py for tasks to queue
[2026-06-24T04:25:13.291+0000] {logging_mixin.py:188} INFO - [2026-06-24T04:25:13.291+0000] {dagbag.py:538} INFO - Filling up the DagBag from /opt/airflow/dags/weekly_training_dag.py
[2026-06-24T04:25:13.317+0000] {processor.py:840} INFO - DAG(s) 'xray_weekly_training' retrieved from /opt/airflow/dags/weekly_training_dag.py
[2026-06-24T04:25:13.361+0000] {logging_mixin.py:188} INFO - [2026-06-24T04:25:13.361+0000] {dag.py:3033} INFO - Sync 1 DAGs
[2026-06-24T04:25:13.391+0000] {logging_mixin.py:188} INFO - [2026-06-24T04:25:13.390+0000] {dag.py:3820} INFO - Setting next_dagrun for xray_weekly_training to 2026-06-14T02:00:00+00:00, run_after=2026-06-21T02:00:00+00:00
[2026-06-24T04:25:13.410+0000] {processor.py:183} INFO - Processing /opt/airflow/dags/weekly_training_dag.py took 0.124 seconds
[2026-06-24T04:25:43.722+0000] {processor.py:161} INFO - Started process (PID=624) to work on /opt/airflow/dags/weekly_training_dag.py
[2026-06-24T04:25:43.725+0000] {processor.py:830} INFO - Processing file /opt/airflow/dags/weekly_training_dag.py for tasks to queue
[2026-06-24T04:25:43.727+0000] {logging_mixin.py:188} INFO - [2026-06-24T04:25:43.726+0000] {dagbag.py:538} INFO - Filling up the DagBag from /opt/airflow/dags/weekly_training_dag.py
[2026-06-24T04:25:43.784+0000] {processor.py:840} INFO - DAG(s) 'xray_weekly_training' retrieved from /opt/airflow/dags/weekly_training_dag.py
[2026-06-24T04:25:43.913+0000] {logging_mixin.py:188} INFO - [2026-06-24T04:25:43.913+0000] {dag.py:3033} INFO - Sync 1 DAGs
[2026-06-24T04:25:43.964+0000] {logging_mixin.py:188} INFO - [2026-06-24T04:25:43.963+0000] {dag.py:3820} INFO - Setting next_dagrun for xray_weekly_training to 2026-06-14T02:00:00+00:00, run_after=2026-06-21T02:00:00+00:00
[2026-06-24T04:25:44.001+0000] {processor.py:183} INFO - Processing /opt/airflow/dags/weekly_training_dag.py took 0.298 seconds
[2026-06-24T04:26:14.276+0000] {processor.py:161} INFO - Started process (PID=634) to work on /opt/airflow/dags/weekly_training_dag.py
[2026-06-24T04:26:14.277+0000] {processor.py:830} INFO - Processing file /opt/airflow/dags/weekly_training_dag.py for tasks to queue
[2026-06-24T04:26:14.280+0000] {logging_mixin.py:188} INFO - [2026-06-24T04:26:14.280+0000] {dagbag.py:538} INFO - Filling up the DagBag from /opt/airflow/dags/weekly_training_dag.py
[2026-06-24T04:26:14.322+0000] {processor.py:840} INFO - DAG(s) 'xray_weekly_training' retrieved from /opt/airflow/dags/weekly_training_dag.py
[2026-06-24T04:26:14.385+0000] {logging_mixin.py:188} INFO - [2026-06-24T04:26:14.385+0000] {dag.py:3033} INFO - Sync 1 DAGs
[2026-06-24T04:26:14.423+0000] {logging_mixin.py:188} INFO - [2026-06-24T04:26:14.423+0000] {dag.py:3820} INFO - Setting next_dagrun for xray_weekly_training to 2026-06-14T02:00:00+00:00, run_after=2026-06-21T02:00:00+00:00
[2026-06-24T04:26:14.452+0000] {processor.py:183} INFO - Processing /opt/airflow/dags/weekly_training_dag.py took 0.184 seconds
[2026-06-24T04:26:44.537+0000] {processor.py:161} INFO - Started process (PID=643) to work on /opt/airflow/dags/weekly_training_dag.py
[2026-06-24T04:26:44.538+0000] {processor.py:830} INFO - Processing file /opt/airflow/dags/weekly_training_dag.py for tasks to queue
[2026-06-24T04:26:44.539+0000] {logging_mixin.py:188} INFO - [2026-06-24T04:26:44.539+0000] {dagbag.py:538} INFO - Filling up the DagBag from /opt/airflow/dags/weekly_training_dag.py
[2026-06-24T04:26:44.567+0000] {processor.py:840} INFO - DAG(s) 'xray_weekly_training' retrieved from /opt/airflow/dags/weekly_training_dag.py
[2026-06-24T04:26:44.617+0000] {logging_mixin.py:188} INFO - [2026-06-24T04:26:44.617+0000] {dag.py:3033} INFO - Sync 1 DAGs
[2026-06-24T04:26:44.647+0000] {logging_mixin.py:188} INFO - [2026-06-24T04:26:44.647+0000] {dag.py:3820} INFO - Setting next_dagrun for xray_weekly_training to 2026-06-14T02:00:00+00:00, run_after=2026-06-21T02:00:00+00:00
[2026-06-24T04:26:44.669+0000] {processor.py:183} INFO - Processing /opt/airflow/dags/weekly_training_dag.py took 0.138 seconds
[2026-06-24T04:27:15.004+0000] {processor.py:161} INFO - Started process (PID=654) to work on /opt/airflow/dags/weekly_training_dag.py
[2026-06-24T04:27:15.007+0000] {processor.py:830} INFO - Processing file /opt/airflow/dags/weekly_training_dag.py for tasks to queue
[2026-06-24T04:27:15.009+0000] {logging_mixin.py:188} INFO - [2026-06-24T04:27:15.008+0000] {dagbag.py:538} INFO - Filling up the DagBag from /opt/airflow/dags/weekly_training_dag.py
[2026-06-24T04:27:15.069+0000] {processor.py:840} INFO - DAG(s) 'xray_weekly_training' retrieved from /opt/airflow/dags/weekly_training_dag.py
[2026-06-24T04:27:15.187+0000] {logging_mixin.py:188} INFO - [2026-06-24T04:27:15.187+0000] {dag.py:3033} INFO - Sync 1 DAGs
[2026-06-24T08:48:36.165+0000] {logging_mixin.py:188} INFO - [2026-06-24T08:48:36.102+0000] {dag.py:3820} INFO - Setting next_dagrun for xray_weekly_training to 2026-06-14T02:00:00+00:00, run_after=2026-06-21T02:00:00+00:00
[2026-06-24T08:49:06.954+0000] {processor.py:161} INFO - Started process (PID=662) to work on /opt/airflow/dags/weekly_training_dag.py
[2026-06-24T08:49:06.957+0000] {processor.py:830} INFO - Processing file /opt/airflow/dags/weekly_training_dag.py for tasks to queue
[2026-06-24T08:49:06.961+0000] {logging_mixin.py:188} INFO - [2026-06-24T08:49:06.960+0000] {dagbag.py:538} INFO - Filling up the DagBag from /opt/airflow/dags/weekly_training_dag.py
[2026-06-24T08:49:07.018+0000] {processor.py:840} INFO - DAG(s) 'xray_weekly_training' retrieved from /opt/airflow/dags/weekly_training_dag.py
[2026-06-24T08:49:07.074+0000] {logging_mixin.py:188} INFO - [2026-06-24T08:49:07.074+0000] {dag.py:3033} INFO - Sync 1 DAGs
[2026-06-24T08:49:07.102+0000] {logging_mixin.py:188} INFO - [2026-06-24T08:49:07.102+0000] {dag.py:3820} INFO - Setting next_dagrun for xray_weekly_training to 2026-06-14T02:00:00+00:00, run_after=2026-06-21T02:00:00+00:00
[2026-06-24T08:49:07.127+0000] {processor.py:183} INFO - Processing /opt/airflow/dags/weekly_training_dag.py took 0.184 seconds
[2026-06-24T08:49:38.601+0000] {processor.py:161} INFO - Started process (PID=670) to work on /opt/airflow/dags/weekly_training_dag.py
[2026-06-24T08:49:38.613+0000] {processor.py:830} INFO - Processing file /opt/airflow/dags/weekly_training_dag.py for tasks to queue
[2026-06-24T08:49:38.624+0000] {logging_mixin.py:188} INFO - [2026-06-24T08:49:38.617+0000] {dagbag.py:538} INFO - Filling up the DagBag from /opt/airflow/dags/weekly_training_dag.py
[2026-06-24T08:49:39.219+0000] {processor.py:840} INFO - DAG(s) 'xray_weekly_training' retrieved from /opt/airflow/dags/weekly_training_dag.py
[2026-06-24T08:49:39.739+0000] {logging_mixin.py:188} INFO - [2026-06-24T08:49:39.739+0000] {dag.py:3033} INFO - Sync 1 DAGs
[2026-06-24T08:49:39.939+0000] {logging_mixin.py:188} INFO - [2026-06-24T08:49:39.939+0000] {dag.py:3820} INFO - Setting next_dagrun for xray_weekly_training to 2026-06-14T02:00:00+00:00, run_after=2026-06-21T02:00:00+00:00
[2026-06-24T08:49:40.060+0000] {processor.py:183} INFO - Processing /opt/airflow/dags/weekly_training_dag.py took 1.700 seconds
[2026-06-24T08:50:10.527+0000] {processor.py:161} INFO - Started process (PID=681) to work on /opt/airflow/dags/weekly_training_dag.py
[2026-06-24T08:50:10.528+0000] {processor.py:830} INFO - Processing file /opt/airflow/dags/weekly_training_dag.py for tasks to queue
[2026-06-24T08:50:10.536+0000] {logging_mixin.py:188} INFO - [2026-06-24T08:50:10.530+0000] {dagbag.py:538} INFO - Filling up the DagBag from /opt/airflow/dags/weekly_training_dag.py
[2026-06-24T08:50:10.592+0000] {processor.py:840} INFO - DAG(s) 'xray_weekly_training' retrieved from /opt/airflow/dags/weekly_training_dag.py
[2026-06-24T08:50:10.689+0000] {logging_mixin.py:188} INFO - [2026-06-24T08:50:10.689+0000] {dag.py:3033} INFO - Sync 1 DAGs
[2026-06-24T08:50:10.759+0000] {logging_mixin.py:188} INFO - [2026-06-24T08:50:10.759+0000] {dag.py:3820} INFO - Setting next_dagrun for xray_weekly_training to 2026-06-14T02:00:00+00:00, run_after=2026-06-21T02:00:00+00:00
[2026-06-24T08:50:10.789+0000] {processor.py:183} INFO - Processing /opt/airflow/dags/weekly_training_dag.py took 0.280 seconds
[2026-06-24T08:50:41.074+0000] {processor.py:161} INFO - Started process (PID=691) to work on /opt/airflow/dags/weekly_training_dag.py
[2026-06-24T08:50:41.078+0000] {processor.py:830} INFO - Processing file /opt/airflow/dags/weekly_training_dag.py for tasks to queue
[2026-06-24T08:50:41.080+0000] {logging_mixin.py:188} INFO - [2026-06-24T08:50:41.079+0000] {dagbag.py:538} INFO - Filling up the DagBag from /opt/airflow/dags/weekly_training_dag.py
[2026-06-24T08:50:41.145+0000] {processor.py:840} INFO - DAG(s) 'xray_weekly_training' retrieved from /opt/airflow/dags/weekly_training_dag.py
[2026-06-24T08:50:41.215+0000] {logging_mixin.py:188} INFO - [2026-06-24T08:50:41.214+0000] {dag.py:3033} INFO - Sync 1 DAGs
[2026-06-24T08:50:41.286+0000] {logging_mixin.py:188} INFO - [2026-06-24T08:50:41.286+0000] {dag.py:3820} INFO - Setting next_dagrun for xray_weekly_training to 2026-06-14T02:00:00+00:00, run_after=2026-06-21T02:00:00+00:00
[2026-06-24T08:50:41.347+0000] {processor.py:183} INFO - Processing /opt/airflow/dags/weekly_training_dag.py took 0.285 seconds
[2026-06-24T08:51:12.374+0000] {processor.py:161} INFO - Started process (PID=701) to work on /opt/airflow/dags/weekly_training_dag.py
[2026-06-24T08:51:12.403+0000] {processor.py:830} INFO - Processing file /opt/airflow/dags/weekly_training_dag.py for tasks to queue
[2026-06-24T08:51:12.417+0000] {logging_mixin.py:188} INFO - [2026-06-24T08:51:12.416+0000] {dagbag.py:538} INFO - Filling up the DagBag from /opt/airflow/dags/weekly_training_dag.py
[2026-06-24T08:51:13.071+0000] {processor.py:840} INFO - DAG(s) 'xray_weekly_training' retrieved from /opt/airflow/dags/weekly_training_dag.py
[2026-06-24T08:51:13.301+0000] {logging_mixin.py:188} INFO - [2026-06-24T08:51:13.298+0000] {dag.py:3033} INFO - Sync 1 DAGs
[2026-06-24T08:51:13.400+0000] {logging_mixin.py:188} INFO - [2026-06-24T08:51:13.400+0000] {dag.py:3820} INFO - Setting next_dagrun for xray_weekly_training to 2026-06-14T02:00:00+00:00, run_after=2026-06-21T02:00:00+00:00
[2026-06-24T08:51:13.434+0000] {processor.py:183} INFO - Processing /opt/airflow/dags/weekly_training_dag.py took 1.166 seconds
[2026-06-24T08:51:43.660+0000] {processor.py:161} INFO - Started process (PID=711) to work on /opt/airflow/dags/weekly_training_dag.py
[2026-06-24T08:51:43.661+0000] {processor.py:830} INFO - Processing file /opt/airflow/dags/weekly_training_dag.py for tasks to queue
[2026-06-24T08:51:43.663+0000] {logging_mixin.py:188} INFO - [2026-06-24T08:51:43.662+0000] {dagbag.py:538} INFO - Filling up the DagBag from /opt/airflow/dags/weekly_training_dag.py
[2026-06-24T08:51:43.694+0000] {processor.py:840} INFO - DAG(s) 'xray_weekly_training' retrieved from /opt/airflow/dags/weekly_training_dag.py
[2026-06-24T08:51:43.749+0000] {logging_mixin.py:188} INFO - [2026-06-24T08:51:43.749+0000] {dag.py:3033} INFO - Sync 1 DAGs
[2026-06-24T08:51:43.781+0000] {logging_mixin.py:188} INFO - [2026-06-24T08:51:43.781+0000] {dag.py:3820} INFO - Setting next_dagrun for xray_weekly_training to 2026-06-14T02:00:00+00:00, run_after=2026-06-21T02:00:00+00:00
[2026-06-24T08:51:43.814+0000] {processor.py:183} INFO - Processing /opt/airflow/dags/weekly_training_dag.py took 0.159 seconds
[2026-06-24T08:52:13.972+0000] {processor.py:161} INFO - Started process (PID=722) to work on /opt/airflow/dags/weekly_training_dag.py
[2026-06-24T08:52:13.974+0000] {processor.py:830} INFO - Processing file /opt/airflow/dags/weekly_training_dag.py for tasks to queue
[2026-06-24T08:52:13.975+0000] {logging_mixin.py:188} INFO - [2026-06-24T08:52:13.975+0000] {dagbag.py:538} INFO - Filling up the DagBag from /opt/airflow/dags/weekly_training_dag.py
[2026-06-24T08:52:14.013+0000] {processor.py:840} INFO - DAG(s) 'xray_weekly_training' retrieved from /opt/airflow/dags/weekly_training_dag.py
[2026-06-24T08:52:14.078+0000] {logging_mixin.py:188} INFO - [2026-06-24T08:52:14.078+0000] {dag.py:3033} INFO - Sync 1 DAGs
[2026-06-24T08:52:14.114+0000] {logging_mixin.py:188} INFO - [2026-06-24T08:52:14.114+0000] {dag.py:3820} INFO - Setting next_dagrun for xray_weekly_training to 2026-06-14T02:00:00+00:00, run_after=2026-06-21T02:00:00+00:00
[2026-06-24T08:52:14.138+0000] {processor.py:183} INFO - Processing /opt/airflow/dags/weekly_training_dag.py took 0.172 seconds
[2026-06-24T08:52:44.307+0000] {processor.py:161} INFO - Started process (PID=732) to work on /opt/airflow/dags/weekly_training_dag.py
[2026-06-24T08:52:44.308+0000] {processor.py:830} INFO - Processing file /opt/airflow/dags/weekly_training_dag.py for tasks to queue
[2026-06-24T08:52:44.309+0000] {logging_mixin.py:188} INFO - [2026-06-24T08:52:44.309+0000] {dagbag.py:538} INFO - Filling up the DagBag from /opt/airflow/dags/weekly_training_dag.py
[2026-06-24T08:52:44.340+0000] {processor.py:840} INFO - DAG(s) 'xray_weekly_training' retrieved from /opt/airflow/dags/weekly_training_dag.py
[2026-06-24T08:52:44.399+0000] {logging_mixin.py:188} INFO - [2026-06-24T08:52:44.399+0000] {dag.py:3033} INFO - Sync 1 DAGs
[2026-06-24T08:52:44.443+0000] {logging_mixin.py:188} INFO - [2026-06-24T08:52:44.443+0000] {dag.py:3820} INFO - Setting next_dagrun for xray_weekly_training to 2026-06-14T02:00:00+00:00, run_after=2026-06-21T02:00:00+00:00
[2026-06-24T08:52:44.471+0000] {processor.py:183} INFO - Processing /opt/airflow/dags/weekly_training_dag.py took 0.170 seconds
[2026-06-24T08:53:14.586+0000] {processor.py:161} INFO - Started process (PID=742) to work on /opt/airflow/dags/weekly_training_dag.py
[2026-06-24T08:53:14.587+0000] {processor.py:830} INFO - Processing file /opt/airflow/dags/weekly_training_dag.py for tasks to queue
[2026-06-24T08:53:14.588+0000] {logging_mixin.py:188} INFO - [2026-06-24T08:53:14.588+0000] {dagbag.py:538} INFO - Filling up the DagBag from /opt/airflow/dags/weekly_training_dag.py
[2026-06-24T08:53:14.632+0000] {processor.py:840} INFO - DAG(s) 'xray_weekly_training' retrieved from /opt/airflow/dags/weekly_training_dag.py
[2026-06-24T08:53:14.694+0000] {logging_mixin.py:188} INFO - [2026-06-24T08:53:14.693+0000] {dag.py:3033} INFO - Sync 1 DAGs
[2026-06-24T08:53:14.743+0000] {logging_mixin.py:188} INFO - [2026-06-24T08:53:14.740+0000] {dag.py:3820} INFO - Setting next_dagrun for xray_weekly_training to 2026-06-14T02:00:00+00:00, run_after=2026-06-21T02:00:00+00:00
[2026-06-24T08:53:14.768+0000] {processor.py:183} INFO - Processing /opt/airflow/dags/weekly_training_dag.py took 0.186 seconds
[2026-06-24T08:53:45.039+0000] {processor.py:161} INFO - Started process (PID=752) to work on /opt/airflow/dags/weekly_training_dag.py
[2026-06-24T08:53:45.041+0000] {processor.py:830} INFO - Processing file /opt/airflow/dags/weekly_training_dag.py for tasks to queue
[2026-06-24T08:53:45.043+0000] {logging_mixin.py:188} INFO - [2026-06-24T08:53:45.042+0000] {dagbag.py:538} INFO - Filling up the DagBag from /opt/airflow/dags/weekly_training_dag.py
[2026-06-24T08:53:45.096+0000] {processor.py:840} INFO - DAG(s) 'xray_weekly_training' retrieved from /opt/airflow/dags/weekly_training_dag.py
[2026-06-24T08:53:45.181+0000] {logging_mixin.py:188} INFO - [2026-06-24T08:53:45.181+0000] {dag.py:3033} INFO - Sync 1 DAGs
[2026-06-24T08:53:45.222+0000] {logging_mixin.py:188} INFO - [2026-06-24T08:53:45.222+0000] {dag.py:3820} INFO - Setting next_dagrun for xray_weekly_training to 2026-06-14T02:00:00+00:00, run_after=2026-06-21T02:00:00+00:00
[2026-06-24T08:53:45.266+0000] {processor.py:183} INFO - Processing /opt/airflow/dags/weekly_training_dag.py took 0.233 seconds
[2026-06-24T08:54:15.483+0000] {processor.py:161} INFO - Started process (PID=764) to work on /opt/airflow/dags/weekly_training_dag.py
[2026-06-24T08:54:15.484+0000] {processor.py:830} INFO - Processing file /opt/airflow/dags/weekly_training_dag.py for tasks to queue
[2026-06-24T08:54:15.485+0000] {logging_mixin.py:188} INFO - [2026-06-24T08:54:15.484+0000] {dagbag.py:538} INFO - Filling up the DagBag from /opt/airflow/dags/weekly_training_dag.py
[2026-06-24T08:54:15.495+0000] {processor.py:840} INFO - DAG(s) 'xray_weekly_training' retrieved from /opt/airflow/dags/weekly_training_dag.py
[2026-06-24T08:54:15.519+0000] {logging_mixin.py:188} INFO - [2026-06-24T08:54:15.519+0000] {dag.py:3033} INFO - Sync 1 DAGs
[2026-06-24T08:54:15.537+0000] {logging_mixin.py:188} INFO - [2026-06-24T08:54:15.537+0000] {dag.py:3820} INFO - Setting next_dagrun for xray_weekly_training to 2026-06-14T02:00:00+00:00, run_after=2026-06-21T02:00:00+00:00
[2026-06-24T08:54:15.553+0000] {processor.py:183} INFO - Processing /opt/airflow/dags/weekly_training_dag.py took 0.076 seconds
[2026-06-24T08:54:45.806+0000] {processor.py:161} INFO - Started process (PID=772) to work on /opt/airflow/dags/weekly_training_dag.py
[2026-06-24T08:54:45.811+0000] {processor.py:830} INFO - Processing file /opt/airflow/dags/weekly_training_dag.py for tasks to queue
[2026-06-24T08:54:45.815+0000] {logging_mixin.py:188} INFO - [2026-06-24T08:54:45.814+0000] {dagbag.py:538} INFO - Filling up the DagBag from /opt/airflow/dags/weekly_training_dag.py
[2026-06-24T08:54:45.858+0000] {processor.py:840} INFO - DAG(s) 'xray_weekly_training' retrieved from /opt/airflow/dags/weekly_training_dag.py
[2026-06-24T08:54:45.930+0000] {logging_mixin.py:188} INFO - [2026-06-24T08:54:45.930+0000] {dag.py:3033} INFO - Sync 1 DAGs
[2026-06-24T08:54:45.968+0000] {logging_mixin.py:188} INFO - [2026-06-24T08:54:45.968+0000] {dag.py:3820} INFO - Setting next_dagrun for xray_weekly_training to 2026-06-14T02:00:00+00:00, run_after=2026-06-21T02:00:00+00:00
[2026-06-24T08:54:46.008+0000] {processor.py:183} INFO - Processing /opt/airflow/dags/weekly_training_dag.py took 0.216 seconds
[2026-06-24T08:55:16.156+0000] {processor.py:161} INFO - Started process (PID=782) to work on /opt/airflow/dags/weekly_training_dag.py
[2026-06-24T08:55:16.163+0000] {processor.py:830} INFO - Processing file /opt/airflow/dags/weekly_training_dag.py for tasks to queue
[2026-06-24T08:55:16.169+0000] {logging_mixin.py:188} INFO - [2026-06-24T08:55:16.167+0000] {dagbag.py:538} INFO - Filling up the DagBag from /opt/airflow/dags/weekly_training_dag.py
[2026-06-24T08:55:16.243+0000] {processor.py:840} INFO - DAG(s) 'xray_weekly_training' retrieved from /opt/airflow/dags/weekly_training_dag.py
[2026-06-24T08:55:16.359+0000] {logging_mixin.py:188} INFO - [2026-06-24T08:55:16.358+0000] {dag.py:3033} INFO - Sync 1 DAGs
[2026-06-24T08:55:16.456+0000] {logging_mixin.py:188} INFO - [2026-06-24T08:55:16.456+0000] {dag.py:3820} INFO - Setting next_dagrun for xray_weekly_training to 2026-06-14T02:00:00+00:00, run_after=2026-06-21T02:00:00+00:00
[2026-06-24T08:55:16.554+0000] {processor.py:183} INFO - Processing /opt/airflow/dags/weekly_training_dag.py took 0.414 seconds
[2026-06-24T08:55:48.423+0000] {processor.py:161} INFO - Started process (PID=792) to work on /opt/airflow/dags/weekly_training_dag.py
[2026-06-24T08:55:49.376+0000] {processor.py:830} INFO - Processing file /opt/airflow/dags/weekly_training_dag.py for tasks to queue
[2026-06-24T08:55:50.068+0000] {logging_mixin.py:188} INFO - [2026-06-24T08:55:50.047+0000] {dagbag.py:538} INFO - Filling up the DagBag from /opt/airflow/dags/weekly_training_dag.py
[2026-06-24T08:55:52.453+0000] {processor.py:840} INFO - DAG(s) 'xray_weekly_training' retrieved from /opt/airflow/dags/weekly_training_dag.py
[2026-06-24T08:55:54.573+0000] {logging_mixin.py:188} INFO - [2026-06-24T08:55:54.570+0000] {dag.py:3033} INFO - Sync 1 DAGs
[2026-06-24T08:55:57.069+0000] {logging_mixin.py:188} INFO - [2026-06-24T08:55:57.064+0000] {dag.py:3820} INFO - Setting next_dagrun for xray_weekly_training to 2026-06-14T02:00:00+00:00, run_after=2026-06-21T02:00:00+00:00
[2026-06-24T08:55:57.394+0000] {processor.py:183} INFO - Processing /opt/airflow/dags/weekly_training_dag.py took 9.410 seconds
[2026-06-24T08:56:28.072+0000] {processor.py:161} INFO - Started process (PID=802) to work on /opt/airflow/dags/weekly_training_dag.py
[2026-06-24T08:56:28.075+0000] {processor.py:830} INFO - Processing file /opt/airflow/dags/weekly_training_dag.py for tasks to queue
[2026-06-24T08:56:28.076+0000] {logging_mixin.py:188} INFO - [2026-06-24T08:56:28.076+0000] {dagbag.py:538} INFO - Filling up the DagBag from /opt/airflow/dags/weekly_training_dag.py
[2026-06-24T08:56:28.123+0000] {processor.py:840} INFO - DAG(s) 'xray_weekly_training' retrieved from /opt/airflow/dags/weekly_training_dag.py
[2026-06-24T08:56:28.218+0000] {logging_mixin.py:188} INFO - [2026-06-24T08:56:28.217+0000] {dag.py:3033} INFO - Sync 1 DAGs
[2026-06-24T08:56:28.283+0000] {logging_mixin.py:188} INFO - [2026-06-24T08:56:28.283+0000] {dag.py:3820} INFO - Setting next_dagrun for xray_weekly_training to 2026-06-14T02:00:00+00:00, run_after=2026-06-21T02:00:00+00:00
[2026-06-24T08:56:28.326+0000] {processor.py:183} INFO - Processing /opt/airflow/dags/weekly_training_dag.py took 0.259 seconds
[2026-06-24T08:56:58.731+0000] {processor.py:161} INFO - Started process (PID=811) to work on /opt/airflow/dags/weekly_training_dag.py
[2026-06-24T08:56:58.736+0000] {processor.py:830} INFO - Processing file /opt/airflow/dags/weekly_training_dag.py for tasks to queue
[2026-06-24T08:56:58.745+0000] {logging_mixin.py:188} INFO - [2026-06-24T08:56:58.742+0000] {dagbag.py:538} INFO - Filling up the DagBag from /opt/airflow/dags/weekly_training_dag.py
[2026-06-24T08:56:58.870+0000] {processor.py:840} INFO - DAG(s) 'xray_weekly_training' retrieved from /opt/airflow/dags/weekly_training_dag.py
[2026-06-24T08:57:00.877+0000] {logging_mixin.py:188} INFO - [2026-06-24T08:57:00.862+0000] {dag.py:3033} INFO - Sync 1 DAGs
[2026-06-24T08:57:01.213+0000] {logging_mixin.py:188} INFO - [2026-06-24T08:57:01.211+0000] {dag.py:3820} INFO - Setting next_dagrun for xray_weekly_training to 2026-06-14T02:00:00+00:00, run_after=2026-06-21T02:00:00+00:00
[2026-06-24T08:57:02.078+0000] {processor.py:183} INFO - Processing /opt/airflow/dags/weekly_training_dag.py took 3.366 seconds
[2026-06-24T08:57:34.675+0000] {processor.py:161} INFO - Started process (PID=822) to work on /opt/airflow/dags/weekly_training_dag.py
[2026-06-24T08:57:34.703+0000] {processor.py:830} INFO - Processing file /opt/airflow/dags/weekly_training_dag.py for tasks to queue
[2026-06-24T08:57:34.723+0000] {logging_mixin.py:188} INFO - [2026-06-24T08:57:34.719+0000] {dagbag.py:538} INFO - Filling up the DagBag from /opt/airflow/dags/weekly_training_dag.py
[2026-06-24T08:57:35.202+0000] {processor.py:840} INFO - DAG(s) 'xray_weekly_training' retrieved from /opt/airflow/dags/weekly_training_dag.py
[2026-06-24T08:57:35.572+0000] {logging_mixin.py:188} INFO - [2026-06-24T08:57:35.571+0000] {dag.py:3033} INFO - Sync 1 DAGs
[2026-06-24T08:57:35.676+0000] {logging_mixin.py:188} INFO - [2026-06-24T08:57:35.675+0000] {dag.py:3820} INFO - Setting next_dagrun for xray_weekly_training to 2026-06-14T02:00:00+00:00, run_after=2026-06-21T02:00:00+00:00
[2026-06-24T08:57:35.750+0000] {processor.py:183} INFO - Processing /opt/airflow/dags/weekly_training_dag.py took 1.117 seconds
[2026-06-24T08:58:06.047+0000] {processor.py:161} INFO - Started process (PID=831) to work on /opt/airflow/dags/weekly_training_dag.py
[2026-06-24T08:58:06.057+0000] {processor.py:830} INFO - Processing file /opt/airflow/dags/weekly_training_dag.py for tasks to queue
[2026-06-24T08:58:06.064+0000] {logging_mixin.py:188} INFO - [2026-06-24T08:58:06.061+0000] {dagbag.py:538} INFO - Filling up the DagBag from /opt/airflow/dags/weekly_training_dag.py
[2026-06-24T08:58:06.171+0000] {processor.py:840} INFO - DAG(s) 'xray_weekly_training' retrieved from /opt/airflow/dags/weekly_training_dag.py
[2026-06-24T08:58:06.354+0000] {logging_mixin.py:188} INFO - [2026-06-24T08:58:06.353+0000] {dag.py:3033} INFO - Sync 1 DAGs
[2026-06-24T08:58:06.451+0000] {logging_mixin.py:188} INFO - [2026-06-24T08:58:06.451+0000] {dag.py:3820} INFO - Setting next_dagrun for xray_weekly_training to 2026-06-14T02:00:00+00:00, run_after=2026-06-21T02:00:00+00:00
[2026-06-24T08:58:06.514+0000] {processor.py:183} INFO - Processing /opt/airflow/dags/weekly_training_dag.py took 0.490 seconds
[2026-06-24T08:58:37.447+0000] {processor.py:161} INFO - Started process (PID=842) to work on /opt/airflow/dags/weekly_training_dag.py
[2026-06-24T08:58:37.449+0000] {processor.py:830} INFO - Processing file /opt/airflow/dags/weekly_training_dag.py for tasks to queue
[2026-06-24T08:58:37.450+0000] {logging_mixin.py:188} INFO - [2026-06-24T08:58:37.450+0000] {dagbag.py:538} INFO - Filling up the DagBag from /opt/airflow/dags/weekly_training_dag.py
[2026-06-24T08:58:37.499+0000] {processor.py:840} INFO - DAG(s) 'xray_weekly_training' retrieved from /opt/airflow/dags/weekly_training_dag.py
[2026-06-24T08:58:37.598+0000] {logging_mixin.py:188} INFO - [2026-06-24T08:58:37.597+0000] {dag.py:3033} INFO - Sync 1 DAGs
[2026-06-24T08:58:37.658+0000] {logging_mixin.py:188} INFO - [2026-06-24T08:58:37.658+0000] {dag.py:3820} INFO - Setting next_dagrun for xray_weekly_training to 2026-06-14T02:00:00+00:00, run_after=2026-06-21T02:00:00+00:00
[2026-06-24T08:58:37.692+0000] {processor.py:183} INFO - Processing /opt/airflow/dags/weekly_training_dag.py took 0.254 seconds
[2026-06-24T08:59:08.409+0000] {processor.py:161} INFO - Started process (PID=852) to work on /opt/airflow/dags/weekly_training_dag.py
[2026-06-24T08:59:08.415+0000] {processor.py:830} INFO - Processing file /opt/airflow/dags/weekly_training_dag.py for tasks to queue
[2026-06-24T08:59:08.426+0000] {logging_mixin.py:188} INFO - [2026-06-24T08:59:08.418+0000] {dagbag.py:538} INFO - Filling up the DagBag from /opt/airflow/dags/weekly_training_dag.py
[2026-06-24T08:59:08.551+0000] {processor.py:840} INFO - DAG(s) 'xray_weekly_training' retrieved from /opt/airflow/dags/weekly_training_dag.py
[2026-06-24T08:59:08.714+0000] {logging_mixin.py:188} INFO - [2026-06-24T08:59:08.713+0000] {dag.py:3033} INFO - Sync 1 DAGs
[2026-06-24T08:59:08.834+0000] {logging_mixin.py:188} INFO - [2026-06-24T08:59:08.833+0000] {dag.py:3820} INFO - Setting next_dagrun for xray_weekly_training to 2026-06-14T02:00:00+00:00, run_after=2026-06-21T02:00:00+00:00
[2026-06-24T08:59:08.913+0000] {processor.py:183} INFO - Processing /opt/airflow/dags/weekly_training_dag.py took 0.521 seconds
[2026-06-24T08:59:39.338+0000] {processor.py:161} INFO - Started process (PID=861) to work on /opt/airflow/dags/weekly_training_dag.py
[2026-06-24T08:59:39.342+0000] {processor.py:830} INFO - Processing file /opt/airflow/dags/weekly_training_dag.py for tasks to queue
[2026-06-24T08:59:39.349+0000] {logging_mixin.py:188} INFO - [2026-06-24T08:59:39.348+0000] {dagbag.py:538} INFO - Filling up the DagBag from /opt/airflow/dags/weekly_training_dag.py
[2026-06-24T08:59:39.505+0000] {processor.py:840} INFO - DAG(s) 'xray_weekly_training' retrieved from /opt/airflow/dags/weekly_training_dag.py
[2026-06-24T08:59:39.634+0000] {logging_mixin.py:188} INFO - [2026-06-24T08:59:39.633+0000] {dag.py:3033} INFO - Sync 1 DAGs
[2026-06-24T08:59:39.843+0000] {logging_mixin.py:188} INFO - [2026-06-24T08:59:39.843+0000] {dag.py:3820} INFO - Setting next_dagrun for xray_weekly_training to 2026-06-14T02:00:00+00:00, run_after=2026-06-21T02:00:00+00:00
[2026-06-24T08:59:39.894+0000] {processor.py:183} INFO - Processing /opt/airflow/dags/weekly_training_dag.py took 0.566 seconds
[2026-06-24T09:00:10.690+0000] {processor.py:161} INFO - Started process (PID=872) to work on /opt/airflow/dags/weekly_training_dag.py
[2026-06-24T09:00:10.691+0000] {processor.py:830} INFO - Processing file /opt/airflow/dags/weekly_training_dag.py for tasks to queue
[2026-06-24T09:00:10.694+0000] {logging_mixin.py:188} INFO - [2026-06-24T09:00:10.694+0000] {dagbag.py:538} INFO - Filling up the DagBag from /opt/airflow/dags/weekly_training_dag.py
[2026-06-24T09:00:10.736+0000] {processor.py:840} INFO - DAG(s) 'xray_weekly_training' retrieved from /opt/airflow/dags/weekly_training_dag.py
[2026-06-24T09:00:10.797+0000] {logging_mixin.py:188} INFO - [2026-06-24T09:00:10.797+0000] {dag.py:3033} INFO - Sync 1 DAGs
[2026-06-24T09:00:10.828+0000] {logging_mixin.py:188} INFO - [2026-06-24T09:00:10.828+0000] {dag.py:3820} INFO - Setting next_dagrun for xray_weekly_training to 2026-06-14T02:00:00+00:00, run_after=2026-06-21T02:00:00+00:00
[2026-06-24T09:00:10.853+0000] {processor.py:183} INFO - Processing /opt/airflow/dags/weekly_training_dag.py took 0.170 seconds
[2026-06-24T09:00:41.131+0000] {processor.py:161} INFO - Started process (PID=881) to work on /opt/airflow/dags/weekly_training_dag.py
[2026-06-24T09:00:41.133+0000] {processor.py:830} INFO - Processing file /opt/airflow/dags/weekly_training_dag.py for tasks to queue
[2026-06-24T09:00:41.134+0000] {logging_mixin.py:188} INFO - [2026-06-24T09:00:41.134+0000] {dagbag.py:538} INFO - Filling up the DagBag from /opt/airflow/dags/weekly_training_dag.py
[2026-06-24T09:00:41.163+0000] {processor.py:840} INFO - DAG(s) 'xray_weekly_training' retrieved from /opt/airflow/dags/weekly_training_dag.py
[2026-06-24T09:00:41.219+0000] {logging_mixin.py:188} INFO - [2026-06-24T09:00:41.219+0000] {dag.py:3033} INFO - Sync 1 DAGs
[2026-06-24T09:00:41.273+0000] {logging_mixin.py:188} INFO - [2026-06-24T09:00:41.272+0000] {dag.py:3820} INFO - Setting next_dagrun for xray_weekly_training to 2026-06-14T02:00:00+00:00, run_after=2026-06-21T02:00:00+00:00
[2026-06-24T09:00:41.302+0000] {processor.py:183} INFO - Processing /opt/airflow/dags/weekly_training_dag.py took 0.176 seconds
[2026-06-24T09:01:11.498+0000] {processor.py:161} INFO - Started process (PID=892) to work on /opt/airflow/dags/weekly_training_dag.py
[2026-06-24T09:01:11.499+0000] {processor.py:830} INFO - Processing file /opt/airflow/dags/weekly_training_dag.py for tasks to queue
[2026-06-24T09:01:11.501+0000] {logging_mixin.py:188} INFO - [2026-06-24T09:01:11.500+0000] {dagbag.py:538} INFO - Filling up the DagBag from /opt/airflow/dags/weekly_training_dag.py
[2026-06-24T09:01:11.519+0000] {processor.py:840} INFO - DAG(s) 'xray_weekly_training' retrieved from /opt/airflow/dags/weekly_training_dag.py
[2026-06-24T09:01:11.545+0000] {logging_mixin.py:188} INFO - [2026-06-24T09:01:11.545+0000] {dag.py:3033} INFO - Sync 1 DAGs
[2026-06-24T09:01:11.565+0000] {logging_mixin.py:188} INFO - [2026-06-24T09:01:11.565+0000] {dag.py:3820} INFO - Setting next_dagrun for xray_weekly_training to 2026-06-14T02:00:00+00:00, run_after=2026-06-21T02:00:00+00:00
[2026-06-24T09:01:11.579+0000] {processor.py:183} INFO - Processing /opt/airflow/dags/weekly_training_dag.py took 0.084 seconds
[2026-06-24T09:01:41.780+0000] {processor.py:161} INFO - Started process (PID=902) to work on /opt/airflow/dags/weekly_training_dag.py
[2026-06-24T09:01:41.782+0000] {processor.py:830} INFO - Processing file /opt/airflow/dags/weekly_training_dag.py for tasks to queue
[2026-06-24T09:01:41.784+0000] {logging_mixin.py:188} INFO - [2026-06-24T09:01:41.784+0000] {dagbag.py:538} INFO - Filling up the DagBag from /opt/airflow/dags/weekly_training_dag.py
[2026-06-24T09:01:41.811+0000] {processor.py:840} INFO - DAG(s) 'xray_weekly_training' retrieved from /opt/airflow/dags/weekly_training_dag.py
[2026-06-24T09:01:41.867+0000] {logging_mixin.py:188} INFO - [2026-06-24T09:01:41.866+0000] {dag.py:3033} INFO - Sync 1 DAGs
[2026-06-24T09:01:41.933+0000] {logging_mixin.py:188} INFO - [2026-06-24T09:01:41.932+0000] {dag.py:3820} INFO - Setting next_dagrun for xray_weekly_training to 2026-06-14T02:00:00+00:00, run_after=2026-06-21T02:00:00+00:00
[2026-06-24T09:01:42.015+0000] {processor.py:183} INFO - Processing /opt/airflow/dags/weekly_training_dag.py took 0.238 seconds
[2026-06-24T09:02:15.224+0000] {processor.py:161} INFO - Started process (PID=911) to work on /opt/airflow/dags/weekly_training_dag.py
[2026-06-24T09:02:15.261+0000] {processor.py:830} INFO - Processing file /opt/airflow/dags/weekly_training_dag.py for tasks to queue
[2026-06-24T09:02:15.331+0000] {logging_mixin.py:188} INFO - [2026-06-24T09:02:15.327+0000] {dagbag.py:538} INFO - Filling up the DagBag from /opt/airflow/dags/weekly_training_dag.py
[2026-06-24T09:02:15.511+0000] {processor.py:840} INFO - DAG(s) 'xray_weekly_training' retrieved from /opt/airflow/dags/weekly_training_dag.py
[2026-06-24T09:02:15.652+0000] {logging_mixin.py:188} INFO - [2026-06-24T09:02:15.652+0000] {dag.py:3033} INFO - Sync 1 DAGs
[2026-06-24T09:02:15.801+0000] {logging_mixin.py:188} INFO - [2026-06-24T09:02:15.800+0000] {dag.py:3820} INFO - Setting next_dagrun for xray_weekly_training to 2026-06-14T02:00:00+00:00, run_after=2026-06-21T02:00:00+00:00
[2026-06-24T09:02:15.877+0000] {processor.py:183} INFO - Processing /opt/airflow/dags/weekly_training_dag.py took 0.720 seconds
[2026-06-24T09:02:46.251+0000] {processor.py:161} INFO - Started process (PID=922) to work on /opt/airflow/dags/weekly_training_dag.py
[2026-06-24T09:02:46.259+0000] {processor.py:830} INFO - Processing file /opt/airflow/dags/weekly_training_dag.py for tasks to queue
[2026-06-24T09:02:46.264+0000] {logging_mixin.py:188} INFO - [2026-06-24T09:02:46.262+0000] {dagbag.py:538} INFO - Filling up the DagBag from /opt/airflow/dags/weekly_training_dag.py
[2026-06-24T09:02:46.308+0000] {processor.py:840} INFO - DAG(s) 'xray_weekly_training' retrieved from /opt/airflow/dags/weekly_training_dag.py
[2026-06-24T09:02:46.405+0000] {logging_mixin.py:188} INFO - [2026-06-24T09:02:46.405+0000] {dag.py:3033} INFO - Sync 1 DAGs
[2026-06-24T09:02:46.456+0000] {logging_mixin.py:188} INFO - [2026-06-24T09:02:46.456+0000] {dag.py:3820} INFO - Setting next_dagrun for xray_weekly_training to 2026-06-14T02:00:00+00:00, run_after=2026-06-21T02:00:00+00:00
[2026-06-24T09:02:46.485+0000] {processor.py:183} INFO - Processing /opt/airflow/dags/weekly_training_dag.py took 0.247 seconds
[2026-06-24T09:03:18.162+0000] {processor.py:161} INFO - Started process (PID=932) to work on /opt/airflow/dags/weekly_training_dag.py
[2026-06-24T09:03:18.166+0000] {processor.py:830} INFO - Processing file /opt/airflow/dags/weekly_training_dag.py for tasks to queue
[2026-06-24T09:03:18.189+0000] {logging_mixin.py:188} INFO - [2026-06-24T09:03:18.184+0000] {dagbag.py:538} INFO - Filling up the DagBag from /opt/airflow/dags/weekly_training_dag.py
[2026-06-24T09:03:18.352+0000] {processor.py:840} INFO - DAG(s) 'xray_weekly_training' retrieved from /opt/airflow/dags/weekly_training_dag.py
[2026-06-24T09:03:18.571+0000] {logging_mixin.py:188} INFO - [2026-06-24T09:03:18.570+0000] {dag.py:3033} INFO - Sync 1 DAGs
[2026-06-24T09:03:18.764+0000] {logging_mixin.py:188} INFO - [2026-06-24T09:03:18.763+0000] {dag.py:3820} INFO - Setting next_dagrun for xray_weekly_training to 2026-06-14T02:00:00+00:00, run_after=2026-06-21T02:00:00+00:00
[2026-06-24T09:03:19.129+0000] {processor.py:183} INFO - Processing /opt/airflow/dags/weekly_training_dag.py took 1.014 seconds
[2026-06-24T09:03:50.196+0000] {processor.py:161} INFO - Started process (PID=942) to work on /opt/airflow/dags/weekly_training_dag.py
[2026-06-24T09:03:50.198+0000] {processor.py:830} INFO - Processing file /opt/airflow/dags/weekly_training_dag.py for tasks to queue
[2026-06-24T09:03:50.201+0000] {logging_mixin.py:188} INFO - [2026-06-24T09:03:50.200+0000] {dagbag.py:538} INFO - Filling up the DagBag from /opt/airflow/dags/weekly_training_dag.py
[2026-06-24T09:03:50.247+0000] {processor.py:840} INFO - DAG(s) 'xray_weekly_training' retrieved from /opt/airflow/dags/weekly_training_dag.py
[2026-06-24T09:03:50.348+0000] {logging_mixin.py:188} INFO - [2026-06-24T09:03:50.347+0000] {dag.py:3033} INFO - Sync 1 DAGs
[2026-06-24T09:03:50.434+0000] {logging_mixin.py:188} INFO - [2026-06-24T09:03:50.434+0000] {dag.py:3820} INFO - Setting next_dagrun for xray_weekly_training to 2026-06-14T02:00:00+00:00, run_after=2026-06-21T02:00:00+00:00
[2026-06-24T09:03:50.470+0000] {processor.py:183} INFO - Processing /opt/airflow/dags/weekly_training_dag.py took 0.280 seconds
[2026-06-24T09:04:20.942+0000] {processor.py:161} INFO - Started process (PID=952) to work on /opt/airflow/dags/weekly_training_dag.py
[2026-06-24T09:04:20.944+0000] {processor.py:830} INFO - Processing file /opt/airflow/dags/weekly_training_dag.py for tasks to queue
[2026-06-24T09:04:20.947+0000] {logging_mixin.py:188} INFO - [2026-06-24T09:04:20.946+0000] {dagbag.py:538} INFO - Filling up the DagBag from /opt/airflow/dags/weekly_training_dag.py
[2026-06-24T09:04:21.007+0000] {processor.py:840} INFO - DAG(s) 'xray_weekly_training' retrieved from /opt/airflow/dags/weekly_training_dag.py
[2026-06-24T09:04:21.129+0000] {logging_mixin.py:188} INFO - [2026-06-24T09:04:21.128+0000] {dag.py:3033} INFO - Sync 1 DAGs
[2026-06-24T09:04:21.194+0000] {logging_mixin.py:188} INFO - [2026-06-24T09:04:21.194+0000] {dag.py:3820} INFO - Setting next_dagrun for xray_weekly_training to 2026-06-14T02:00:00+00:00, run_after=2026-06-21T02:00:00+00:00
[2026-06-24T09:04:21.243+0000] {processor.py:183} INFO - Processing /opt/airflow/dags/weekly_training_dag.py took 0.313 seconds
[2026-06-24T09:04:51.654+0000] {processor.py:161} INFO - Started process (PID=961) to work on /opt/airflow/dags/weekly_training_dag.py
[2026-06-24T09:04:51.656+0000] {processor.py:830} INFO - Processing file /opt/airflow/dags/weekly_training_dag.py for tasks to queue
[2026-06-24T09:04:51.658+0000] {logging_mixin.py:188} INFO - [2026-06-24T09:04:51.657+0000] {dagbag.py:538} INFO - Filling up the DagBag from /opt/airflow/dags/weekly_training_dag.py
[2026-06-24T09:04:51.701+0000] {processor.py:840} INFO - DAG(s) 'xray_weekly_training' retrieved from /opt/airflow/dags/weekly_training_dag.py
[2026-06-24T09:04:51.759+0000] {logging_mixin.py:188} INFO - [2026-06-24T09:04:51.759+0000] {dag.py:3033} INFO - Sync 1 DAGs
[2026-06-24T09:04:51.791+0000] {logging_mixin.py:188} INFO - [2026-06-24T09:04:51.791+0000] {dag.py:3820} INFO - Setting next_dagrun for xray_weekly_training to 2026-06-14T02:00:00+00:00, run_after=2026-06-21T02:00:00+00:00
[2026-06-24T09:04:51.819+0000] {processor.py:183} INFO - Processing /opt/airflow/dags/weekly_training_dag.py took 0.171 seconds
[2026-06-24T09:05:22.600+0000] {processor.py:161} INFO - Started process (PID=972) to work on /opt/airflow/dags/weekly_training_dag.py
[2026-06-24T09:05:22.604+0000] {processor.py:830} INFO - Processing file /opt/airflow/dags/weekly_training_dag.py for tasks to queue
[2026-06-24T09:05:22.614+0000] {logging_mixin.py:188} INFO - [2026-06-24T09:05:22.609+0000] {dagbag.py:538} INFO - Filling up the DagBag from /opt/airflow/dags/weekly_training_dag.py
[2026-06-24T09:05:22.722+0000] {processor.py:840} INFO - DAG(s) 'xray_weekly_training' retrieved from /opt/airflow/dags/weekly_training_dag.py
[2026-06-24T09:05:22.931+0000] {logging_mixin.py:188} INFO - [2026-06-24T09:05:22.931+0000] {dag.py:3033} INFO - Sync 1 DAGs
[2026-06-24T09:05:23.017+0000] {logging_mixin.py:188} INFO - [2026-06-24T09:05:23.017+0000] {dag.py:3820} INFO - Setting next_dagrun for xray_weekly_training to 2026-06-14T02:00:00+00:00, run_after=2026-06-21T02:00:00+00:00
[2026-06-24T09:05:23.073+0000] {processor.py:183} INFO - Processing /opt/airflow/dags/weekly_training_dag.py took 0.509 seconds
[2026-06-24T09:05:53.190+0000] {processor.py:161} INFO - Started process (PID=981) to work on /opt/airflow/dags/weekly_training_dag.py
[2026-06-24T09:05:53.191+0000] {processor.py:830} INFO - Processing file /opt/airflow/dags/weekly_training_dag.py for tasks to queue
[2026-06-24T09:05:53.193+0000] {logging_mixin.py:188} INFO - [2026-06-24T09:05:53.193+0000] {dagbag.py:538} INFO - Filling up the DagBag from /opt/airflow/dags/weekly_training_dag.py
[2026-06-24T09:05:53.231+0000] {processor.py:840} INFO - DAG(s) 'xray_weekly_training' retrieved from /opt/airflow/dags/weekly_training_dag.py
[2026-06-24T09:05:53.304+0000] {logging_mixin.py:188} INFO - [2026-06-24T09:05:53.304+0000] {dag.py:3033} INFO - Sync 1 DAGs
[2026-06-24T09:05:53.346+0000] {logging_mixin.py:188} INFO - [2026-06-24T09:05:53.345+0000] {dag.py:3820} INFO - Setting next_dagrun for xray_weekly_training to 2026-06-14T02:00:00+00:00, run_after=2026-06-21T02:00:00+00:00
[2026-06-24T09:05:53.378+0000] {processor.py:183} INFO - Processing /opt/airflow/dags/weekly_training_dag.py took 0.196 seconds
[2026-06-24T09:06:23.470+0000] {processor.py:161} INFO - Started process (PID=992) to work on /opt/airflow/dags/weekly_training_dag.py
[2026-06-24T09:06:23.473+0000] {processor.py:830} INFO - Processing file /opt/airflow/dags/weekly_training_dag.py for tasks to queue
[2026-06-24T09:06:23.475+0000] {logging_mixin.py:188} INFO - [2026-06-24T09:06:23.474+0000] {dagbag.py:538} INFO - Filling up the DagBag from /opt/airflow/dags/weekly_training_dag.py
[2026-06-24T09:06:23.516+0000] {processor.py:840} INFO - DAG(s) 'xray_weekly_training' retrieved from /opt/airflow/dags/weekly_training_dag.py
[2026-06-24T09:06:23.596+0000] {logging_mixin.py:188} INFO - [2026-06-24T09:06:23.596+0000] {dag.py:3033} INFO - Sync 1 DAGs
[2026-06-24T09:06:23.640+0000] {logging_mixin.py:188} INFO - [2026-06-24T09:06:23.640+0000] {dag.py:3820} INFO - Setting next_dagrun for xray_weekly_training to 2026-06-14T02:00:00+00:00, run_after=2026-06-21T02:00:00+00:00
[2026-06-24T09:06:23.666+0000] {processor.py:183} INFO - Processing /opt/airflow/dags/weekly_training_dag.py took 0.202 seconds
[2026-06-24T09:06:53.948+0000] {processor.py:161} INFO - Started process (PID=1002) to work on /opt/airflow/dags/weekly_training_dag.py
[2026-06-24T09:06:53.953+0000] {processor.py:830} INFO - Processing file /opt/airflow/dags/weekly_training_dag.py for tasks to queue
[2026-06-24T09:06:53.960+0000] {logging_mixin.py:188} INFO - [2026-06-24T09:06:53.956+0000] {dagbag.py:538} INFO - Filling up the DagBag from /opt/airflow/dags/weekly_training_dag.py
[2026-06-24T09:06:54.000+0000] {processor.py:840} INFO - DAG(s) 'xray_weekly_training' retrieved from /opt/airflow/dags/weekly_training_dag.py
[2026-06-24T09:06:54.057+0000] {logging_mixin.py:188} INFO - [2026-06-24T09:06:54.057+0000] {dag.py:3033} INFO - Sync 1 DAGs
[2026-06-24T09:06:54.100+0000] {logging_mixin.py:188} INFO - [2026-06-24T09:06:54.100+0000] {dag.py:3820} INFO - Setting next_dagrun for xray_weekly_training to 2026-06-14T02:00:00+00:00, run_after=2026-06-21T02:00:00+00:00
[2026-06-24T09:06:54.132+0000] {processor.py:183} INFO - Processing /opt/airflow/dags/weekly_training_dag.py took 0.195 seconds
[2026-06-24T09:07:24.263+0000] {processor.py:161} INFO - Started process (PID=1012) to work on /opt/airflow/dags/weekly_training_dag.py
[2026-06-24T09:07:24.265+0000] {processor.py:830} INFO - Processing file /opt/airflow/dags/weekly_training_dag.py for tasks to queue
[2026-06-24T09:07:24.266+0000] {logging_mixin.py:188} INFO - [2026-06-24T09:07:24.266+0000] {dagbag.py:538} INFO - Filling up the DagBag from /opt/airflow/dags/weekly_training_dag.py
[2026-06-24T09:07:24.296+0000] {processor.py:840} INFO - DAG(s) 'xray_weekly_training' retrieved from /opt/airflow/dags/weekly_training_dag.py
[2026-06-24T09:07:24.352+0000] {logging_mixin.py:188} INFO - [2026-06-24T09:07:24.351+0000] {dag.py:3033} INFO - Sync 1 DAGs
[2026-06-24T09:07:24.390+0000] {logging_mixin.py:188} INFO - [2026-06-24T09:07:24.389+0000] {dag.py:3820} INFO - Setting next_dagrun for xray_weekly_training to 2026-06-14T02:00:00+00:00, run_after=2026-06-21T02:00:00+00:00
[2026-06-24T09:07:24.417+0000] {processor.py:183} INFO - Processing /opt/airflow/dags/weekly_training_dag.py took 0.159 seconds
[2026-06-24T09:07:54.770+0000] {processor.py:161} INFO - Started process (PID=1021) to work on /opt/airflow/dags/weekly_training_dag.py
[2026-06-24T09:07:54.771+0000] {processor.py:830} INFO - Processing file /opt/airflow/dags/weekly_training_dag.py for tasks to queue
[2026-06-24T09:07:54.776+0000] {logging_mixin.py:188} INFO - [2026-06-24T09:07:54.776+0000] {dagbag.py:538} INFO - Filling up the DagBag from /opt/airflow/dags/weekly_training_dag.py
[2026-06-24T09:07:54.867+0000] {processor.py:840} INFO - DAG(s) 'xray_weekly_training' retrieved from /opt/airflow/dags/weekly_training_dag.py
[2026-06-24T09:07:55.010+0000] {logging_mixin.py:188} INFO - [2026-06-24T09:07:55.010+0000] {dag.py:3033} INFO - Sync 1 DAGs
[2026-06-24T09:07:55.099+0000] {logging_mixin.py:188} INFO - [2026-06-24T09:07:55.098+0000] {dag.py:3820} INFO - Setting next_dagrun for xray_weekly_training to 2026-06-14T02:00:00+00:00, run_after=2026-06-21T02:00:00+00:00
[2026-06-24T09:07:55.230+0000] {processor.py:183} INFO - Processing /opt/airflow/dags/weekly_training_dag.py took 0.466 seconds
[2026-06-24T09:08:26.433+0000] {processor.py:161} INFO - Started process (PID=1031) to work on /opt/airflow/dags/weekly_training_dag.py
[2026-06-24T09:08:26.440+0000] {processor.py:830} INFO - Processing file /opt/airflow/dags/weekly_training_dag.py for tasks to queue
[2026-06-24T09:08:26.462+0000] {logging_mixin.py:188} INFO - [2026-06-24T09:08:26.444+0000] {dagbag.py:538} INFO - Filling up the DagBag from /opt/airflow/dags/weekly_training_dag.py
[2026-06-24T09:08:26.568+0000] {processor.py:840} INFO - DAG(s) 'xray_weekly_training' retrieved from /opt/airflow/dags/weekly_training_dag.py
[2026-06-24T09:08:26.704+0000] {logging_mixin.py:188} INFO - [2026-06-24T09:08:26.703+0000] {dag.py:3033} INFO - Sync 1 DAGs
[2026-06-24T09:08:26.768+0000] {logging_mixin.py:188} INFO - [2026-06-24T09:08:26.768+0000] {dag.py:3820} INFO - Setting next_dagrun for xray_weekly_training to 2026-06-14T02:00:00+00:00, run_after=2026-06-21T02:00:00+00:00
[2026-06-24T09:08:26.820+0000] {processor.py:183} INFO - Processing /opt/airflow/dags/weekly_training_dag.py took 0.408 seconds
[2026-06-24T09:08:57.444+0000] {processor.py:161} INFO - Started process (PID=1041) to work on /opt/airflow/dags/weekly_training_dag.py
[2026-06-24T09:08:57.450+0000] {processor.py:830} INFO - Processing file /opt/airflow/dags/weekly_training_dag.py for tasks to queue
[2026-06-24T09:08:57.455+0000] {logging_mixin.py:188} INFO - [2026-06-24T09:08:57.452+0000] {dagbag.py:538} INFO - Filling up the DagBag from /opt/airflow/dags/weekly_training_dag.py
[2026-06-24T09:08:57.540+0000] {processor.py:840} INFO - DAG(s) 'xray_weekly_training' retrieved from /opt/airflow/dags/weekly_training_dag.py
[2026-06-24T09:08:57.991+0000] {logging_mixin.py:188} INFO - [2026-06-24T09:08:57.962+0000] {dag.py:3033} INFO - Sync 1 DAGs
[2026-06-24T09:08:58.222+0000] {logging_mixin.py:188} INFO - [2026-06-24T09:08:58.222+0000] {dag.py:3820} INFO - Setting next_dagrun for xray_weekly_training to 2026-06-14T02:00:00+00:00, run_after=2026-06-21T02:00:00+00:00
[2026-06-24T09:08:58.797+0000] {processor.py:183} INFO - Processing /opt/airflow/dags/weekly_training_dag.py took 1.500 seconds
[2026-06-24T09:09:30.321+0000] {processor.py:161} INFO - Started process (PID=1052) to work on /opt/airflow/dags/weekly_training_dag.py
[2026-06-24T09:09:30.323+0000] {processor.py:830} INFO - Processing file /opt/airflow/dags/weekly_training_dag.py for tasks to queue
[2026-06-24T09:09:30.324+0000] {logging_mixin.py:188} INFO - [2026-06-24T09:09:30.324+0000] {dagbag.py:538} INFO - Filling up the DagBag from /opt/airflow/dags/weekly_training_dag.py
[2026-06-24T09:09:30.389+0000] {processor.py:840} INFO - DAG(s) 'xray_weekly_training' retrieved from /opt/airflow/dags/weekly_training_dag.py
[2026-06-24T09:09:30.456+0000] {logging_mixin.py:188} INFO - [2026-06-24T09:09:30.456+0000] {dag.py:3033} INFO - Sync 1 DAGs
[2026-06-24T09:09:30.500+0000] {logging_mixin.py:188} INFO - [2026-06-24T09:09:30.500+0000] {dag.py:3820} INFO - Setting next_dagrun for xray_weekly_training to 2026-06-14T02:00:00+00:00, run_after=2026-06-21T02:00:00+00:00
[2026-06-24T09:09:30.528+0000] {processor.py:183} INFO - Processing /opt/airflow/dags/weekly_training_dag.py took 0.212 seconds
[2026-06-24T09:10:01.733+0000] {processor.py:161} INFO - Started process (PID=1062) to work on /opt/airflow/dags/weekly_training_dag.py
[2026-06-24T09:10:01.745+0000] {processor.py:830} INFO - Processing file /opt/airflow/dags/weekly_training_dag.py for tasks to queue
[2026-06-24T09:10:01.754+0000] {logging_mixin.py:188} INFO - [2026-06-24T09:10:01.752+0000] {dagbag.py:538} INFO - Filling up the DagBag from /opt/airflow/dags/weekly_training_dag.py
[2026-06-24T09:10:02.081+0000] {processor.py:840} INFO - DAG(s) 'xray_weekly_training' retrieved from /opt/airflow/dags/weekly_training_dag.py
[2026-06-24T09:10:03.052+0000] {logging_mixin.py:188} INFO - [2026-06-24T09:10:03.048+0000] {dag.py:3033} INFO - Sync 1 DAGs
[2026-06-24T09:10:03.395+0000] {logging_mixin.py:188} INFO - [2026-06-24T09:10:03.388+0000] {dag.py:3820} INFO - Setting next_dagrun for xray_weekly_training to 2026-06-14T02:00:00+00:00, run_after=2026-06-21T02:00:00+00:00
[2026-06-24T09:10:03.582+0000] {processor.py:183} INFO - Processing /opt/airflow/dags/weekly_training_dag.py took 1.974 seconds
[2026-06-24T09:10:34.422+0000] {processor.py:161} INFO - Started process (PID=1072) to work on /opt/airflow/dags/weekly_training_dag.py
[2026-06-24T09:10:34.445+0000] {processor.py:830} INFO - Processing file /opt/airflow/dags/weekly_training_dag.py for tasks to queue
[2026-06-24T09:10:34.496+0000] {logging_mixin.py:188} INFO - [2026-06-24T09:10:34.473+0000] {dagbag.py:538} INFO - Filling up the DagBag from /opt/airflow/dags/weekly_training_dag.py
[2026-06-24T09:10:34.635+0000] {processor.py:840} INFO - DAG(s) 'xray_weekly_training' retrieved from /opt/airflow/dags/weekly_training_dag.py
[2026-06-24T09:10:35.009+0000] {logging_mixin.py:188} INFO - [2026-06-24T09:10:35.008+0000] {dag.py:3033} INFO - Sync 1 DAGs
[2026-06-24T09:10:35.245+0000] {logging_mixin.py:188} INFO - [2026-06-24T09:10:35.245+0000] {dag.py:3820} INFO - Setting next_dagrun for xray_weekly_training to 2026-06-14T02:00:00+00:00, run_after=2026-06-21T02:00:00+00:00
[2026-06-24T09:10:37.538+0000] {processor.py:183} INFO - Processing /opt/airflow/dags/weekly_training_dag.py took 3.164 seconds
[2026-06-24T09:11:11.373+0000] {processor.py:161} INFO - Started process (PID=1082) to work on /opt/airflow/dags/weekly_training_dag.py
[2026-06-24T09:11:11.380+0000] {processor.py:830} INFO - Processing file /opt/airflow/dags/weekly_training_dag.py for tasks to queue
[2026-06-24T09:11:11.388+0000] {logging_mixin.py:188} INFO - [2026-06-24T09:11:11.385+0000] {dagbag.py:538} INFO - Filling up the DagBag from /opt/airflow/dags/weekly_training_dag.py
[2026-06-24T09:11:11.762+0000] {processor.py:840} INFO - DAG(s) 'xray_weekly_training' retrieved from /opt/airflow/dags/weekly_training_dag.py
[2026-06-24T09:11:11.964+0000] {logging_mixin.py:188} INFO - [2026-06-24T09:11:11.964+0000] {dag.py:3033} INFO - Sync 1 DAGs
[2026-06-24T09:11:12.084+0000] {logging_mixin.py:188} INFO - [2026-06-24T09:11:12.083+0000] {dag.py:3820} INFO - Setting next_dagrun for xray_weekly_training to 2026-06-14T02:00:00+00:00, run_after=2026-06-21T02:00:00+00:00
[2026-06-24T09:11:12.157+0000] {processor.py:183} INFO - Processing /opt/airflow/dags/weekly_training_dag.py took 0.860 seconds
[2026-06-24T09:11:42.538+0000] {processor.py:161} INFO - Started process (PID=1092) to work on /opt/airflow/dags/weekly_training_dag.py
[2026-06-24T09:11:42.542+0000] {processor.py:830} INFO - Processing file /opt/airflow/dags/weekly_training_dag.py for tasks to queue
[2026-06-24T09:11:42.546+0000] {logging_mixin.py:188} INFO - [2026-06-24T09:11:42.545+0000] {dagbag.py:538} INFO - Filling up the DagBag from /opt/airflow/dags/weekly_training_dag.py
[2026-06-24T09:11:42.685+0000] {processor.py:840} INFO - DAG(s) 'xray_weekly_training' retrieved from /opt/airflow/dags/weekly_training_dag.py
[2026-06-24T09:11:42.986+0000] {logging_mixin.py:188} INFO - [2026-06-24T09:11:42.986+0000] {dag.py:3033} INFO - Sync 1 DAGs
[2026-06-24T09:11:43.115+0000] {logging_mixin.py:188} INFO - [2026-06-24T09:11:43.114+0000] {dag.py:3820} INFO - Setting next_dagrun for xray_weekly_training to 2026-06-14T02:00:00+00:00, run_after=2026-06-21T02:00:00+00:00
[2026-06-24T09:11:43.185+0000] {processor.py:183} INFO - Processing /opt/airflow/dags/weekly_training_dag.py took 0.688 seconds
[2026-06-24T09:12:13.512+0000] {processor.py:161} INFO - Started process (PID=1099) to work on /opt/airflow/dags/weekly_training_dag.py
[2026-06-24T09:12:13.527+0000] {processor.py:830} INFO - Processing file /opt/airflow/dags/weekly_training_dag.py for tasks to queue
[2026-06-24T09:12:13.534+0000] {logging_mixin.py:188} INFO - [2026-06-24T09:12:13.531+0000] {dagbag.py:538} INFO - Filling up the DagBag from /opt/airflow/dags/weekly_training_dag.py
[2026-06-24T09:12:13.653+0000] {processor.py:840} INFO - DAG(s) 'xray_weekly_training' retrieved from /opt/airflow/dags/weekly_training_dag.py
[2026-06-24T09:12:13.854+0000] {logging_mixin.py:188} INFO - [2026-06-24T09:12:13.852+0000] {dag.py:3033} INFO - Sync 1 DAGs
[2026-06-24T09:12:13.968+0000] {logging_mixin.py:188} INFO - [2026-06-24T09:12:13.967+0000] {dag.py:3820} INFO - Setting next_dagrun for xray_weekly_training to 2026-06-14T02:00:00+00:00, run_after=2026-06-21T02:00:00+00:00
[2026-06-24T09:12:14.054+0000] {processor.py:183} INFO - Processing /opt/airflow/dags/weekly_training_dag.py took 0.575 seconds
[2026-06-24T09:12:44.323+0000] {processor.py:161} INFO - Started process (PID=1112) to work on /opt/airflow/dags/weekly_training_dag.py
[2026-06-24T09:12:44.327+0000] {processor.py:830} INFO - Processing file /opt/airflow/dags/weekly_training_dag.py for tasks to queue
[2026-06-24T09:12:44.362+0000] {logging_mixin.py:188} INFO - [2026-06-24T09:12:44.339+0000] {dagbag.py:538} INFO - Filling up the DagBag from /opt/airflow/dags/weekly_training_dag.py
[2026-06-24T09:12:44.668+0000] {processor.py:840} INFO - DAG(s) 'xray_weekly_training' retrieved from /opt/airflow/dags/weekly_training_dag.py
[2026-06-24T09:12:48.244+0000] {logging_mixin.py:188} INFO - [2026-06-24T09:12:48.203+0000] {dag.py:3033} INFO - Sync 1 DAGs
[2026-06-24T09:12:48.433+0000] {logging_mixin.py:188} INFO - [2026-06-24T09:12:48.432+0000] {dag.py:3820} INFO - Setting next_dagrun for xray_weekly_training to 2026-06-14T02:00:00+00:00, run_after=2026-06-21T02:00:00+00:00
[2026-06-24T09:12:48.646+0000] {processor.py:183} INFO - Processing /opt/airflow/dags/weekly_training_dag.py took 4.352 seconds
[2026-06-24T09:13:27.425+0000] {processor.py:161} INFO - Started process (PID=1122) to work on /opt/airflow/dags/weekly_training_dag.py
[2026-06-24T09:13:27.431+0000] {processor.py:830} INFO - Processing file /opt/airflow/dags/weekly_training_dag.py for tasks to queue
[2026-06-24T09:13:27.437+0000] {logging_mixin.py:188} INFO - [2026-06-24T09:13:27.434+0000] {dagbag.py:538} INFO - Filling up the DagBag from /opt/airflow/dags/weekly_training_dag.py
[2026-06-24T09:13:27.588+0000] {processor.py:840} INFO - DAG(s) 'xray_weekly_training' retrieved from /opt/airflow/dags/weekly_training_dag.py
[2026-06-24T09:13:28.113+0000] {logging_mixin.py:188} INFO - [2026-06-24T09:13:28.110+0000] {dag.py:3033} INFO - Sync 1 DAGs
[2026-06-24T09:13:28.708+0000] {logging_mixin.py:188} INFO - [2026-06-24T09:13:28.706+0000] {dag.py:3820} INFO - Setting next_dagrun for xray_weekly_training to 2026-06-14T02:00:00+00:00, run_after=2026-06-21T02:00:00+00:00
[2026-06-24T09:13:28.951+0000] {processor.py:183} INFO - Processing /opt/airflow/dags/weekly_training_dag.py took 1.803 seconds
[2026-06-24T09:13:59.677+0000] {processor.py:161} INFO - Started process (PID=1131) to work on /opt/airflow/dags/weekly_training_dag.py
[2026-06-24T09:13:59.699+0000] {processor.py:830} INFO - Processing file /opt/airflow/dags/weekly_training_dag.py for tasks to queue
[2026-06-24T09:13:59.721+0000] {logging_mixin.py:188} INFO - [2026-06-24T09:13:59.712+0000] {dagbag.py:538} INFO - Filling up the DagBag from /opt/airflow/dags/weekly_training_dag.py
[2026-06-24T09:14:00.102+0000] {processor.py:840} INFO - DAG(s) 'xray_weekly_training' retrieved from /opt/airflow/dags/weekly_training_dag.py
[2026-06-24T09:14:00.474+0000] {logging_mixin.py:188} INFO - [2026-06-24T09:14:00.469+0000] {dag.py:3033} INFO - Sync 1 DAGs
[2026-06-24T09:14:00.757+0000] {logging_mixin.py:188} INFO - [2026-06-24T09:14:00.756+0000] {dag.py:3820} INFO - Setting next_dagrun for xray_weekly_training to 2026-06-14T02:00:00+00:00, run_after=2026-06-21T02:00:00+00:00
[2026-06-24T09:14:01.103+0000] {processor.py:183} INFO - Processing /opt/airflow/dags/weekly_training_dag.py took 1.507 seconds
[2026-06-24T09:14:33.490+0000] {processor.py:161} INFO - Started process (PID=1141) to work on /opt/airflow/dags/weekly_training_dag.py
[2026-06-24T09:14:33.506+0000] {processor.py:830} INFO - Processing file /opt/airflow/dags/weekly_training_dag.py for tasks to queue
[2026-06-24T09:14:33.542+0000] {logging_mixin.py:188} INFO - [2026-06-24T09:14:33.525+0000] {dagbag.py:538} INFO - Filling up the DagBag from /opt/airflow/dags/weekly_training_dag.py
[2026-06-24T09:14:33.874+0000] {processor.py:840} INFO - DAG(s) 'xray_weekly_training' retrieved from /opt/airflow/dags/weekly_training_dag.py
[2026-06-24T09:14:34.112+0000] {logging_mixin.py:188} INFO - [2026-06-24T09:14:34.111+0000] {dag.py:3033} INFO - Sync 1 DAGs
[2026-06-24T09:14:34.334+0000] {logging_mixin.py:188} INFO - [2026-06-24T09:14:34.334+0000] {dag.py:3820} INFO - Setting next_dagrun for xray_weekly_training to 2026-06-14T02:00:00+00:00, run_after=2026-06-21T02:00:00+00:00
[2026-06-24T09:14:34.507+0000] {processor.py:183} INFO - Processing /opt/airflow/dags/weekly_training_dag.py took 1.100 seconds
[2026-06-24T09:15:05.109+0000] {processor.py:161} INFO - Started process (PID=1151) to work on /opt/airflow/dags/weekly_training_dag.py
[2026-06-24T09:15:05.119+0000] {processor.py:830} INFO - Processing file /opt/airflow/dags/weekly_training_dag.py for tasks to queue
[2026-06-24T09:15:05.127+0000] {logging_mixin.py:188} INFO - [2026-06-24T09:15:05.123+0000] {dagbag.py:538} INFO - Filling up the DagBag from /opt/airflow/dags/weekly_training_dag.py
[2026-06-24T09:15:05.338+0000] {processor.py:840} INFO - DAG(s) 'xray_weekly_training' retrieved from /opt/airflow/dags/weekly_training_dag.py
[2026-06-24T09:15:05.582+0000] {logging_mixin.py:188} INFO - [2026-06-24T09:15:05.582+0000] {dag.py:3033} INFO - Sync 1 DAGs
[2026-06-24T09:15:05.718+0000] {logging_mixin.py:188} INFO - [2026-06-24T09:15:05.718+0000] {dag.py:3820} INFO - Setting next_dagrun for xray_weekly_training to 2026-06-14T02:00:00+00:00, run_after=2026-06-21T02:00:00+00:00
[2026-06-24T09:15:06.178+0000] {processor.py:183} INFO - Processing /opt/airflow/dags/weekly_training_dag.py took 1.122 seconds
[2026-06-24T09:15:36.864+0000] {processor.py:161} INFO - Started process (PID=1161) to work on /opt/airflow/dags/weekly_training_dag.py
[2026-06-24T09:15:36.871+0000] {processor.py:830} INFO - Processing file /opt/airflow/dags/weekly_training_dag.py for tasks to queue
[2026-06-24T09:15:36.876+0000] {logging_mixin.py:188} INFO - [2026-06-24T09:15:36.875+0000] {dagbag.py:538} INFO - Filling up the DagBag from /opt/airflow/dags/weekly_training_dag.py
[2026-06-24T09:15:36.986+0000] {processor.py:840} INFO - DAG(s) 'xray_weekly_training' retrieved from /opt/airflow/dags/weekly_training_dag.py
[2026-06-24T09:15:37.199+0000] {logging_mixin.py:188} INFO - [2026-06-24T09:15:37.198+0000] {dag.py:3033} INFO - Sync 1 DAGs
[2026-06-24T09:15:37.316+0000] {logging_mixin.py:188} INFO - [2026-06-24T09:15:37.315+0000] {dag.py:3820} INFO - Setting next_dagrun for xray_weekly_training to 2026-06-14T02:00:00+00:00, run_after=2026-06-21T02:00:00+00:00
[2026-06-24T09:15:37.417+0000] {processor.py:183} INFO - Processing /opt/airflow/dags/weekly_training_dag.py took 0.582 seconds
[2026-06-24T09:16:07.850+0000] {processor.py:161} INFO - Started process (PID=1172) to work on /opt/airflow/dags/weekly_training_dag.py
[2026-06-24T09:16:07.853+0000] {processor.py:830} INFO - Processing file /opt/airflow/dags/weekly_training_dag.py for tasks to queue
[2026-06-24T09:16:07.860+0000] {logging_mixin.py:188} INFO - [2026-06-24T09:16:07.858+0000] {dagbag.py:538} INFO - Filling up the DagBag from /opt/airflow/dags/weekly_training_dag.py
[2026-06-24T09:16:07.991+0000] {processor.py:840} INFO - DAG(s) 'xray_weekly_training' retrieved from /opt/airflow/dags/weekly_training_dag.py
[2026-06-24T09:16:08.225+0000] {logging_mixin.py:188} INFO - [2026-06-24T09:16:08.225+0000] {dag.py:3033} INFO - Sync 1 DAGs
[2026-06-24T09:16:08.320+0000] {logging_mixin.py:188} INFO - [2026-06-24T09:16:08.320+0000] {dag.py:3820} INFO - Setting next_dagrun for xray_weekly_training to 2026-06-14T02:00:00+00:00, run_after=2026-06-21T02:00:00+00:00
[2026-06-24T09:16:08.403+0000] {processor.py:183} INFO - Processing /opt/airflow/dags/weekly_training_dag.py took 0.569 seconds
[2026-06-24T09:16:39.371+0000] {processor.py:161} INFO - Started process (PID=1181) to work on /opt/airflow/dags/weekly_training_dag.py
[2026-06-24T09:16:39.376+0000] {processor.py:830} INFO - Processing file /opt/airflow/dags/weekly_training_dag.py for tasks to queue
[2026-06-24T09:16:39.382+0000] {logging_mixin.py:188} INFO - [2026-06-24T09:16:39.381+0000] {dagbag.py:538} INFO - Filling up the DagBag from /opt/airflow/dags/weekly_training_dag.py
[2026-06-24T09:16:39.491+0000] {processor.py:840} INFO - DAG(s) 'xray_weekly_training' retrieved from /opt/airflow/dags/weekly_training_dag.py
[2026-06-24T09:16:39.703+0000] {logging_mixin.py:188} INFO - [2026-06-24T09:16:39.702+0000] {dag.py:3033} INFO - Sync 1 DAGs
[2026-06-24T09:16:39.866+0000] {logging_mixin.py:188} INFO - [2026-06-24T09:16:39.862+0000] {dag.py:3820} INFO - Setting next_dagrun for xray_weekly_training to 2026-06-14T02:00:00+00:00, run_after=2026-06-21T02:00:00+00:00
[2026-06-24T09:16:40.006+0000] {processor.py:183} INFO - Processing /opt/airflow/dags/weekly_training_dag.py took 0.663 seconds
[2026-06-24T09:17:10.440+0000] {processor.py:161} INFO - Started process (PID=1192) to work on /opt/airflow/dags/weekly_training_dag.py
[2026-06-24T09:17:10.446+0000] {processor.py:830} INFO - Processing file /opt/airflow/dags/weekly_training_dag.py for tasks to queue
[2026-06-24T09:17:10.461+0000] {logging_mixin.py:188} INFO - [2026-06-24T09:17:10.459+0000] {dagbag.py:538} INFO - Filling up the DagBag from /opt/airflow/dags/weekly_training_dag.py
[2026-06-24T09:17:10.528+0000] {processor.py:840} INFO - DAG(s) 'xray_weekly_training' retrieved from /opt/airflow/dags/weekly_training_dag.py
[2026-06-24T09:17:10.703+0000] {logging_mixin.py:188} INFO - [2026-06-24T09:17:10.703+0000] {dag.py:3033} INFO - Sync 1 DAGs
[2026-06-24T09:17:10.787+0000] {logging_mixin.py:188} INFO - [2026-06-24T09:17:10.786+0000] {dag.py:3820} INFO - Setting next_dagrun for xray_weekly_training to 2026-06-14T02:00:00+00:00, run_after=2026-06-21T02:00:00+00:00
[2026-06-24T09:17:10.862+0000] {processor.py:183} INFO - Processing /opt/airflow/dags/weekly_training_dag.py took 0.436 seconds
[2026-06-24T09:17:42.882+0000] {processor.py:161} INFO - Started process (PID=1202) to work on /opt/airflow/dags/weekly_training_dag.py
[2026-06-24T09:17:42.889+0000] {processor.py:830} INFO - Processing file /opt/airflow/dags/weekly_training_dag.py for tasks to queue
[2026-06-24T09:17:42.895+0000] {logging_mixin.py:188} INFO - [2026-06-24T09:17:42.893+0000] {dagbag.py:538} INFO - Filling up the DagBag from /opt/airflow/dags/weekly_training_dag.py
[2026-06-24T09:17:43.152+0000] {processor.py:840} INFO - DAG(s) 'xray_weekly_training' retrieved from /opt/airflow/dags/weekly_training_dag.py
[2026-06-24T09:17:43.431+0000] {logging_mixin.py:188} INFO - [2026-06-24T09:17:43.431+0000] {dag.py:3033} INFO - Sync 1 DAGs
[2026-06-24T09:17:43.522+0000] {logging_mixin.py:188} INFO - [2026-06-24T09:17:43.522+0000] {dag.py:3820} INFO - Setting next_dagrun for xray_weekly_training to 2026-06-14T02:00:00+00:00, run_after=2026-06-21T02:00:00+00:00
[2026-06-24T09:17:43.616+0000] {processor.py:183} INFO - Processing /opt/airflow/dags/weekly_training_dag.py took 0.783 seconds
[2026-06-24T09:18:15.276+0000] {processor.py:161} INFO - Started process (PID=1211) to work on /opt/airflow/dags/weekly_training_dag.py
[2026-06-24T09:18:15.298+0000] {processor.py:830} INFO - Processing file /opt/airflow/dags/weekly_training_dag.py for tasks to queue
[2026-06-24T09:18:15.307+0000] {logging_mixin.py:188} INFO - [2026-06-24T09:18:15.302+0000] {dagbag.py:538} INFO - Filling up the DagBag from /opt/airflow/dags/weekly_training_dag.py
[2026-06-24T09:18:15.581+0000] {processor.py:840} INFO - DAG(s) 'xray_weekly_training' retrieved from /opt/airflow/dags/weekly_training_dag.py
[2026-06-24T09:18:15.776+0000] {logging_mixin.py:188} INFO - [2026-06-24T09:18:15.775+0000] {dag.py:3033} INFO - Sync 1 DAGs
[2026-06-24T09:18:15.986+0000] {logging_mixin.py:188} INFO - [2026-06-24T09:18:15.986+0000] {dag.py:3820} INFO - Setting next_dagrun for xray_weekly_training to 2026-06-14T02:00:00+00:00, run_after=2026-06-21T02:00:00+00:00
[2026-06-24T09:18:16.140+0000] {processor.py:183} INFO - Processing /opt/airflow/dags/weekly_training_dag.py took 0.902 seconds
[2026-06-24T09:18:46.795+0000] {processor.py:161} INFO - Started process (PID=1222) to work on /opt/airflow/dags/weekly_training_dag.py
[2026-06-24T09:18:46.797+0000] {processor.py:830} INFO - Processing file /opt/airflow/dags/weekly_training_dag.py for tasks to queue
[2026-06-24T09:18:46.799+0000] {logging_mixin.py:188} INFO - [2026-06-24T09:18:46.799+0000] {dagbag.py:538} INFO - Filling up the DagBag from /opt/airflow/dags/weekly_training_dag.py
[2026-06-24T09:18:46.893+0000] {processor.py:840} INFO - DAG(s) 'xray_weekly_training' retrieved from /opt/airflow/dags/weekly_training_dag.py
[2026-06-24T09:18:47.043+0000] {logging_mixin.py:188} INFO - [2026-06-24T09:18:47.043+0000] {dag.py:3033} INFO - Sync 1 DAGs
[2026-06-24T09:18:47.137+0000] {logging_mixin.py:188} INFO - [2026-06-24T09:18:47.136+0000] {dag.py:3820} INFO - Setting next_dagrun for xray_weekly_training to 2026-06-14T02:00:00+00:00, run_after=2026-06-21T02:00:00+00:00
[2026-06-24T09:18:47.275+0000] {processor.py:183} INFO - Processing /opt/airflow/dags/weekly_training_dag.py took 0.491 seconds
[2026-06-24T09:19:17.380+0000] {processor.py:161} INFO - Started process (PID=1231) to work on /opt/airflow/dags/weekly_training_dag.py
[2026-06-24T09:19:17.383+0000] {processor.py:830} INFO - Processing file /opt/airflow/dags/weekly_training_dag.py for tasks to queue
[2026-06-24T09:19:17.386+0000] {logging_mixin.py:188} INFO - [2026-06-24T09:19:17.385+0000] {dagbag.py:538} INFO - Filling up the DagBag from /opt/airflow/dags/weekly_training_dag.py
[2026-06-24T09:19:17.426+0000] {processor.py:840} INFO - DAG(s) 'xray_weekly_training' retrieved from /opt/airflow/dags/weekly_training_dag.py
[2026-06-24T09:19:17.493+0000] {logging_mixin.py:188} INFO - [2026-06-24T09:19:17.492+0000] {dag.py:3033} INFO - Sync 1 DAGs
[2026-06-24T09:19:17.559+0000] {logging_mixin.py:188} INFO - [2026-06-24T09:19:17.558+0000] {dag.py:3820} INFO - Setting next_dagrun for xray_weekly_training to 2026-06-14T02:00:00+00:00, run_after=2026-06-21T02:00:00+00:00
[2026-06-24T09:19:17.602+0000] {processor.py:183} INFO - Processing /opt/airflow/dags/weekly_training_dag.py took 0.233 seconds
[2026-06-24T09:19:47.968+0000] {processor.py:161} INFO - Started process (PID=1242) to work on /opt/airflow/dags/weekly_training_dag.py
[2026-06-24T09:19:47.973+0000] {processor.py:830} INFO - Processing file /opt/airflow/dags/weekly_training_dag.py for tasks to queue
[2026-06-24T09:19:47.980+0000] {logging_mixin.py:188} INFO - [2026-06-24T09:19:47.979+0000] {dagbag.py:538} INFO - Filling up the DagBag from /opt/airflow/dags/weekly_training_dag.py
[2026-06-24T09:19:48.058+0000] {processor.py:840} INFO - DAG(s) 'xray_weekly_training' retrieved from /opt/airflow/dags/weekly_training_dag.py
[2026-06-24T09:19:48.187+0000] {logging_mixin.py:188} INFO - [2026-06-24T09:19:48.187+0000] {dag.py:3033} INFO - Sync 1 DAGs
[2026-06-24T09:19:48.241+0000] {logging_mixin.py:188} INFO - [2026-06-24T09:19:48.241+0000] {dag.py:3820} INFO - Setting next_dagrun for xray_weekly_training to 2026-06-14T02:00:00+00:00, run_after=2026-06-21T02:00:00+00:00
[2026-06-24T09:19:48.282+0000] {processor.py:183} INFO - Processing /opt/airflow/dags/weekly_training_dag.py took 0.326 seconds
[2026-06-24T09:20:18.625+0000] {processor.py:161} INFO - Started process (PID=1252) to work on /opt/airflow/dags/weekly_training_dag.py
[2026-06-24T09:20:18.629+0000] {processor.py:830} INFO - Processing file /opt/airflow/dags/weekly_training_dag.py for tasks to queue
[2026-06-24T09:20:18.633+0000] {logging_mixin.py:188} INFO - [2026-06-24T09:20:18.631+0000] {dagbag.py:538} INFO - Filling up the DagBag from /opt/airflow/dags/weekly_training_dag.py
[2026-06-24T09:20:18.695+0000] {processor.py:840} INFO - DAG(s) 'xray_weekly_training' retrieved from /opt/airflow/dags/weekly_training_dag.py
[2026-06-24T09:20:18.789+0000] {logging_mixin.py:188} INFO - [2026-06-24T09:20:18.788+0000] {dag.py:3033} INFO - Sync 1 DAGs
[2026-06-24T09:20:18.851+0000] {logging_mixin.py:188} INFO - [2026-06-24T09:20:18.851+0000] {dag.py:3820} INFO - Setting next_dagrun for xray_weekly_training to 2026-06-14T02:00:00+00:00, run_after=2026-06-21T02:00:00+00:00
[2026-06-24T09:20:18.915+0000] {processor.py:183} INFO - Processing /opt/airflow/dags/weekly_training_dag.py took 0.303 seconds
[2026-06-24T09:20:49.554+0000] {processor.py:161} INFO - Started process (PID=1261) to work on /opt/airflow/dags/weekly_training_dag.py
[2026-06-24T09:20:49.562+0000] {processor.py:830} INFO - Processing file /opt/airflow/dags/weekly_training_dag.py for tasks to queue
[2026-06-24T09:20:49.576+0000] {logging_mixin.py:188} INFO - [2026-06-24T09:20:49.573+0000] {dagbag.py:538} INFO - Filling up the DagBag from /opt/airflow/dags/weekly_training_dag.py
[2026-06-24T09:20:49.756+0000] {processor.py:840} INFO - DAG(s) 'xray_weekly_training' retrieved from /opt/airflow/dags/weekly_training_dag.py
[2026-06-24T09:20:50.487+0000] {logging_mixin.py:188} INFO - [2026-06-24T09:20:50.486+0000] {dag.py:3033} INFO - Sync 1 DAGs
[2026-06-24T09:20:50.747+0000] {logging_mixin.py:188} INFO - [2026-06-24T09:20:50.746+0000] {dag.py:3820} INFO - Setting next_dagrun for xray_weekly_training to 2026-06-14T02:00:00+00:00, run_after=2026-06-21T02:00:00+00:00
[2026-06-24T09:20:50.850+0000] {processor.py:183} INFO - Processing /opt/airflow/dags/weekly_training_dag.py took 1.333 seconds
[2026-06-24T09:21:21.216+0000] {processor.py:161} INFO - Started process (PID=1272) to work on /opt/airflow/dags/weekly_training_dag.py
[2026-06-24T09:21:21.224+0000] {processor.py:830} INFO - Processing file /opt/airflow/dags/weekly_training_dag.py for tasks to queue
[2026-06-24T09:21:21.229+0000] {logging_mixin.py:188} INFO - [2026-06-24T09:21:21.229+0000] {dagbag.py:538} INFO - Filling up the DagBag from /opt/airflow/dags/weekly_training_dag.py
[2026-06-24T09:21:21.306+0000] {processor.py:840} INFO - DAG(s) 'xray_weekly_training' retrieved from /opt/airflow/dags/weekly_training_dag.py
[2026-06-24T09:21:21.392+0000] {logging_mixin.py:188} INFO - [2026-06-24T09:21:21.392+0000] {dag.py:3033} INFO - Sync 1 DAGs
[2026-06-24T09:21:21.435+0000] {logging_mixin.py:188} INFO - [2026-06-24T09:21:21.435+0000] {dag.py:3820} INFO - Setting next_dagrun for xray_weekly_training to 2026-06-14T02:00:00+00:00, run_after=2026-06-21T02:00:00+00:00
[2026-06-24T09:21:21.469+0000] {processor.py:183} INFO - Processing /opt/airflow/dags/weekly_training_dag.py took 0.279 seconds
[2026-06-24T09:21:51.696+0000] {processor.py:161} INFO - Started process (PID=1282) to work on /opt/airflow/dags/weekly_training_dag.py
[2026-06-24T09:21:51.700+0000] {processor.py:830} INFO - Processing file /opt/airflow/dags/weekly_training_dag.py for tasks to queue
[2026-06-24T09:21:51.702+0000] {logging_mixin.py:188} INFO - [2026-06-24T09:21:51.702+0000] {dagbag.py:538} INFO - Filling up the DagBag from /opt/airflow/dags/weekly_training_dag.py
[2026-06-24T09:21:51.755+0000] {processor.py:840} INFO - DAG(s) 'xray_weekly_training' retrieved from /opt/airflow/dags/weekly_training_dag.py
[2026-06-24T09:21:51.838+0000] {logging_mixin.py:188} INFO - [2026-06-24T09:21:51.838+0000] {dag.py:3033} INFO - Sync 1 DAGs
[2026-06-24T09:21:51.909+0000] {logging_mixin.py:188} INFO - [2026-06-24T09:21:51.908+0000] {dag.py:3820} INFO - Setting next_dagrun for xray_weekly_training to 2026-06-14T02:00:00+00:00, run_after=2026-06-21T02:00:00+00:00
[2026-06-24T09:21:51.955+0000] {processor.py:183} INFO - Processing /opt/airflow/dags/weekly_training_dag.py took 0.270 seconds
[2026-06-24T09:22:22.526+0000] {processor.py:161} INFO - Started process (PID=1292) to work on /opt/airflow/dags/weekly_training_dag.py
[2026-06-24T09:22:22.529+0000] {processor.py:830} INFO - Processing file /opt/airflow/dags/weekly_training_dag.py for tasks to queue
[2026-06-24T09:22:22.538+0000] {logging_mixin.py:188} INFO - [2026-06-24T09:22:22.532+0000] {dagbag.py:538} INFO - Filling up the DagBag from /opt/airflow/dags/weekly_training_dag.py
[2026-06-24T09:22:22.624+0000] {processor.py:840} INFO - DAG(s) 'xray_weekly_training' retrieved from /opt/airflow/dags/weekly_training_dag.py
[2026-06-24T09:22:22.839+0000] {logging_mixin.py:188} INFO - [2026-06-24T09:22:22.838+0000] {dag.py:3033} INFO - Sync 1 DAGs
[2026-06-24T09:22:23.040+0000] {logging_mixin.py:188} INFO - [2026-06-24T09:22:23.040+0000] {dag.py:3820} INFO - Setting next_dagrun for xray_weekly_training to 2026-06-14T02:00:00+00:00, run_after=2026-06-21T02:00:00+00:00
[2026-06-24T09:22:23.244+0000] {processor.py:183} INFO - Processing /opt/airflow/dags/weekly_training_dag.py took 0.734 seconds
[2026-06-24T09:22:53.565+0000] {processor.py:161} INFO - Started process (PID=1302) to work on /opt/airflow/dags/weekly_training_dag.py
[2026-06-24T09:22:53.566+0000] {processor.py:830} INFO - Processing file /opt/airflow/dags/weekly_training_dag.py for tasks to queue
[2026-06-24T09:22:53.568+0000] {logging_mixin.py:188} INFO - [2026-06-24T09:22:53.567+0000] {dagbag.py:538} INFO - Filling up the DagBag from /opt/airflow/dags/weekly_training_dag.py
[2026-06-24T09:22:53.606+0000] {processor.py:840} INFO - DAG(s) 'xray_weekly_training' retrieved from /opt/airflow/dags/weekly_training_dag.py
[2026-06-24T09:22:53.675+0000] {logging_mixin.py:188} INFO - [2026-06-24T09:22:53.675+0000] {dag.py:3033} INFO - Sync 1 DAGs
[2026-06-24T09:22:53.720+0000] {logging_mixin.py:188} INFO - [2026-06-24T09:22:53.720+0000] {dag.py:3820} INFO - Setting next_dagrun for xray_weekly_training to 2026-06-14T02:00:00+00:00, run_after=2026-06-21T02:00:00+00:00
[2026-06-24T09:22:53.758+0000] {processor.py:183} INFO - Processing /opt/airflow/dags/weekly_training_dag.py took 0.199 seconds
[2026-06-24T09:23:24.147+0000] {processor.py:161} INFO - Started process (PID=1311) to work on /opt/airflow/dags/weekly_training_dag.py
[2026-06-24T09:23:24.152+0000] {processor.py:830} INFO - Processing file /opt/airflow/dags/weekly_training_dag.py for tasks to queue
[2026-06-24T09:23:24.161+0000] {logging_mixin.py:188} INFO - [2026-06-24T09:23:24.158+0000] {dagbag.py:538} INFO - Filling up the DagBag from /opt/airflow/dags/weekly_training_dag.py
[2026-06-24T09:23:24.226+0000] {processor.py:840} INFO - DAG(s) 'xray_weekly_training' retrieved from /opt/airflow/dags/weekly_training_dag.py
[2026-06-24T09:23:24.328+0000] {logging_mixin.py:188} INFO - [2026-06-24T09:23:24.327+0000] {dag.py:3033} INFO - Sync 1 DAGs
[2026-06-24T09:23:24.419+0000] {logging_mixin.py:188} INFO - [2026-06-24T09:23:24.419+0000] {dag.py:3820} INFO - Setting next_dagrun for xray_weekly_training to 2026-06-14T02:00:00+00:00, run_after=2026-06-21T02:00:00+00:00
[2026-06-24T09:23:24.487+0000] {processor.py:183} INFO - Processing /opt/airflow/dags/weekly_training_dag.py took 0.352 seconds
[2026-06-24T09:23:55.641+0000] {processor.py:161} INFO - Started process (PID=1322) to work on /opt/airflow/dags/weekly_training_dag.py
[2026-06-24T09:23:55.646+0000] {processor.py:830} INFO - Processing file /opt/airflow/dags/weekly_training_dag.py for tasks to queue
[2026-06-24T09:23:55.656+0000] {logging_mixin.py:188} INFO - [2026-06-24T09:23:55.655+0000] {dagbag.py:538} INFO - Filling up the DagBag from /opt/airflow/dags/weekly_training_dag.py
[2026-06-24T09:23:55.765+0000] {processor.py:840} INFO - DAG(s) 'xray_weekly_training' retrieved from /opt/airflow/dags/weekly_training_dag.py
[2026-06-24T09:23:56.483+0000] {logging_mixin.py:188} INFO - [2026-06-24T09:23:56.482+0000] {dag.py:3033} INFO - Sync 1 DAGs
[2026-06-24T09:23:56.610+0000] {logging_mixin.py:188} INFO - [2026-06-24T09:23:56.610+0000] {dag.py:3820} INFO - Setting next_dagrun for xray_weekly_training to 2026-06-14T02:00:00+00:00, run_after=2026-06-21T02:00:00+00:00
[2026-06-24T09:23:56.684+0000] {processor.py:183} INFO - Processing /opt/airflow/dags/weekly_training_dag.py took 1.056 seconds
[2026-06-24T09:24:28.173+0000] {processor.py:161} INFO - Started process (PID=1330) to work on /opt/airflow/dags/weekly_training_dag.py
[2026-06-24T09:24:28.340+0000] {processor.py:830} INFO - Processing file /opt/airflow/dags/weekly_training_dag.py for tasks to queue
[2026-06-24T09:24:28.350+0000] {logging_mixin.py:188} INFO - [2026-06-24T09:24:28.348+0000] {dagbag.py:538} INFO - Filling up the DagBag from /opt/airflow/dags/weekly_training_dag.py
[2026-06-24T09:24:28.858+0000] {processor.py:840} INFO - DAG(s) 'xray_weekly_training' retrieved from /opt/airflow/dags/weekly_training_dag.py
[2026-06-24T09:24:29.154+0000] {logging_mixin.py:188} INFO - [2026-06-24T09:24:29.154+0000] {dag.py:3033} INFO - Sync 1 DAGs
[2026-06-24T09:24:29.277+0000] {logging_mixin.py:188} INFO - [2026-06-24T09:24:29.277+0000] {dag.py:3820} INFO - Setting next_dagrun for xray_weekly_training to 2026-06-14T02:00:00+00:00, run_after=2026-06-21T02:00:00+00:00
[2026-06-24T09:24:29.398+0000] {processor.py:183} INFO - Processing /opt/airflow/dags/weekly_training_dag.py took 1.617 seconds
[2026-06-24T09:25:00.665+0000] {processor.py:161} INFO - Started process (PID=1342) to work on /opt/airflow/dags/weekly_training_dag.py
[2026-06-24T09:25:00.674+0000] {processor.py:830} INFO - Processing file /opt/airflow/dags/weekly_training_dag.py for tasks to queue
[2026-06-24T09:25:00.679+0000] {logging_mixin.py:188} INFO - [2026-06-24T09:25:00.678+0000] {dagbag.py:538} INFO - Filling up the DagBag from /opt/airflow/dags/weekly_training_dag.py
[2026-06-24T09:25:00.815+0000] {processor.py:840} INFO - DAG(s) 'xray_weekly_training' retrieved from /opt/airflow/dags/weekly_training_dag.py
[2026-06-24T09:25:01.190+0000] {logging_mixin.py:188} INFO - [2026-06-24T09:25:01.190+0000] {dag.py:3033} INFO - Sync 1 DAGs
[2026-06-24T09:25:01.357+0000] {logging_mixin.py:188} INFO - [2026-06-24T09:25:01.356+0000] {dag.py:3820} INFO - Setting next_dagrun for xray_weekly_training to 2026-06-14T02:00:00+00:00, run_after=2026-06-21T02:00:00+00:00
[2026-06-24T09:25:01.761+0000] {processor.py:183} INFO - Processing /opt/airflow/dags/weekly_training_dag.py took 1.116 seconds
[2026-06-24T09:25:32.784+0000] {processor.py:161} INFO - Started process (PID=1351) to work on /opt/airflow/dags/weekly_training_dag.py
[2026-06-24T09:25:32.787+0000] {processor.py:830} INFO - Processing file /opt/airflow/dags/weekly_training_dag.py for tasks to queue
[2026-06-24T09:25:32.789+0000] {logging_mixin.py:188} INFO - [2026-06-24T09:25:32.789+0000] {dagbag.py:538} INFO - Filling up the DagBag from /opt/airflow/dags/weekly_training_dag.py
[2026-06-24T09:25:32.878+0000] {processor.py:840} INFO - DAG(s) 'xray_weekly_training' retrieved from /opt/airflow/dags/weekly_training_dag.py
[2026-06-24T09:25:33.007+0000] {logging_mixin.py:188} INFO - [2026-06-24T09:25:33.006+0000] {dag.py:3033} INFO - Sync 1 DAGs
[2026-06-24T09:25:33.092+0000] {logging_mixin.py:188} INFO - [2026-06-24T09:25:33.092+0000] {dag.py:3820} INFO - Setting next_dagrun for xray_weekly_training to 2026-06-14T02:00:00+00:00, run_after=2026-06-21T02:00:00+00:00
[2026-06-24T09:25:33.151+0000] {processor.py:183} INFO - Processing /opt/airflow/dags/weekly_training_dag.py took 0.386 seconds
[2026-06-24T09:26:03.734+0000] {processor.py:161} INFO - Started process (PID=1362) to work on /opt/airflow/dags/weekly_training_dag.py
[2026-06-24T09:26:03.738+0000] {processor.py:830} INFO - Processing file /opt/airflow/dags/weekly_training_dag.py for tasks to queue
[2026-06-24T09:26:03.768+0000] {logging_mixin.py:188} INFO - [2026-06-24T09:26:03.764+0000] {dagbag.py:538} INFO - Filling up the DagBag from /opt/airflow/dags/weekly_training_dag.py
[2026-06-24T09:26:03.895+0000] {processor.py:840} INFO - DAG(s) 'xray_weekly_training' retrieved from /opt/airflow/dags/weekly_training_dag.py
[2026-06-24T09:26:04.055+0000] {logging_mixin.py:188} INFO - [2026-06-24T09:26:04.055+0000] {dag.py:3033} INFO - Sync 1 DAGs
[2026-06-24T09:26:04.175+0000] {logging_mixin.py:188} INFO - [2026-06-24T09:26:04.175+0000] {dag.py:3820} INFO - Setting next_dagrun for xray_weekly_training to 2026-06-14T02:00:00+00:00, run_after=2026-06-21T02:00:00+00:00
[2026-06-24T09:26:04.311+0000] {processor.py:183} INFO - Processing /opt/airflow/dags/weekly_training_dag.py took 0.617 seconds
[2026-06-24T09:26:34.738+0000] {processor.py:161} INFO - Started process (PID=1372) to work on /opt/airflow/dags/weekly_training_dag.py
[2026-06-24T09:26:34.747+0000] {processor.py:830} INFO - Processing file /opt/airflow/dags/weekly_training_dag.py for tasks to queue
[2026-06-24T09:26:34.766+0000] {logging_mixin.py:188} INFO - [2026-06-24T09:26:34.756+0000] {dagbag.py:538} INFO - Filling up the DagBag from /opt/airflow/dags/weekly_training_dag.py
[2026-06-24T09:26:34.992+0000] {processor.py:840} INFO - DAG(s) 'xray_weekly_training' retrieved from /opt/airflow/dags/weekly_training_dag.py
[2026-06-24T09:26:35.309+0000] {logging_mixin.py:188} INFO - [2026-06-24T09:26:35.308+0000] {dag.py:3033} INFO - Sync 1 DAGs
[2026-06-24T09:26:35.522+0000] {logging_mixin.py:188} INFO - [2026-06-24T09:26:35.522+0000] {dag.py:3820} INFO - Setting next_dagrun for xray_weekly_training to 2026-06-14T02:00:00+00:00, run_after=2026-06-21T02:00:00+00:00
[2026-06-24T09:26:35.694+0000] {processor.py:183} INFO - Processing /opt/airflow/dags/weekly_training_dag.py took 1.008 seconds
[2026-06-24T09:27:07.783+0000] {processor.py:161} INFO - Started process (PID=1382) to work on /opt/airflow/dags/weekly_training_dag.py
[2026-06-24T09:27:07.896+0000] {processor.py:830} INFO - Processing file /opt/airflow/dags/weekly_training_dag.py for tasks to queue
[2026-06-24T09:27:07.910+0000] {logging_mixin.py:188} INFO - [2026-06-24T09:27:07.904+0000] {dagbag.py:538} INFO - Filling up the DagBag from /opt/airflow/dags/weekly_training_dag.py
[2026-06-24T09:27:08.153+0000] {processor.py:840} INFO - DAG(s) 'xray_weekly_training' retrieved from /opt/airflow/dags/weekly_training_dag.py
[2026-06-24T09:27:08.610+0000] {logging_mixin.py:188} INFO - [2026-06-24T09:27:08.609+0000] {dag.py:3033} INFO - Sync 1 DAGs
[2026-06-24T09:27:08.790+0000] {logging_mixin.py:188} INFO - [2026-06-24T09:27:08.788+0000] {dag.py:3820} INFO - Setting next_dagrun for xray_weekly_training to 2026-06-14T02:00:00+00:00, run_after=2026-06-21T02:00:00+00:00
[2026-06-24T09:27:08.960+0000] {processor.py:183} INFO - Processing /opt/airflow/dags/weekly_training_dag.py took 1.222 seconds
[2026-06-24T09:27:39.972+0000] {processor.py:161} INFO - Started process (PID=1392) to work on /opt/airflow/dags/weekly_training_dag.py
[2026-06-24T09:27:39.976+0000] {processor.py:830} INFO - Processing file /opt/airflow/dags/weekly_training_dag.py for tasks to queue
[2026-06-24T09:27:39.982+0000] {logging_mixin.py:188} INFO - [2026-06-24T09:27:39.981+0000] {dagbag.py:538} INFO - Filling up the DagBag from /opt/airflow/dags/weekly_training_dag.py
[2026-06-24T09:27:40.037+0000] {processor.py:840} INFO - DAG(s) 'xray_weekly_training' retrieved from /opt/airflow/dags/weekly_training_dag.py
[2026-06-24T09:27:40.252+0000] {logging_mixin.py:188} INFO - [2026-06-24T09:27:40.252+0000] {dag.py:3033} INFO - Sync 1 DAGs
[2026-06-24T09:27:40.617+0000] {logging_mixin.py:188} INFO - [2026-06-24T09:27:40.616+0000] {dag.py:3820} INFO - Setting next_dagrun for xray_weekly_training to 2026-06-14T02:00:00+00:00, run_after=2026-06-21T02:00:00+00:00
[2026-06-24T09:27:41.196+0000] {processor.py:183} INFO - Processing /opt/airflow/dags/weekly_training_dag.py took 1.243 seconds
[2026-06-24T09:28:11.791+0000] {processor.py:161} INFO - Started process (PID=1402) to work on /opt/airflow/dags/weekly_training_dag.py
[2026-06-24T09:28:11.806+0000] {processor.py:830} INFO - Processing file /opt/airflow/dags/weekly_training_dag.py for tasks to queue
[2026-06-24T09:28:11.820+0000] {logging_mixin.py:188} INFO - [2026-06-24T09:28:11.814+0000] {dagbag.py:538} INFO - Filling up the DagBag from /opt/airflow/dags/weekly_training_dag.py
[2026-06-24T09:28:11.963+0000] {processor.py:840} INFO - DAG(s) 'xray_weekly_training' retrieved from /opt/airflow/dags/weekly_training_dag.py
[2026-06-24T09:28:12.077+0000] {logging_mixin.py:188} INFO - [2026-06-24T09:28:12.076+0000] {dag.py:3033} INFO - Sync 1 DAGs
[2026-06-24T09:28:12.136+0000] {logging_mixin.py:188} INFO - [2026-06-24T09:28:12.135+0000] {dag.py:3820} INFO - Setting next_dagrun for xray_weekly_training to 2026-06-14T02:00:00+00:00, run_after=2026-06-21T02:00:00+00:00
[2026-06-24T09:28:12.179+0000] {processor.py:183} INFO - Processing /opt/airflow/dags/weekly_training_dag.py took 0.427 seconds
[2026-06-24T09:28:42.340+0000] {processor.py:161} INFO - Started process (PID=1412) to work on /opt/airflow/dags/weekly_training_dag.py
[2026-06-24T09:28:42.341+0000] {processor.py:830} INFO - Processing file /opt/airflow/dags/weekly_training_dag.py for tasks to queue
[2026-06-24T09:28:42.343+0000] {logging_mixin.py:188} INFO - [2026-06-24T09:28:42.343+0000] {dagbag.py:538} INFO - Filling up the DagBag from /opt/airflow/dags/weekly_training_dag.py
[2026-06-24T09:28:42.382+0000] {processor.py:840} INFO - DAG(s) 'xray_weekly_training' retrieved from /opt/airflow/dags/weekly_training_dag.py
[2026-06-24T09:28:42.454+0000] {logging_mixin.py:188} INFO - [2026-06-24T09:28:42.454+0000] {dag.py:3033} INFO - Sync 1 DAGs
[2026-06-24T09:28:42.498+0000] {logging_mixin.py:188} INFO - [2026-06-24T09:28:42.498+0000] {dag.py:3820} INFO - Setting next_dagrun for xray_weekly_training to 2026-06-14T02:00:00+00:00, run_after=2026-06-21T02:00:00+00:00
[2026-06-24T09:28:42.528+0000] {processor.py:183} INFO - Processing /opt/airflow/dags/weekly_training_dag.py took 0.193 seconds
[2026-06-24T09:29:12.761+0000] {processor.py:161} INFO - Started process (PID=1422) to work on /opt/airflow/dags/weekly_training_dag.py
[2026-06-24T09:29:12.763+0000] {processor.py:830} INFO - Processing file /opt/airflow/dags/weekly_training_dag.py for tasks to queue
[2026-06-24T09:29:12.766+0000] {logging_mixin.py:188} INFO - [2026-06-24T09:29:12.766+0000] {dagbag.py:538} INFO - Filling up the DagBag from /opt/airflow/dags/weekly_training_dag.py
[2026-06-24T09:29:12.807+0000] {processor.py:840} INFO - DAG(s) 'xray_weekly_training' retrieved from /opt/airflow/dags/weekly_training_dag.py
[2026-06-24T09:29:12.867+0000] {logging_mixin.py:188} INFO - [2026-06-24T09:29:12.867+0000] {dag.py:3033} INFO - Sync 1 DAGs
[2026-06-24T09:29:12.899+0000] {logging_mixin.py:188} INFO - [2026-06-24T09:29:12.898+0000] {dag.py:3820} INFO - Setting next_dagrun for xray_weekly_training to 2026-06-14T02:00:00+00:00, run_after=2026-06-21T02:00:00+00:00
[2026-06-24T09:29:12.921+0000] {processor.py:183} INFO - Processing /opt/airflow/dags/weekly_training_dag.py took 0.165 seconds
[2026-06-24T09:29:43.254+0000] {processor.py:161} INFO - Started process (PID=1432) to work on /opt/airflow/dags/weekly_training_dag.py
[2026-06-24T09:29:43.257+0000] {processor.py:830} INFO - Processing file /opt/airflow/dags/weekly_training_dag.py for tasks to queue
[2026-06-24T09:29:43.260+0000] {logging_mixin.py:188} INFO - [2026-06-24T09:29:43.259+0000] {dagbag.py:538} INFO - Filling up the DagBag from /opt/airflow/dags/weekly_training_dag.py
[2026-06-24T09:29:43.302+0000] {processor.py:840} INFO - DAG(s) 'xray_weekly_training' retrieved from /opt/airflow/dags/weekly_training_dag.py
[2026-06-24T09:29:43.379+0000] {logging_mixin.py:188} INFO - [2026-06-24T09:29:43.379+0000] {dag.py:3033} INFO - Sync 1 DAGs
[2026-06-24T09:29:43.431+0000] {logging_mixin.py:188} INFO - [2026-06-24T09:29:43.431+0000] {dag.py:3820} INFO - Setting next_dagrun for xray_weekly_training to 2026-06-14T02:00:00+00:00, run_after=2026-06-21T02:00:00+00:00
[2026-06-24T09:29:43.459+0000] {processor.py:183} INFO - Processing /opt/airflow/dags/weekly_training_dag.py took 0.209 seconds
[2026-06-24T09:30:13.777+0000] {processor.py:161} INFO - Started process (PID=1442) to work on /opt/airflow/dags/weekly_training_dag.py
[2026-06-24T09:30:13.778+0000] {processor.py:830} INFO - Processing file /opt/airflow/dags/weekly_training_dag.py for tasks to queue
[2026-06-24T09:30:13.779+0000] {logging_mixin.py:188} INFO - [2026-06-24T09:30:13.779+0000] {dagbag.py:538} INFO - Filling up the DagBag from /opt/airflow/dags/weekly_training_dag.py
[2026-06-24T09:30:13.805+0000] {processor.py:840} INFO - DAG(s) 'xray_weekly_training' retrieved from /opt/airflow/dags/weekly_training_dag.py
[2026-06-24T09:30:13.865+0000] {logging_mixin.py:188} INFO - [2026-06-24T09:30:13.864+0000] {dag.py:3033} INFO - Sync 1 DAGs
[2026-06-24T09:30:13.896+0000] {logging_mixin.py:188} INFO - [2026-06-24T09:30:13.896+0000] {dag.py:3820} INFO - Setting next_dagrun for xray_weekly_training to 2026-06-14T02:00:00+00:00, run_after=2026-06-21T02:00:00+00:00
[2026-06-24T09:30:13.919+0000] {processor.py:183} INFO - Processing /opt/airflow/dags/weekly_training_dag.py took 0.145 seconds
[2026-06-24T09:30:44.069+0000] {processor.py:161} INFO - Started process (PID=1452) to work on /opt/airflow/dags/weekly_training_dag.py
[2026-06-24T09:30:44.071+0000] {processor.py:830} INFO - Processing file /opt/airflow/dags/weekly_training_dag.py for tasks to queue
[2026-06-24T09:30:44.072+0000] {logging_mixin.py:188} INFO - [2026-06-24T09:30:44.071+0000] {dagbag.py:538} INFO - Filling up the DagBag from /opt/airflow/dags/weekly_training_dag.py
[2026-06-24T09:30:44.101+0000] {processor.py:840} INFO - DAG(s) 'xray_weekly_training' retrieved from /opt/airflow/dags/weekly_training_dag.py
[2026-06-24T09:30:44.158+0000] {logging_mixin.py:188} INFO - [2026-06-24T09:30:44.158+0000] {dag.py:3033} INFO - Sync 1 DAGs
[2026-06-24T09:30:44.188+0000] {logging_mixin.py:188} INFO - [2026-06-24T09:30:44.188+0000] {dag.py:3820} INFO - Setting next_dagrun for xray_weekly_training to 2026-06-14T02:00:00+00:00, run_after=2026-06-21T02:00:00+00:00
[2026-06-24T09:30:44.213+0000] {processor.py:183} INFO - Processing /opt/airflow/dags/weekly_training_dag.py took 0.148 seconds
[2026-06-24T09:31:14.402+0000] {processor.py:161} INFO - Started process (PID=1462) to work on /opt/airflow/dags/weekly_training_dag.py
[2026-06-24T09:31:14.404+0000] {processor.py:830} INFO - Processing file /opt/airflow/dags/weekly_training_dag.py for tasks to queue
[2026-06-24T09:31:14.406+0000] {logging_mixin.py:188} INFO - [2026-06-24T09:31:14.406+0000] {dagbag.py:538} INFO - Filling up the DagBag from /opt/airflow/dags/weekly_training_dag.py
[2026-06-24T09:31:14.444+0000] {processor.py:840} INFO - DAG(s) 'xray_weekly_training' retrieved from /opt/airflow/dags/weekly_training_dag.py
[2026-06-24T09:31:14.515+0000] {logging_mixin.py:188} INFO - [2026-06-24T09:31:14.515+0000] {dag.py:3033} INFO - Sync 1 DAGs
[2026-06-24T09:31:14.549+0000] {logging_mixin.py:188} INFO - [2026-06-24T09:31:14.549+0000] {dag.py:3820} INFO - Setting next_dagrun for xray_weekly_training to 2026-06-14T02:00:00+00:00, run_after=2026-06-21T02:00:00+00:00
[2026-06-24T09:31:14.575+0000] {processor.py:183} INFO - Processing /opt/airflow/dags/weekly_training_dag.py took 0.177 seconds
[2026-06-24T09:31:44.671+0000] {processor.py:161} INFO - Started process (PID=1472) to work on /opt/airflow/dags/weekly_training_dag.py
[2026-06-24T09:31:44.672+0000] {processor.py:830} INFO - Processing file /opt/airflow/dags/weekly_training_dag.py for tasks to queue
[2026-06-24T09:31:44.675+0000] {logging_mixin.py:188} INFO - [2026-06-24T09:31:44.674+0000] {dagbag.py:538} INFO - Filling up the DagBag from /opt/airflow/dags/weekly_training_dag.py
[2026-06-24T09:31:44.723+0000] {processor.py:840} INFO - DAG(s) 'xray_weekly_training' retrieved from /opt/airflow/dags/weekly_training_dag.py
[2026-06-24T09:31:44.824+0000] {logging_mixin.py:188} INFO - [2026-06-24T09:31:44.823+0000] {dag.py:3033} INFO - Sync 1 DAGs
[2026-06-24T09:31:44.928+0000] {logging_mixin.py:188} INFO - [2026-06-24T09:31:44.927+0000] {dag.py:3820} INFO - Setting next_dagrun for xray_weekly_training to 2026-06-14T02:00:00+00:00, run_after=2026-06-21T02:00:00+00:00
[2026-06-24T09:31:44.978+0000] {processor.py:183} INFO - Processing /opt/airflow/dags/weekly_training_dag.py took 0.311 seconds
[2026-06-24T09:32:15.146+0000] {processor.py:161} INFO - Started process (PID=1482) to work on /opt/airflow/dags/weekly_training_dag.py
[2026-06-24T09:32:15.147+0000] {processor.py:830} INFO - Processing file /opt/airflow/dags/weekly_training_dag.py for tasks to queue
[2026-06-24T09:32:15.149+0000] {logging_mixin.py:188} INFO - [2026-06-24T09:32:15.148+0000] {dagbag.py:538} INFO - Filling up the DagBag from /opt/airflow/dags/weekly_training_dag.py
[2026-06-24T09:32:15.188+0000] {processor.py:840} INFO - DAG(s) 'xray_weekly_training' retrieved from /opt/airflow/dags/weekly_training_dag.py
[2026-06-24T09:32:15.267+0000] {logging_mixin.py:188} INFO - [2026-06-24T09:32:15.267+0000] {dag.py:3033} INFO - Sync 1 DAGs
[2026-06-24T09:32:15.303+0000] {logging_mixin.py:188} INFO - [2026-06-24T09:32:15.302+0000] {dag.py:3820} INFO - Setting next_dagrun for xray_weekly_training to 2026-06-14T02:00:00+00:00, run_after=2026-06-21T02:00:00+00:00
[2026-06-24T09:32:15.330+0000] {processor.py:183} INFO - Processing /opt/airflow/dags/weekly_training_dag.py took 0.189 seconds
[2026-06-24T09:32:45.554+0000] {processor.py:161} INFO - Started process (PID=1492) to work on /opt/airflow/dags/weekly_training_dag.py
[2026-06-24T09:32:45.556+0000] {processor.py:830} INFO - Processing file /opt/airflow/dags/weekly_training_dag.py for tasks to queue
[2026-06-24T09:32:45.558+0000] {logging_mixin.py:188} INFO - [2026-06-24T09:32:45.558+0000] {dagbag.py:538} INFO - Filling up the DagBag from /opt/airflow/dags/weekly_training_dag.py
[2026-06-24T09:32:45.591+0000] {processor.py:840} INFO - DAG(s) 'xray_weekly_training' retrieved from /opt/airflow/dags/weekly_training_dag.py
[2026-06-24T09:32:45.676+0000] {logging_mixin.py:188} INFO - [2026-06-24T09:32:45.676+0000] {dag.py:3033} INFO - Sync 1 DAGs
[2026-06-24T09:32:45.717+0000] {logging_mixin.py:188} INFO - [2026-06-24T09:32:45.716+0000] {dag.py:3820} INFO - Setting next_dagrun for xray_weekly_training to 2026-06-14T02:00:00+00:00, run_after=2026-06-21T02:00:00+00:00
[2026-06-24T09:32:45.742+0000] {processor.py:183} INFO - Processing /opt/airflow/dags/weekly_training_dag.py took 0.197 seconds
[2026-06-24T09:33:15.984+0000] {processor.py:161} INFO - Started process (PID=1502) to work on /opt/airflow/dags/weekly_training_dag.py
[2026-06-24T09:33:15.987+0000] {processor.py:830} INFO - Processing file /opt/airflow/dags/weekly_training_dag.py for tasks to queue
[2026-06-24T09:33:15.991+0000] {logging_mixin.py:188} INFO - [2026-06-24T09:33:15.990+0000] {dagbag.py:538} INFO - Filling up the DagBag from /opt/airflow/dags/weekly_training_dag.py
[2026-06-24T09:33:16.047+0000] {processor.py:840} INFO - DAG(s) 'xray_weekly_training' retrieved from /opt/airflow/dags/weekly_training_dag.py
[2026-06-24T09:33:16.261+0000] {logging_mixin.py:188} INFO - [2026-06-24T09:33:16.260+0000] {dag.py:3033} INFO - Sync 1 DAGs
[2026-06-24T09:33:16.391+0000] {logging_mixin.py:188} INFO - [2026-06-24T09:33:16.390+0000] {dag.py:3820} INFO - Setting next_dagrun for xray_weekly_training to 2026-06-14T02:00:00+00:00, run_after=2026-06-21T02:00:00+00:00
[2026-06-24T09:33:16.442+0000] {processor.py:183} INFO - Processing /opt/airflow/dags/weekly_training_dag.py took 0.468 seconds
[2026-06-24T09:33:46.698+0000] {processor.py:161} INFO - Started process (PID=1512) to work on /opt/airflow/dags/weekly_training_dag.py
[2026-06-24T09:33:46.699+0000] {processor.py:830} INFO - Processing file /opt/airflow/dags/weekly_training_dag.py for tasks to queue
[2026-06-24T09:33:46.702+0000] {logging_mixin.py:188} INFO - [2026-06-24T09:33:46.701+0000] {dagbag.py:538} INFO - Filling up the DagBag from /opt/airflow/dags/weekly_training_dag.py
[2026-06-24T09:33:46.732+0000] {processor.py:840} INFO - DAG(s) 'xray_weekly_training' retrieved from /opt/airflow/dags/weekly_training_dag.py
[2026-06-24T09:33:46.792+0000] {logging_mixin.py:188} INFO - [2026-06-24T09:33:46.791+0000] {dag.py:3033} INFO - Sync 1 DAGs
[2026-06-24T09:33:46.832+0000] {logging_mixin.py:188} INFO - [2026-06-24T09:33:46.832+0000] {dag.py:3820} INFO - Setting next_dagrun for xray_weekly_training to 2026-06-14T02:00:00+00:00, run_after=2026-06-21T02:00:00+00:00
[2026-06-24T09:33:46.863+0000] {processor.py:183} INFO - Processing /opt/airflow/dags/weekly_training_dag.py took 0.168 seconds
[2026-06-24T09:34:17.071+0000] {processor.py:161} INFO - Started process (PID=1521) to work on /opt/airflow/dags/weekly_training_dag.py
[2026-06-24T09:34:17.075+0000] {processor.py:830} INFO - Processing file /opt/airflow/dags/weekly_training_dag.py for tasks to queue
[2026-06-24T09:34:17.078+0000] {logging_mixin.py:188} INFO - [2026-06-24T09:34:17.077+0000] {dagbag.py:538} INFO - Filling up the DagBag from /opt/airflow/dags/weekly_training_dag.py
[2026-06-24T09:34:17.171+0000] {processor.py:840} INFO - DAG(s) 'xray_weekly_training' retrieved from /opt/airflow/dags/weekly_training_dag.py
[2026-06-24T09:34:17.692+0000] {logging_mixin.py:188} INFO - [2026-06-24T09:34:17.689+0000] {dag.py:3033} INFO - Sync 1 DAGs
[2026-06-24T09:34:18.166+0000] {logging_mixin.py:188} INFO - [2026-06-24T09:34:18.165+0000] {dag.py:3820} INFO - Setting next_dagrun for xray_weekly_training to 2026-06-14T02:00:00+00:00, run_after=2026-06-21T02:00:00+00:00
[2026-06-24T09:34:18.420+0000] {processor.py:183} INFO - Processing /opt/airflow/dags/weekly_training_dag.py took 1.370 seconds
[2026-06-24T09:34:48.759+0000] {processor.py:161} INFO - Started process (PID=1532) to work on /opt/airflow/dags/weekly_training_dag.py
[2026-06-24T09:34:48.762+0000] {processor.py:830} INFO - Processing file /opt/airflow/dags/weekly_training_dag.py for tasks to queue
[2026-06-24T09:34:48.763+0000] {logging_mixin.py:188} INFO - [2026-06-24T09:34:48.763+0000] {dagbag.py:538} INFO - Filling up the DagBag from /opt/airflow/dags/weekly_training_dag.py
[2026-06-24T09:34:48.812+0000] {processor.py:840} INFO - DAG(s) 'xray_weekly_training' retrieved from /opt/airflow/dags/weekly_training_dag.py
[2026-06-24T09:34:48.872+0000] {logging_mixin.py:188} INFO - [2026-06-24T09:34:48.872+0000] {dag.py:3033} INFO - Sync 1 DAGs
[2026-06-24T09:34:48.908+0000] {logging_mixin.py:188} INFO - [2026-06-24T09:34:48.908+0000] {dag.py:3820} INFO - Setting next_dagrun for xray_weekly_training to 2026-06-14T02:00:00+00:00, run_after=2026-06-21T02:00:00+00:00
[2026-06-24T09:34:48.938+0000] {processor.py:183} INFO - Processing /opt/airflow/dags/weekly_training_dag.py took 0.185 seconds
[2026-06-24T09:35:19.049+0000] {processor.py:161} INFO - Started process (PID=1542) to work on /opt/airflow/dags/weekly_training_dag.py
[2026-06-24T09:35:19.050+0000] {processor.py:830} INFO - Processing file /opt/airflow/dags/weekly_training_dag.py for tasks to queue
[2026-06-24T09:35:19.052+0000] {logging_mixin.py:188} INFO - [2026-06-24T09:35:19.051+0000] {dagbag.py:538} INFO - Filling up the DagBag from /opt/airflow/dags/weekly_training_dag.py
[2026-06-24T09:35:19.082+0000] {processor.py:840} INFO - DAG(s) 'xray_weekly_training' retrieved from /opt/airflow/dags/weekly_training_dag.py
[2026-06-24T09:35:19.127+0000] {logging_mixin.py:188} INFO - [2026-06-24T09:35:19.127+0000] {dag.py:3033} INFO - Sync 1 DAGs
[2026-06-24T09:35:19.165+0000] {logging_mixin.py:188} INFO - [2026-06-24T09:35:19.164+0000] {dag.py:3820} INFO - Setting next_dagrun for xray_weekly_training to 2026-06-14T02:00:00+00:00, run_after=2026-06-21T02:00:00+00:00
[2026-06-24T09:35:19.189+0000] {processor.py:183} INFO - Processing /opt/airflow/dags/weekly_training_dag.py took 0.153 seconds
[2026-06-24T09:35:49.591+0000] {processor.py:161} INFO - Started process (PID=1552) to work on /opt/airflow/dags/weekly_training_dag.py
[2026-06-24T09:35:49.596+0000] {processor.py:830} INFO - Processing file /opt/airflow/dags/weekly_training_dag.py for tasks to queue
[2026-06-24T09:35:49.598+0000] {logging_mixin.py:188} INFO - [2026-06-24T09:35:49.597+0000] {dagbag.py:538} INFO - Filling up the DagBag from /opt/airflow/dags/weekly_training_dag.py
[2026-06-24T09:35:49.715+0000] {processor.py:840} INFO - DAG(s) 'xray_weekly_training' retrieved from /opt/airflow/dags/weekly_training_dag.py
[2026-06-24T09:35:49.957+0000] {logging_mixin.py:188} INFO - [2026-06-24T09:35:49.957+0000] {dag.py:3033} INFO - Sync 1 DAGs
[2026-06-24T09:35:50.005+0000] {logging_mixin.py:188} INFO - [2026-06-24T09:35:50.005+0000] {dag.py:3820} INFO - Setting next_dagrun for xray_weekly_training to 2026-06-14T02:00:00+00:00, run_after=2026-06-21T02:00:00+00:00
[2026-06-24T09:35:50.057+0000] {processor.py:183} INFO - Processing /opt/airflow/dags/weekly_training_dag.py took 0.478 seconds
[2026-06-24T09:36:20.567+0000] {processor.py:161} INFO - Started process (PID=1562) to work on /opt/airflow/dags/weekly_training_dag.py
[2026-06-24T09:36:20.570+0000] {processor.py:830} INFO - Processing file /opt/airflow/dags/weekly_training_dag.py for tasks to queue
[2026-06-24T09:36:20.572+0000] {logging_mixin.py:188} INFO - [2026-06-24T09:36:20.571+0000] {dagbag.py:538} INFO - Filling up the DagBag from /opt/airflow/dags/weekly_training_dag.py
[2026-06-24T09:36:20.633+0000] {processor.py:840} INFO - DAG(s) 'xray_weekly_training' retrieved from /opt/airflow/dags/weekly_training_dag.py
[2026-06-24T09:36:20.739+0000] {logging_mixin.py:188} INFO - [2026-06-24T09:36:20.739+0000] {dag.py:3033} INFO - Sync 1 DAGs
[2026-06-24T09:36:20.777+0000] {logging_mixin.py:188} INFO - [2026-06-24T09:36:20.777+0000] {dag.py:3820} INFO - Setting next_dagrun for xray_weekly_training to 2026-06-14T02:00:00+00:00, run_after=2026-06-21T02:00:00+00:00
[2026-06-24T09:36:20.806+0000] {processor.py:183} INFO - Processing /opt/airflow/dags/weekly_training_dag.py took 0.249 seconds
[2026-06-24T09:36:51.362+0000] {processor.py:161} INFO - Started process (PID=1572) to work on /opt/airflow/dags/weekly_training_dag.py
[2026-06-24T09:36:51.365+0000] {processor.py:830} INFO - Processing file /opt/airflow/dags/weekly_training_dag.py for tasks to queue
[2026-06-24T09:36:51.367+0000] {logging_mixin.py:188} INFO - [2026-06-24T09:36:51.366+0000] {dagbag.py:538} INFO - Filling up the DagBag from /opt/airflow/dags/weekly_training_dag.py
[2026-06-24T09:36:51.416+0000] {processor.py:840} INFO - DAG(s) 'xray_weekly_training' retrieved from /opt/airflow/dags/weekly_training_dag.py
[2026-06-24T09:36:51.507+0000] {logging_mixin.py:188} INFO - [2026-06-24T09:36:51.506+0000] {dag.py:3033} INFO - Sync 1 DAGs
[2026-06-24T09:36:51.597+0000] {logging_mixin.py:188} INFO - [2026-06-24T09:36:51.596+0000] {dag.py:3820} INFO - Setting next_dagrun for xray_weekly_training to 2026-06-14T02:00:00+00:00, run_after=2026-06-21T02:00:00+00:00
[2026-06-24T09:36:51.681+0000] {processor.py:183} INFO - Processing /opt/airflow/dags/weekly_training_dag.py took 0.327 seconds
[2026-06-24T09:37:21.868+0000] {processor.py:161} INFO - Started process (PID=1582) to work on /opt/airflow/dags/weekly_training_dag.py
[2026-06-24T09:37:21.870+0000] {processor.py:830} INFO - Processing file /opt/airflow/dags/weekly_training_dag.py for tasks to queue
[2026-06-24T09:37:21.871+0000] {logging_mixin.py:188} INFO - [2026-06-24T09:37:21.870+0000] {dagbag.py:538} INFO - Filling up the DagBag from /opt/airflow/dags/weekly_training_dag.py
[2026-06-24T09:37:22.086+0000] {processor.py:840} INFO - DAG(s) 'xray_weekly_training' retrieved from /opt/airflow/dags/weekly_training_dag.py
[2026-06-24T09:37:22.342+0000] {logging_mixin.py:188} INFO - [2026-06-24T09:37:22.341+0000] {dag.py:3033} INFO - Sync 1 DAGs
[2026-06-24T09:37:22.422+0000] {logging_mixin.py:188} INFO - [2026-06-24T09:37:22.422+0000] {dag.py:3820} INFO - Setting next_dagrun for xray_weekly_training to 2026-06-14T02:00:00+00:00, run_after=2026-06-21T02:00:00+00:00
[2026-06-24T09:37:22.470+0000] {processor.py:183} INFO - Processing /opt/airflow/dags/weekly_training_dag.py took 0.607 seconds
[2026-06-24T09:37:52.905+0000] {processor.py:161} INFO - Started process (PID=1592) to work on /opt/airflow/dags/weekly_training_dag.py
[2026-06-24T09:37:52.907+0000] {processor.py:830} INFO - Processing file /opt/airflow/dags/weekly_training_dag.py for tasks to queue
[2026-06-24T09:37:52.912+0000] {logging_mixin.py:188} INFO - [2026-06-24T09:37:52.910+0000] {dagbag.py:538} INFO - Filling up the DagBag from /opt/airflow/dags/weekly_training_dag.py
[2026-06-24T09:37:52.952+0000] {processor.py:840} INFO - DAG(s) 'xray_weekly_training' retrieved from /opt/airflow/dags/weekly_training_dag.py
[2026-06-24T09:37:53.034+0000] {logging_mixin.py:188} INFO - [2026-06-24T09:37:53.033+0000] {dag.py:3033} INFO - Sync 1 DAGs
[2026-06-24T09:37:53.065+0000] {logging_mixin.py:188} INFO - [2026-06-24T09:37:53.065+0000] {dag.py:3820} INFO - Setting next_dagrun for xray_weekly_training to 2026-06-14T02:00:00+00:00, run_after=2026-06-21T02:00:00+00:00
[2026-06-24T09:37:53.091+0000] {processor.py:183} INFO - Processing /opt/airflow/dags/weekly_training_dag.py took 0.195 seconds
[2026-06-24T09:38:23.572+0000] {processor.py:161} INFO - Started process (PID=1602) to work on /opt/airflow/dags/weekly_training_dag.py
[2026-06-24T09:38:23.578+0000] {processor.py:830} INFO - Processing file /opt/airflow/dags/weekly_training_dag.py for tasks to queue
[2026-06-24T09:38:23.584+0000] {logging_mixin.py:188} INFO - [2026-06-24T09:38:23.580+0000] {dagbag.py:538} INFO - Filling up the DagBag from /opt/airflow/dags/weekly_training_dag.py
[2026-06-24T09:38:23.796+0000] {processor.py:840} INFO - DAG(s) 'xray_weekly_training' retrieved from /opt/airflow/dags/weekly_training_dag.py
[2026-06-24T09:38:24.006+0000] {logging_mixin.py:188} INFO - [2026-06-24T09:38:24.005+0000] {dag.py:3033} INFO - Sync 1 DAGs
[2026-06-24T09:38:24.070+0000] {logging_mixin.py:188} INFO - [2026-06-24T09:38:24.069+0000] {dag.py:3820} INFO - Setting next_dagrun for xray_weekly_training to 2026-06-14T02:00:00+00:00, run_after=2026-06-21T02:00:00+00:00
[2026-06-24T09:38:24.138+0000] {processor.py:183} INFO - Processing /opt/airflow/dags/weekly_training_dag.py took 0.593 seconds
[2026-06-24T09:38:54.785+0000] {processor.py:161} INFO - Started process (PID=1612) to work on /opt/airflow/dags/weekly_training_dag.py
[2026-06-24T09:38:54.792+0000] {processor.py:830} INFO - Processing file /opt/airflow/dags/weekly_training_dag.py for tasks to queue
[2026-06-24T09:38:54.807+0000] {logging_mixin.py:188} INFO - [2026-06-24T09:38:54.805+0000] {dagbag.py:538} INFO - Filling up the DagBag from /opt/airflow/dags/weekly_training_dag.py
[2026-06-24T09:38:55.062+0000] {processor.py:840} INFO - DAG(s) 'xray_weekly_training' retrieved from /opt/airflow/dags/weekly_training_dag.py
[2026-06-24T09:38:55.382+0000] {logging_mixin.py:188} INFO - [2026-06-24T09:38:55.381+0000] {dag.py:3033} INFO - Sync 1 DAGs
[2026-06-24T09:38:55.615+0000] {logging_mixin.py:188} INFO - [2026-06-24T09:38:55.615+0000] {dag.py:3820} INFO - Setting next_dagrun for xray_weekly_training to 2026-06-14T02:00:00+00:00, run_after=2026-06-21T02:00:00+00:00
[2026-06-24T09:38:55.701+0000] {processor.py:183} INFO - Processing /opt/airflow/dags/weekly_training_dag.py took 0.941 seconds
[2026-06-24T09:39:26.320+0000] {processor.py:161} INFO - Started process (PID=1622) to work on /opt/airflow/dags/weekly_training_dag.py
[2026-06-24T09:39:26.323+0000] {processor.py:830} INFO - Processing file /opt/airflow/dags/weekly_training_dag.py for tasks to queue
[2026-06-24T09:39:26.327+0000] {logging_mixin.py:188} INFO - [2026-06-24T09:39:26.325+0000] {dagbag.py:538} INFO - Filling up the DagBag from /opt/airflow/dags/weekly_training_dag.py
[2026-06-24T09:39:26.371+0000] {processor.py:840} INFO - DAG(s) 'xray_weekly_training' retrieved from /opt/airflow/dags/weekly_training_dag.py
[2026-06-24T09:39:26.420+0000] {logging_mixin.py:188} INFO - [2026-06-24T09:39:26.419+0000] {dag.py:3033} INFO - Sync 1 DAGs
[2026-06-24T09:39:26.447+0000] {logging_mixin.py:188} INFO - [2026-06-24T09:39:26.447+0000] {dag.py:3820} INFO - Setting next_dagrun for xray_weekly_training to 2026-06-14T02:00:00+00:00, run_after=2026-06-21T02:00:00+00:00
[2026-06-24T09:39:26.475+0000] {processor.py:183} INFO - Processing /opt/airflow/dags/weekly_training_dag.py took 0.159 seconds
[2026-06-24T09:39:56.616+0000] {processor.py:161} INFO - Started process (PID=1632) to work on /opt/airflow/dags/weekly_training_dag.py
[2026-06-24T09:39:56.617+0000] {processor.py:830} INFO - Processing file /opt/airflow/dags/weekly_training_dag.py for tasks to queue
[2026-06-24T09:39:56.619+0000] {logging_mixin.py:188} INFO - [2026-06-24T09:39:56.618+0000] {dagbag.py:538} INFO - Filling up the DagBag from /opt/airflow/dags/weekly_training_dag.py
[2026-06-24T09:39:56.659+0000] {processor.py:840} INFO - DAG(s) 'xray_weekly_training' retrieved from /opt/airflow/dags/weekly_training_dag.py
[2026-06-24T09:39:56.728+0000] {logging_mixin.py:188} INFO - [2026-06-24T09:39:56.728+0000] {dag.py:3033} INFO - Sync 1 DAGs
[2026-06-24T09:39:56.765+0000] {logging_mixin.py:188} INFO - [2026-06-24T09:39:56.765+0000] {dag.py:3820} INFO - Setting next_dagrun for xray_weekly_training to 2026-06-14T02:00:00+00:00, run_after=2026-06-21T02:00:00+00:00
[2026-06-24T09:39:56.795+0000] {processor.py:183} INFO - Processing /opt/airflow/dags/weekly_training_dag.py took 0.186 seconds
[2026-06-24T09:40:27.060+0000] {processor.py:161} INFO - Started process (PID=1642) to work on /opt/airflow/dags/weekly_training_dag.py
[2026-06-24T09:40:27.061+0000] {processor.py:830} INFO - Processing file /opt/airflow/dags/weekly_training_dag.py for tasks to queue
[2026-06-24T09:40:27.063+0000] {logging_mixin.py:188} INFO - [2026-06-24T09:40:27.063+0000] {dagbag.py:538} INFO - Filling up the DagBag from /opt/airflow/dags/weekly_training_dag.py
[2026-06-24T09:40:27.101+0000] {processor.py:840} INFO - DAG(s) 'xray_weekly_training' retrieved from /opt/airflow/dags/weekly_training_dag.py
[2026-06-24T09:40:27.166+0000] {logging_mixin.py:188} INFO - [2026-06-24T09:40:27.166+0000] {dag.py:3033} INFO - Sync 1 DAGs
[2026-06-24T09:40:27.211+0000] {logging_mixin.py:188} INFO - [2026-06-24T09:40:27.211+0000] {dag.py:3820} INFO - Setting next_dagrun for xray_weekly_training to 2026-06-14T02:00:00+00:00, run_after=2026-06-21T02:00:00+00:00
[2026-06-24T09:40:27.239+0000] {processor.py:183} INFO - Processing /opt/airflow/dags/weekly_training_dag.py took 0.183 seconds
[2026-06-24T09:40:57.379+0000] {processor.py:161} INFO - Started process (PID=1652) to work on /opt/airflow/dags/weekly_training_dag.py
[2026-06-24T09:40:57.383+0000] {processor.py:830} INFO - Processing file /opt/airflow/dags/weekly_training_dag.py for tasks to queue
[2026-06-24T09:40:57.384+0000] {logging_mixin.py:188} INFO - [2026-06-24T09:40:57.384+0000] {dagbag.py:538} INFO - Filling up the DagBag from /opt/airflow/dags/weekly_training_dag.py
[2026-06-24T09:40:57.443+0000] {processor.py:840} INFO - DAG(s) 'xray_weekly_training' retrieved from /opt/airflow/dags/weekly_training_dag.py
[2026-06-24T09:40:57.499+0000] {logging_mixin.py:188} INFO - [2026-06-24T09:40:57.499+0000] {dag.py:3033} INFO - Sync 1 DAGs
[2026-06-24T09:40:57.533+0000] {logging_mixin.py:188} INFO - [2026-06-24T09:40:57.533+0000] {dag.py:3820} INFO - Setting next_dagrun for xray_weekly_training to 2026-06-14T02:00:00+00:00, run_after=2026-06-21T02:00:00+00:00
[2026-06-24T09:40:57.555+0000] {processor.py:183} INFO - Processing /opt/airflow/dags/weekly_training_dag.py took 0.182 seconds
[2026-06-24T09:41:27.839+0000] {processor.py:161} INFO - Started process (PID=1661) to work on /opt/airflow/dags/weekly_training_dag.py
[2026-06-24T09:41:27.843+0000] {processor.py:830} INFO - Processing file /opt/airflow/dags/weekly_training_dag.py for tasks to queue
[2026-06-24T09:41:27.846+0000] {logging_mixin.py:188} INFO - [2026-06-24T09:41:27.845+0000] {dagbag.py:538} INFO - Filling up the DagBag from /opt/airflow/dags/weekly_training_dag.py
[2026-06-24T09:41:27.900+0000] {processor.py:840} INFO - DAG(s) 'xray_weekly_training' retrieved from /opt/airflow/dags/weekly_training_dag.py
[2026-06-24T09:41:27.969+0000] {logging_mixin.py:188} INFO - [2026-06-24T09:41:27.969+0000] {dag.py:3033} INFO - Sync 1 DAGs
[2026-06-24T09:41:28.005+0000] {logging_mixin.py:188} INFO - [2026-06-24T09:41:28.005+0000] {dag.py:3820} INFO - Setting next_dagrun for xray_weekly_training to 2026-06-14T02:00:00+00:00, run_after=2026-06-21T02:00:00+00:00
[2026-06-24T09:41:28.032+0000] {processor.py:183} INFO - Processing /opt/airflow/dags/weekly_training_dag.py took 0.207 seconds
[2026-06-24T09:41:58.367+0000] {processor.py:161} INFO - Started process (PID=1672) to work on /opt/airflow/dags/weekly_training_dag.py
[2026-06-24T09:41:58.369+0000] {processor.py:830} INFO - Processing file /opt/airflow/dags/weekly_training_dag.py for tasks to queue
[2026-06-24T09:41:58.371+0000] {logging_mixin.py:188} INFO - [2026-06-24T09:41:58.370+0000] {dagbag.py:538} INFO - Filling up the DagBag from /opt/airflow/dags/weekly_training_dag.py
[2026-06-24T09:41:58.399+0000] {processor.py:840} INFO - DAG(s) 'xray_weekly_training' retrieved from /opt/airflow/dags/weekly_training_dag.py
[2026-06-24T09:41:58.450+0000] {logging_mixin.py:188} INFO - [2026-06-24T09:41:58.450+0000] {dag.py:3033} INFO - Sync 1 DAGs
[2026-06-24T09:41:58.480+0000] {logging_mixin.py:188} INFO - [2026-06-24T09:41:58.480+0000] {dag.py:3820} INFO - Setting next_dagrun for xray_weekly_training to 2026-06-14T02:00:00+00:00, run_after=2026-06-21T02:00:00+00:00
[2026-06-24T09:41:58.503+0000] {processor.py:183} INFO - Processing /opt/airflow/dags/weekly_training_dag.py took 0.141 seconds
[2026-06-24T09:42:28.670+0000] {processor.py:161} INFO - Started process (PID=1682) to work on /opt/airflow/dags/weekly_training_dag.py
[2026-06-24T09:42:28.671+0000] {processor.py:830} INFO - Processing file /opt/airflow/dags/weekly_training_dag.py for tasks to queue
[2026-06-24T09:42:28.673+0000] {logging_mixin.py:188} INFO - [2026-06-24T09:42:28.672+0000] {dagbag.py:538} INFO - Filling up the DagBag from /opt/airflow/dags/weekly_training_dag.py
[2026-06-24T09:42:28.698+0000] {processor.py:840} INFO - DAG(s) 'xray_weekly_training' retrieved from /opt/airflow/dags/weekly_training_dag.py
[2026-06-24T09:42:28.745+0000] {logging_mixin.py:188} INFO - [2026-06-24T09:42:28.745+0000] {dag.py:3033} INFO - Sync 1 DAGs
[2026-06-24T09:42:28.772+0000] {logging_mixin.py:188} INFO - [2026-06-24T09:42:28.771+0000] {dag.py:3820} INFO - Setting next_dagrun for xray_weekly_training to 2026-06-14T02:00:00+00:00, run_after=2026-06-21T02:00:00+00:00
[2026-06-24T09:42:28.803+0000] {processor.py:183} INFO - Processing /opt/airflow/dags/weekly_training_dag.py took 0.138 seconds
[2026-06-24T09:42:58.997+0000] {processor.py:161} INFO - Started process (PID=1692) to work on /opt/airflow/dags/weekly_training_dag.py
[2026-06-24T09:42:58.998+0000] {processor.py:830} INFO - Processing file /opt/airflow/dags/weekly_training_dag.py for tasks to queue
[2026-06-24T09:42:59.000+0000] {logging_mixin.py:188} INFO - [2026-06-24T09:42:58.999+0000] {dagbag.py:538} INFO - Filling up the DagBag from /opt/airflow/dags/weekly_training_dag.py
[2026-06-24T09:42:59.034+0000] {processor.py:840} INFO - DAG(s) 'xray_weekly_training' retrieved from /opt/airflow/dags/weekly_training_dag.py
[2026-06-24T09:42:59.084+0000] {logging_mixin.py:188} INFO - [2026-06-24T09:42:59.084+0000] {dag.py:3033} INFO - Sync 1 DAGs
[2026-06-24T09:42:59.121+0000] {logging_mixin.py:188} INFO - [2026-06-24T09:42:59.121+0000] {dag.py:3820} INFO - Setting next_dagrun for xray_weekly_training to 2026-06-14T02:00:00+00:00, run_after=2026-06-21T02:00:00+00:00
[2026-06-24T09:42:59.142+0000] {processor.py:183} INFO - Processing /opt/airflow/dags/weekly_training_dag.py took 0.151 seconds
[2026-06-24T09:43:29.430+0000] {processor.py:161} INFO - Started process (PID=1702) to work on /opt/airflow/dags/weekly_training_dag.py
[2026-06-24T09:43:29.431+0000] {processor.py:830} INFO - Processing file /opt/airflow/dags/weekly_training_dag.py for tasks to queue
[2026-06-24T09:43:29.432+0000] {logging_mixin.py:188} INFO - [2026-06-24T09:43:29.432+0000] {dagbag.py:538} INFO - Filling up the DagBag from /opt/airflow/dags/weekly_training_dag.py
[2026-06-24T09:43:29.462+0000] {processor.py:840} INFO - DAG(s) 'xray_weekly_training' retrieved from /opt/airflow/dags/weekly_training_dag.py
[2026-06-24T09:43:29.513+0000] {logging_mixin.py:188} INFO - [2026-06-24T09:43:29.511+0000] {dag.py:3033} INFO - Sync 1 DAGs
[2026-06-24T09:43:29.555+0000] {logging_mixin.py:188} INFO - [2026-06-24T09:43:29.555+0000] {dag.py:3820} INFO - Setting next_dagrun for xray_weekly_training to 2026-06-14T02:00:00+00:00, run_after=2026-06-21T02:00:00+00:00
[2026-06-24T09:43:29.582+0000] {processor.py:183} INFO - Processing /opt/airflow/dags/weekly_training_dag.py took 0.157 seconds
[2026-06-24T09:43:59.910+0000] {processor.py:161} INFO - Started process (PID=1712) to work on /opt/airflow/dags/weekly_training_dag.py
[2026-06-24T09:43:59.912+0000] {processor.py:830} INFO - Processing file /opt/airflow/dags/weekly_training_dag.py for tasks to queue
[2026-06-24T09:43:59.914+0000] {logging_mixin.py:188} INFO - [2026-06-24T09:43:59.914+0000] {dagbag.py:538} INFO - Filling up the DagBag from /opt/airflow/dags/weekly_training_dag.py
[2026-06-24T09:43:59.953+0000] {processor.py:840} INFO - DAG(s) 'xray_weekly_training' retrieved from /opt/airflow/dags/weekly_training_dag.py
[2026-06-24T09:44:00.014+0000] {logging_mixin.py:188} INFO - [2026-06-24T09:44:00.014+0000] {dag.py:3033} INFO - Sync 1 DAGs
[2026-06-24T09:44:00.064+0000] {logging_mixin.py:188} INFO - [2026-06-24T09:44:00.063+0000] {dag.py:3820} INFO - Setting next_dagrun for xray_weekly_training to 2026-06-14T02:00:00+00:00, run_after=2026-06-21T02:00:00+00:00
[2026-06-24T09:44:00.096+0000] {processor.py:183} INFO - Processing /opt/airflow/dags/weekly_training_dag.py took 0.193 seconds
[2026-06-24T09:44:30.195+0000] {processor.py:161} INFO - Started process (PID=1722) to work on /opt/airflow/dags/weekly_training_dag.py
[2026-06-24T09:44:30.196+0000] {processor.py:830} INFO - Processing file /opt/airflow/dags/weekly_training_dag.py for tasks to queue
[2026-06-24T09:44:30.198+0000] {logging_mixin.py:188} INFO - [2026-06-24T09:44:30.197+0000] {dagbag.py:538} INFO - Filling up the DagBag from /opt/airflow/dags/weekly_training_dag.py
[2026-06-24T09:44:30.241+0000] {processor.py:840} INFO - DAG(s) 'xray_weekly_training' retrieved from /opt/airflow/dags/weekly_training_dag.py
[2026-06-24T09:44:30.302+0000] {logging_mixin.py:188} INFO - [2026-06-24T09:44:30.302+0000] {dag.py:3033} INFO - Sync 1 DAGs
[2026-06-24T09:44:30.339+0000] {logging_mixin.py:188} INFO - [2026-06-24T09:44:30.338+0000] {dag.py:3820} INFO - Setting next_dagrun for xray_weekly_training to 2026-06-14T02:00:00+00:00, run_after=2026-06-21T02:00:00+00:00
[2026-06-24T09:44:30.360+0000] {processor.py:183} INFO - Processing /opt/airflow/dags/weekly_training_dag.py took 0.172 seconds
[2026-06-24T09:45:00.526+0000] {processor.py:161} INFO - Started process (PID=1732) to work on /opt/airflow/dags/weekly_training_dag.py
[2026-06-24T09:45:00.527+0000] {processor.py:830} INFO - Processing file /opt/airflow/dags/weekly_training_dag.py for tasks to queue
[2026-06-24T09:45:00.529+0000] {logging_mixin.py:188} INFO - [2026-06-24T09:45:00.528+0000] {dagbag.py:538} INFO - Filling up the DagBag from /opt/airflow/dags/weekly_training_dag.py
[2026-06-24T09:45:00.568+0000] {processor.py:840} INFO - DAG(s) 'xray_weekly_training' retrieved from /opt/airflow/dags/weekly_training_dag.py
[2026-06-24T09:45:00.684+0000] {logging_mixin.py:188} INFO - [2026-06-24T09:45:00.684+0000] {dag.py:3033} INFO - Sync 1 DAGs
[2026-06-24T09:45:00.742+0000] {logging_mixin.py:188} INFO - [2026-06-24T09:45:00.742+0000] {dag.py:3820} INFO - Setting next_dagrun for xray_weekly_training to 2026-06-14T02:00:00+00:00, run_after=2026-06-21T02:00:00+00:00
[2026-06-24T09:45:00.766+0000] {processor.py:183} INFO - Processing /opt/airflow/dags/weekly_training_dag.py took 0.246 seconds
[2026-06-24T09:45:31.003+0000] {processor.py:161} INFO - Started process (PID=1742) to work on /opt/airflow/dags/weekly_training_dag.py
[2026-06-24T09:45:31.009+0000] {processor.py:830} INFO - Processing file /opt/airflow/dags/weekly_training_dag.py for tasks to queue
[2026-06-24T09:45:31.022+0000] {logging_mixin.py:188} INFO - [2026-06-24T09:45:31.021+0000] {dagbag.py:538} INFO - Filling up the DagBag from /opt/airflow/dags/weekly_training_dag.py
[2026-06-24T09:45:31.195+0000] {processor.py:840} INFO - DAG(s) 'xray_weekly_training' retrieved from /opt/airflow/dags/weekly_training_dag.py
[2026-06-24T09:45:31.502+0000] {logging_mixin.py:188} INFO - [2026-06-24T09:45:31.500+0000] {dag.py:3033} INFO - Sync 1 DAGs
[2026-06-24T09:45:31.746+0000] {logging_mixin.py:188} INFO - [2026-06-24T09:45:31.746+0000] {dag.py:3820} INFO - Setting next_dagrun for xray_weekly_training to 2026-06-14T02:00:00+00:00, run_after=2026-06-21T02:00:00+00:00
[2026-06-24T09:45:31.841+0000] {processor.py:183} INFO - Processing /opt/airflow/dags/weekly_training_dag.py took 0.861 seconds
[2026-06-24T09:46:02.396+0000] {processor.py:161} INFO - Started process (PID=1752) to work on /opt/airflow/dags/weekly_training_dag.py
[2026-06-24T09:46:02.398+0000] {processor.py:830} INFO - Processing file /opt/airflow/dags/weekly_training_dag.py for tasks to queue
[2026-06-24T09:46:02.400+0000] {logging_mixin.py:188} INFO - [2026-06-24T09:46:02.400+0000] {dagbag.py:538} INFO - Filling up the DagBag from /opt/airflow/dags/weekly_training_dag.py
[2026-06-24T09:46:02.457+0000] {processor.py:840} INFO - DAG(s) 'xray_weekly_training' retrieved from /opt/airflow/dags/weekly_training_dag.py
[2026-06-24T09:46:02.741+0000] {logging_mixin.py:188} INFO - [2026-06-24T09:46:02.741+0000] {dag.py:3033} INFO - Sync 1 DAGs
[2026-06-24T09:46:02.792+0000] {logging_mixin.py:188} INFO - [2026-06-24T09:46:02.792+0000] {dag.py:3820} INFO - Setting next_dagrun for xray_weekly_training to 2026-06-14T02:00:00+00:00, run_after=2026-06-21T02:00:00+00:00
[2026-06-24T09:46:02.825+0000] {processor.py:183} INFO - Processing /opt/airflow/dags/weekly_training_dag.py took 0.440 seconds
[2026-06-24T09:46:33.122+0000] {processor.py:161} INFO - Started process (PID=1762) to work on /opt/airflow/dags/weekly_training_dag.py
[2026-06-24T09:46:33.123+0000] {processor.py:830} INFO - Processing file /opt/airflow/dags/weekly_training_dag.py for tasks to queue
[2026-06-24T09:46:33.125+0000] {logging_mixin.py:188} INFO - [2026-06-24T09:46:33.124+0000] {dagbag.py:538} INFO - Filling up the DagBag from /opt/airflow/dags/weekly_training_dag.py
[2026-06-24T09:46:33.174+0000] {processor.py:840} INFO - DAG(s) 'xray_weekly_training' retrieved from /opt/airflow/dags/weekly_training_dag.py
[2026-06-24T09:46:33.256+0000] {logging_mixin.py:188} INFO - [2026-06-24T09:46:33.255+0000] {dag.py:3033} INFO - Sync 1 DAGs
[2026-06-24T09:46:33.308+0000] {logging_mixin.py:188} INFO - [2026-06-24T09:46:33.308+0000] {dag.py:3820} INFO - Setting next_dagrun for xray_weekly_training to 2026-06-14T02:00:00+00:00, run_after=2026-06-21T02:00:00+00:00
[2026-06-24T09:46:33.342+0000] {processor.py:183} INFO - Processing /opt/airflow/dags/weekly_training_dag.py took 0.231 seconds
[2026-06-24T09:47:03.811+0000] {processor.py:161} INFO - Started process (PID=1771) to work on /opt/airflow/dags/weekly_training_dag.py
[2026-06-24T09:47:03.813+0000] {processor.py:830} INFO - Processing file /opt/airflow/dags/weekly_training_dag.py for tasks to queue
[2026-06-24T09:47:03.816+0000] {logging_mixin.py:188} INFO - [2026-06-24T09:47:03.816+0000] {dagbag.py:538} INFO - Filling up the DagBag from /opt/airflow/dags/weekly_training_dag.py
[2026-06-24T09:47:03.845+0000] {processor.py:840} INFO - DAG(s) 'xray_weekly_training' retrieved from /opt/airflow/dags/weekly_training_dag.py
[2026-06-24T09:47:03.906+0000] {logging_mixin.py:188} INFO - [2026-06-24T09:47:03.906+0000] {dag.py:3033} INFO - Sync 1 DAGs
[2026-06-24T09:47:03.941+0000] {logging_mixin.py:188} INFO - [2026-06-24T09:47:03.941+0000] {dag.py:3820} INFO - Setting next_dagrun for xray_weekly_training to 2026-06-14T02:00:00+00:00, run_after=2026-06-21T02:00:00+00:00
[2026-06-24T09:47:03.968+0000] {processor.py:183} INFO - Processing /opt/airflow/dags/weekly_training_dag.py took 0.164 seconds
[2026-06-24T09:47:34.022+0000] {processor.py:161} INFO - Started process (PID=1779) to work on /opt/airflow/dags/weekly_training_dag.py
[2026-06-24T09:47:34.023+0000] {processor.py:830} INFO - Processing file /opt/airflow/dags/weekly_training_dag.py for tasks to queue
[2026-06-24T09:47:34.025+0000] {logging_mixin.py:188} INFO - [2026-06-24T09:47:34.024+0000] {dagbag.py:538} INFO - Filling up the DagBag from /opt/airflow/dags/weekly_training_dag.py
[2026-06-24T09:47:34.048+0000] {processor.py:840} INFO - DAG(s) 'xray_weekly_training' retrieved from /opt/airflow/dags/weekly_training_dag.py
[2026-06-24T09:47:34.093+0000] {logging_mixin.py:188} INFO - [2026-06-24T09:47:34.093+0000] {dag.py:3033} INFO - Sync 1 DAGs
[2026-06-24T09:47:34.118+0000] {logging_mixin.py:188} INFO - [2026-06-24T09:47:34.118+0000] {dag.py:3820} INFO - Setting next_dagrun for xray_weekly_training to 2026-06-14T02:00:00+00:00, run_after=2026-06-21T02:00:00+00:00
[2026-06-24T09:47:34.137+0000] {processor.py:183} INFO - Processing /opt/airflow/dags/weekly_training_dag.py took 0.129 seconds
[2026-06-24T09:48:04.399+0000] {processor.py:161} INFO - Started process (PID=1792) to work on /opt/airflow/dags/weekly_training_dag.py
[2026-06-24T09:48:04.401+0000] {processor.py:830} INFO - Processing file /opt/airflow/dags/weekly_training_dag.py for tasks to queue
[2026-06-24T09:48:04.403+0000] {logging_mixin.py:188} INFO - [2026-06-24T09:48:04.402+0000] {dagbag.py:538} INFO - Filling up the DagBag from /opt/airflow/dags/weekly_training_dag.py
[2026-06-24T09:48:04.439+0000] {processor.py:840} INFO - DAG(s) 'xray_weekly_training' retrieved from /opt/airflow/dags/weekly_training_dag.py
[2026-06-24T09:48:04.499+0000] {logging_mixin.py:188} INFO - [2026-06-24T09:48:04.499+0000] {dag.py:3033} INFO - Sync 1 DAGs
[2026-06-24T09:48:04.538+0000] {logging_mixin.py:188} INFO - [2026-06-24T09:48:04.537+0000] {dag.py:3820} INFO - Setting next_dagrun for xray_weekly_training to 2026-06-14T02:00:00+00:00, run_after=2026-06-21T02:00:00+00:00
[2026-06-24T09:48:04.565+0000] {processor.py:183} INFO - Processing /opt/airflow/dags/weekly_training_dag.py took 0.171 seconds
[2026-06-24T09:48:34.815+0000] {processor.py:161} INFO - Started process (PID=1802) to work on /opt/airflow/dags/weekly_training_dag.py
[2026-06-24T09:48:34.817+0000] {processor.py:830} INFO - Processing file /opt/airflow/dags/weekly_training_dag.py for tasks to queue
[2026-06-24T09:48:34.819+0000] {logging_mixin.py:188} INFO - [2026-06-24T09:48:34.818+0000] {dagbag.py:538} INFO - Filling up the DagBag from /opt/airflow/dags/weekly_training_dag.py
[2026-06-24T09:48:34.843+0000] {processor.py:840} INFO - DAG(s) 'xray_weekly_training' retrieved from /opt/airflow/dags/weekly_training_dag.py
[2026-06-24T09:48:34.889+0000] {logging_mixin.py:188} INFO - [2026-06-24T09:48:34.889+0000] {dag.py:3033} INFO - Sync 1 DAGs
[2026-06-24T09:48:34.923+0000] {logging_mixin.py:188} INFO - [2026-06-24T09:48:34.923+0000] {dag.py:3820} INFO - Setting next_dagrun for xray_weekly_training to 2026-06-14T02:00:00+00:00, run_after=2026-06-21T02:00:00+00:00
[2026-06-24T09:48:34.946+0000] {processor.py:183} INFO - Processing /opt/airflow/dags/weekly_training_dag.py took 0.135 seconds
[2026-06-24T09:49:05.490+0000] {processor.py:161} INFO - Started process (PID=1812) to work on /opt/airflow/dags/weekly_training_dag.py
[2026-06-24T09:49:05.491+0000] {processor.py:830} INFO - Processing file /opt/airflow/dags/weekly_training_dag.py for tasks to queue
[2026-06-24T09:49:05.493+0000] {logging_mixin.py:188} INFO - [2026-06-24T09:49:05.492+0000] {dagbag.py:538} INFO - Filling up the DagBag from /opt/airflow/dags/weekly_training_dag.py
[2026-06-24T09:49:05.514+0000] {processor.py:840} INFO - DAG(s) 'xray_weekly_training' retrieved from /opt/airflow/dags/weekly_training_dag.py
[2026-06-24T09:49:05.559+0000] {logging_mixin.py:188} INFO - [2026-06-24T09:49:05.559+0000] {dag.py:3033} INFO - Sync 1 DAGs
[2026-06-24T09:49:05.584+0000] {logging_mixin.py:188} INFO - [2026-06-24T09:49:05.583+0000] {dag.py:3820} INFO - Setting next_dagrun for xray_weekly_training to 2026-06-14T02:00:00+00:00, run_after=2026-06-21T02:00:00+00:00
[2026-06-24T09:49:05.599+0000] {processor.py:183} INFO - Processing /opt/airflow/dags/weekly_training_dag.py took 0.114 seconds
[2026-06-24T09:49:35.918+0000] {processor.py:161} INFO - Started process (PID=1820) to work on /opt/airflow/dags/weekly_training_dag.py
[2026-06-24T09:49:35.920+0000] {processor.py:830} INFO - Processing file /opt/airflow/dags/weekly_training_dag.py for tasks to queue
[2026-06-24T09:49:35.921+0000] {logging_mixin.py:188} INFO - [2026-06-24T09:49:35.921+0000] {dagbag.py:538} INFO - Filling up the DagBag from /opt/airflow/dags/weekly_training_dag.py
[2026-06-24T09:49:35.955+0000] {processor.py:840} INFO - DAG(s) 'xray_weekly_training' retrieved from /opt/airflow/dags/weekly_training_dag.py
[2026-06-24T09:49:36.005+0000] {logging_mixin.py:188} INFO - [2026-06-24T09:49:36.005+0000] {dag.py:3033} INFO - Sync 1 DAGs
[2026-06-24T09:49:36.036+0000] {logging_mixin.py:188} INFO - [2026-06-24T09:49:36.035+0000] {dag.py:3820} INFO - Setting next_dagrun for xray_weekly_training to 2026-06-14T02:00:00+00:00, run_after=2026-06-21T02:00:00+00:00
[2026-06-24T09:49:36.061+0000] {processor.py:183} INFO - Processing /opt/airflow/dags/weekly_training_dag.py took 0.151 seconds
[2026-06-24T09:50:06.177+0000] {processor.py:161} INFO - Started process (PID=1831) to work on /opt/airflow/dags/weekly_training_dag.py
[2026-06-24T09:50:06.179+0000] {processor.py:830} INFO - Processing file /opt/airflow/dags/weekly_training_dag.py for tasks to queue
[2026-06-24T09:50:06.180+0000] {logging_mixin.py:188} INFO - [2026-06-24T09:50:06.179+0000] {dagbag.py:538} INFO - Filling up the DagBag from /opt/airflow/dags/weekly_training_dag.py
[2026-06-24T09:50:06.221+0000] {processor.py:840} INFO - DAG(s) 'xray_weekly_training' retrieved from /opt/airflow/dags/weekly_training_dag.py
[2026-06-24T09:50:06.298+0000] {logging_mixin.py:188} INFO - [2026-06-24T09:50:06.298+0000] {dag.py:3033} INFO - Sync 1 DAGs
[2026-06-24T09:50:06.344+0000] {logging_mixin.py:188} INFO - [2026-06-24T09:50:06.344+0000] {dag.py:3820} INFO - Setting next_dagrun for xray_weekly_training to 2026-06-14T02:00:00+00:00, run_after=2026-06-21T02:00:00+00:00
[2026-06-24T09:50:06.377+0000] {processor.py:183} INFO - Processing /opt/airflow/dags/weekly_training_dag.py took 0.206 seconds
[2026-06-24T09:50:36.498+0000] {processor.py:161} INFO - Started process (PID=1841) to work on /opt/airflow/dags/weekly_training_dag.py
[2026-06-24T09:50:36.500+0000] {processor.py:830} INFO - Processing file /opt/airflow/dags/weekly_training_dag.py for tasks to queue
[2026-06-24T09:50:36.502+0000] {logging_mixin.py:188} INFO - [2026-06-24T09:50:36.501+0000] {dagbag.py:538} INFO - Filling up the DagBag from /opt/airflow/dags/weekly_training_dag.py
[2026-06-24T09:50:36.538+0000] {processor.py:840} INFO - DAG(s) 'xray_weekly_training' retrieved from /opt/airflow/dags/weekly_training_dag.py
[2026-06-24T09:50:36.588+0000] {logging_mixin.py:188} INFO - [2026-06-24T09:50:36.588+0000] {dag.py:3033} INFO - Sync 1 DAGs
[2026-06-24T09:50:36.618+0000] {logging_mixin.py:188} INFO - [2026-06-24T09:50:36.618+0000] {dag.py:3820} INFO - Setting next_dagrun for xray_weekly_training to 2026-06-14T02:00:00+00:00, run_after=2026-06-21T02:00:00+00:00
[2026-06-24T09:50:36.639+0000] {processor.py:183} INFO - Processing /opt/airflow/dags/weekly_training_dag.py took 0.151 seconds
[2026-06-24T09:51:06.820+0000] {processor.py:161} INFO - Started process (PID=1851) to work on /opt/airflow/dags/weekly_training_dag.py
[2026-06-24T09:51:06.821+0000] {processor.py:830} INFO - Processing file /opt/airflow/dags/weekly_training_dag.py for tasks to queue
[2026-06-24T09:51:06.823+0000] {logging_mixin.py:188} INFO - [2026-06-24T09:51:06.823+0000] {dagbag.py:538} INFO - Filling up the DagBag from /opt/airflow/dags/weekly_training_dag.py
[2026-06-24T09:51:06.846+0000] {processor.py:840} INFO - DAG(s) 'xray_weekly_training' retrieved from /opt/airflow/dags/weekly_training_dag.py
[2026-06-24T09:51:06.901+0000] {logging_mixin.py:188} INFO - [2026-06-24T09:51:06.900+0000] {dag.py:3033} INFO - Sync 1 DAGs
[2026-06-24T09:51:06.933+0000] {logging_mixin.py:188} INFO - [2026-06-24T09:51:06.933+0000] {dag.py:3820} INFO - Setting next_dagrun for xray_weekly_training to 2026-06-14T02:00:00+00:00, run_after=2026-06-21T02:00:00+00:00
[2026-06-24T09:51:06.965+0000] {processor.py:183} INFO - Processing /opt/airflow/dags/weekly_training_dag.py took 0.150 seconds
[2026-06-24T09:51:37.072+0000] {processor.py:161} INFO - Started process (PID=1861) to work on /opt/airflow/dags/weekly_training_dag.py
[2026-06-24T09:51:37.073+0000] {processor.py:830} INFO - Processing file /opt/airflow/dags/weekly_training_dag.py for tasks to queue
[2026-06-24T09:51:37.075+0000] {logging_mixin.py:188} INFO - [2026-06-24T09:51:37.075+0000] {dagbag.py:538} INFO - Filling up the DagBag from /opt/airflow/dags/weekly_training_dag.py
[2026-06-24T09:51:37.101+0000] {processor.py:840} INFO - DAG(s) 'xray_weekly_training' retrieved from /opt/airflow/dags/weekly_training_dag.py
[2026-06-24T09:51:37.149+0000] {logging_mixin.py:188} INFO - [2026-06-24T09:51:37.149+0000] {dag.py:3033} INFO - Sync 1 DAGs
[2026-06-24T09:51:37.175+0000] {logging_mixin.py:188} INFO - [2026-06-24T09:51:37.175+0000] {dag.py:3820} INFO - Setting next_dagrun for xray_weekly_training to 2026-06-14T02:00:00+00:00, run_after=2026-06-21T02:00:00+00:00
[2026-06-24T09:51:37.201+0000] {processor.py:183} INFO - Processing /opt/airflow/dags/weekly_training_dag.py took 0.135 seconds
[2026-06-24T09:52:07.499+0000] {processor.py:161} INFO - Started process (PID=1872) to work on /opt/airflow/dags/weekly_training_dag.py
[2026-06-24T09:52:07.501+0000] {processor.py:830} INFO - Processing file /opt/airflow/dags/weekly_training_dag.py for tasks to queue
[2026-06-24T09:52:07.503+0000] {logging_mixin.py:188} INFO - [2026-06-24T09:52:07.502+0000] {dagbag.py:538} INFO - Filling up the DagBag from /opt/airflow/dags/weekly_training_dag.py
[2026-06-24T09:52:07.545+0000] {processor.py:840} INFO - DAG(s) 'xray_weekly_training' retrieved from /opt/airflow/dags/weekly_training_dag.py
[2026-06-24T09:52:07.610+0000] {logging_mixin.py:188} INFO - [2026-06-24T09:52:07.610+0000] {dag.py:3033} INFO - Sync 1 DAGs
[2026-06-24T09:52:07.657+0000] {logging_mixin.py:188} INFO - [2026-06-24T09:52:07.657+0000] {dag.py:3820} INFO - Setting next_dagrun for xray_weekly_training to 2026-06-14T02:00:00+00:00, run_after=2026-06-21T02:00:00+00:00
[2026-06-24T09:52:07.679+0000] {processor.py:183} INFO - Processing /opt/airflow/dags/weekly_training_dag.py took 0.184 seconds
[2026-06-24T09:52:37.862+0000] {processor.py:161} INFO - Started process (PID=1882) to work on /opt/airflow/dags/weekly_training_dag.py
[2026-06-24T09:52:37.866+0000] {processor.py:830} INFO - Processing file /opt/airflow/dags/weekly_training_dag.py for tasks to queue
[2026-06-24T09:52:37.871+0000] {logging_mixin.py:188} INFO - [2026-06-24T09:52:37.869+0000] {dagbag.py:538} INFO - Filling up the DagBag from /opt/airflow/dags/weekly_training_dag.py
[2026-06-24T09:52:37.910+0000] {processor.py:840} INFO - DAG(s) 'xray_weekly_training' retrieved from /opt/airflow/dags/weekly_training_dag.py
[2026-06-24T09:52:38.008+0000] {logging_mixin.py:188} INFO - [2026-06-24T09:52:38.007+0000] {dag.py:3033} INFO - Sync 1 DAGs
[2026-06-24T09:52:38.056+0000] {logging_mixin.py:188} INFO - [2026-06-24T09:52:38.056+0000] {dag.py:3820} INFO - Setting next_dagrun for xray_weekly_training to 2026-06-14T02:00:00+00:00, run_after=2026-06-21T02:00:00+00:00
[2026-06-24T09:52:38.094+0000] {processor.py:183} INFO - Processing /opt/airflow/dags/weekly_training_dag.py took 0.263 seconds
[2026-06-24T09:53:08.364+0000] {processor.py:161} INFO - Started process (PID=1892) to work on /opt/airflow/dags/weekly_training_dag.py
[2026-06-24T09:53:08.365+0000] {processor.py:830} INFO - Processing file /opt/airflow/dags/weekly_training_dag.py for tasks to queue
[2026-06-24T09:53:08.367+0000] {logging_mixin.py:188} INFO - [2026-06-24T09:53:08.367+0000] {dagbag.py:538} INFO - Filling up the DagBag from /opt/airflow/dags/weekly_training_dag.py
[2026-06-24T09:53:08.391+0000] {processor.py:840} INFO - DAG(s) 'xray_weekly_training' retrieved from /opt/airflow/dags/weekly_training_dag.py
[2026-06-24T09:53:08.440+0000] {logging_mixin.py:188} INFO - [2026-06-24T09:53:08.439+0000] {dag.py:3033} INFO - Sync 1 DAGs
[2026-06-24T09:53:08.468+0000] {logging_mixin.py:188} INFO - [2026-06-24T09:53:08.468+0000] {dag.py:3820} INFO - Setting next_dagrun for xray_weekly_training to 2026-06-14T02:00:00+00:00, run_after=2026-06-21T02:00:00+00:00
[2026-06-24T09:53:08.490+0000] {processor.py:183} INFO - Processing /opt/airflow/dags/weekly_training_dag.py took 0.135 seconds
[2026-06-24T09:53:38.811+0000] {processor.py:161} INFO - Started process (PID=1902) to work on /opt/airflow/dags/weekly_training_dag.py
[2026-06-24T09:53:38.818+0000] {processor.py:830} INFO - Processing file /opt/airflow/dags/weekly_training_dag.py for tasks to queue
[2026-06-24T09:53:38.821+0000] {logging_mixin.py:188} INFO - [2026-06-24T09:53:38.820+0000] {dagbag.py:538} INFO - Filling up the DagBag from /opt/airflow/dags/weekly_training_dag.py
[2026-06-24T09:53:38.852+0000] {processor.py:840} INFO - DAG(s) 'xray_weekly_training' retrieved from /opt/airflow/dags/weekly_training_dag.py
[2026-06-24T09:53:38.904+0000] {logging_mixin.py:188} INFO - [2026-06-24T09:53:38.904+0000] {dag.py:3033} INFO - Sync 1 DAGs
[2026-06-24T09:53:38.936+0000] {logging_mixin.py:188} INFO - [2026-06-24T09:53:38.936+0000] {dag.py:3820} INFO - Setting next_dagrun for xray_weekly_training to 2026-06-14T02:00:00+00:00, run_after=2026-06-21T02:00:00+00:00
[2026-06-24T09:53:38.955+0000] {processor.py:183} INFO - Processing /opt/airflow/dags/weekly_training_dag.py took 0.150 seconds
[2026-06-24T09:54:09.280+0000] {processor.py:161} INFO - Started process (PID=1912) to work on /opt/airflow/dags/weekly_training_dag.py
[2026-06-24T09:54:09.281+0000] {processor.py:830} INFO - Processing file /opt/airflow/dags/weekly_training_dag.py for tasks to queue
[2026-06-24T09:54:09.283+0000] {logging_mixin.py:188} INFO - [2026-06-24T09:54:09.283+0000] {dagbag.py:538} INFO - Filling up the DagBag from /opt/airflow/dags/weekly_training_dag.py
[2026-06-24T09:54:09.305+0000] {processor.py:840} INFO - DAG(s) 'xray_weekly_training' retrieved from /opt/airflow/dags/weekly_training_dag.py
[2026-06-24T09:54:09.357+0000] {logging_mixin.py:188} INFO - [2026-06-24T09:54:09.357+0000] {dag.py:3033} INFO - Sync 1 DAGs
[2026-06-24T09:54:09.386+0000] {logging_mixin.py:188} INFO - [2026-06-24T09:54:09.386+0000] {dag.py:3820} INFO - Setting next_dagrun for xray_weekly_training to 2026-06-14T02:00:00+00:00, run_after=2026-06-21T02:00:00+00:00
[2026-06-24T09:54:09.407+0000] {processor.py:183} INFO - Processing /opt/airflow/dags/weekly_training_dag.py took 0.134 seconds
[2026-06-24T09:54:39.830+0000] {processor.py:161} INFO - Started process (PID=1922) to work on /opt/airflow/dags/weekly_training_dag.py
[2026-06-24T09:54:39.832+0000] {processor.py:830} INFO - Processing file /opt/airflow/dags/weekly_training_dag.py for tasks to queue
[2026-06-24T09:54:39.833+0000] {logging_mixin.py:188} INFO - [2026-06-24T09:54:39.833+0000] {dagbag.py:538} INFO - Filling up the DagBag from /opt/airflow/dags/weekly_training_dag.py
[2026-06-24T09:54:39.877+0000] {processor.py:840} INFO - DAG(s) 'xray_weekly_training' retrieved from /opt/airflow/dags/weekly_training_dag.py
[2026-06-24T09:54:39.937+0000] {logging_mixin.py:188} INFO - [2026-06-24T09:54:39.936+0000] {dag.py:3033} INFO - Sync 1 DAGs
[2026-06-24T09:54:39.972+0000] {logging_mixin.py:188} INFO - [2026-06-24T09:54:39.972+0000] {dag.py:3820} INFO - Setting next_dagrun for xray_weekly_training to 2026-06-14T02:00:00+00:00, run_after=2026-06-21T02:00:00+00:00
[2026-06-24T09:54:40.016+0000] {processor.py:183} INFO - Processing /opt/airflow/dags/weekly_training_dag.py took 0.195 seconds
[2026-06-24T09:55:10.198+0000] {processor.py:161} INFO - Started process (PID=1932) to work on /opt/airflow/dags/weekly_training_dag.py
[2026-06-24T09:55:10.200+0000] {processor.py:830} INFO - Processing file /opt/airflow/dags/weekly_training_dag.py for tasks to queue
[2026-06-24T09:55:10.201+0000] {logging_mixin.py:188} INFO - [2026-06-24T09:55:10.201+0000] {dagbag.py:538} INFO - Filling up the DagBag from /opt/airflow/dags/weekly_training_dag.py
[2026-06-24T09:55:10.229+0000] {processor.py:840} INFO - DAG(s) 'xray_weekly_training' retrieved from /opt/airflow/dags/weekly_training_dag.py
[2026-06-24T09:55:10.276+0000] {logging_mixin.py:188} INFO - [2026-06-24T09:55:10.276+0000] {dag.py:3033} INFO - Sync 1 DAGs
[2026-06-24T09:55:10.367+0000] {logging_mixin.py:188} INFO - [2026-06-24T09:55:10.367+0000] {dag.py:3820} INFO - Setting next_dagrun for xray_weekly_training to 2026-06-14T02:00:00+00:00, run_after=2026-06-21T02:00:00+00:00
[2026-06-24T09:55:10.436+0000] {processor.py:183} INFO - Processing /opt/airflow/dags/weekly_training_dag.py took 0.246 seconds
[2026-06-24T09:55:40.654+0000] {processor.py:161} INFO - Started process (PID=1941) to work on /opt/airflow/dags/weekly_training_dag.py
[2026-06-24T09:55:40.655+0000] {processor.py:830} INFO - Processing file /opt/airflow/dags/weekly_training_dag.py for tasks to queue
[2026-06-24T09:55:40.656+0000] {logging_mixin.py:188} INFO - [2026-06-24T09:55:40.656+0000] {dagbag.py:538} INFO - Filling up the DagBag from /opt/airflow/dags/weekly_training_dag.py
[2026-06-24T09:55:40.700+0000] {processor.py:840} INFO - DAG(s) 'xray_weekly_training' retrieved from /opt/airflow/dags/weekly_training_dag.py
[2026-06-24T09:55:40.744+0000] {logging_mixin.py:188} INFO - [2026-06-24T09:55:40.744+0000] {dag.py:3033} INFO - Sync 1 DAGs
[2026-06-24T09:55:40.767+0000] {logging_mixin.py:188} INFO - [2026-06-24T09:55:40.767+0000] {dag.py:3820} INFO - Setting next_dagrun for xray_weekly_training to 2026-06-14T02:00:00+00:00, run_after=2026-06-21T02:00:00+00:00
[2026-06-24T09:55:40.788+0000] {processor.py:183} INFO - Processing /opt/airflow/dags/weekly_training_dag.py took 0.141 seconds
[2026-06-24T09:56:11.117+0000] {processor.py:161} INFO - Started process (PID=1952) to work on /opt/airflow/dags/weekly_training_dag.py
[2026-06-24T09:56:11.118+0000] {processor.py:830} INFO - Processing file /opt/airflow/dags/weekly_training_dag.py for tasks to queue
[2026-06-24T09:56:11.120+0000] {logging_mixin.py:188} INFO - [2026-06-24T09:56:11.119+0000] {dagbag.py:538} INFO - Filling up the DagBag from /opt/airflow/dags/weekly_training_dag.py
[2026-06-24T09:56:11.152+0000] {processor.py:840} INFO - DAG(s) 'xray_weekly_training' retrieved from /opt/airflow/dags/weekly_training_dag.py
[2026-06-24T09:56:11.239+0000] {logging_mixin.py:188} INFO - [2026-06-24T09:56:11.239+0000] {dag.py:3033} INFO - Sync 1 DAGs
[2026-06-24T09:56:11.306+0000] {logging_mixin.py:188} INFO - [2026-06-24T09:56:11.306+0000] {dag.py:3820} INFO - Setting next_dagrun for xray_weekly_training to 2026-06-14T02:00:00+00:00, run_after=2026-06-21T02:00:00+00:00
[2026-06-24T09:56:11.359+0000] {processor.py:183} INFO - Processing /opt/airflow/dags/weekly_training_dag.py took 0.246 seconds
[2026-06-24T09:56:41.635+0000] {processor.py:161} INFO - Started process (PID=1962) to work on /opt/airflow/dags/weekly_training_dag.py
[2026-06-24T09:56:41.638+0000] {processor.py:830} INFO - Processing file /opt/airflow/dags/weekly_training_dag.py for tasks to queue
[2026-06-24T09:56:41.641+0000] {logging_mixin.py:188} INFO - [2026-06-24T09:56:41.640+0000] {dagbag.py:538} INFO - Filling up the DagBag from /opt/airflow/dags/weekly_training_dag.py
[2026-06-24T09:56:41.696+0000] {processor.py:840} INFO - DAG(s) 'xray_weekly_training' retrieved from /opt/airflow/dags/weekly_training_dag.py
[2026-06-24T09:56:41.799+0000] {logging_mixin.py:188} INFO - [2026-06-24T09:56:41.799+0000] {dag.py:3033} INFO - Sync 1 DAGs
[2026-06-24T09:56:41.837+0000] {logging_mixin.py:188} INFO - [2026-06-24T09:56:41.837+0000] {dag.py:3820} INFO - Setting next_dagrun for xray_weekly_training to 2026-06-14T02:00:00+00:00, run_after=2026-06-21T02:00:00+00:00
[2026-06-24T09:56:41.856+0000] {processor.py:183} INFO - Processing /opt/airflow/dags/weekly_training_dag.py took 0.232 seconds
[2026-06-24T09:57:11.922+0000] {processor.py:161} INFO - Started process (PID=1971) to work on /opt/airflow/dags/weekly_training_dag.py
[2026-06-24T09:57:11.923+0000] {processor.py:830} INFO - Processing file /opt/airflow/dags/weekly_training_dag.py for tasks to queue
[2026-06-24T09:57:11.925+0000] {logging_mixin.py:188} INFO - [2026-06-24T09:57:11.924+0000] {dagbag.py:538} INFO - Filling up the DagBag from /opt/airflow/dags/weekly_training_dag.py
[2026-06-24T09:57:11.950+0000] {processor.py:840} INFO - DAG(s) 'xray_weekly_training' retrieved from /opt/airflow/dags/weekly_training_dag.py
[2026-06-24T09:57:11.990+0000] {logging_mixin.py:188} INFO - [2026-06-24T09:57:11.990+0000] {dag.py:3033} INFO - Sync 1 DAGs
[2026-06-24T09:57:12.016+0000] {logging_mixin.py:188} INFO - [2026-06-24T09:57:12.016+0000] {dag.py:3820} INFO - Setting next_dagrun for xray_weekly_training to 2026-06-14T02:00:00+00:00, run_after=2026-06-21T02:00:00+00:00
[2026-06-24T09:57:12.043+0000] {processor.py:183} INFO - Processing /opt/airflow/dags/weekly_training_dag.py took 0.127 seconds
[2026-06-24T09:57:42.279+0000] {processor.py:161} INFO - Started process (PID=1982) to work on /opt/airflow/dags/weekly_training_dag.py
[2026-06-24T09:57:42.287+0000] {processor.py:830} INFO - Processing file /opt/airflow/dags/weekly_training_dag.py for tasks to queue
[2026-06-24T09:57:42.295+0000] {logging_mixin.py:188} INFO - [2026-06-24T09:57:42.292+0000] {dagbag.py:538} INFO - Filling up the DagBag from /opt/airflow/dags/weekly_training_dag.py
[2026-06-24T09:57:42.341+0000] {processor.py:840} INFO - DAG(s) 'xray_weekly_training' retrieved from /opt/airflow/dags/weekly_training_dag.py
[2026-06-24T09:57:42.390+0000] {logging_mixin.py:188} INFO - [2026-06-24T09:57:42.390+0000] {dag.py:3033} INFO - Sync 1 DAGs
[2026-06-24T09:57:42.424+0000] {logging_mixin.py:188} INFO - [2026-06-24T09:57:42.424+0000] {dag.py:3820} INFO - Setting next_dagrun for xray_weekly_training to 2026-06-14T02:00:00+00:00, run_after=2026-06-21T02:00:00+00:00
[2026-06-24T09:57:42.444+0000] {processor.py:183} INFO - Processing /opt/airflow/dags/weekly_training_dag.py took 0.219 seconds
[2026-06-24T09:58:12.548+0000] {processor.py:161} INFO - Started process (PID=1992) to work on /opt/airflow/dags/weekly_training_dag.py
[2026-06-24T09:58:12.551+0000] {processor.py:830} INFO - Processing file /opt/airflow/dags/weekly_training_dag.py for tasks to queue
[2026-06-24T09:58:12.554+0000] {logging_mixin.py:188} INFO - [2026-06-24T09:58:12.553+0000] {dagbag.py:538} INFO - Filling up the DagBag from /opt/airflow/dags/weekly_training_dag.py
[2026-06-24T09:58:12.598+0000] {processor.py:840} INFO - DAG(s) 'xray_weekly_training' retrieved from /opt/airflow/dags/weekly_training_dag.py
[2026-06-24T09:58:12.654+0000] {logging_mixin.py:188} INFO - [2026-06-24T09:58:12.654+0000] {dag.py:3033} INFO - Sync 1 DAGs
[2026-06-24T09:58:12.682+0000] {logging_mixin.py:188} INFO - [2026-06-24T09:58:12.682+0000] {dag.py:3820} INFO - Setting next_dagrun for xray_weekly_training to 2026-06-14T02:00:00+00:00, run_after=2026-06-21T02:00:00+00:00
[2026-06-24T09:58:12.703+0000] {processor.py:183} INFO - Processing /opt/airflow/dags/weekly_training_dag.py took 0.163 seconds
[2026-06-24T09:58:43.132+0000] {processor.py:161} INFO - Started process (PID=2001) to work on /opt/airflow/dags/weekly_training_dag.py
[2026-06-24T09:58:43.134+0000] {processor.py:830} INFO - Processing file /opt/airflow/dags/weekly_training_dag.py for tasks to queue
[2026-06-24T09:58:43.136+0000] {logging_mixin.py:188} INFO - [2026-06-24T09:58:43.136+0000] {dagbag.py:538} INFO - Filling up the DagBag from /opt/airflow/dags/weekly_training_dag.py
[2026-06-24T09:58:43.183+0000] {processor.py:840} INFO - DAG(s) 'xray_weekly_training' retrieved from /opt/airflow/dags/weekly_training_dag.py
[2026-06-24T09:58:43.250+0000] {logging_mixin.py:188} INFO - [2026-06-24T09:58:43.250+0000] {dag.py:3033} INFO - Sync 1 DAGs
[2026-06-24T09:58:43.288+0000] {logging_mixin.py:188} INFO - [2026-06-24T09:58:43.288+0000] {dag.py:3820} INFO - Setting next_dagrun for xray_weekly_training to 2026-06-14T02:00:00+00:00, run_after=2026-06-21T02:00:00+00:00
[2026-06-24T09:58:43.309+0000] {processor.py:183} INFO - Processing /opt/airflow/dags/weekly_training_dag.py took 0.185 seconds
[2026-06-24T09:59:13.490+0000] {processor.py:161} INFO - Started process (PID=2011) to work on /opt/airflow/dags/weekly_training_dag.py
[2026-06-24T09:59:13.492+0000] {processor.py:830} INFO - Processing file /opt/airflow/dags/weekly_training_dag.py for tasks to queue
[2026-06-24T09:59:13.496+0000] {logging_mixin.py:188} INFO - [2026-06-24T09:59:13.495+0000] {dagbag.py:538} INFO - Filling up the DagBag from /opt/airflow/dags/weekly_training_dag.py
[2026-06-24T09:59:13.541+0000] {processor.py:840} INFO - DAG(s) 'xray_weekly_training' retrieved from /opt/airflow/dags/weekly_training_dag.py
[2026-06-24T09:59:13.600+0000] {logging_mixin.py:188} INFO - [2026-06-24T09:59:13.600+0000] {dag.py:3033} INFO - Sync 1 DAGs
[2026-06-24T09:59:13.636+0000] {logging_mixin.py:188} INFO - [2026-06-24T09:59:13.636+0000] {dag.py:3820} INFO - Setting next_dagrun for xray_weekly_training to 2026-06-14T02:00:00+00:00, run_after=2026-06-21T02:00:00+00:00
[2026-06-24T09:59:13.655+0000] {processor.py:183} INFO - Processing /opt/airflow/dags/weekly_training_dag.py took 0.176 seconds
[2026-06-24T09:59:43.811+0000] {processor.py:161} INFO - Started process (PID=2022) to work on /opt/airflow/dags/weekly_training_dag.py
[2026-06-24T09:59:43.813+0000] {processor.py:830} INFO - Processing file /opt/airflow/dags/weekly_training_dag.py for tasks to queue
[2026-06-24T09:59:43.814+0000] {logging_mixin.py:188} INFO - [2026-06-24T09:59:43.813+0000] {dagbag.py:538} INFO - Filling up the DagBag from /opt/airflow/dags/weekly_training_dag.py
[2026-06-24T09:59:43.837+0000] {processor.py:840} INFO - DAG(s) 'xray_weekly_training' retrieved from /opt/airflow/dags/weekly_training_dag.py
[2026-06-24T09:59:43.881+0000] {logging_mixin.py:188} INFO - [2026-06-24T09:59:43.881+0000] {dag.py:3033} INFO - Sync 1 DAGs
[2026-06-24T09:59:43.910+0000] {logging_mixin.py:188} INFO - [2026-06-24T09:59:43.910+0000] {dag.py:3820} INFO - Setting next_dagrun for xray_weekly_training to 2026-06-14T02:00:00+00:00, run_after=2026-06-21T02:00:00+00:00
[2026-06-24T09:59:43.931+0000] {processor.py:183} INFO - Processing /opt/airflow/dags/weekly_training_dag.py took 0.125 seconds
[2026-06-24T10:00:14.108+0000] {processor.py:161} INFO - Started process (PID=2032) to work on /opt/airflow/dags/weekly_training_dag.py
[2026-06-24T10:00:14.111+0000] {processor.py:830} INFO - Processing file /opt/airflow/dags/weekly_training_dag.py for tasks to queue
[2026-06-24T10:00:14.112+0000] {logging_mixin.py:188} INFO - [2026-06-24T10:00:14.112+0000] {dagbag.py:538} INFO - Filling up the DagBag from /opt/airflow/dags/weekly_training_dag.py
[2026-06-24T10:00:14.147+0000] {processor.py:840} INFO - DAG(s) 'xray_weekly_training' retrieved from /opt/airflow/dags/weekly_training_dag.py
[2026-06-24T10:00:14.216+0000] {logging_mixin.py:188} INFO - [2026-06-24T10:00:14.216+0000] {dag.py:3033} INFO - Sync 1 DAGs
[2026-06-24T10:00:14.248+0000] {logging_mixin.py:188} INFO - [2026-06-24T10:00:14.248+0000] {dag.py:3820} INFO - Setting next_dagrun for xray_weekly_training to 2026-06-14T02:00:00+00:00, run_after=2026-06-21T02:00:00+00:00
[2026-06-24T10:00:14.352+0000] {processor.py:183} INFO - Processing /opt/airflow/dags/weekly_training_dag.py took 0.249 seconds
[2026-06-24T10:00:44.840+0000] {processor.py:161} INFO - Started process (PID=2042) to work on /opt/airflow/dags/weekly_training_dag.py
[2026-06-24T10:00:44.857+0000] {processor.py:830} INFO - Processing file /opt/airflow/dags/weekly_training_dag.py for tasks to queue
[2026-06-24T10:00:44.866+0000] {logging_mixin.py:188} INFO - [2026-06-24T10:00:44.864+0000] {dagbag.py:538} INFO - Filling up the DagBag from /opt/airflow/dags/weekly_training_dag.py
[2026-06-24T10:00:44.916+0000] {processor.py:840} INFO - DAG(s) 'xray_weekly_training' retrieved from /opt/airflow/dags/weekly_training_dag.py
[2026-06-24T10:00:45.003+0000] {logging_mixin.py:188} INFO - [2026-06-24T10:00:45.003+0000] {dag.py:3033} INFO - Sync 1 DAGs
[2026-06-24T10:00:45.044+0000] {logging_mixin.py:188} INFO - [2026-06-24T10:00:45.043+0000] {dag.py:3820} INFO - Setting next_dagrun for xray_weekly_training to 2026-06-14T02:00:00+00:00, run_after=2026-06-21T02:00:00+00:00
[2026-06-24T10:00:45.069+0000] {processor.py:183} INFO - Processing /opt/airflow/dags/weekly_training_dag.py took 0.250 seconds
[2026-06-24T10:01:15.272+0000] {processor.py:161} INFO - Started process (PID=2051) to work on /opt/airflow/dags/weekly_training_dag.py
[2026-06-24T10:01:15.274+0000] {processor.py:830} INFO - Processing file /opt/airflow/dags/weekly_training_dag.py for tasks to queue
[2026-06-24T10:01:15.276+0000] {logging_mixin.py:188} INFO - [2026-06-24T10:01:15.276+0000] {dagbag.py:538} INFO - Filling up the DagBag from /opt/airflow/dags/weekly_training_dag.py
[2026-06-24T10:01:15.332+0000] {processor.py:840} INFO - DAG(s) 'xray_weekly_training' retrieved from /opt/airflow/dags/weekly_training_dag.py
[2026-06-24T10:01:15.450+0000] {logging_mixin.py:188} INFO - [2026-06-24T10:01:15.450+0000] {dag.py:3033} INFO - Sync 1 DAGs
[2026-06-24T10:01:15.493+0000] {logging_mixin.py:188} INFO - [2026-06-24T10:01:15.492+0000] {dag.py:3820} INFO - Setting next_dagrun for xray_weekly_training to 2026-06-14T02:00:00+00:00, run_after=2026-06-21T02:00:00+00:00
[2026-06-24T10:01:15.527+0000] {processor.py:183} INFO - Processing /opt/airflow/dags/weekly_training_dag.py took 0.263 seconds
[2026-06-24T10:01:46.094+0000] {processor.py:161} INFO - Started process (PID=2062) to work on /opt/airflow/dags/weekly_training_dag.py
[2026-06-24T10:01:46.098+0000] {processor.py:830} INFO - Processing file /opt/airflow/dags/weekly_training_dag.py for tasks to queue
[2026-06-24T10:01:46.099+0000] {logging_mixin.py:188} INFO - [2026-06-24T10:01:46.099+0000] {dagbag.py:538} INFO - Filling up the DagBag from /opt/airflow/dags/weekly_training_dag.py
[2026-06-24T10:01:46.142+0000] {processor.py:840} INFO - DAG(s) 'xray_weekly_training' retrieved from /opt/airflow/dags/weekly_training_dag.py
[2026-06-24T10:01:46.235+0000] {logging_mixin.py:188} INFO - [2026-06-24T10:01:46.235+0000] {dag.py:3033} INFO - Sync 1 DAGs
[2026-06-24T10:01:46.325+0000] {logging_mixin.py:188} INFO - [2026-06-24T10:01:46.325+0000] {dag.py:3820} INFO - Setting next_dagrun for xray_weekly_training to 2026-06-14T02:00:00+00:00, run_after=2026-06-21T02:00:00+00:00
[2026-06-24T10:01:46.367+0000] {processor.py:183} INFO - Processing /opt/airflow/dags/weekly_training_dag.py took 0.281 seconds
[2026-06-24T10:02:16.869+0000] {processor.py:161} INFO - Started process (PID=2071) to work on /opt/airflow/dags/weekly_training_dag.py
[2026-06-24T10:02:16.871+0000] {processor.py:830} INFO - Processing file /opt/airflow/dags/weekly_training_dag.py for tasks to queue
[2026-06-24T10:02:16.872+0000] {logging_mixin.py:188} INFO - [2026-06-24T10:02:16.872+0000] {dagbag.py:538} INFO - Filling up the DagBag from /opt/airflow/dags/weekly_training_dag.py
[2026-06-24T10:02:16.919+0000] {processor.py:840} INFO - DAG(s) 'xray_weekly_training' retrieved from /opt/airflow/dags/weekly_training_dag.py
[2026-06-24T10:02:16.982+0000] {logging_mixin.py:188} INFO - [2026-06-24T10:02:16.982+0000] {dag.py:3033} INFO - Sync 1 DAGs
[2026-06-24T10:02:17.016+0000] {logging_mixin.py:188} INFO - [2026-06-24T10:02:17.016+0000] {dag.py:3820} INFO - Setting next_dagrun for xray_weekly_training to 2026-06-14T02:00:00+00:00, run_after=2026-06-21T02:00:00+00:00
[2026-06-24T10:02:17.052+0000] {processor.py:183} INFO - Processing /opt/airflow/dags/weekly_training_dag.py took 0.190 seconds
[2026-06-24T10:02:48.283+0000] {processor.py:161} INFO - Started process (PID=2081) to work on /opt/airflow/dags/weekly_training_dag.py
[2026-06-24T10:02:48.293+0000] {processor.py:830} INFO - Processing file /opt/airflow/dags/weekly_training_dag.py for tasks to queue
[2026-06-24T10:02:48.303+0000] {logging_mixin.py:188} INFO - [2026-06-24T10:02:48.301+0000] {dagbag.py:538} INFO - Filling up the DagBag from /opt/airflow/dags/weekly_training_dag.py
[2026-06-24T10:02:48.466+0000] {processor.py:840} INFO - DAG(s) 'xray_weekly_training' retrieved from /opt/airflow/dags/weekly_training_dag.py
[2026-06-24T10:02:48.821+0000] {logging_mixin.py:188} INFO - [2026-06-24T10:02:48.821+0000] {dag.py:3033} INFO - Sync 1 DAGs
[2026-06-24T10:02:48.949+0000] {logging_mixin.py:188} INFO - [2026-06-24T10:02:48.948+0000] {dag.py:3820} INFO - Setting next_dagrun for xray_weekly_training to 2026-06-14T02:00:00+00:00, run_after=2026-06-21T02:00:00+00:00
[2026-06-24T10:02:49.024+0000] {processor.py:183} INFO - Processing /opt/airflow/dags/weekly_training_dag.py took 0.789 seconds
[2026-06-24T10:03:20.206+0000] {processor.py:161} INFO - Started process (PID=2092) to work on /opt/airflow/dags/weekly_training_dag.py
[2026-06-24T10:03:20.238+0000] {processor.py:830} INFO - Processing file /opt/airflow/dags/weekly_training_dag.py for tasks to queue
[2026-06-24T10:03:20.262+0000] {logging_mixin.py:188} INFO - [2026-06-24T10:03:20.254+0000] {dagbag.py:538} INFO - Filling up the DagBag from /opt/airflow/dags/weekly_training_dag.py
[2026-06-24T10:03:20.651+0000] {processor.py:840} INFO - DAG(s) 'xray_weekly_training' retrieved from /opt/airflow/dags/weekly_training_dag.py
[2026-06-24T10:03:20.919+0000] {logging_mixin.py:188} INFO - [2026-06-24T10:03:20.918+0000] {dag.py:3033} INFO - Sync 1 DAGs
[2026-06-24T10:03:21.054+0000] {logging_mixin.py:188} INFO - [2026-06-24T10:03:21.053+0000] {dag.py:3820} INFO - Setting next_dagrun for xray_weekly_training to 2026-06-14T02:00:00+00:00, run_after=2026-06-21T02:00:00+00:00
[2026-06-24T10:03:21.112+0000] {processor.py:183} INFO - Processing /opt/airflow/dags/weekly_training_dag.py took 0.935 seconds
[2026-06-24T10:03:52.768+0000] {processor.py:161} INFO - Started process (PID=2102) to work on /opt/airflow/dags/weekly_training_dag.py
[2026-06-24T10:03:52.783+0000] {processor.py:830} INFO - Processing file /opt/airflow/dags/weekly_training_dag.py for tasks to queue
[2026-06-24T10:03:52.789+0000] {logging_mixin.py:188} INFO - [2026-06-24T10:03:52.786+0000] {dagbag.py:538} INFO - Filling up the DagBag from /opt/airflow/dags/weekly_training_dag.py
[2026-06-24T10:03:52.959+0000] {processor.py:840} INFO - DAG(s) 'xray_weekly_training' retrieved from /opt/airflow/dags/weekly_training_dag.py
[2026-06-24T10:03:53.404+0000] {logging_mixin.py:188} INFO - [2026-06-24T10:03:53.404+0000] {dag.py:3033} INFO - Sync 1 DAGs
[2026-06-24T10:03:53.533+0000] {logging_mixin.py:188} INFO - [2026-06-24T10:03:53.533+0000] {dag.py:3820} INFO - Setting next_dagrun for xray_weekly_training to 2026-06-14T02:00:00+00:00, run_after=2026-06-21T02:00:00+00:00
[2026-06-24T10:03:53.635+0000] {processor.py:183} INFO - Processing /opt/airflow/dags/weekly_training_dag.py took 0.942 seconds
[2026-06-24T10:04:24.598+0000] {processor.py:161} INFO - Started process (PID=2112) to work on /opt/airflow/dags/weekly_training_dag.py
[2026-06-24T10:04:24.601+0000] {processor.py:830} INFO - Processing file /opt/airflow/dags/weekly_training_dag.py for tasks to queue
[2026-06-24T10:04:24.604+0000] {logging_mixin.py:188} INFO - [2026-06-24T10:04:24.602+0000] {dagbag.py:538} INFO - Filling up the DagBag from /opt/airflow/dags/weekly_training_dag.py
[2026-06-24T10:04:24.673+0000] {processor.py:840} INFO - DAG(s) 'xray_weekly_training' retrieved from /opt/airflow/dags/weekly_training_dag.py
[2026-06-24T10:04:24.824+0000] {logging_mixin.py:188} INFO - [2026-06-24T10:04:24.824+0000] {dag.py:3033} INFO - Sync 1 DAGs
[2026-06-24T10:04:24.888+0000] {logging_mixin.py:188} INFO - [2026-06-24T10:04:24.888+0000] {dag.py:3820} INFO - Setting next_dagrun for xray_weekly_training to 2026-06-14T02:00:00+00:00, run_after=2026-06-21T02:00:00+00:00
[2026-06-24T10:04:24.942+0000] {processor.py:183} INFO - Processing /opt/airflow/dags/weekly_training_dag.py took 0.349 seconds
[2026-06-24T10:04:55.455+0000] {processor.py:161} INFO - Started process (PID=2122) to work on /opt/airflow/dags/weekly_training_dag.py
[2026-06-24T10:04:55.458+0000] {processor.py:830} INFO - Processing file /opt/airflow/dags/weekly_training_dag.py for tasks to queue
[2026-06-24T10:04:55.462+0000] {logging_mixin.py:188} INFO - [2026-06-24T10:04:55.461+0000] {dagbag.py:538} INFO - Filling up the DagBag from /opt/airflow/dags/weekly_training_dag.py
[2026-06-24T10:04:55.525+0000] {processor.py:840} INFO - DAG(s) 'xray_weekly_training' retrieved from /opt/airflow/dags/weekly_training_dag.py
[2026-06-24T10:04:55.626+0000] {logging_mixin.py:188} INFO - [2026-06-24T10:04:55.626+0000] {dag.py:3033} INFO - Sync 1 DAGs
[2026-06-24T10:04:55.681+0000] {logging_mixin.py:188} INFO - [2026-06-24T10:04:55.681+0000] {dag.py:3820} INFO - Setting next_dagrun for xray_weekly_training to 2026-06-14T02:00:00+00:00, run_after=2026-06-21T02:00:00+00:00
[2026-06-24T10:04:55.733+0000] {processor.py:183} INFO - Processing /opt/airflow/dags/weekly_training_dag.py took 0.286 seconds
[2026-06-24T10:05:26.082+0000] {processor.py:161} INFO - Started process (PID=2131) to work on /opt/airflow/dags/weekly_training_dag.py
[2026-06-24T10:05:26.089+0000] {processor.py:830} INFO - Processing file /opt/airflow/dags/weekly_training_dag.py for tasks to queue
[2026-06-24T10:05:26.094+0000] {logging_mixin.py:188} INFO - [2026-06-24T10:05:26.093+0000] {dagbag.py:538} INFO - Filling up the DagBag from /opt/airflow/dags/weekly_training_dag.py
[2026-06-24T10:05:26.151+0000] {processor.py:840} INFO - DAG(s) 'xray_weekly_training' retrieved from /opt/airflow/dags/weekly_training_dag.py
[2026-06-24T10:05:26.249+0000] {logging_mixin.py:188} INFO - [2026-06-24T10:05:26.249+0000] {dag.py:3033} INFO - Sync 1 DAGs
[2026-06-24T10:05:26.309+0000] {logging_mixin.py:188} INFO - [2026-06-24T10:05:26.309+0000] {dag.py:3820} INFO - Setting next_dagrun for xray_weekly_training to 2026-06-14T02:00:00+00:00, run_after=2026-06-21T02:00:00+00:00
[2026-06-24T10:05:26.360+0000] {processor.py:183} INFO - Processing /opt/airflow/dags/weekly_training_dag.py took 0.293 seconds
[2026-06-24T10:05:56.971+0000] {processor.py:161} INFO - Started process (PID=2142) to work on /opt/airflow/dags/weekly_training_dag.py
[2026-06-24T10:05:56.974+0000] {processor.py:830} INFO - Processing file /opt/airflow/dags/weekly_training_dag.py for tasks to queue
[2026-06-24T10:05:56.977+0000] {logging_mixin.py:188} INFO - [2026-06-24T10:05:56.976+0000] {dagbag.py:538} INFO - Filling up the DagBag from /opt/airflow/dags/weekly_training_dag.py
[2026-06-24T10:05:57.026+0000] {processor.py:840} INFO - DAG(s) 'xray_weekly_training' retrieved from /opt/airflow/dags/weekly_training_dag.py
[2026-06-24T10:05:57.109+0000] {logging_mixin.py:188} INFO - [2026-06-24T10:05:57.109+0000] {dag.py:3033} INFO - Sync 1 DAGs
[2026-06-24T10:05:57.151+0000] {logging_mixin.py:188} INFO - [2026-06-24T10:05:57.151+0000] {dag.py:3820} INFO - Setting next_dagrun for xray_weekly_training to 2026-06-14T02:00:00+00:00, run_after=2026-06-21T02:00:00+00:00
[2026-06-24T10:05:57.194+0000] {processor.py:183} INFO - Processing /opt/airflow/dags/weekly_training_dag.py took 0.233 seconds
[2026-06-24T10:06:27.495+0000] {processor.py:161} INFO - Started process (PID=2152) to work on /opt/airflow/dags/weekly_training_dag.py
[2026-06-24T10:06:27.497+0000] {processor.py:830} INFO - Processing file /opt/airflow/dags/weekly_training_dag.py for tasks to queue
[2026-06-24T10:06:27.500+0000] {logging_mixin.py:188} INFO - [2026-06-24T10:06:27.499+0000] {dagbag.py:538} INFO - Filling up the DagBag from /opt/airflow/dags/weekly_training_dag.py
[2026-06-24T10:06:27.564+0000] {processor.py:840} INFO - DAG(s) 'xray_weekly_training' retrieved from /opt/airflow/dags/weekly_training_dag.py
[2026-06-24T10:06:27.715+0000] {logging_mixin.py:188} INFO - [2026-06-24T10:06:27.714+0000] {dag.py:3033} INFO - Sync 1 DAGs
[2026-06-24T10:06:27.770+0000] {logging_mixin.py:188} INFO - [2026-06-24T10:06:27.770+0000] {dag.py:3820} INFO - Setting next_dagrun for xray_weekly_training to 2026-06-14T02:00:00+00:00, run_after=2026-06-21T02:00:00+00:00
[2026-06-24T10:06:27.869+0000] {processor.py:183} INFO - Processing /opt/airflow/dags/weekly_training_dag.py took 0.383 seconds
[2026-06-24T10:06:58.666+0000] {processor.py:161} INFO - Started process (PID=2162) to work on /opt/airflow/dags/weekly_training_dag.py
[2026-06-24T10:06:58.669+0000] {processor.py:830} INFO - Processing file /opt/airflow/dags/weekly_training_dag.py for tasks to queue
[2026-06-24T10:06:58.671+0000] {logging_mixin.py:188} INFO - [2026-06-24T10:06:58.671+0000] {dagbag.py:538} INFO - Filling up the DagBag from /opt/airflow/dags/weekly_training_dag.py
[2026-06-24T10:06:58.732+0000] {processor.py:840} INFO - DAG(s) 'xray_weekly_training' retrieved from /opt/airflow/dags/weekly_training_dag.py
[2026-06-24T10:06:58.870+0000] {logging_mixin.py:188} INFO - [2026-06-24T10:06:58.870+0000] {dag.py:3033} INFO - Sync 1 DAGs
[2026-06-24T10:06:58.963+0000] {logging_mixin.py:188} INFO - [2026-06-24T10:06:58.962+0000] {dag.py:3820} INFO - Setting next_dagrun for xray_weekly_training to 2026-06-14T02:00:00+00:00, run_after=2026-06-21T02:00:00+00:00
[2026-06-24T10:06:59.028+0000] {processor.py:183} INFO - Processing /opt/airflow/dags/weekly_training_dag.py took 0.394 seconds
[2026-06-24T10:07:29.354+0000] {processor.py:161} INFO - Started process (PID=2172) to work on /opt/airflow/dags/weekly_training_dag.py
[2026-06-24T10:07:29.356+0000] {processor.py:830} INFO - Processing file /opt/airflow/dags/weekly_training_dag.py for tasks to queue
[2026-06-24T10:07:29.358+0000] {logging_mixin.py:188} INFO - [2026-06-24T10:07:29.357+0000] {dagbag.py:538} INFO - Filling up the DagBag from /opt/airflow/dags/weekly_training_dag.py
[2026-06-24T10:07:29.397+0000] {processor.py:840} INFO - DAG(s) 'xray_weekly_training' retrieved from /opt/airflow/dags/weekly_training_dag.py
[2026-06-24T10:07:29.488+0000] {logging_mixin.py:188} INFO - [2026-06-24T10:07:29.487+0000] {dag.py:3033} INFO - Sync 1 DAGs
[2026-06-24T10:07:29.539+0000] {logging_mixin.py:188} INFO - [2026-06-24T10:07:29.539+0000] {dag.py:3820} INFO - Setting next_dagrun for xray_weekly_training to 2026-06-14T02:00:00+00:00, run_after=2026-06-21T02:00:00+00:00
[2026-06-24T10:07:29.567+0000] {processor.py:183} INFO - Processing /opt/airflow/dags/weekly_training_dag.py took 0.223 seconds
[2026-06-24T10:08:00.229+0000] {processor.py:161} INFO - Started process (PID=2182) to work on /opt/airflow/dags/weekly_training_dag.py
[2026-06-24T10:08:00.231+0000] {processor.py:830} INFO - Processing file /opt/airflow/dags/weekly_training_dag.py for tasks to queue
[2026-06-24T10:08:00.237+0000] {logging_mixin.py:188} INFO - [2026-06-24T10:08:00.233+0000] {dagbag.py:538} INFO - Filling up the DagBag from /opt/airflow/dags/weekly_training_dag.py
[2026-06-24T10:08:00.329+0000] {processor.py:840} INFO - DAG(s) 'xray_weekly_training' retrieved from /opt/airflow/dags/weekly_training_dag.py
[2026-06-24T10:08:01.338+0000] {logging_mixin.py:188} INFO - [2026-06-24T10:08:01.322+0000] {dag.py:3033} INFO - Sync 1 DAGs
[2026-06-24T10:08:01.580+0000] {logging_mixin.py:188} INFO - [2026-06-24T10:08:01.579+0000] {dag.py:3820} INFO - Setting next_dagrun for xray_weekly_training to 2026-06-14T02:00:00+00:00, run_after=2026-06-21T02:00:00+00:00
[2026-06-24T10:08:01.691+0000] {processor.py:183} INFO - Processing /opt/airflow/dags/weekly_training_dag.py took 1.474 seconds
[2026-06-24T10:08:32.071+0000] {processor.py:161} INFO - Started process (PID=2191) to work on /opt/airflow/dags/weekly_training_dag.py
[2026-06-24T10:08:32.076+0000] {processor.py:830} INFO - Processing file /opt/airflow/dags/weekly_training_dag.py for tasks to queue
[2026-06-24T10:08:32.081+0000] {logging_mixin.py:188} INFO - [2026-06-24T10:08:32.078+0000] {dagbag.py:538} INFO - Filling up the DagBag from /opt/airflow/dags/weekly_training_dag.py
[2026-06-24T10:08:32.165+0000] {processor.py:840} INFO - DAG(s) 'xray_weekly_training' retrieved from /opt/airflow/dags/weekly_training_dag.py
[2026-06-24T10:08:32.289+0000] {logging_mixin.py:188} INFO - [2026-06-24T10:08:32.288+0000] {dag.py:3033} INFO - Sync 1 DAGs
[2026-06-24T10:08:32.368+0000] {logging_mixin.py:188} INFO - [2026-06-24T10:08:32.368+0000] {dag.py:3820} INFO - Setting next_dagrun for xray_weekly_training to 2026-06-14T02:00:00+00:00, run_after=2026-06-21T02:00:00+00:00
[2026-06-24T10:08:32.425+0000] {processor.py:183} INFO - Processing /opt/airflow/dags/weekly_training_dag.py took 0.378 seconds
[2026-06-24T10:09:03.109+0000] {processor.py:161} INFO - Started process (PID=2202) to work on /opt/airflow/dags/weekly_training_dag.py
[2026-06-24T10:09:03.112+0000] {processor.py:830} INFO - Processing file /opt/airflow/dags/weekly_training_dag.py for tasks to queue
[2026-06-24T10:09:03.113+0000] {logging_mixin.py:188} INFO - [2026-06-24T10:09:03.113+0000] {dagbag.py:538} INFO - Filling up the DagBag from /opt/airflow/dags/weekly_training_dag.py
[2026-06-24T10:09:03.178+0000] {processor.py:840} INFO - DAG(s) 'xray_weekly_training' retrieved from /opt/airflow/dags/weekly_training_dag.py
[2026-06-24T10:09:03.280+0000] {logging_mixin.py:188} INFO - [2026-06-24T10:09:03.280+0000] {dag.py:3033} INFO - Sync 1 DAGs
[2026-06-24T10:09:03.330+0000] {logging_mixin.py:188} INFO - [2026-06-24T10:09:03.330+0000] {dag.py:3820} INFO - Setting next_dagrun for xray_weekly_training to 2026-06-14T02:00:00+00:00, run_after=2026-06-21T02:00:00+00:00
[2026-06-24T10:09:03.386+0000] {processor.py:183} INFO - Processing /opt/airflow/dags/weekly_training_dag.py took 0.284 seconds
[2026-06-24T10:09:34.311+0000] {processor.py:161} INFO - Started process (PID=2212) to work on /opt/airflow/dags/weekly_training_dag.py
[2026-06-24T10:09:34.317+0000] {processor.py:830} INFO - Processing file /opt/airflow/dags/weekly_training_dag.py for tasks to queue
[2026-06-24T10:09:34.323+0000] {logging_mixin.py:188} INFO - [2026-06-24T10:09:34.322+0000] {dagbag.py:538} INFO - Filling up the DagBag from /opt/airflow/dags/weekly_training_dag.py
[2026-06-24T10:09:34.446+0000] {processor.py:840} INFO - DAG(s) 'xray_weekly_training' retrieved from /opt/airflow/dags/weekly_training_dag.py
[2026-06-24T10:09:34.644+0000] {logging_mixin.py:188} INFO - [2026-06-24T10:09:34.643+0000] {dag.py:3033} INFO - Sync 1 DAGs
[2026-06-24T10:09:34.766+0000] {logging_mixin.py:188} INFO - [2026-06-24T10:09:34.766+0000] {dag.py:3820} INFO - Setting next_dagrun for xray_weekly_training to 2026-06-14T02:00:00+00:00, run_after=2026-06-21T02:00:00+00:00
[2026-06-24T10:09:34.863+0000] {processor.py:183} INFO - Processing /opt/airflow/dags/weekly_training_dag.py took 0.590 seconds
[2026-06-24T10:10:05.777+0000] {processor.py:161} INFO - Started process (PID=2222) to work on /opt/airflow/dags/weekly_training_dag.py
[2026-06-24T10:10:05.786+0000] {processor.py:830} INFO - Processing file /opt/airflow/dags/weekly_training_dag.py for tasks to queue
[2026-06-24T10:10:05.808+0000] {logging_mixin.py:188} INFO - [2026-06-24T10:10:05.793+0000] {dagbag.py:538} INFO - Filling up the DagBag from /opt/airflow/dags/weekly_training_dag.py
[2026-06-24T10:10:06.040+0000] {processor.py:840} INFO - DAG(s) 'xray_weekly_training' retrieved from /opt/airflow/dags/weekly_training_dag.py
[2026-06-24T10:10:06.305+0000] {logging_mixin.py:188} INFO - [2026-06-24T10:10:06.305+0000] {dag.py:3033} INFO - Sync 1 DAGs
[2026-06-24T10:10:06.442+0000] {logging_mixin.py:188} INFO - [2026-06-24T10:10:06.441+0000] {dag.py:3820} INFO - Setting next_dagrun for xray_weekly_training to 2026-06-14T02:00:00+00:00, run_after=2026-06-21T02:00:00+00:00
[2026-06-24T10:10:06.558+0000] {processor.py:183} INFO - Processing /opt/airflow/dags/weekly_training_dag.py took 0.806 seconds
[2026-06-24T10:10:36.999+0000] {processor.py:161} INFO - Started process (PID=2232) to work on /opt/airflow/dags/weekly_training_dag.py
[2026-06-24T10:10:37.001+0000] {processor.py:830} INFO - Processing file /opt/airflow/dags/weekly_training_dag.py for tasks to queue
[2026-06-24T10:10:37.004+0000] {logging_mixin.py:188} INFO - [2026-06-24T10:10:37.003+0000] {dagbag.py:538} INFO - Filling up the DagBag from /opt/airflow/dags/weekly_training_dag.py
[2026-06-24T10:10:37.085+0000] {processor.py:840} INFO - DAG(s) 'xray_weekly_training' retrieved from /opt/airflow/dags/weekly_training_dag.py
[2026-06-24T10:10:37.206+0000] {logging_mixin.py:188} INFO - [2026-06-24T10:10:37.206+0000] {dag.py:3033} INFO - Sync 1 DAGs
[2026-06-24T10:10:37.253+0000] {logging_mixin.py:188} INFO - [2026-06-24T10:10:37.252+0000] {dag.py:3820} INFO - Setting next_dagrun for xray_weekly_training to 2026-06-14T02:00:00+00:00, run_after=2026-06-21T02:00:00+00:00
[2026-06-24T10:10:37.285+0000] {processor.py:183} INFO - Processing /opt/airflow/dags/weekly_training_dag.py took 0.298 seconds
[2026-06-24T10:11:07.467+0000] {processor.py:161} INFO - Started process (PID=2242) to work on /opt/airflow/dags/weekly_training_dag.py
[2026-06-24T10:11:07.469+0000] {processor.py:830} INFO - Processing file /opt/airflow/dags/weekly_training_dag.py for tasks to queue
[2026-06-24T10:11:07.470+0000] {logging_mixin.py:188} INFO - [2026-06-24T10:11:07.469+0000] {dagbag.py:538} INFO - Filling up the DagBag from /opt/airflow/dags/weekly_training_dag.py
[2026-06-24T10:11:07.497+0000] {processor.py:840} INFO - DAG(s) 'xray_weekly_training' retrieved from /opt/airflow/dags/weekly_training_dag.py
[2026-06-24T10:11:07.545+0000] {logging_mixin.py:188} INFO - [2026-06-24T10:11:07.545+0000] {dag.py:3033} INFO - Sync 1 DAGs
[2026-06-24T10:11:07.570+0000] {logging_mixin.py:188} INFO - [2026-06-24T10:11:07.570+0000] {dag.py:3820} INFO - Setting next_dagrun for xray_weekly_training to 2026-06-14T02:00:00+00:00, run_after=2026-06-21T02:00:00+00:00
[2026-06-24T10:11:07.591+0000] {processor.py:183} INFO - Processing /opt/airflow/dags/weekly_training_dag.py took 0.131 seconds
[2026-06-24T10:11:37.909+0000] {processor.py:161} INFO - Started process (PID=2252) to work on /opt/airflow/dags/weekly_training_dag.py
[2026-06-24T10:11:37.911+0000] {processor.py:830} INFO - Processing file /opt/airflow/dags/weekly_training_dag.py for tasks to queue
[2026-06-24T10:11:37.913+0000] {logging_mixin.py:188} INFO - [2026-06-24T10:11:37.913+0000] {dagbag.py:538} INFO - Filling up the DagBag from /opt/airflow/dags/weekly_training_dag.py
[2026-06-24T10:11:37.950+0000] {processor.py:840} INFO - DAG(s) 'xray_weekly_training' retrieved from /opt/airflow/dags/weekly_training_dag.py
[2026-06-24T10:11:38.065+0000] {logging_mixin.py:188} INFO - [2026-06-24T10:11:38.065+0000] {dag.py:3033} INFO - Sync 1 DAGs
[2026-06-24T10:11:38.137+0000] {logging_mixin.py:188} INFO - [2026-06-24T10:11:38.136+0000] {dag.py:3820} INFO - Setting next_dagrun for xray_weekly_training to 2026-06-14T02:00:00+00:00, run_after=2026-06-21T02:00:00+00:00
[2026-06-24T10:11:38.187+0000] {processor.py:183} INFO - Processing /opt/airflow/dags/weekly_training_dag.py took 0.286 seconds
[2026-06-24T10:12:08.399+0000] {processor.py:161} INFO - Started process (PID=2261) to work on /opt/airflow/dags/weekly_training_dag.py
[2026-06-24T10:12:08.400+0000] {processor.py:830} INFO - Processing file /opt/airflow/dags/weekly_training_dag.py for tasks to queue
[2026-06-24T10:12:08.401+0000] {logging_mixin.py:188} INFO - [2026-06-24T10:12:08.401+0000] {dagbag.py:538} INFO - Filling up the DagBag from /opt/airflow/dags/weekly_training_dag.py
[2026-06-24T10:12:08.450+0000] {processor.py:840} INFO - DAG(s) 'xray_weekly_training' retrieved from /opt/airflow/dags/weekly_training_dag.py
[2026-06-24T10:12:08.509+0000] {logging_mixin.py:188} INFO - [2026-06-24T10:12:08.509+0000] {dag.py:3033} INFO - Sync 1 DAGs
[2026-06-24T10:12:08.544+0000] {logging_mixin.py:188} INFO - [2026-06-24T10:12:08.544+0000] {dag.py:3820} INFO - Setting next_dagrun for xray_weekly_training to 2026-06-14T02:00:00+00:00, run_after=2026-06-21T02:00:00+00:00
[2026-06-24T10:12:08.572+0000] {processor.py:183} INFO - Processing /opt/airflow/dags/weekly_training_dag.py took 0.180 seconds
[2026-06-24T10:12:38.720+0000] {processor.py:161} INFO - Started process (PID=2272) to work on /opt/airflow/dags/weekly_training_dag.py
[2026-06-24T10:12:38.722+0000] {processor.py:830} INFO - Processing file /opt/airflow/dags/weekly_training_dag.py for tasks to queue
[2026-06-24T10:12:38.723+0000] {logging_mixin.py:188} INFO - [2026-06-24T10:12:38.722+0000] {dagbag.py:538} INFO - Filling up the DagBag from /opt/airflow/dags/weekly_training_dag.py
[2026-06-24T10:12:38.751+0000] {processor.py:840} INFO - DAG(s) 'xray_weekly_training' retrieved from /opt/airflow/dags/weekly_training_dag.py
[2026-06-24T10:12:38.796+0000] {logging_mixin.py:188} INFO - [2026-06-24T10:12:38.796+0000] {dag.py:3033} INFO - Sync 1 DAGs
[2026-06-24T10:12:38.821+0000] {logging_mixin.py:188} INFO - [2026-06-24T10:12:38.821+0000] {dag.py:3820} INFO - Setting next_dagrun for xray_weekly_training to 2026-06-14T02:00:00+00:00, run_after=2026-06-21T02:00:00+00:00
[2026-06-24T10:12:38.844+0000] {processor.py:183} INFO - Processing /opt/airflow/dags/weekly_training_dag.py took 0.128 seconds
[2026-06-24T10:13:09.415+0000] {processor.py:161} INFO - Started process (PID=2282) to work on /opt/airflow/dags/weekly_training_dag.py
[2026-06-24T10:13:09.417+0000] {processor.py:830} INFO - Processing file /opt/airflow/dags/weekly_training_dag.py for tasks to queue
[2026-06-24T10:13:09.419+0000] {logging_mixin.py:188} INFO - [2026-06-24T10:13:09.418+0000] {dagbag.py:538} INFO - Filling up the DagBag from /opt/airflow/dags/weekly_training_dag.py
[2026-06-24T10:13:09.561+0000] {processor.py:840} INFO - DAG(s) 'xray_weekly_training' retrieved from /opt/airflow/dags/weekly_training_dag.py
[2026-06-24T10:13:09.913+0000] {logging_mixin.py:188} INFO - [2026-06-24T10:13:09.913+0000] {dag.py:3033} INFO - Sync 1 DAGs
[2026-06-24T10:13:09.997+0000] {logging_mixin.py:188} INFO - [2026-06-24T10:13:09.997+0000] {dag.py:3820} INFO - Setting next_dagrun for xray_weekly_training to 2026-06-14T02:00:00+00:00, run_after=2026-06-21T02:00:00+00:00
[2026-06-24T10:13:10.052+0000] {processor.py:183} INFO - Processing /opt/airflow/dags/weekly_training_dag.py took 0.647 seconds
[2026-06-24T10:13:40.687+0000] {processor.py:161} INFO - Started process (PID=2292) to work on /opt/airflow/dags/weekly_training_dag.py
[2026-06-24T10:13:40.689+0000] {processor.py:830} INFO - Processing file /opt/airflow/dags/weekly_training_dag.py for tasks to queue
[2026-06-24T10:13:40.690+0000] {logging_mixin.py:188} INFO - [2026-06-24T10:13:40.690+0000] {dagbag.py:538} INFO - Filling up the DagBag from /opt/airflow/dags/weekly_training_dag.py
[2026-06-24T10:13:40.731+0000] {processor.py:840} INFO - DAG(s) 'xray_weekly_training' retrieved from /opt/airflow/dags/weekly_training_dag.py
[2026-06-24T10:13:40.803+0000] {logging_mixin.py:188} INFO - [2026-06-24T10:13:40.803+0000] {dag.py:3033} INFO - Sync 1 DAGs
[2026-06-24T10:13:40.856+0000] {logging_mixin.py:188} INFO - [2026-06-24T10:13:40.856+0000] {dag.py:3820} INFO - Setting next_dagrun for xray_weekly_training to 2026-06-14T02:00:00+00:00, run_after=2026-06-21T02:00:00+00:00
[2026-06-24T10:13:40.900+0000] {processor.py:183} INFO - Processing /opt/airflow/dags/weekly_training_dag.py took 0.222 seconds
[2026-06-24T10:14:11.061+0000] {processor.py:161} INFO - Started process (PID=2301) to work on /opt/airflow/dags/weekly_training_dag.py
[2026-06-24T10:14:11.063+0000] {processor.py:830} INFO - Processing file /opt/airflow/dags/weekly_training_dag.py for tasks to queue
[2026-06-24T10:14:11.067+0000] {logging_mixin.py:188} INFO - [2026-06-24T10:14:11.066+0000] {dagbag.py:538} INFO - Filling up the DagBag from /opt/airflow/dags/weekly_training_dag.py
[2026-06-24T10:14:11.115+0000] {processor.py:840} INFO - DAG(s) 'xray_weekly_training' retrieved from /opt/airflow/dags/weekly_training_dag.py
[2026-06-24T10:14:11.232+0000] {logging_mixin.py:188} INFO - [2026-06-24T10:14:11.231+0000] {dag.py:3033} INFO - Sync 1 DAGs
[2026-06-24T10:14:11.308+0000] {logging_mixin.py:188} INFO - [2026-06-24T10:14:11.308+0000] {dag.py:3820} INFO - Setting next_dagrun for xray_weekly_training to 2026-06-14T02:00:00+00:00, run_after=2026-06-21T02:00:00+00:00
[2026-06-24T10:14:11.341+0000] {processor.py:183} INFO - Processing /opt/airflow/dags/weekly_training_dag.py took 0.289 seconds
[2026-06-24T10:14:42.250+0000] {processor.py:161} INFO - Started process (PID=2312) to work on /opt/airflow/dags/weekly_training_dag.py
[2026-06-24T10:14:42.254+0000] {processor.py:830} INFO - Processing file /opt/airflow/dags/weekly_training_dag.py for tasks to queue
[2026-06-24T10:14:42.258+0000] {logging_mixin.py:188} INFO - [2026-06-24T10:14:42.256+0000] {dagbag.py:538} INFO - Filling up the DagBag from /opt/airflow/dags/weekly_training_dag.py
[2026-06-24T10:14:42.375+0000] {processor.py:840} INFO - DAG(s) 'xray_weekly_training' retrieved from /opt/airflow/dags/weekly_training_dag.py
[2026-06-24T10:14:42.597+0000] {logging_mixin.py:188} INFO - [2026-06-24T10:14:42.597+0000] {dag.py:3033} INFO - Sync 1 DAGs
[2026-06-24T10:14:42.694+0000] {logging_mixin.py:188} INFO - [2026-06-24T10:14:42.693+0000] {dag.py:3820} INFO - Setting next_dagrun for xray_weekly_training to 2026-06-14T02:00:00+00:00, run_after=2026-06-21T02:00:00+00:00
[2026-06-24T10:14:42.804+0000] {processor.py:183} INFO - Processing /opt/airflow/dags/weekly_training_dag.py took 0.564 seconds
[2026-06-24T10:15:13.242+0000] {processor.py:161} INFO - Started process (PID=2322) to work on /opt/airflow/dags/weekly_training_dag.py
[2026-06-24T10:15:13.244+0000] {processor.py:830} INFO - Processing file /opt/airflow/dags/weekly_training_dag.py for tasks to queue
[2026-06-24T10:15:13.247+0000] {logging_mixin.py:188} INFO - [2026-06-24T10:15:13.246+0000] {dagbag.py:538} INFO - Filling up the DagBag from /opt/airflow/dags/weekly_training_dag.py
[2026-06-24T10:15:13.290+0000] {processor.py:840} INFO - DAG(s) 'xray_weekly_training' retrieved from /opt/airflow/dags/weekly_training_dag.py
[2026-06-24T10:15:13.368+0000] {logging_mixin.py:188} INFO - [2026-06-24T10:15:13.367+0000] {dag.py:3033} INFO - Sync 1 DAGs
[2026-06-24T10:15:13.419+0000] {logging_mixin.py:188} INFO - [2026-06-24T10:15:13.419+0000] {dag.py:3820} INFO - Setting next_dagrun for xray_weekly_training to 2026-06-14T02:00:00+00:00, run_after=2026-06-21T02:00:00+00:00
[2026-06-24T10:15:13.441+0000] {processor.py:183} INFO - Processing /opt/airflow/dags/weekly_training_dag.py took 0.209 seconds
[2026-06-24T10:15:44.000+0000] {processor.py:161} INFO - Started process (PID=2332) to work on /opt/airflow/dags/weekly_training_dag.py
[2026-06-24T10:15:44.003+0000] {processor.py:830} INFO - Processing file /opt/airflow/dags/weekly_training_dag.py for tasks to queue
[2026-06-24T10:15:44.004+0000] {logging_mixin.py:188} INFO - [2026-06-24T10:15:44.004+0000] {dagbag.py:538} INFO - Filling up the DagBag from /opt/airflow/dags/weekly_training_dag.py
[2026-06-24T10:15:44.036+0000] {processor.py:840} INFO - DAG(s) 'xray_weekly_training' retrieved from /opt/airflow/dags/weekly_training_dag.py
[2026-06-24T10:15:44.113+0000] {logging_mixin.py:188} INFO - [2026-06-24T10:15:44.113+0000] {dag.py:3033} INFO - Sync 1 DAGs
[2026-06-24T10:15:44.152+0000] {logging_mixin.py:188} INFO - [2026-06-24T10:15:44.152+0000] {dag.py:3820} INFO - Setting next_dagrun for xray_weekly_training to 2026-06-14T02:00:00+00:00, run_after=2026-06-21T02:00:00+00:00
[2026-06-24T10:15:44.185+0000] {processor.py:183} INFO - Processing /opt/airflow/dags/weekly_training_dag.py took 0.191 seconds
[2026-06-24T10:16:14.555+0000] {processor.py:161} INFO - Started process (PID=2341) to work on /opt/airflow/dags/weekly_training_dag.py
[2026-06-24T10:16:14.558+0000] {processor.py:830} INFO - Processing file /opt/airflow/dags/weekly_training_dag.py for tasks to queue
[2026-06-24T10:16:14.559+0000] {logging_mixin.py:188} INFO - [2026-06-24T10:16:14.559+0000] {dagbag.py:538} INFO - Filling up the DagBag from /opt/airflow/dags/weekly_training_dag.py
[2026-06-24T10:16:14.609+0000] {processor.py:840} INFO - DAG(s) 'xray_weekly_training' retrieved from /opt/airflow/dags/weekly_training_dag.py
[2026-06-24T10:16:14.709+0000] {logging_mixin.py:188} INFO - [2026-06-24T10:16:14.708+0000] {dag.py:3033} INFO - Sync 1 DAGs
[2026-06-24T10:16:14.758+0000] {logging_mixin.py:188} INFO - [2026-06-24T10:16:14.758+0000] {dag.py:3820} INFO - Setting next_dagrun for xray_weekly_training to 2026-06-14T02:00:00+00:00, run_after=2026-06-21T02:00:00+00:00
[2026-06-24T10:16:14.800+0000] {processor.py:183} INFO - Processing /opt/airflow/dags/weekly_training_dag.py took 0.256 seconds
[2026-06-24T10:16:44.973+0000] {processor.py:161} INFO - Started process (PID=2352) to work on /opt/airflow/dags/weekly_training_dag.py
[2026-06-24T10:16:44.974+0000] {processor.py:830} INFO - Processing file /opt/airflow/dags/weekly_training_dag.py for tasks to queue
[2026-06-24T10:16:44.976+0000] {logging_mixin.py:188} INFO - [2026-06-24T10:16:44.976+0000] {dagbag.py:538} INFO - Filling up the DagBag from /opt/airflow/dags/weekly_training_dag.py
[2026-06-24T10:16:45.018+0000] {processor.py:840} INFO - DAG(s) 'xray_weekly_training' retrieved from /opt/airflow/dags/weekly_training_dag.py
[2026-06-24T10:16:45.072+0000] {logging_mixin.py:188} INFO - [2026-06-24T10:16:45.072+0000] {dag.py:3033} INFO - Sync 1 DAGs
[2026-06-24T10:16:45.103+0000] {logging_mixin.py:188} INFO - [2026-06-24T10:16:45.103+0000] {dag.py:3820} INFO - Setting next_dagrun for xray_weekly_training to 2026-06-14T02:00:00+00:00, run_after=2026-06-21T02:00:00+00:00
[2026-06-24T10:16:45.122+0000] {processor.py:183} INFO - Processing /opt/airflow/dags/weekly_training_dag.py took 0.159 seconds
[2026-06-24T10:17:15.268+0000] {processor.py:161} INFO - Started process (PID=2361) to work on /opt/airflow/dags/weekly_training_dag.py
[2026-06-24T10:17:15.269+0000] {processor.py:830} INFO - Processing file /opt/airflow/dags/weekly_training_dag.py for tasks to queue
[2026-06-24T10:17:15.270+0000] {logging_mixin.py:188} INFO - [2026-06-24T10:17:15.270+0000] {dagbag.py:538} INFO - Filling up the DagBag from /opt/airflow/dags/weekly_training_dag.py
[2026-06-24T10:17:15.304+0000] {processor.py:840} INFO - DAG(s) 'xray_weekly_training' retrieved from /opt/airflow/dags/weekly_training_dag.py
[2026-06-24T10:17:15.345+0000] {logging_mixin.py:188} INFO - [2026-06-24T10:17:15.345+0000] {dag.py:3033} INFO - Sync 1 DAGs
[2026-06-24T10:17:15.365+0000] {logging_mixin.py:188} INFO - [2026-06-24T10:17:15.364+0000] {dag.py:3820} INFO - Setting next_dagrun for xray_weekly_training to 2026-06-14T02:00:00+00:00, run_after=2026-06-21T02:00:00+00:00
[2026-06-24T10:17:15.381+0000] {processor.py:183} INFO - Processing /opt/airflow/dags/weekly_training_dag.py took 0.117 seconds
[2026-06-24T10:17:45.580+0000] {processor.py:161} INFO - Started process (PID=2372) to work on /opt/airflow/dags/weekly_training_dag.py
[2026-06-24T10:17:45.581+0000] {processor.py:830} INFO - Processing file /opt/airflow/dags/weekly_training_dag.py for tasks to queue
[2026-06-24T10:17:45.582+0000] {logging_mixin.py:188} INFO - [2026-06-24T10:17:45.582+0000] {dagbag.py:538} INFO - Filling up the DagBag from /opt/airflow/dags/weekly_training_dag.py
[2026-06-24T10:17:45.610+0000] {processor.py:840} INFO - DAG(s) 'xray_weekly_training' retrieved from /opt/airflow/dags/weekly_training_dag.py
[2026-06-24T10:17:45.649+0000] {logging_mixin.py:188} INFO - [2026-06-24T10:17:45.649+0000] {dag.py:3033} INFO - Sync 1 DAGs
[2026-06-24T10:17:45.683+0000] {logging_mixin.py:188} INFO - [2026-06-24T10:17:45.682+0000] {dag.py:3820} INFO - Setting next_dagrun for xray_weekly_training to 2026-06-14T02:00:00+00:00, run_after=2026-06-21T02:00:00+00:00
[2026-06-24T10:17:45.705+0000] {processor.py:183} INFO - Processing /opt/airflow/dags/weekly_training_dag.py took 0.131 seconds
[2026-06-24T10:18:15.934+0000] {processor.py:161} INFO - Started process (PID=2382) to work on /opt/airflow/dags/weekly_training_dag.py
[2026-06-24T10:18:15.937+0000] {processor.py:830} INFO - Processing file /opt/airflow/dags/weekly_training_dag.py for tasks to queue
[2026-06-24T10:18:15.940+0000] {logging_mixin.py:188} INFO - [2026-06-24T10:18:15.940+0000] {dagbag.py:538} INFO - Filling up the DagBag from /opt/airflow/dags/weekly_training_dag.py
[2026-06-24T10:18:15.960+0000] {processor.py:840} INFO - DAG(s) 'xray_weekly_training' retrieved from /opt/airflow/dags/weekly_training_dag.py
[2026-06-24T10:18:16.015+0000] {logging_mixin.py:188} INFO - [2026-06-24T10:18:16.015+0000] {dag.py:3033} INFO - Sync 1 DAGs
[2026-06-24T10:18:16.055+0000] {logging_mixin.py:188} INFO - [2026-06-24T10:18:16.055+0000] {dag.py:3820} INFO - Setting next_dagrun for xray_weekly_training to 2026-06-14T02:00:00+00:00, run_after=2026-06-21T02:00:00+00:00
[2026-06-24T10:18:16.095+0000] {processor.py:183} INFO - Processing /opt/airflow/dags/weekly_training_dag.py took 0.164 seconds
[2026-06-24T10:18:47.132+0000] {processor.py:161} INFO - Started process (PID=2391) to work on /opt/airflow/dags/weekly_training_dag.py
[2026-06-24T10:18:47.175+0000] {processor.py:830} INFO - Processing file /opt/airflow/dags/weekly_training_dag.py for tasks to queue
[2026-06-24T10:18:47.211+0000] {logging_mixin.py:188} INFO - [2026-06-24T10:18:47.208+0000] {dagbag.py:538} INFO - Filling up the DagBag from /opt/airflow/dags/weekly_training_dag.py
[2026-06-24T10:18:47.407+0000] {processor.py:840} INFO - DAG(s) 'xray_weekly_training' retrieved from /opt/airflow/dags/weekly_training_dag.py
[2026-06-24T10:18:47.726+0000] {logging_mixin.py:188} INFO - [2026-06-24T10:18:47.725+0000] {dag.py:3033} INFO - Sync 1 DAGs
[2026-06-24T10:18:47.974+0000] {logging_mixin.py:188} INFO - [2026-06-24T10:18:47.973+0000] {dag.py:3820} INFO - Setting next_dagrun for xray_weekly_training to 2026-06-14T02:00:00+00:00, run_after=2026-06-21T02:00:00+00:00
[2026-06-24T10:18:48.184+0000] {processor.py:183} INFO - Processing /opt/airflow/dags/weekly_training_dag.py took 1.162 seconds
[2026-06-24T10:19:19.183+0000] {processor.py:161} INFO - Started process (PID=2402) to work on /opt/airflow/dags/weekly_training_dag.py
[2026-06-24T10:19:19.189+0000] {processor.py:830} INFO - Processing file /opt/airflow/dags/weekly_training_dag.py for tasks to queue
[2026-06-24T10:19:19.195+0000] {logging_mixin.py:188} INFO - [2026-06-24T10:19:19.191+0000] {dagbag.py:538} INFO - Filling up the DagBag from /opt/airflow/dags/weekly_training_dag.py
[2026-06-24T10:19:19.262+0000] {processor.py:840} INFO - DAG(s) 'xray_weekly_training' retrieved from /opt/airflow/dags/weekly_training_dag.py
[2026-06-24T10:19:19.379+0000] {logging_mixin.py:188} INFO - [2026-06-24T10:19:19.379+0000] {dag.py:3033} INFO - Sync 1 DAGs
[2026-06-24T10:19:19.475+0000] {logging_mixin.py:188} INFO - [2026-06-24T10:19:19.474+0000] {dag.py:3820} INFO - Setting next_dagrun for xray_weekly_training to 2026-06-14T02:00:00+00:00, run_after=2026-06-21T02:00:00+00:00
[2026-06-24T10:19:19.574+0000] {processor.py:183} INFO - Processing /opt/airflow/dags/weekly_training_dag.py took 0.411 seconds
[2026-06-24T10:19:49.767+0000] {processor.py:161} INFO - Started process (PID=2411) to work on /opt/airflow/dags/weekly_training_dag.py
[2026-06-24T10:19:49.774+0000] {processor.py:830} INFO - Processing file /opt/airflow/dags/weekly_training_dag.py for tasks to queue
[2026-06-24T10:19:49.780+0000] {logging_mixin.py:188} INFO - [2026-06-24T10:19:49.779+0000] {dagbag.py:538} INFO - Filling up the DagBag from /opt/airflow/dags/weekly_training_dag.py
[2026-06-24T10:19:49.841+0000] {processor.py:840} INFO - DAG(s) 'xray_weekly_training' retrieved from /opt/airflow/dags/weekly_training_dag.py
[2026-06-24T10:19:49.970+0000] {logging_mixin.py:188} INFO - [2026-06-24T10:19:49.970+0000] {dag.py:3033} INFO - Sync 1 DAGs
[2026-06-24T10:19:50.033+0000] {logging_mixin.py:188} INFO - [2026-06-24T10:19:50.033+0000] {dag.py:3820} INFO - Setting next_dagrun for xray_weekly_training to 2026-06-14T02:00:00+00:00, run_after=2026-06-21T02:00:00+00:00
[2026-06-24T10:19:50.103+0000] {processor.py:183} INFO - Processing /opt/airflow/dags/weekly_training_dag.py took 0.358 seconds
[2026-06-24T10:20:20.685+0000] {processor.py:161} INFO - Started process (PID=2422) to work on /opt/airflow/dags/weekly_training_dag.py
[2026-06-24T10:20:20.687+0000] {processor.py:830} INFO - Processing file /opt/airflow/dags/weekly_training_dag.py for tasks to queue
[2026-06-24T10:20:20.688+0000] {logging_mixin.py:188} INFO - [2026-06-24T10:20:20.688+0000] {dagbag.py:538} INFO - Filling up the DagBag from /opt/airflow/dags/weekly_training_dag.py
[2026-06-24T10:20:20.741+0000] {processor.py:840} INFO - DAG(s) 'xray_weekly_training' retrieved from /opt/airflow/dags/weekly_training_dag.py
[2026-06-24T10:20:20.895+0000] {logging_mixin.py:188} INFO - [2026-06-24T10:20:20.894+0000] {dag.py:3033} INFO - Sync 1 DAGs
[2026-06-24T10:20:20.949+0000] {logging_mixin.py:188} INFO - [2026-06-24T10:20:20.949+0000] {dag.py:3820} INFO - Setting next_dagrun for xray_weekly_training to 2026-06-14T02:00:00+00:00, run_after=2026-06-21T02:00:00+00:00
[2026-06-24T10:20:21.000+0000] {processor.py:183} INFO - Processing /opt/airflow/dags/weekly_training_dag.py took 0.325 seconds
[2026-06-24T10:20:51.348+0000] {processor.py:161} INFO - Started process (PID=2432) to work on /opt/airflow/dags/weekly_training_dag.py
[2026-06-24T10:20:51.350+0000] {processor.py:830} INFO - Processing file /opt/airflow/dags/weekly_training_dag.py for tasks to queue
[2026-06-24T10:20:51.355+0000] {logging_mixin.py:188} INFO - [2026-06-24T10:20:51.353+0000] {dagbag.py:538} INFO - Filling up the DagBag from /opt/airflow/dags/weekly_training_dag.py
[2026-06-24T10:20:51.435+0000] {processor.py:840} INFO - DAG(s) 'xray_weekly_training' retrieved from /opt/airflow/dags/weekly_training_dag.py
[2026-06-24T10:20:51.531+0000] {logging_mixin.py:188} INFO - [2026-06-24T10:20:51.531+0000] {dag.py:3033} INFO - Sync 1 DAGs
[2026-06-24T10:20:51.581+0000] {logging_mixin.py:188} INFO - [2026-06-24T10:20:51.581+0000] {dag.py:3820} INFO - Setting next_dagrun for xray_weekly_training to 2026-06-14T02:00:00+00:00, run_after=2026-06-21T02:00:00+00:00
[2026-06-24T10:20:51.623+0000] {processor.py:183} INFO - Processing /opt/airflow/dags/weekly_training_dag.py took 0.291 seconds
[2026-06-24T10:21:21.932+0000] {processor.py:161} INFO - Started process (PID=2441) to work on /opt/airflow/dags/weekly_training_dag.py
[2026-06-24T10:21:21.934+0000] {processor.py:830} INFO - Processing file /opt/airflow/dags/weekly_training_dag.py for tasks to queue
[2026-06-24T10:21:21.937+0000] {logging_mixin.py:188} INFO - [2026-06-24T10:21:21.937+0000] {dagbag.py:538} INFO - Filling up the DagBag from /opt/airflow/dags/weekly_training_dag.py
[2026-06-24T10:21:21.983+0000] {processor.py:840} INFO - DAG(s) 'xray_weekly_training' retrieved from /opt/airflow/dags/weekly_training_dag.py
[2026-06-24T10:21:22.046+0000] {logging_mixin.py:188} INFO - [2026-06-24T10:21:22.046+0000] {dag.py:3033} INFO - Sync 1 DAGs
[2026-06-24T10:21:22.084+0000] {logging_mixin.py:188} INFO - [2026-06-24T10:21:22.084+0000] {dag.py:3820} INFO - Setting next_dagrun for xray_weekly_training to 2026-06-14T02:00:00+00:00, run_after=2026-06-21T02:00:00+00:00
[2026-06-24T10:21:22.114+0000] {processor.py:183} INFO - Processing /opt/airflow/dags/weekly_training_dag.py took 0.190 seconds
[2026-06-24T10:21:52.269+0000] {processor.py:161} INFO - Started process (PID=2452) to work on /opt/airflow/dags/weekly_training_dag.py
[2026-06-24T10:21:52.271+0000] {processor.py:830} INFO - Processing file /opt/airflow/dags/weekly_training_dag.py for tasks to queue
[2026-06-24T10:21:52.272+0000] {logging_mixin.py:188} INFO - [2026-06-24T10:21:52.272+0000] {dagbag.py:538} INFO - Filling up the DagBag from /opt/airflow/dags/weekly_training_dag.py
[2026-06-24T10:21:52.306+0000] {processor.py:840} INFO - DAG(s) 'xray_weekly_training' retrieved from /opt/airflow/dags/weekly_training_dag.py
[2026-06-24T10:21:52.355+0000] {logging_mixin.py:188} INFO - [2026-06-24T10:21:52.355+0000] {dag.py:3033} INFO - Sync 1 DAGs
[2026-06-24T10:21:52.388+0000] {logging_mixin.py:188} INFO - [2026-06-24T10:21:52.388+0000] {dag.py:3820} INFO - Setting next_dagrun for xray_weekly_training to 2026-06-14T02:00:00+00:00, run_after=2026-06-21T02:00:00+00:00
[2026-06-24T10:21:52.406+0000] {processor.py:183} INFO - Processing /opt/airflow/dags/weekly_training_dag.py took 0.150 seconds
[2026-06-24T10:22:22.682+0000] {processor.py:161} INFO - Started process (PID=2462) to work on /opt/airflow/dags/weekly_training_dag.py
[2026-06-24T10:22:22.685+0000] {processor.py:830} INFO - Processing file /opt/airflow/dags/weekly_training_dag.py for tasks to queue
[2026-06-24T10:22:22.690+0000] {logging_mixin.py:188} INFO - [2026-06-24T10:22:22.689+0000] {dagbag.py:538} INFO - Filling up the DagBag from /opt/airflow/dags/weekly_training_dag.py
[2026-06-24T10:22:22.723+0000] {processor.py:840} INFO - DAG(s) 'xray_weekly_training' retrieved from /opt/airflow/dags/weekly_training_dag.py
[2026-06-24T10:22:22.792+0000] {logging_mixin.py:188} INFO - [2026-06-24T10:22:22.791+0000] {dag.py:3033} INFO - Sync 1 DAGs
[2026-06-24T10:22:22.832+0000] {logging_mixin.py:188} INFO - [2026-06-24T10:22:22.832+0000] {dag.py:3820} INFO - Setting next_dagrun for xray_weekly_training to 2026-06-14T02:00:00+00:00, run_after=2026-06-21T02:00:00+00:00
[2026-06-24T10:22:22.857+0000] {processor.py:183} INFO - Processing /opt/airflow/dags/weekly_training_dag.py took 0.187 seconds
[2026-06-24T10:22:53.047+0000] {processor.py:161} INFO - Started process (PID=2472) to work on /opt/airflow/dags/weekly_training_dag.py
[2026-06-24T10:22:53.049+0000] {processor.py:830} INFO - Processing file /opt/airflow/dags/weekly_training_dag.py for tasks to queue
[2026-06-24T10:22:53.051+0000] {logging_mixin.py:188} INFO - [2026-06-24T10:22:53.051+0000] {dagbag.py:538} INFO - Filling up the DagBag from /opt/airflow/dags/weekly_training_dag.py
[2026-06-24T10:22:53.109+0000] {processor.py:840} INFO - DAG(s) 'xray_weekly_training' retrieved from /opt/airflow/dags/weekly_training_dag.py
[2026-06-24T10:22:53.194+0000] {logging_mixin.py:188} INFO - [2026-06-24T10:22:53.194+0000] {dag.py:3033} INFO - Sync 1 DAGs
[2026-06-24T10:22:53.237+0000] {logging_mixin.py:188} INFO - [2026-06-24T10:22:53.237+0000] {dag.py:3820} INFO - Setting next_dagrun for xray_weekly_training to 2026-06-14T02:00:00+00:00, run_after=2026-06-21T02:00:00+00:00
[2026-06-24T10:22:53.293+0000] {processor.py:183} INFO - Processing /opt/airflow/dags/weekly_training_dag.py took 0.254 seconds
[2026-06-24T10:23:23.492+0000] {processor.py:161} INFO - Started process (PID=2482) to work on /opt/airflow/dags/weekly_training_dag.py
[2026-06-24T10:23:23.496+0000] {processor.py:830} INFO - Processing file /opt/airflow/dags/weekly_training_dag.py for tasks to queue
[2026-06-24T10:23:23.499+0000] {logging_mixin.py:188} INFO - [2026-06-24T10:23:23.498+0000] {dagbag.py:538} INFO - Filling up the DagBag from /opt/airflow/dags/weekly_training_dag.py
[2026-06-24T10:23:23.540+0000] {processor.py:840} INFO - DAG(s) 'xray_weekly_training' retrieved from /opt/airflow/dags/weekly_training_dag.py
[2026-06-24T10:23:23.648+0000] {logging_mixin.py:188} INFO - [2026-06-24T10:23:23.648+0000] {dag.py:3033} INFO - Sync 1 DAGs
[2026-06-24T10:23:23.681+0000] {logging_mixin.py:188} INFO - [2026-06-24T10:23:23.680+0000] {dag.py:3820} INFO - Setting next_dagrun for xray_weekly_training to 2026-06-14T02:00:00+00:00, run_after=2026-06-21T02:00:00+00:00
[2026-06-24T10:23:23.717+0000] {processor.py:183} INFO - Processing /opt/airflow/dags/weekly_training_dag.py took 0.239 seconds
[2026-06-24T10:23:54.221+0000] {processor.py:161} INFO - Started process (PID=2492) to work on /opt/airflow/dags/weekly_training_dag.py
[2026-06-24T10:23:54.223+0000] {processor.py:830} INFO - Processing file /opt/airflow/dags/weekly_training_dag.py for tasks to queue
[2026-06-24T10:23:54.225+0000] {logging_mixin.py:188} INFO - [2026-06-24T10:23:54.225+0000] {dagbag.py:538} INFO - Filling up the DagBag from /opt/airflow/dags/weekly_training_dag.py
[2026-06-24T10:23:54.280+0000] {processor.py:840} INFO - DAG(s) 'xray_weekly_training' retrieved from /opt/airflow/dags/weekly_training_dag.py
[2026-06-24T10:23:54.391+0000] {logging_mixin.py:188} INFO - [2026-06-24T10:23:54.390+0000] {dag.py:3033} INFO - Sync 1 DAGs
[2026-06-24T10:23:54.446+0000] {logging_mixin.py:188} INFO - [2026-06-24T10:23:54.446+0000] {dag.py:3820} INFO - Setting next_dagrun for xray_weekly_training to 2026-06-14T02:00:00+00:00, run_after=2026-06-21T02:00:00+00:00
[2026-06-24T10:23:54.482+0000] {processor.py:183} INFO - Processing /opt/airflow/dags/weekly_training_dag.py took 0.277 seconds
[2026-06-24T10:24:25.214+0000] {processor.py:161} INFO - Started process (PID=2502) to work on /opt/airflow/dags/weekly_training_dag.py
[2026-06-24T10:24:25.217+0000] {processor.py:830} INFO - Processing file /opt/airflow/dags/weekly_training_dag.py for tasks to queue
[2026-06-24T10:24:25.218+0000] {logging_mixin.py:188} INFO - [2026-06-24T10:24:25.218+0000] {dagbag.py:538} INFO - Filling up the DagBag from /opt/airflow/dags/weekly_training_dag.py
[2026-06-24T10:24:25.275+0000] {processor.py:840} INFO - DAG(s) 'xray_weekly_training' retrieved from /opt/airflow/dags/weekly_training_dag.py
[2026-06-24T10:24:25.339+0000] {logging_mixin.py:188} INFO - [2026-06-24T10:24:25.338+0000] {dag.py:3033} INFO - Sync 1 DAGs
[2026-06-24T10:24:25.385+0000] {logging_mixin.py:188} INFO - [2026-06-24T10:24:25.384+0000] {dag.py:3820} INFO - Setting next_dagrun for xray_weekly_training to 2026-06-14T02:00:00+00:00, run_after=2026-06-21T02:00:00+00:00
[2026-06-24T10:24:25.432+0000] {processor.py:183} INFO - Processing /opt/airflow/dags/weekly_training_dag.py took 0.225 seconds
[2026-06-24T10:24:55.686+0000] {processor.py:161} INFO - Started process (PID=2512) to work on /opt/airflow/dags/weekly_training_dag.py
[2026-06-24T10:24:55.688+0000] {processor.py:830} INFO - Processing file /opt/airflow/dags/weekly_training_dag.py for tasks to queue
[2026-06-24T10:24:55.692+0000] {logging_mixin.py:188} INFO - [2026-06-24T10:24:55.691+0000] {dagbag.py:538} INFO - Filling up the DagBag from /opt/airflow/dags/weekly_training_dag.py
[2026-06-24T10:24:55.727+0000] {processor.py:840} INFO - DAG(s) 'xray_weekly_training' retrieved from /opt/airflow/dags/weekly_training_dag.py
[2026-06-24T10:24:55.812+0000] {logging_mixin.py:188} INFO - [2026-06-24T10:24:55.812+0000] {dag.py:3033} INFO - Sync 1 DAGs
[2026-06-24T10:24:55.863+0000] {logging_mixin.py:188} INFO - [2026-06-24T10:24:55.863+0000] {dag.py:3820} INFO - Setting next_dagrun for xray_weekly_training to 2026-06-14T02:00:00+00:00, run_after=2026-06-21T02:00:00+00:00
[2026-06-24T10:24:55.892+0000] {processor.py:183} INFO - Processing /opt/airflow/dags/weekly_training_dag.py took 0.214 seconds
[2026-06-24T10:25:25.965+0000] {processor.py:161} INFO - Started process (PID=2522) to work on /opt/airflow/dags/weekly_training_dag.py
[2026-06-24T10:25:25.966+0000] {processor.py:830} INFO - Processing file /opt/airflow/dags/weekly_training_dag.py for tasks to queue
[2026-06-24T10:25:25.968+0000] {logging_mixin.py:188} INFO - [2026-06-24T10:25:25.968+0000] {dagbag.py:538} INFO - Filling up the DagBag from /opt/airflow/dags/weekly_training_dag.py
[2026-06-24T10:25:26.000+0000] {processor.py:840} INFO - DAG(s) 'xray_weekly_training' retrieved from /opt/airflow/dags/weekly_training_dag.py
[2026-06-24T10:25:26.044+0000] {logging_mixin.py:188} INFO - [2026-06-24T10:25:26.044+0000] {dag.py:3033} INFO - Sync 1 DAGs
[2026-06-24T10:25:26.072+0000] {logging_mixin.py:188} INFO - [2026-06-24T10:25:26.072+0000] {dag.py:3820} INFO - Setting next_dagrun for xray_weekly_training to 2026-06-14T02:00:00+00:00, run_after=2026-06-21T02:00:00+00:00
[2026-06-24T10:25:26.092+0000] {processor.py:183} INFO - Processing /opt/airflow/dags/weekly_training_dag.py took 0.131 seconds
[2026-06-24T10:25:56.396+0000] {processor.py:161} INFO - Started process (PID=2531) to work on /opt/airflow/dags/weekly_training_dag.py
[2026-06-24T10:25:56.398+0000] {processor.py:830} INFO - Processing file /opt/airflow/dags/weekly_training_dag.py for tasks to queue
[2026-06-24T10:25:56.400+0000] {logging_mixin.py:188} INFO - [2026-06-24T10:25:56.399+0000] {dagbag.py:538} INFO - Filling up the DagBag from /opt/airflow/dags/weekly_training_dag.py
[2026-06-24T10:25:56.433+0000] {processor.py:840} INFO - DAG(s) 'xray_weekly_training' retrieved from /opt/airflow/dags/weekly_training_dag.py
[2026-06-24T10:25:56.513+0000] {logging_mixin.py:188} INFO - [2026-06-24T10:25:56.513+0000] {dag.py:3033} INFO - Sync 1 DAGs
[2026-06-24T10:25:56.561+0000] {logging_mixin.py:188} INFO - [2026-06-24T10:25:56.560+0000] {dag.py:3820} INFO - Setting next_dagrun for xray_weekly_training to 2026-06-14T02:00:00+00:00, run_after=2026-06-21T02:00:00+00:00
[2026-06-24T10:25:56.608+0000] {processor.py:183} INFO - Processing /opt/airflow/dags/weekly_training_dag.py took 0.216 seconds
[2026-06-24T10:26:26.911+0000] {processor.py:161} INFO - Started process (PID=2542) to work on /opt/airflow/dags/weekly_training_dag.py
[2026-06-24T10:26:26.923+0000] {processor.py:830} INFO - Processing file /opt/airflow/dags/weekly_training_dag.py for tasks to queue
[2026-06-24T10:26:26.933+0000] {logging_mixin.py:188} INFO - [2026-06-24T10:26:26.932+0000] {dagbag.py:538} INFO - Filling up the DagBag from /opt/airflow/dags/weekly_training_dag.py
[2026-06-24T10:26:27.131+0000] {processor.py:840} INFO - DAG(s) 'xray_weekly_training' retrieved from /opt/airflow/dags/weekly_training_dag.py
[2026-06-24T10:26:27.523+0000] {logging_mixin.py:188} INFO - [2026-06-24T10:26:27.522+0000] {dag.py:3033} INFO - Sync 1 DAGs
[2026-06-24T10:26:27.645+0000] {logging_mixin.py:188} INFO - [2026-06-24T10:26:27.645+0000] {dag.py:3820} INFO - Setting next_dagrun for xray_weekly_training to 2026-06-14T02:00:00+00:00, run_after=2026-06-21T02:00:00+00:00
[2026-06-24T10:26:27.707+0000] {processor.py:183} INFO - Processing /opt/airflow/dags/weekly_training_dag.py took 0.816 seconds
[2026-06-24T10:26:58.211+0000] {processor.py:161} INFO - Started process (PID=2552) to work on /opt/airflow/dags/weekly_training_dag.py
[2026-06-24T10:26:58.215+0000] {processor.py:830} INFO - Processing file /opt/airflow/dags/weekly_training_dag.py for tasks to queue
[2026-06-24T10:26:58.217+0000] {logging_mixin.py:188} INFO - [2026-06-24T10:26:58.216+0000] {dagbag.py:538} INFO - Filling up the DagBag from /opt/airflow/dags/weekly_training_dag.py
[2026-06-24T10:26:58.266+0000] {processor.py:840} INFO - DAG(s) 'xray_weekly_training' retrieved from /opt/airflow/dags/weekly_training_dag.py
[2026-06-24T10:26:58.328+0000] {logging_mixin.py:188} INFO - [2026-06-24T10:26:58.328+0000] {dag.py:3033} INFO - Sync 1 DAGs
[2026-06-24T10:26:58.368+0000] {logging_mixin.py:188} INFO - [2026-06-24T10:26:58.368+0000] {dag.py:3820} INFO - Setting next_dagrun for xray_weekly_training to 2026-06-14T02:00:00+00:00, run_after=2026-06-21T02:00:00+00:00
[2026-06-24T10:26:58.392+0000] {processor.py:183} INFO - Processing /opt/airflow/dags/weekly_training_dag.py took 0.192 seconds
[2026-06-24T10:27:28.733+0000] {processor.py:161} INFO - Started process (PID=2562) to work on /opt/airflow/dags/weekly_training_dag.py
[2026-06-24T10:27:28.735+0000] {processor.py:830} INFO - Processing file /opt/airflow/dags/weekly_training_dag.py for tasks to queue
[2026-06-24T10:27:28.737+0000] {logging_mixin.py:188} INFO - [2026-06-24T10:27:28.737+0000] {dagbag.py:538} INFO - Filling up the DagBag from /opt/airflow/dags/weekly_training_dag.py
[2026-06-24T10:27:28.767+0000] {processor.py:840} INFO - DAG(s) 'xray_weekly_training' retrieved from /opt/airflow/dags/weekly_training_dag.py
[2026-06-24T10:27:28.820+0000] {logging_mixin.py:188} INFO - [2026-06-24T10:27:28.819+0000] {dag.py:3033} INFO - Sync 1 DAGs
[2026-06-24T10:27:28.865+0000] {logging_mixin.py:188} INFO - [2026-06-24T10:27:28.865+0000] {dag.py:3820} INFO - Setting next_dagrun for xray_weekly_training to 2026-06-14T02:00:00+00:00, run_after=2026-06-21T02:00:00+00:00
[2026-06-24T10:27:28.894+0000] {processor.py:183} INFO - Processing /opt/airflow/dags/weekly_training_dag.py took 0.165 seconds
[2026-06-24T10:27:59.146+0000] {processor.py:161} INFO - Started process (PID=2572) to work on /opt/airflow/dags/weekly_training_dag.py
[2026-06-24T10:27:59.147+0000] {processor.py:830} INFO - Processing file /opt/airflow/dags/weekly_training_dag.py for tasks to queue
[2026-06-24T10:27:59.149+0000] {logging_mixin.py:188} INFO - [2026-06-24T10:27:59.148+0000] {dagbag.py:538} INFO - Filling up the DagBag from /opt/airflow/dags/weekly_training_dag.py
[2026-06-24T10:27:59.182+0000] {processor.py:840} INFO - DAG(s) 'xray_weekly_training' retrieved from /opt/airflow/dags/weekly_training_dag.py
[2026-06-24T10:27:59.229+0000] {logging_mixin.py:188} INFO - [2026-06-24T10:27:59.229+0000] {dag.py:3033} INFO - Sync 1 DAGs
[2026-06-24T10:27:59.260+0000] {logging_mixin.py:188} INFO - [2026-06-24T10:27:59.260+0000] {dag.py:3820} INFO - Setting next_dagrun for xray_weekly_training to 2026-06-14T02:00:00+00:00, run_after=2026-06-21T02:00:00+00:00
[2026-06-24T10:27:59.283+0000] {processor.py:183} INFO - Processing /opt/airflow/dags/weekly_training_dag.py took 0.146 seconds
[2026-06-24T10:28:29.883+0000] {processor.py:161} INFO - Started process (PID=2581) to work on /opt/airflow/dags/weekly_training_dag.py
[2026-06-24T10:28:29.884+0000] {processor.py:830} INFO - Processing file /opt/airflow/dags/weekly_training_dag.py for tasks to queue
[2026-06-24T10:28:29.885+0000] {logging_mixin.py:188} INFO - [2026-06-24T10:28:29.885+0000] {dagbag.py:538} INFO - Filling up the DagBag from /opt/airflow/dags/weekly_training_dag.py
[2026-06-24T10:28:29.927+0000] {processor.py:840} INFO - DAG(s) 'xray_weekly_training' retrieved from /opt/airflow/dags/weekly_training_dag.py
[2026-06-24T10:28:29.972+0000] {logging_mixin.py:188} INFO - [2026-06-24T10:28:29.972+0000] {dag.py:3033} INFO - Sync 1 DAGs
[2026-06-24T10:28:29.996+0000] {logging_mixin.py:188} INFO - [2026-06-24T10:28:29.996+0000] {dag.py:3820} INFO - Setting next_dagrun for xray_weekly_training to 2026-06-14T02:00:00+00:00, run_after=2026-06-21T02:00:00+00:00
[2026-06-24T10:28:30.018+0000] {processor.py:183} INFO - Processing /opt/airflow/dags/weekly_training_dag.py took 0.149 seconds
[2026-06-24T10:29:00.320+0000] {processor.py:161} INFO - Started process (PID=2592) to work on /opt/airflow/dags/weekly_training_dag.py
[2026-06-24T10:29:00.321+0000] {processor.py:830} INFO - Processing file /opt/airflow/dags/weekly_training_dag.py for tasks to queue
[2026-06-24T10:29:00.322+0000] {logging_mixin.py:188} INFO - [2026-06-24T10:29:00.322+0000] {dagbag.py:538} INFO - Filling up the DagBag from /opt/airflow/dags/weekly_training_dag.py
[2026-06-24T10:29:00.357+0000] {processor.py:840} INFO - DAG(s) 'xray_weekly_training' retrieved from /opt/airflow/dags/weekly_training_dag.py
[2026-06-24T10:29:00.401+0000] {logging_mixin.py:188} INFO - [2026-06-24T10:29:00.401+0000] {dag.py:3033} INFO - Sync 1 DAGs
[2026-06-24T10:29:00.431+0000] {logging_mixin.py:188} INFO - [2026-06-24T10:29:00.431+0000] {dag.py:3820} INFO - Setting next_dagrun for xray_weekly_training to 2026-06-14T02:00:00+00:00, run_after=2026-06-21T02:00:00+00:00
[2026-06-24T10:29:00.456+0000] {processor.py:183} INFO - Processing /opt/airflow/dags/weekly_training_dag.py took 0.142 seconds
[2026-06-24T10:29:30.638+0000] {processor.py:161} INFO - Started process (PID=2602) to work on /opt/airflow/dags/weekly_training_dag.py
[2026-06-24T10:29:30.640+0000] {processor.py:830} INFO - Processing file /opt/airflow/dags/weekly_training_dag.py for tasks to queue
[2026-06-24T10:29:30.644+0000] {logging_mixin.py:188} INFO - [2026-06-24T10:29:30.642+0000] {dagbag.py:538} INFO - Filling up the DagBag from /opt/airflow/dags/weekly_training_dag.py
[2026-06-24T10:29:30.674+0000] {processor.py:840} INFO - DAG(s) 'xray_weekly_training' retrieved from /opt/airflow/dags/weekly_training_dag.py
[2026-06-24T10:29:30.713+0000] {logging_mixin.py:188} INFO - [2026-06-24T10:29:30.713+0000] {dag.py:3033} INFO - Sync 1 DAGs
[2026-06-24T10:29:30.738+0000] {logging_mixin.py:188} INFO - [2026-06-24T10:29:30.738+0000] {dag.py:3820} INFO - Setting next_dagrun for xray_weekly_training to 2026-06-14T02:00:00+00:00, run_after=2026-06-21T02:00:00+00:00
[2026-06-24T10:29:30.756+0000] {processor.py:183} INFO - Processing /opt/airflow/dags/weekly_training_dag.py took 0.123 seconds
[2026-06-24T10:30:01.159+0000] {processor.py:161} INFO - Started process (PID=2612) to work on /opt/airflow/dags/weekly_training_dag.py
[2026-06-24T10:30:01.162+0000] {processor.py:830} INFO - Processing file /opt/airflow/dags/weekly_training_dag.py for tasks to queue
[2026-06-24T10:30:01.166+0000] {logging_mixin.py:188} INFO - [2026-06-24T10:30:01.165+0000] {dagbag.py:538} INFO - Filling up the DagBag from /opt/airflow/dags/weekly_training_dag.py
[2026-06-24T10:30:01.232+0000] {processor.py:840} INFO - DAG(s) 'xray_weekly_training' retrieved from /opt/airflow/dags/weekly_training_dag.py
[2026-06-24T10:30:01.331+0000] {logging_mixin.py:188} INFO - [2026-06-24T10:30:01.331+0000] {dag.py:3033} INFO - Sync 1 DAGs
[2026-06-24T10:30:01.396+0000] {logging_mixin.py:188} INFO - [2026-06-24T10:30:01.395+0000] {dag.py:3820} INFO - Setting next_dagrun for xray_weekly_training to 2026-06-14T02:00:00+00:00, run_after=2026-06-21T02:00:00+00:00
[2026-06-24T10:30:01.436+0000] {processor.py:183} INFO - Processing /opt/airflow/dags/weekly_training_dag.py took 0.286 seconds
[2026-06-24T10:30:31.781+0000] {processor.py:161} INFO - Started process (PID=2622) to work on /opt/airflow/dags/weekly_training_dag.py
[2026-06-24T10:30:31.782+0000] {processor.py:830} INFO - Processing file /opt/airflow/dags/weekly_training_dag.py for tasks to queue
[2026-06-24T10:30:31.784+0000] {logging_mixin.py:188} INFO - [2026-06-24T10:30:31.783+0000] {dagbag.py:538} INFO - Filling up the DagBag from /opt/airflow/dags/weekly_training_dag.py
[2026-06-24T10:30:31.813+0000] {processor.py:840} INFO - DAG(s) 'xray_weekly_training' retrieved from /opt/airflow/dags/weekly_training_dag.py
[2026-06-24T10:30:31.896+0000] {logging_mixin.py:188} INFO - [2026-06-24T10:30:31.896+0000] {dag.py:3033} INFO - Sync 1 DAGs
[2026-06-24T10:30:31.930+0000] {logging_mixin.py:188} INFO - [2026-06-24T10:30:31.930+0000] {dag.py:3820} INFO - Setting next_dagrun for xray_weekly_training to 2026-06-14T02:00:00+00:00, run_after=2026-06-21T02:00:00+00:00
[2026-06-24T10:30:31.959+0000] {processor.py:183} INFO - Processing /opt/airflow/dags/weekly_training_dag.py took 0.183 seconds
[2026-06-24T10:31:02.293+0000] {processor.py:161} INFO - Started process (PID=2632) to work on /opt/airflow/dags/weekly_training_dag.py
[2026-06-24T10:31:02.294+0000] {processor.py:830} INFO - Processing file /opt/airflow/dags/weekly_training_dag.py for tasks to queue
[2026-06-24T10:31:02.295+0000] {logging_mixin.py:188} INFO - [2026-06-24T10:31:02.295+0000] {dagbag.py:538} INFO - Filling up the DagBag from /opt/airflow/dags/weekly_training_dag.py
[2026-06-24T10:31:02.321+0000] {processor.py:840} INFO - DAG(s) 'xray_weekly_training' retrieved from /opt/airflow/dags/weekly_training_dag.py
[2026-06-24T10:31:02.368+0000] {logging_mixin.py:188} INFO - [2026-06-24T10:31:02.368+0000] {dag.py:3033} INFO - Sync 1 DAGs
[2026-06-24T10:31:02.396+0000] {logging_mixin.py:188} INFO - [2026-06-24T10:31:02.395+0000] {dag.py:3820} INFO - Setting next_dagrun for xray_weekly_training to 2026-06-14T02:00:00+00:00, run_after=2026-06-21T02:00:00+00:00
[2026-06-24T10:31:02.422+0000] {processor.py:183} INFO - Processing /opt/airflow/dags/weekly_training_dag.py took 0.135 seconds
[2026-06-24T10:31:32.789+0000] {processor.py:161} INFO - Started process (PID=2642) to work on /opt/airflow/dags/weekly_training_dag.py
[2026-06-24T10:31:32.792+0000] {processor.py:830} INFO - Processing file /opt/airflow/dags/weekly_training_dag.py for tasks to queue
[2026-06-24T10:31:32.794+0000] {logging_mixin.py:188} INFO - [2026-06-24T10:31:32.794+0000] {dagbag.py:538} INFO - Filling up the DagBag from /opt/airflow/dags/weekly_training_dag.py
[2026-06-24T10:31:32.846+0000] {processor.py:840} INFO - DAG(s) 'xray_weekly_training' retrieved from /opt/airflow/dags/weekly_training_dag.py
[2026-06-24T10:31:32.939+0000] {logging_mixin.py:188} INFO - [2026-06-24T10:31:32.938+0000] {dag.py:3033} INFO - Sync 1 DAGs
[2026-06-24T10:31:32.992+0000] {logging_mixin.py:188} INFO - [2026-06-24T10:31:32.992+0000] {dag.py:3820} INFO - Setting next_dagrun for xray_weekly_training to 2026-06-14T02:00:00+00:00, run_after=2026-06-21T02:00:00+00:00
[2026-06-24T10:31:33.026+0000] {processor.py:183} INFO - Processing /opt/airflow/dags/weekly_training_dag.py took 0.248 seconds
[2026-06-24T10:32:03.156+0000] {processor.py:161} INFO - Started process (PID=2652) to work on /opt/airflow/dags/weekly_training_dag.py
[2026-06-24T10:32:03.158+0000] {processor.py:830} INFO - Processing file /opt/airflow/dags/weekly_training_dag.py for tasks to queue
[2026-06-24T10:32:03.161+0000] {logging_mixin.py:188} INFO - [2026-06-24T10:32:03.159+0000] {dagbag.py:538} INFO - Filling up the DagBag from /opt/airflow/dags/weekly_training_dag.py
[2026-06-24T10:32:03.205+0000] {processor.py:840} INFO - DAG(s) 'xray_weekly_training' retrieved from /opt/airflow/dags/weekly_training_dag.py
[2026-06-24T10:32:03.266+0000] {logging_mixin.py:188} INFO - [2026-06-24T10:32:03.266+0000] {dag.py:3033} INFO - Sync 1 DAGs
[2026-06-24T10:32:03.299+0000] {logging_mixin.py:188} INFO - [2026-06-24T10:32:03.299+0000] {dag.py:3820} INFO - Setting next_dagrun for xray_weekly_training to 2026-06-14T02:00:00+00:00, run_after=2026-06-21T02:00:00+00:00
[2026-06-24T10:32:03.328+0000] {processor.py:183} INFO - Processing /opt/airflow/dags/weekly_training_dag.py took 0.182 seconds
[2026-06-24T10:32:33.834+0000] {processor.py:161} INFO - Started process (PID=2661) to work on /opt/airflow/dags/weekly_training_dag.py
[2026-06-24T10:32:33.862+0000] {processor.py:830} INFO - Processing file /opt/airflow/dags/weekly_training_dag.py for tasks to queue
[2026-06-24T10:32:33.886+0000] {logging_mixin.py:188} INFO - [2026-06-24T10:32:33.884+0000] {dagbag.py:538} INFO - Filling up the DagBag from /opt/airflow/dags/weekly_training_dag.py
[2026-06-24T10:32:34.094+0000] {processor.py:840} INFO - DAG(s) 'xray_weekly_training' retrieved from /opt/airflow/dags/weekly_training_dag.py
[2026-06-24T10:32:34.199+0000] {logging_mixin.py:188} INFO - [2026-06-24T10:32:34.199+0000] {dag.py:3033} INFO - Sync 1 DAGs
[2026-06-24T10:32:34.242+0000] {logging_mixin.py:188} INFO - [2026-06-24T10:32:34.241+0000] {dag.py:3820} INFO - Setting next_dagrun for xray_weekly_training to 2026-06-14T02:00:00+00:00, run_after=2026-06-21T02:00:00+00:00
[2026-06-24T10:32:34.265+0000] {processor.py:183} INFO - Processing /opt/airflow/dags/weekly_training_dag.py took 0.498 seconds
[2026-06-24T10:33:04.524+0000] {processor.py:161} INFO - Started process (PID=2672) to work on /opt/airflow/dags/weekly_training_dag.py
[2026-06-24T10:33:04.526+0000] {processor.py:830} INFO - Processing file /opt/airflow/dags/weekly_training_dag.py for tasks to queue
[2026-06-24T10:33:04.527+0000] {logging_mixin.py:188} INFO - [2026-06-24T10:33:04.526+0000] {dagbag.py:538} INFO - Filling up the DagBag from /opt/airflow/dags/weekly_training_dag.py
[2026-06-24T10:33:04.558+0000] {processor.py:840} INFO - DAG(s) 'xray_weekly_training' retrieved from /opt/airflow/dags/weekly_training_dag.py
[2026-06-24T10:33:04.604+0000] {logging_mixin.py:188} INFO - [2026-06-24T10:33:04.604+0000] {dag.py:3033} INFO - Sync 1 DAGs
[2026-06-24T10:33:04.636+0000] {logging_mixin.py:188} INFO - [2026-06-24T10:33:04.636+0000] {dag.py:3820} INFO - Setting next_dagrun for xray_weekly_training to 2026-06-14T02:00:00+00:00, run_after=2026-06-21T02:00:00+00:00
[2026-06-24T10:33:04.661+0000] {processor.py:183} INFO - Processing /opt/airflow/dags/weekly_training_dag.py took 0.143 seconds
[2026-06-24T10:33:35.009+0000] {processor.py:161} INFO - Started process (PID=2682) to work on /opt/airflow/dags/weekly_training_dag.py
[2026-06-24T10:33:35.010+0000] {processor.py:830} INFO - Processing file /opt/airflow/dags/weekly_training_dag.py for tasks to queue
[2026-06-24T10:33:35.011+0000] {logging_mixin.py:188} INFO - [2026-06-24T10:33:35.011+0000] {dagbag.py:538} INFO - Filling up the DagBag from /opt/airflow/dags/weekly_training_dag.py
[2026-06-24T10:33:35.037+0000] {processor.py:840} INFO - DAG(s) 'xray_weekly_training' retrieved from /opt/airflow/dags/weekly_training_dag.py
[2026-06-24T10:33:35.079+0000] {logging_mixin.py:188} INFO - [2026-06-24T10:33:35.078+0000] {dag.py:3033} INFO - Sync 1 DAGs
[2026-06-24T10:33:35.107+0000] {logging_mixin.py:188} INFO - [2026-06-24T10:33:35.106+0000] {dag.py:3820} INFO - Setting next_dagrun for xray_weekly_training to 2026-06-14T02:00:00+00:00, run_after=2026-06-21T02:00:00+00:00
[2026-06-24T10:33:35.130+0000] {processor.py:183} INFO - Processing /opt/airflow/dags/weekly_training_dag.py took 0.127 seconds
[2026-06-24T10:34:05.303+0000] {processor.py:161} INFO - Started process (PID=2692) to work on /opt/airflow/dags/weekly_training_dag.py
[2026-06-24T10:34:05.304+0000] {processor.py:830} INFO - Processing file /opt/airflow/dags/weekly_training_dag.py for tasks to queue
[2026-06-24T10:34:05.305+0000] {logging_mixin.py:188} INFO - [2026-06-24T10:34:05.305+0000] {dagbag.py:538} INFO - Filling up the DagBag from /opt/airflow/dags/weekly_training_dag.py
[2026-06-24T10:34:05.326+0000] {processor.py:840} INFO - DAG(s) 'xray_weekly_training' retrieved from /opt/airflow/dags/weekly_training_dag.py
[2026-06-24T10:34:05.366+0000] {logging_mixin.py:188} INFO - [2026-06-24T10:34:05.365+0000] {dag.py:3033} INFO - Sync 1 DAGs
[2026-06-24T10:34:05.389+0000] {logging_mixin.py:188} INFO - [2026-06-24T10:34:05.388+0000] {dag.py:3820} INFO - Setting next_dagrun for xray_weekly_training to 2026-06-14T02:00:00+00:00, run_after=2026-06-21T02:00:00+00:00
[2026-06-24T10:34:05.406+0000] {processor.py:183} INFO - Processing /opt/airflow/dags/weekly_training_dag.py took 0.108 seconds
[2026-06-24T10:34:35.774+0000] {processor.py:161} INFO - Started process (PID=2702) to work on /opt/airflow/dags/weekly_training_dag.py
[2026-06-24T10:34:35.777+0000] {processor.py:830} INFO - Processing file /opt/airflow/dags/weekly_training_dag.py for tasks to queue
[2026-06-24T10:34:35.781+0000] {logging_mixin.py:188} INFO - [2026-06-24T10:34:35.780+0000] {dagbag.py:538} INFO - Filling up the DagBag from /opt/airflow/dags/weekly_training_dag.py
[2026-06-24T10:34:35.842+0000] {processor.py:840} INFO - DAG(s) 'xray_weekly_training' retrieved from /opt/airflow/dags/weekly_training_dag.py
[2026-06-24T10:34:35.930+0000] {logging_mixin.py:188} INFO - [2026-06-24T10:34:35.929+0000] {dag.py:3033} INFO - Sync 1 DAGs
[2026-06-24T10:34:35.990+0000] {logging_mixin.py:188} INFO - [2026-06-24T10:34:35.990+0000] {dag.py:3820} INFO - Setting next_dagrun for xray_weekly_training to 2026-06-14T02:00:00+00:00, run_after=2026-06-21T02:00:00+00:00
[2026-06-24T10:34:36.032+0000] {processor.py:183} INFO - Processing /opt/airflow/dags/weekly_training_dag.py took 0.272 seconds
[2026-06-24T10:35:06.368+0000] {processor.py:161} INFO - Started process (PID=2712) to work on /opt/airflow/dags/weekly_training_dag.py
[2026-06-24T10:35:06.373+0000] {processor.py:830} INFO - Processing file /opt/airflow/dags/weekly_training_dag.py for tasks to queue
[2026-06-24T10:35:06.375+0000] {logging_mixin.py:188} INFO - [2026-06-24T10:35:06.375+0000] {dagbag.py:538} INFO - Filling up the DagBag from /opt/airflow/dags/weekly_training_dag.py
[2026-06-24T10:35:06.447+0000] {processor.py:840} INFO - DAG(s) 'xray_weekly_training' retrieved from /opt/airflow/dags/weekly_training_dag.py
[2026-06-24T10:35:06.633+0000] {logging_mixin.py:188} INFO - [2026-06-24T10:35:06.632+0000] {dag.py:3033} INFO - Sync 1 DAGs
[2026-06-24T10:35:06.712+0000] {logging_mixin.py:188} INFO - [2026-06-24T10:35:06.711+0000] {dag.py:3820} INFO - Setting next_dagrun for xray_weekly_training to 2026-06-14T02:00:00+00:00, run_after=2026-06-21T02:00:00+00:00
[2026-06-24T10:35:06.803+0000] {processor.py:183} INFO - Processing /opt/airflow/dags/weekly_training_dag.py took 0.451 seconds
[2026-06-24T10:35:37.762+0000] {processor.py:161} INFO - Started process (PID=2722) to work on /opt/airflow/dags/weekly_training_dag.py
[2026-06-24T10:35:37.798+0000] {processor.py:830} INFO - Processing file /opt/airflow/dags/weekly_training_dag.py for tasks to queue
[2026-06-24T10:35:37.818+0000] {logging_mixin.py:188} INFO - [2026-06-24T10:35:37.817+0000] {dagbag.py:538} INFO - Filling up the DagBag from /opt/airflow/dags/weekly_training_dag.py
[2026-06-24T10:35:38.079+0000] {processor.py:840} INFO - DAG(s) 'xray_weekly_training' retrieved from /opt/airflow/dags/weekly_training_dag.py
[2026-06-24T10:35:38.318+0000] {logging_mixin.py:188} INFO - [2026-06-24T10:35:38.317+0000] {dag.py:3033} INFO - Sync 1 DAGs
[2026-06-24T10:35:38.427+0000] {logging_mixin.py:188} INFO - [2026-06-24T10:35:38.426+0000] {dag.py:3820} INFO - Setting next_dagrun for xray_weekly_training to 2026-06-14T02:00:00+00:00, run_after=2026-06-21T02:00:00+00:00
[2026-06-24T10:35:38.565+0000] {processor.py:183} INFO - Processing /opt/airflow/dags/weekly_training_dag.py took 0.820 seconds
[2026-06-24T10:36:09.140+0000] {processor.py:161} INFO - Started process (PID=2732) to work on /opt/airflow/dags/weekly_training_dag.py
[2026-06-24T10:36:09.144+0000] {processor.py:830} INFO - Processing file /opt/airflow/dags/weekly_training_dag.py for tasks to queue
[2026-06-24T10:36:09.146+0000] {logging_mixin.py:188} INFO - [2026-06-24T10:36:09.146+0000] {dagbag.py:538} INFO - Filling up the DagBag from /opt/airflow/dags/weekly_training_dag.py
[2026-06-24T10:36:09.255+0000] {processor.py:840} INFO - DAG(s) 'xray_weekly_training' retrieved from /opt/airflow/dags/weekly_training_dag.py
[2026-06-24T10:36:09.384+0000] {logging_mixin.py:188} INFO - [2026-06-24T10:36:09.384+0000] {dag.py:3033} INFO - Sync 1 DAGs
[2026-06-24T10:36:09.450+0000] {logging_mixin.py:188} INFO - [2026-06-24T10:36:09.450+0000] {dag.py:3820} INFO - Setting next_dagrun for xray_weekly_training to 2026-06-14T02:00:00+00:00, run_after=2026-06-21T02:00:00+00:00
[2026-06-24T10:36:09.485+0000] {processor.py:183} INFO - Processing /opt/airflow/dags/weekly_training_dag.py took 0.356 seconds
[2026-06-24T10:36:40.067+0000] {processor.py:161} INFO - Started process (PID=2741) to work on /opt/airflow/dags/weekly_training_dag.py
[2026-06-24T10:36:40.068+0000] {processor.py:830} INFO - Processing file /opt/airflow/dags/weekly_training_dag.py for tasks to queue
[2026-06-24T10:36:40.070+0000] {logging_mixin.py:188} INFO - [2026-06-24T10:36:40.069+0000] {dagbag.py:538} INFO - Filling up the DagBag from /opt/airflow/dags/weekly_training_dag.py
[2026-06-24T10:36:40.097+0000] {processor.py:840} INFO - DAG(s) 'xray_weekly_training' retrieved from /opt/airflow/dags/weekly_training_dag.py
[2026-06-24T10:36:40.153+0000] {logging_mixin.py:188} INFO - [2026-06-24T10:36:40.152+0000] {dag.py:3033} INFO - Sync 1 DAGs
[2026-06-24T10:36:40.181+0000] {logging_mixin.py:188} INFO - [2026-06-24T10:36:40.180+0000] {dag.py:3820} INFO - Setting next_dagrun for xray_weekly_training to 2026-06-14T02:00:00+00:00, run_after=2026-06-21T02:00:00+00:00
[2026-06-24T10:36:40.202+0000] {processor.py:183} INFO - Processing /opt/airflow/dags/weekly_training_dag.py took 0.140 seconds
[2026-06-24T10:37:10.744+0000] {processor.py:161} INFO - Started process (PID=2752) to work on /opt/airflow/dags/weekly_training_dag.py
[2026-06-24T10:37:10.751+0000] {processor.py:830} INFO - Processing file /opt/airflow/dags/weekly_training_dag.py for tasks to queue
[2026-06-24T10:37:10.757+0000] {logging_mixin.py:188} INFO - [2026-06-24T10:37:10.756+0000] {dagbag.py:538} INFO - Filling up the DagBag from /opt/airflow/dags/weekly_training_dag.py
[2026-06-24T10:37:10.818+0000] {processor.py:840} INFO - DAG(s) 'xray_weekly_training' retrieved from /opt/airflow/dags/weekly_training_dag.py
[2026-06-24T10:37:10.948+0000] {logging_mixin.py:188} INFO - [2026-06-24T10:37:10.948+0000] {dag.py:3033} INFO - Sync 1 DAGs
[2026-06-24T10:37:11.136+0000] {logging_mixin.py:188} INFO - [2026-06-24T10:37:11.136+0000] {dag.py:3820} INFO - Setting next_dagrun for xray_weekly_training to 2026-06-14T02:00:00+00:00, run_after=2026-06-21T02:00:00+00:00
[2026-06-24T10:37:11.236+0000] {processor.py:183} INFO - Processing /opt/airflow/dags/weekly_training_dag.py took 0.505 seconds
[2026-06-24T10:37:42.048+0000] {processor.py:161} INFO - Started process (PID=2762) to work on /opt/airflow/dags/weekly_training_dag.py
[2026-06-24T10:37:42.051+0000] {processor.py:830} INFO - Processing file /opt/airflow/dags/weekly_training_dag.py for tasks to queue
[2026-06-24T10:37:42.053+0000] {logging_mixin.py:188} INFO - [2026-06-24T10:37:42.053+0000] {dagbag.py:538} INFO - Filling up the DagBag from /opt/airflow/dags/weekly_training_dag.py
[2026-06-24T10:37:42.119+0000] {processor.py:840} INFO - DAG(s) 'xray_weekly_training' retrieved from /opt/airflow/dags/weekly_training_dag.py
[2026-06-24T10:37:42.271+0000] {logging_mixin.py:188} INFO - [2026-06-24T10:37:42.270+0000] {dag.py:3033} INFO - Sync 1 DAGs
[2026-06-24T10:37:42.307+0000] {logging_mixin.py:188} INFO - [2026-06-24T10:37:42.306+0000] {dag.py:3820} INFO - Setting next_dagrun for xray_weekly_training to 2026-06-14T02:00:00+00:00, run_after=2026-06-21T02:00:00+00:00
[2026-06-24T10:37:42.345+0000] {processor.py:183} INFO - Processing /opt/airflow/dags/weekly_training_dag.py took 0.337 seconds
[2026-06-24T10:38:12.917+0000] {processor.py:161} INFO - Started process (PID=2772) to work on /opt/airflow/dags/weekly_training_dag.py
[2026-06-24T10:38:12.919+0000] {processor.py:830} INFO - Processing file /opt/airflow/dags/weekly_training_dag.py for tasks to queue
[2026-06-24T10:38:12.922+0000] {logging_mixin.py:188} INFO - [2026-06-24T10:38:12.921+0000] {dagbag.py:538} INFO - Filling up the DagBag from /opt/airflow/dags/weekly_training_dag.py
[2026-06-24T10:38:12.986+0000] {processor.py:840} INFO - DAG(s) 'xray_weekly_training' retrieved from /opt/airflow/dags/weekly_training_dag.py
[2026-06-24T10:38:13.149+0000] {logging_mixin.py:188} INFO - [2026-06-24T10:38:13.149+0000] {dag.py:3033} INFO - Sync 1 DAGs
[2026-06-24T10:38:13.229+0000] {logging_mixin.py:188} INFO - [2026-06-24T10:38:13.229+0000] {dag.py:3820} INFO - Setting next_dagrun for xray_weekly_training to 2026-06-14T02:00:00+00:00, run_after=2026-06-21T02:00:00+00:00
[2026-06-24T10:38:13.274+0000] {processor.py:183} INFO - Processing /opt/airflow/dags/weekly_training_dag.py took 0.361 seconds
[2026-06-24T10:38:44.101+0000] {processor.py:161} INFO - Started process (PID=2782) to work on /opt/airflow/dags/weekly_training_dag.py
[2026-06-24T10:38:44.112+0000] {processor.py:830} INFO - Processing file /opt/airflow/dags/weekly_training_dag.py for tasks to queue
[2026-06-24T10:38:44.124+0000] {logging_mixin.py:188} INFO - [2026-06-24T10:38:44.121+0000] {dagbag.py:538} INFO - Filling up the DagBag from /opt/airflow/dags/weekly_training_dag.py
[2026-06-24T10:38:44.283+0000] {processor.py:840} INFO - DAG(s) 'xray_weekly_training' retrieved from /opt/airflow/dags/weekly_training_dag.py
[2026-06-24T10:38:44.667+0000] {logging_mixin.py:188} INFO - [2026-06-24T10:38:44.666+0000] {dag.py:3033} INFO - Sync 1 DAGs
[2026-06-24T10:38:44.726+0000] {logging_mixin.py:188} INFO - [2026-06-24T10:38:44.726+0000] {dag.py:3820} INFO - Setting next_dagrun for xray_weekly_training to 2026-06-14T02:00:00+00:00, run_after=2026-06-21T02:00:00+00:00
[2026-06-24T10:38:44.799+0000] {processor.py:183} INFO - Processing /opt/airflow/dags/weekly_training_dag.py took 0.766 seconds
[2026-06-24T10:39:15.730+0000] {processor.py:161} INFO - Started process (PID=2792) to work on /opt/airflow/dags/weekly_training_dag.py
[2026-06-24T10:39:15.732+0000] {processor.py:830} INFO - Processing file /opt/airflow/dags/weekly_training_dag.py for tasks to queue
[2026-06-24T10:39:15.733+0000] {logging_mixin.py:188} INFO - [2026-06-24T10:39:15.733+0000] {dagbag.py:538} INFO - Filling up the DagBag from /opt/airflow/dags/weekly_training_dag.py
[2026-06-24T10:39:15.778+0000] {processor.py:840} INFO - DAG(s) 'xray_weekly_training' retrieved from /opt/airflow/dags/weekly_training_dag.py
[2026-06-24T10:39:15.898+0000] {logging_mixin.py:188} INFO - [2026-06-24T10:39:15.897+0000] {dag.py:3033} INFO - Sync 1 DAGs
[2026-06-24T10:39:15.986+0000] {logging_mixin.py:188} INFO - [2026-06-24T10:39:15.985+0000] {dag.py:3820} INFO - Setting next_dagrun for xray_weekly_training to 2026-06-14T02:00:00+00:00, run_after=2026-06-21T02:00:00+00:00
[2026-06-24T10:39:16.034+0000] {processor.py:183} INFO - Processing /opt/airflow/dags/weekly_training_dag.py took 0.311 seconds
[2026-06-24T10:39:46.437+0000] {processor.py:161} INFO - Started process (PID=2802) to work on /opt/airflow/dags/weekly_training_dag.py
[2026-06-24T10:39:46.439+0000] {processor.py:830} INFO - Processing file /opt/airflow/dags/weekly_training_dag.py for tasks to queue
[2026-06-24T10:39:46.441+0000] {logging_mixin.py:188} INFO - [2026-06-24T10:39:46.440+0000] {dagbag.py:538} INFO - Filling up the DagBag from /opt/airflow/dags/weekly_training_dag.py
[2026-06-24T10:39:46.482+0000] {processor.py:840} INFO - DAG(s) 'xray_weekly_training' retrieved from /opt/airflow/dags/weekly_training_dag.py
[2026-06-24T10:39:46.560+0000] {logging_mixin.py:188} INFO - [2026-06-24T10:39:46.560+0000] {dag.py:3033} INFO - Sync 1 DAGs
[2026-06-24T10:39:46.826+0000] {logging_mixin.py:188} INFO - [2026-06-24T10:39:46.826+0000] {dag.py:3820} INFO - Setting next_dagrun for xray_weekly_training to 2026-06-14T02:00:00+00:00, run_after=2026-06-21T02:00:00+00:00
[2026-06-24T10:39:46.862+0000] {processor.py:183} INFO - Processing /opt/airflow/dags/weekly_training_dag.py took 0.431 seconds
[2026-06-24T10:40:17.311+0000] {processor.py:161} INFO - Started process (PID=2812) to work on /opt/airflow/dags/weekly_training_dag.py
[2026-06-24T10:40:17.313+0000] {processor.py:830} INFO - Processing file /opt/airflow/dags/weekly_training_dag.py for tasks to queue
[2026-06-24T10:40:17.315+0000] {logging_mixin.py:188} INFO - [2026-06-24T10:40:17.315+0000] {dagbag.py:538} INFO - Filling up the DagBag from /opt/airflow/dags/weekly_training_dag.py
[2026-06-24T10:40:17.347+0000] {processor.py:840} INFO - DAG(s) 'xray_weekly_training' retrieved from /opt/airflow/dags/weekly_training_dag.py
[2026-06-24T10:40:17.411+0000] {logging_mixin.py:188} INFO - [2026-06-24T10:40:17.410+0000] {dag.py:3033} INFO - Sync 1 DAGs
[2026-06-24T10:40:17.450+0000] {logging_mixin.py:188} INFO - [2026-06-24T10:40:17.450+0000] {dag.py:3820} INFO - Setting next_dagrun for xray_weekly_training to 2026-06-14T02:00:00+00:00, run_after=2026-06-21T02:00:00+00:00
[2026-06-24T10:40:17.475+0000] {processor.py:183} INFO - Processing /opt/airflow/dags/weekly_training_dag.py took 0.173 seconds
[2026-06-24T10:40:47.654+0000] {processor.py:161} INFO - Started process (PID=2822) to work on /opt/airflow/dags/weekly_training_dag.py
[2026-06-24T10:40:47.656+0000] {processor.py:830} INFO - Processing file /opt/airflow/dags/weekly_training_dag.py for tasks to queue
[2026-06-24T10:40:47.657+0000] {logging_mixin.py:188} INFO - [2026-06-24T10:40:47.657+0000] {dagbag.py:538} INFO - Filling up the DagBag from /opt/airflow/dags/weekly_training_dag.py
[2026-06-24T10:40:47.691+0000] {processor.py:840} INFO - DAG(s) 'xray_weekly_training' retrieved from /opt/airflow/dags/weekly_training_dag.py
[2026-06-24T10:40:47.761+0000] {logging_mixin.py:188} INFO - [2026-06-24T10:40:47.761+0000] {dag.py:3033} INFO - Sync 1 DAGs
[2026-06-24T10:40:47.800+0000] {logging_mixin.py:188} INFO - [2026-06-24T10:40:47.800+0000] {dag.py:3820} INFO - Setting next_dagrun for xray_weekly_training to 2026-06-14T02:00:00+00:00, run_after=2026-06-21T02:00:00+00:00
[2026-06-24T10:40:47.824+0000] {processor.py:183} INFO - Processing /opt/airflow/dags/weekly_training_dag.py took 0.177 seconds
[2026-06-24T10:41:18.319+0000] {processor.py:161} INFO - Started process (PID=2832) to work on /opt/airflow/dags/weekly_training_dag.py
[2026-06-24T10:41:18.321+0000] {processor.py:830} INFO - Processing file /opt/airflow/dags/weekly_training_dag.py for tasks to queue
[2026-06-24T10:41:18.327+0000] {logging_mixin.py:188} INFO - [2026-06-24T10:41:18.326+0000] {dagbag.py:538} INFO - Filling up the DagBag from /opt/airflow/dags/weekly_training_dag.py
[2026-06-24T10:41:18.411+0000] {processor.py:840} INFO - DAG(s) 'xray_weekly_training' retrieved from /opt/airflow/dags/weekly_training_dag.py
[2026-06-24T10:41:18.494+0000] {logging_mixin.py:188} INFO - [2026-06-24T10:41:18.494+0000] {dag.py:3033} INFO - Sync 1 DAGs
[2026-06-24T10:41:18.567+0000] {logging_mixin.py:188} INFO - [2026-06-24T10:41:18.567+0000] {dag.py:3820} INFO - Setting next_dagrun for xray_weekly_training to 2026-06-14T02:00:00+00:00, run_after=2026-06-21T02:00:00+00:00
[2026-06-24T10:41:18.608+0000] {processor.py:183} INFO - Processing /opt/airflow/dags/weekly_training_dag.py took 0.304 seconds
[2026-06-24T10:41:49.072+0000] {processor.py:161} INFO - Started process (PID=2842) to work on /opt/airflow/dags/weekly_training_dag.py
[2026-06-24T10:41:49.075+0000] {processor.py:830} INFO - Processing file /opt/airflow/dags/weekly_training_dag.py for tasks to queue
[2026-06-24T10:41:49.076+0000] {logging_mixin.py:188} INFO - [2026-06-24T10:41:49.076+0000] {dagbag.py:538} INFO - Filling up the DagBag from /opt/airflow/dags/weekly_training_dag.py
[2026-06-24T10:41:49.178+0000] {processor.py:840} INFO - DAG(s) 'xray_weekly_training' retrieved from /opt/airflow/dags/weekly_training_dag.py
[2026-06-24T10:41:49.281+0000] {logging_mixin.py:188} INFO - [2026-06-24T10:41:49.280+0000] {dag.py:3033} INFO - Sync 1 DAGs
[2026-06-24T10:41:49.319+0000] {logging_mixin.py:188} INFO - [2026-06-24T10:41:49.319+0000] {dag.py:3820} INFO - Setting next_dagrun for xray_weekly_training to 2026-06-14T02:00:00+00:00, run_after=2026-06-21T02:00:00+00:00
[2026-06-24T10:41:49.345+0000] {processor.py:183} INFO - Processing /opt/airflow/dags/weekly_training_dag.py took 0.287 seconds
[2026-06-24T10:42:19.604+0000] {processor.py:161} INFO - Started process (PID=2852) to work on /opt/airflow/dags/weekly_training_dag.py
[2026-06-24T10:42:19.608+0000] {processor.py:830} INFO - Processing file /opt/airflow/dags/weekly_training_dag.py for tasks to queue
[2026-06-24T10:42:19.612+0000] {logging_mixin.py:188} INFO - [2026-06-24T10:42:19.611+0000] {dagbag.py:538} INFO - Filling up the DagBag from /opt/airflow/dags/weekly_training_dag.py
[2026-06-24T10:42:19.692+0000] {processor.py:840} INFO - DAG(s) 'xray_weekly_training' retrieved from /opt/airflow/dags/weekly_training_dag.py
[2026-06-24T10:42:19.781+0000] {logging_mixin.py:188} INFO - [2026-06-24T10:42:19.780+0000] {dag.py:3033} INFO - Sync 1 DAGs
[2026-06-24T10:42:19.853+0000] {logging_mixin.py:188} INFO - [2026-06-24T10:42:19.849+0000] {dag.py:3820} INFO - Setting next_dagrun for xray_weekly_training to 2026-06-14T02:00:00+00:00, run_after=2026-06-21T02:00:00+00:00
[2026-06-24T10:42:19.905+0000] {processor.py:183} INFO - Processing /opt/airflow/dags/weekly_training_dag.py took 0.316 seconds
[2026-06-24T10:42:50.167+0000] {processor.py:161} INFO - Started process (PID=2862) to work on /opt/airflow/dags/weekly_training_dag.py
[2026-06-24T10:42:50.169+0000] {processor.py:830} INFO - Processing file /opt/airflow/dags/weekly_training_dag.py for tasks to queue
[2026-06-24T10:42:50.170+0000] {logging_mixin.py:188} INFO - [2026-06-24T10:42:50.169+0000] {dagbag.py:538} INFO - Filling up the DagBag from /opt/airflow/dags/weekly_training_dag.py
[2026-06-24T10:42:50.194+0000] {processor.py:840} INFO - DAG(s) 'xray_weekly_training' retrieved from /opt/airflow/dags/weekly_training_dag.py
[2026-06-24T10:42:50.233+0000] {logging_mixin.py:188} INFO - [2026-06-24T10:42:50.232+0000] {dag.py:3033} INFO - Sync 1 DAGs
[2026-06-24T10:42:50.261+0000] {logging_mixin.py:188} INFO - [2026-06-24T10:42:50.261+0000] {dag.py:3820} INFO - Setting next_dagrun for xray_weekly_training to 2026-06-14T02:00:00+00:00, run_after=2026-06-21T02:00:00+00:00
[2026-06-24T10:42:50.286+0000] {processor.py:183} INFO - Processing /opt/airflow/dags/weekly_training_dag.py took 0.123 seconds
[2026-06-24T10:43:21.232+0000] {processor.py:161} INFO - Started process (PID=2872) to work on /opt/airflow/dags/weekly_training_dag.py
[2026-06-24T10:43:21.233+0000] {processor.py:830} INFO - Processing file /opt/airflow/dags/weekly_training_dag.py for tasks to queue
[2026-06-24T10:43:21.235+0000] {logging_mixin.py:188} INFO - [2026-06-24T10:43:21.235+0000] {dagbag.py:538} INFO - Filling up the DagBag from /opt/airflow/dags/weekly_training_dag.py
[2026-06-24T10:43:21.270+0000] {processor.py:840} INFO - DAG(s) 'xray_weekly_training' retrieved from /opt/airflow/dags/weekly_training_dag.py
[2026-06-24T10:43:21.321+0000] {logging_mixin.py:188} INFO - [2026-06-24T10:43:21.321+0000] {dag.py:3033} INFO - Sync 1 DAGs
[2026-06-24T10:43:21.352+0000] {logging_mixin.py:188} INFO - [2026-06-24T10:43:21.351+0000] {dag.py:3820} INFO - Setting next_dagrun for xray_weekly_training to 2026-06-14T02:00:00+00:00, run_after=2026-06-21T02:00:00+00:00
[2026-06-24T10:43:21.377+0000] {processor.py:183} INFO - Processing /opt/airflow/dags/weekly_training_dag.py took 0.155 seconds
[2026-06-24T10:43:51.869+0000] {processor.py:161} INFO - Started process (PID=2882) to work on /opt/airflow/dags/weekly_training_dag.py
[2026-06-24T10:43:51.872+0000] {processor.py:830} INFO - Processing file /opt/airflow/dags/weekly_training_dag.py for tasks to queue
[2026-06-24T10:43:51.874+0000] {logging_mixin.py:188} INFO - [2026-06-24T10:43:51.873+0000] {dagbag.py:538} INFO - Filling up the DagBag from /opt/airflow/dags/weekly_training_dag.py
[2026-06-24T10:43:51.921+0000] {processor.py:840} INFO - DAG(s) 'xray_weekly_training' retrieved from /opt/airflow/dags/weekly_training_dag.py
[2026-06-24T10:43:52.142+0000] {logging_mixin.py:188} INFO - [2026-06-24T10:43:52.141+0000] {dag.py:3033} INFO - Sync 1 DAGs
[2026-06-24T10:43:52.267+0000] {logging_mixin.py:188} INFO - [2026-06-24T10:43:52.267+0000] {dag.py:3820} INFO - Setting next_dagrun for xray_weekly_training to 2026-06-14T02:00:00+00:00, run_after=2026-06-21T02:00:00+00:00
[2026-06-24T10:43:52.345+0000] {processor.py:183} INFO - Processing /opt/airflow/dags/weekly_training_dag.py took 0.497 seconds
[2026-06-24T10:44:22.656+0000] {processor.py:161} INFO - Started process (PID=2892) to work on /opt/airflow/dags/weekly_training_dag.py
[2026-06-24T10:44:22.660+0000] {processor.py:830} INFO - Processing file /opt/airflow/dags/weekly_training_dag.py for tasks to queue
[2026-06-24T10:44:22.663+0000] {logging_mixin.py:188} INFO - [2026-06-24T10:44:22.663+0000] {dagbag.py:538} INFO - Filling up the DagBag from /opt/airflow/dags/weekly_training_dag.py
[2026-06-24T10:44:22.733+0000] {processor.py:840} INFO - DAG(s) 'xray_weekly_training' retrieved from /opt/airflow/dags/weekly_training_dag.py
[2026-06-24T10:44:22.808+0000] {logging_mixin.py:188} INFO - [2026-06-24T10:44:22.808+0000] {dag.py:3033} INFO - Sync 1 DAGs
[2026-06-24T10:44:22.852+0000] {logging_mixin.py:188} INFO - [2026-06-24T10:44:22.852+0000] {dag.py:3820} INFO - Setting next_dagrun for xray_weekly_training to 2026-06-14T02:00:00+00:00, run_after=2026-06-21T02:00:00+00:00
[2026-06-24T10:44:22.950+0000] {processor.py:183} INFO - Processing /opt/airflow/dags/weekly_training_dag.py took 0.304 seconds
[2026-06-24T10:44:53.529+0000] {processor.py:161} INFO - Started process (PID=2902) to work on /opt/airflow/dags/weekly_training_dag.py
[2026-06-24T10:44:53.531+0000] {processor.py:830} INFO - Processing file /opt/airflow/dags/weekly_training_dag.py for tasks to queue
[2026-06-24T10:44:53.534+0000] {logging_mixin.py:188} INFO - [2026-06-24T10:44:53.533+0000] {dagbag.py:538} INFO - Filling up the DagBag from /opt/airflow/dags/weekly_training_dag.py
[2026-06-24T10:44:53.591+0000] {processor.py:840} INFO - DAG(s) 'xray_weekly_training' retrieved from /opt/airflow/dags/weekly_training_dag.py
[2026-06-24T10:44:53.690+0000] {logging_mixin.py:188} INFO - [2026-06-24T10:44:53.690+0000] {dag.py:3033} INFO - Sync 1 DAGs
[2026-06-24T10:44:53.744+0000] {logging_mixin.py:188} INFO - [2026-06-24T10:44:53.744+0000] {dag.py:3820} INFO - Setting next_dagrun for xray_weekly_training to 2026-06-14T02:00:00+00:00, run_after=2026-06-21T02:00:00+00:00
[2026-06-24T10:44:53.816+0000] {processor.py:183} INFO - Processing /opt/airflow/dags/weekly_training_dag.py took 0.297 seconds
[2026-06-24T10:45:24.137+0000] {processor.py:161} INFO - Started process (PID=2911) to work on /opt/airflow/dags/weekly_training_dag.py
[2026-06-24T10:45:24.138+0000] {processor.py:830} INFO - Processing file /opt/airflow/dags/weekly_training_dag.py for tasks to queue
[2026-06-24T10:45:24.140+0000] {logging_mixin.py:188} INFO - [2026-06-24T10:45:24.139+0000] {dagbag.py:538} INFO - Filling up the DagBag from /opt/airflow/dags/weekly_training_dag.py
[2026-06-24T10:45:24.170+0000] {processor.py:840} INFO - DAG(s) 'xray_weekly_training' retrieved from /opt/airflow/dags/weekly_training_dag.py
[2026-06-24T10:45:24.223+0000] {logging_mixin.py:188} INFO - [2026-06-24T10:45:24.223+0000] {dag.py:3033} INFO - Sync 1 DAGs
[2026-06-24T10:45:24.250+0000] {logging_mixin.py:188} INFO - [2026-06-24T10:45:24.250+0000] {dag.py:3820} INFO - Setting next_dagrun for xray_weekly_training to 2026-06-14T02:00:00+00:00, run_after=2026-06-21T02:00:00+00:00
[2026-06-24T10:45:24.272+0000] {processor.py:183} INFO - Processing /opt/airflow/dags/weekly_training_dag.py took 0.140 seconds
[2026-06-24T10:45:54.466+0000] {processor.py:161} INFO - Started process (PID=2922) to work on /opt/airflow/dags/weekly_training_dag.py
[2026-06-24T10:45:54.469+0000] {processor.py:830} INFO - Processing file /opt/airflow/dags/weekly_training_dag.py for tasks to queue
[2026-06-24T10:45:54.471+0000] {logging_mixin.py:188} INFO - [2026-06-24T10:45:54.470+0000] {dagbag.py:538} INFO - Filling up the DagBag from /opt/airflow/dags/weekly_training_dag.py
[2026-06-24T10:45:54.499+0000] {processor.py:840} INFO - DAG(s) 'xray_weekly_training' retrieved from /opt/airflow/dags/weekly_training_dag.py
[2026-06-24T10:45:54.550+0000] {logging_mixin.py:188} INFO - [2026-06-24T10:45:54.550+0000] {dag.py:3033} INFO - Sync 1 DAGs
[2026-06-24T10:45:54.581+0000] {logging_mixin.py:188} INFO - [2026-06-24T10:45:54.581+0000] {dag.py:3820} INFO - Setting next_dagrun for xray_weekly_training to 2026-06-14T02:00:00+00:00, run_after=2026-06-21T02:00:00+00:00
[2026-06-24T10:45:54.602+0000] {processor.py:183} INFO - Processing /opt/airflow/dags/weekly_training_dag.py took 0.147 seconds
[2026-06-24T10:46:24.850+0000] {processor.py:161} INFO - Started process (PID=2931) to work on /opt/airflow/dags/weekly_training_dag.py
[2026-06-24T10:46:24.853+0000] {processor.py:830} INFO - Processing file /opt/airflow/dags/weekly_training_dag.py for tasks to queue
[2026-06-24T10:46:24.854+0000] {logging_mixin.py:188} INFO - [2026-06-24T10:46:24.854+0000] {dagbag.py:538} INFO - Filling up the DagBag from /opt/airflow/dags/weekly_training_dag.py
[2026-06-24T10:46:24.884+0000] {processor.py:840} INFO - DAG(s) 'xray_weekly_training' retrieved from /opt/airflow/dags/weekly_training_dag.py
[2026-06-24T10:46:24.945+0000] {logging_mixin.py:188} INFO - [2026-06-24T10:46:24.944+0000] {dag.py:3033} INFO - Sync 1 DAGs
[2026-06-24T10:46:24.976+0000] {logging_mixin.py:188} INFO - [2026-06-24T10:46:24.976+0000] {dag.py:3820} INFO - Setting next_dagrun for xray_weekly_training to 2026-06-14T02:00:00+00:00, run_after=2026-06-21T02:00:00+00:00
[2026-06-24T10:46:25.003+0000] {processor.py:183} INFO - Processing /opt/airflow/dags/weekly_training_dag.py took 0.175 seconds
[2026-06-24T10:46:55.318+0000] {processor.py:161} INFO - Started process (PID=2942) to work on /opt/airflow/dags/weekly_training_dag.py
[2026-06-24T10:46:55.320+0000] {processor.py:830} INFO - Processing file /opt/airflow/dags/weekly_training_dag.py for tasks to queue
[2026-06-24T10:46:55.324+0000] {logging_mixin.py:188} INFO - [2026-06-24T10:46:55.323+0000] {dagbag.py:538} INFO - Filling up the DagBag from /opt/airflow/dags/weekly_training_dag.py
[2026-06-24T10:46:55.446+0000] {processor.py:840} INFO - DAG(s) 'xray_weekly_training' retrieved from /opt/airflow/dags/weekly_training_dag.py
[2026-06-24T10:46:55.694+0000] {logging_mixin.py:188} INFO - [2026-06-24T10:46:55.689+0000] {dag.py:3033} INFO - Sync 1 DAGs
[2026-06-24T10:46:55.828+0000] {logging_mixin.py:188} INFO - [2026-06-24T10:46:55.827+0000] {dag.py:3820} INFO - Setting next_dagrun for xray_weekly_training to 2026-06-14T02:00:00+00:00, run_after=2026-06-21T02:00:00+00:00
[2026-06-24T10:46:55.864+0000] {processor.py:183} INFO - Processing /opt/airflow/dags/weekly_training_dag.py took 0.559 seconds
[2026-06-24T10:47:26.587+0000] {processor.py:161} INFO - Started process (PID=2952) to work on /opt/airflow/dags/weekly_training_dag.py
[2026-06-24T10:47:26.592+0000] {processor.py:830} INFO - Processing file /opt/airflow/dags/weekly_training_dag.py for tasks to queue
[2026-06-24T10:47:26.603+0000] {logging_mixin.py:188} INFO - [2026-06-24T10:47:26.598+0000] {dagbag.py:538} INFO - Filling up the DagBag from /opt/airflow/dags/weekly_training_dag.py
[2026-06-24T10:47:26.735+0000] {processor.py:840} INFO - DAG(s) 'xray_weekly_training' retrieved from /opt/airflow/dags/weekly_training_dag.py
[2026-06-24T10:47:26.996+0000] {logging_mixin.py:188} INFO - [2026-06-24T10:47:26.996+0000] {dag.py:3033} INFO - Sync 1 DAGs
[2026-06-24T10:47:27.186+0000] {logging_mixin.py:188} INFO - [2026-06-24T10:47:27.185+0000] {dag.py:3820} INFO - Setting next_dagrun for xray_weekly_training to 2026-06-14T02:00:00+00:00, run_after=2026-06-21T02:00:00+00:00
[2026-06-24T10:47:27.347+0000] {processor.py:183} INFO - Processing /opt/airflow/dags/weekly_training_dag.py took 0.781 seconds
[2026-06-24T10:47:57.752+0000] {processor.py:161} INFO - Started process (PID=2962) to work on /opt/airflow/dags/weekly_training_dag.py
[2026-06-24T10:47:57.754+0000] {processor.py:830} INFO - Processing file /opt/airflow/dags/weekly_training_dag.py for tasks to queue
[2026-06-24T10:47:57.757+0000] {logging_mixin.py:188} INFO - [2026-06-24T10:47:57.756+0000] {dagbag.py:538} INFO - Filling up the DagBag from /opt/airflow/dags/weekly_training_dag.py
[2026-06-24T10:47:57.794+0000] {processor.py:840} INFO - DAG(s) 'xray_weekly_training' retrieved from /opt/airflow/dags/weekly_training_dag.py
[2026-06-24T10:47:57.865+0000] {logging_mixin.py:188} INFO - [2026-06-24T10:47:57.865+0000] {dag.py:3033} INFO - Sync 1 DAGs
[2026-06-24T10:47:57.914+0000] {logging_mixin.py:188} INFO - [2026-06-24T10:47:57.914+0000] {dag.py:3820} INFO - Setting next_dagrun for xray_weekly_training to 2026-06-14T02:00:00+00:00, run_after=2026-06-21T02:00:00+00:00
[2026-06-24T10:47:57.956+0000] {processor.py:183} INFO - Processing /opt/airflow/dags/weekly_training_dag.py took 0.209 seconds
[2026-06-24T10:48:28.402+0000] {processor.py:161} INFO - Started process (PID=2972) to work on /opt/airflow/dags/weekly_training_dag.py
[2026-06-24T10:48:28.405+0000] {processor.py:830} INFO - Processing file /opt/airflow/dags/weekly_training_dag.py for tasks to queue
[2026-06-24T10:48:28.409+0000] {logging_mixin.py:188} INFO - [2026-06-24T10:48:28.408+0000] {dagbag.py:538} INFO - Filling up the DagBag from /opt/airflow/dags/weekly_training_dag.py
[2026-06-24T10:48:28.464+0000] {processor.py:840} INFO - DAG(s) 'xray_weekly_training' retrieved from /opt/airflow/dags/weekly_training_dag.py
[2026-06-24T10:48:28.564+0000] {logging_mixin.py:188} INFO - [2026-06-24T10:48:28.563+0000] {dag.py:3033} INFO - Sync 1 DAGs
[2026-06-24T10:48:28.616+0000] {logging_mixin.py:188} INFO - [2026-06-24T10:48:28.616+0000] {dag.py:3820} INFO - Setting next_dagrun for xray_weekly_training to 2026-06-14T02:00:00+00:00, run_after=2026-06-21T02:00:00+00:00
[2026-06-24T10:48:28.657+0000] {processor.py:183} INFO - Processing /opt/airflow/dags/weekly_training_dag.py took 0.262 seconds
[2026-06-24T10:48:59.190+0000] {processor.py:161} INFO - Started process (PID=2981) to work on /opt/airflow/dags/weekly_training_dag.py
[2026-06-24T10:48:59.194+0000] {processor.py:830} INFO - Processing file /opt/airflow/dags/weekly_training_dag.py for tasks to queue
[2026-06-24T10:48:59.196+0000] {logging_mixin.py:188} INFO - [2026-06-24T10:48:59.195+0000] {dagbag.py:538} INFO - Filling up the DagBag from /opt/airflow/dags/weekly_training_dag.py
[2026-06-24T10:48:59.238+0000] {processor.py:840} INFO - DAG(s) 'xray_weekly_training' retrieved from /opt/airflow/dags/weekly_training_dag.py
[2026-06-24T10:48:59.336+0000] {logging_mixin.py:188} INFO - [2026-06-24T10:48:59.333+0000] {dag.py:3033} INFO - Sync 1 DAGs
[2026-06-24T10:48:59.405+0000] {logging_mixin.py:188} INFO - [2026-06-24T10:48:59.404+0000] {dag.py:3820} INFO - Setting next_dagrun for xray_weekly_training to 2026-06-14T02:00:00+00:00, run_after=2026-06-21T02:00:00+00:00
[2026-06-24T10:48:59.466+0000] {processor.py:183} INFO - Processing /opt/airflow/dags/weekly_training_dag.py took 0.285 seconds
[2026-06-24T10:49:29.865+0000] {processor.py:161} INFO - Started process (PID=2992) to work on /opt/airflow/dags/weekly_training_dag.py
[2026-06-24T10:49:29.871+0000] {processor.py:830} INFO - Processing file /opt/airflow/dags/weekly_training_dag.py for tasks to queue
[2026-06-24T10:49:29.873+0000] {logging_mixin.py:188} INFO - [2026-06-24T10:49:29.872+0000] {dagbag.py:538} INFO - Filling up the DagBag from /opt/airflow/dags/weekly_training_dag.py
[2026-06-24T10:49:29.950+0000] {processor.py:840} INFO - DAG(s) 'xray_weekly_training' retrieved from /opt/airflow/dags/weekly_training_dag.py
[2026-06-24T10:49:30.105+0000] {logging_mixin.py:188} INFO - [2026-06-24T10:49:30.105+0000] {dag.py:3033} INFO - Sync 1 DAGs
[2026-06-24T10:49:30.181+0000] {logging_mixin.py:188} INFO - [2026-06-24T10:49:30.181+0000] {dag.py:3820} INFO - Setting next_dagrun for xray_weekly_training to 2026-06-14T02:00:00+00:00, run_after=2026-06-21T02:00:00+00:00
[2026-06-24T10:49:30.223+0000] {processor.py:183} INFO - Processing /opt/airflow/dags/weekly_training_dag.py took 0.386 seconds
[2026-06-24T10:50:00.856+0000] {processor.py:161} INFO - Started process (PID=3002) to work on /opt/airflow/dags/weekly_training_dag.py
[2026-06-24T10:50:00.861+0000] {processor.py:830} INFO - Processing file /opt/airflow/dags/weekly_training_dag.py for tasks to queue
[2026-06-24T10:50:00.865+0000] {logging_mixin.py:188} INFO - [2026-06-24T10:50:00.864+0000] {dagbag.py:538} INFO - Filling up the DagBag from /opt/airflow/dags/weekly_training_dag.py
[2026-06-24T10:50:00.932+0000] {processor.py:840} INFO - DAG(s) 'xray_weekly_training' retrieved from /opt/airflow/dags/weekly_training_dag.py
[2026-06-24T10:50:01.057+0000] {logging_mixin.py:188} INFO - [2026-06-24T10:50:01.057+0000] {dag.py:3033} INFO - Sync 1 DAGs
[2026-06-24T10:50:01.116+0000] {logging_mixin.py:188} INFO - [2026-06-24T10:50:01.116+0000] {dag.py:3820} INFO - Setting next_dagrun for xray_weekly_training to 2026-06-14T02:00:00+00:00, run_after=2026-06-21T02:00:00+00:00
[2026-06-24T10:50:01.154+0000] {processor.py:183} INFO - Processing /opt/airflow/dags/weekly_training_dag.py took 0.313 seconds
[2026-06-24T10:50:31.693+0000] {processor.py:161} INFO - Started process (PID=3012) to work on /opt/airflow/dags/weekly_training_dag.py
[2026-06-24T10:50:31.696+0000] {processor.py:830} INFO - Processing file /opt/airflow/dags/weekly_training_dag.py for tasks to queue
[2026-06-24T10:50:31.710+0000] {logging_mixin.py:188} INFO - [2026-06-24T10:50:31.702+0000] {dagbag.py:538} INFO - Filling up the DagBag from /opt/airflow/dags/weekly_training_dag.py
[2026-06-24T10:50:31.863+0000] {processor.py:840} INFO - DAG(s) 'xray_weekly_training' retrieved from /opt/airflow/dags/weekly_training_dag.py
[2026-06-24T10:50:32.188+0000] {logging_mixin.py:188} INFO - [2026-06-24T10:50:32.187+0000] {dag.py:3033} INFO - Sync 1 DAGs
[2026-06-24T10:50:32.488+0000] {logging_mixin.py:188} INFO - [2026-06-24T10:50:32.487+0000] {dag.py:3820} INFO - Setting next_dagrun for xray_weekly_training to 2026-06-14T02:00:00+00:00, run_after=2026-06-21T02:00:00+00:00
[2026-06-24T10:50:32.643+0000] {processor.py:183} INFO - Processing /opt/airflow/dags/weekly_training_dag.py took 0.965 seconds
[2026-06-24T10:51:03.403+0000] {processor.py:161} INFO - Started process (PID=3022) to work on /opt/airflow/dags/weekly_training_dag.py
[2026-06-24T10:51:03.407+0000] {processor.py:830} INFO - Processing file /opt/airflow/dags/weekly_training_dag.py for tasks to queue
[2026-06-24T10:51:03.420+0000] {logging_mixin.py:188} INFO - [2026-06-24T10:51:03.420+0000] {dagbag.py:538} INFO - Filling up the DagBag from /opt/airflow/dags/weekly_training_dag.py
[2026-06-24T10:51:03.480+0000] {processor.py:840} INFO - DAG(s) 'xray_weekly_training' retrieved from /opt/airflow/dags/weekly_training_dag.py
[2026-06-24T10:51:03.608+0000] {logging_mixin.py:188} INFO - [2026-06-24T10:51:03.605+0000] {dag.py:3033} INFO - Sync 1 DAGs
[2026-06-24T10:51:03.699+0000] {logging_mixin.py:188} INFO - [2026-06-24T10:51:03.699+0000] {dag.py:3820} INFO - Setting next_dagrun for xray_weekly_training to 2026-06-14T02:00:00+00:00, run_after=2026-06-21T02:00:00+00:00
[2026-06-24T10:51:03.764+0000] {processor.py:183} INFO - Processing /opt/airflow/dags/weekly_training_dag.py took 0.370 seconds
[2026-06-24T10:51:34.334+0000] {processor.py:161} INFO - Started process (PID=3031) to work on /opt/airflow/dags/weekly_training_dag.py
[2026-06-24T10:51:34.338+0000] {processor.py:830} INFO - Processing file /opt/airflow/dags/weekly_training_dag.py for tasks to queue
[2026-06-24T10:51:34.348+0000] {logging_mixin.py:188} INFO - [2026-06-24T10:51:34.345+0000] {dagbag.py:538} INFO - Filling up the DagBag from /opt/airflow/dags/weekly_training_dag.py
[2026-06-24T10:51:34.506+0000] {processor.py:840} INFO - DAG(s) 'xray_weekly_training' retrieved from /opt/airflow/dags/weekly_training_dag.py
[2026-06-24T10:51:34.614+0000] {logging_mixin.py:188} INFO - [2026-06-24T10:51:34.614+0000] {dag.py:3033} INFO - Sync 1 DAGs
[2026-06-24T10:51:34.673+0000] {logging_mixin.py:188} INFO - [2026-06-24T10:51:34.670+0000] {dag.py:3820} INFO - Setting next_dagrun for xray_weekly_training to 2026-06-14T02:00:00+00:00, run_after=2026-06-21T02:00:00+00:00
[2026-06-24T10:51:34.734+0000] {processor.py:183} INFO - Processing /opt/airflow/dags/weekly_training_dag.py took 0.424 seconds
[2026-06-24T10:52:05.221+0000] {processor.py:161} INFO - Started process (PID=3042) to work on /opt/airflow/dags/weekly_training_dag.py
[2026-06-24T10:52:05.225+0000] {processor.py:830} INFO - Processing file /opt/airflow/dags/weekly_training_dag.py for tasks to queue
[2026-06-24T10:52:05.226+0000] {logging_mixin.py:188} INFO - [2026-06-24T10:52:05.226+0000] {dagbag.py:538} INFO - Filling up the DagBag from /opt/airflow/dags/weekly_training_dag.py
[2026-06-24T10:52:05.269+0000] {processor.py:840} INFO - DAG(s) 'xray_weekly_training' retrieved from /opt/airflow/dags/weekly_training_dag.py
[2026-06-24T10:52:05.358+0000] {logging_mixin.py:188} INFO - [2026-06-24T10:52:05.357+0000] {dag.py:3033} INFO - Sync 1 DAGs
[2026-06-24T10:52:05.429+0000] {logging_mixin.py:188} INFO - [2026-06-24T10:52:05.428+0000] {dag.py:3820} INFO - Setting next_dagrun for xray_weekly_training to 2026-06-14T02:00:00+00:00, run_after=2026-06-21T02:00:00+00:00
[2026-06-24T10:52:05.523+0000] {processor.py:183} INFO - Processing /opt/airflow/dags/weekly_training_dag.py took 0.308 seconds
[2026-06-24T10:52:35.988+0000] {processor.py:161} INFO - Started process (PID=3052) to work on /opt/airflow/dags/weekly_training_dag.py
[2026-06-24T10:52:35.989+0000] {processor.py:830} INFO - Processing file /opt/airflow/dags/weekly_training_dag.py for tasks to queue
[2026-06-24T10:52:35.991+0000] {logging_mixin.py:188} INFO - [2026-06-24T10:52:35.991+0000] {dagbag.py:538} INFO - Filling up the DagBag from /opt/airflow/dags/weekly_training_dag.py
[2026-06-24T10:52:36.018+0000] {processor.py:840} INFO - DAG(s) 'xray_weekly_training' retrieved from /opt/airflow/dags/weekly_training_dag.py
[2026-06-24T10:52:36.075+0000] {logging_mixin.py:188} INFO - [2026-06-24T10:52:36.075+0000] {dag.py:3033} INFO - Sync 1 DAGs
[2026-06-24T10:52:36.112+0000] {logging_mixin.py:188} INFO - [2026-06-24T10:52:36.112+0000] {dag.py:3820} INFO - Setting next_dagrun for xray_weekly_training to 2026-06-14T02:00:00+00:00, run_after=2026-06-21T02:00:00+00:00
[2026-06-24T10:52:36.139+0000] {processor.py:183} INFO - Processing /opt/airflow/dags/weekly_training_dag.py took 0.161 seconds
[2026-06-24T10:53:06.284+0000] {processor.py:161} INFO - Started process (PID=3062) to work on /opt/airflow/dags/weekly_training_dag.py
[2026-06-24T10:53:06.286+0000] {processor.py:830} INFO - Processing file /opt/airflow/dags/weekly_training_dag.py for tasks to queue
[2026-06-24T10:53:06.287+0000] {logging_mixin.py:188} INFO - [2026-06-24T10:53:06.287+0000] {dagbag.py:538} INFO - Filling up the DagBag from /opt/airflow/dags/weekly_training_dag.py
[2026-06-24T10:53:06.317+0000] {processor.py:840} INFO - DAG(s) 'xray_weekly_training' retrieved from /opt/airflow/dags/weekly_training_dag.py
[2026-06-24T10:53:06.373+0000] {logging_mixin.py:188} INFO - [2026-06-24T10:53:06.373+0000] {dag.py:3033} INFO - Sync 1 DAGs
[2026-06-24T10:53:06.406+0000] {logging_mixin.py:188} INFO - [2026-06-24T10:53:06.406+0000] {dag.py:3820} INFO - Setting next_dagrun for xray_weekly_training to 2026-06-14T02:00:00+00:00, run_after=2026-06-21T02:00:00+00:00
[2026-06-24T10:53:06.438+0000] {processor.py:183} INFO - Processing /opt/airflow/dags/weekly_training_dag.py took 0.159 seconds
[2026-06-24T10:53:36.621+0000] {processor.py:161} INFO - Started process (PID=3072) to work on /opt/airflow/dags/weekly_training_dag.py
[2026-06-24T10:53:36.624+0000] {processor.py:830} INFO - Processing file /opt/airflow/dags/weekly_training_dag.py for tasks to queue
[2026-06-24T10:53:36.625+0000] {logging_mixin.py:188} INFO - [2026-06-24T10:53:36.625+0000] {dagbag.py:538} INFO - Filling up the DagBag from /opt/airflow/dags/weekly_training_dag.py
[2026-06-24T10:53:36.661+0000] {processor.py:840} INFO - DAG(s) 'xray_weekly_training' retrieved from /opt/airflow/dags/weekly_training_dag.py
[2026-06-24T10:53:36.719+0000] {logging_mixin.py:188} INFO - [2026-06-24T10:53:36.719+0000] {dag.py:3033} INFO - Sync 1 DAGs
[2026-06-24T10:53:36.753+0000] {logging_mixin.py:188} INFO - [2026-06-24T10:53:36.753+0000] {dag.py:3820} INFO - Setting next_dagrun for xray_weekly_training to 2026-06-14T02:00:00+00:00, run_after=2026-06-21T02:00:00+00:00
[2026-06-24T10:53:36.777+0000] {processor.py:183} INFO - Processing /opt/airflow/dags/weekly_training_dag.py took 0.163 seconds
[2026-06-24T10:54:07.108+0000] {processor.py:161} INFO - Started process (PID=3082) to work on /opt/airflow/dags/weekly_training_dag.py
[2026-06-24T10:54:07.112+0000] {processor.py:830} INFO - Processing file /opt/airflow/dags/weekly_training_dag.py for tasks to queue
[2026-06-24T10:54:07.120+0000] {logging_mixin.py:188} INFO - [2026-06-24T10:54:07.115+0000] {dagbag.py:538} INFO - Filling up the DagBag from /opt/airflow/dags/weekly_training_dag.py
[2026-06-24T10:54:07.210+0000] {processor.py:840} INFO - DAG(s) 'xray_weekly_training' retrieved from /opt/airflow/dags/weekly_training_dag.py
[2026-06-24T10:54:07.387+0000] {logging_mixin.py:188} INFO - [2026-06-24T10:54:07.386+0000] {dag.py:3033} INFO - Sync 1 DAGs
[2026-06-24T10:54:07.442+0000] {logging_mixin.py:188} INFO - [2026-06-24T10:54:07.441+0000] {dag.py:3820} INFO - Setting next_dagrun for xray_weekly_training to 2026-06-14T02:00:00+00:00, run_after=2026-06-21T02:00:00+00:00
[2026-06-24T10:54:07.478+0000] {processor.py:183} INFO - Processing /opt/airflow/dags/weekly_training_dag.py took 0.391 seconds
[2026-06-24T10:54:37.705+0000] {processor.py:161} INFO - Started process (PID=3092) to work on /opt/airflow/dags/weekly_training_dag.py
[2026-06-24T10:54:37.707+0000] {processor.py:830} INFO - Processing file /opt/airflow/dags/weekly_training_dag.py for tasks to queue
[2026-06-24T10:54:37.709+0000] {logging_mixin.py:188} INFO - [2026-06-24T10:54:37.709+0000] {dagbag.py:538} INFO - Filling up the DagBag from /opt/airflow/dags/weekly_training_dag.py
[2026-06-24T10:54:37.750+0000] {processor.py:840} INFO - DAG(s) 'xray_weekly_training' retrieved from /opt/airflow/dags/weekly_training_dag.py
[2026-06-24T10:54:37.822+0000] {logging_mixin.py:188} INFO - [2026-06-24T10:54:37.821+0000] {dag.py:3033} INFO - Sync 1 DAGs
[2026-06-24T10:54:37.860+0000] {logging_mixin.py:188} INFO - [2026-06-24T10:54:37.860+0000] {dag.py:3820} INFO - Setting next_dagrun for xray_weekly_training to 2026-06-14T02:00:00+00:00, run_after=2026-06-21T02:00:00+00:00
[2026-06-24T10:54:37.883+0000] {processor.py:183} INFO - Processing /opt/airflow/dags/weekly_training_dag.py took 0.185 seconds
[2026-06-24T10:55:08.316+0000] {processor.py:161} INFO - Started process (PID=3101) to work on /opt/airflow/dags/weekly_training_dag.py
[2026-06-24T10:55:08.331+0000] {processor.py:830} INFO - Processing file /opt/airflow/dags/weekly_training_dag.py for tasks to queue
[2026-06-24T10:55:08.343+0000] {logging_mixin.py:188} INFO - [2026-06-24T10:55:08.335+0000] {dagbag.py:538} INFO - Filling up the DagBag from /opt/airflow/dags/weekly_training_dag.py
[2026-06-24T10:55:08.433+0000] {processor.py:840} INFO - DAG(s) 'xray_weekly_training' retrieved from /opt/airflow/dags/weekly_training_dag.py
[2026-06-24T10:55:08.631+0000] {logging_mixin.py:188} INFO - [2026-06-24T10:55:08.630+0000] {dag.py:3033} INFO - Sync 1 DAGs
[2026-06-24T10:55:08.685+0000] {logging_mixin.py:188} INFO - [2026-06-24T10:55:08.684+0000] {dag.py:3820} INFO - Setting next_dagrun for xray_weekly_training to 2026-06-14T02:00:00+00:00, run_after=2026-06-21T02:00:00+00:00
[2026-06-24T10:55:08.776+0000] {processor.py:183} INFO - Processing /opt/airflow/dags/weekly_training_dag.py took 0.500 seconds
[2026-06-24T10:55:39.064+0000] {processor.py:161} INFO - Started process (PID=3112) to work on /opt/airflow/dags/weekly_training_dag.py
[2026-06-24T10:55:39.070+0000] {processor.py:830} INFO - Processing file /opt/airflow/dags/weekly_training_dag.py for tasks to queue
[2026-06-24T10:55:39.072+0000] {logging_mixin.py:188} INFO - [2026-06-24T10:55:39.072+0000] {dagbag.py:538} INFO - Filling up the DagBag from /opt/airflow/dags/weekly_training_dag.py
[2026-06-24T10:55:39.154+0000] {processor.py:840} INFO - DAG(s) 'xray_weekly_training' retrieved from /opt/airflow/dags/weekly_training_dag.py
[2026-06-24T10:55:39.217+0000] {logging_mixin.py:188} INFO - [2026-06-24T10:55:39.217+0000] {dag.py:3033} INFO - Sync 1 DAGs
[2026-06-24T10:55:39.252+0000] {logging_mixin.py:188} INFO - [2026-06-24T10:55:39.252+0000] {dag.py:3820} INFO - Setting next_dagrun for xray_weekly_training to 2026-06-14T02:00:00+00:00, run_after=2026-06-21T02:00:00+00:00
[2026-06-24T10:55:39.482+0000] {processor.py:183} INFO - Processing /opt/airflow/dags/weekly_training_dag.py took 0.427 seconds
[2026-06-24T10:56:10.189+0000] {processor.py:161} INFO - Started process (PID=3120) to work on /opt/airflow/dags/weekly_training_dag.py
[2026-06-24T10:56:10.200+0000] {processor.py:830} INFO - Processing file /opt/airflow/dags/weekly_training_dag.py for tasks to queue
[2026-06-24T10:56:10.204+0000] {logging_mixin.py:188} INFO - [2026-06-24T10:56:10.202+0000] {dagbag.py:538} INFO - Filling up the DagBag from /opt/airflow/dags/weekly_training_dag.py
[2026-06-24T10:56:10.280+0000] {processor.py:840} INFO - DAG(s) 'xray_weekly_training' retrieved from /opt/airflow/dags/weekly_training_dag.py
[2026-06-24T10:56:10.463+0000] {logging_mixin.py:188} INFO - [2026-06-24T10:56:10.462+0000] {dag.py:3033} INFO - Sync 1 DAGs
[2026-06-24T10:56:10.708+0000] {logging_mixin.py:188} INFO - [2026-06-24T10:56:10.706+0000] {dag.py:3820} INFO - Setting next_dagrun for xray_weekly_training to 2026-06-14T02:00:00+00:00, run_after=2026-06-21T02:00:00+00:00
[2026-06-24T10:56:11.058+0000] {processor.py:183} INFO - Processing /opt/airflow/dags/weekly_training_dag.py took 0.898 seconds
[2026-06-24T10:56:42.293+0000] {processor.py:161} INFO - Started process (PID=3131) to work on /opt/airflow/dags/weekly_training_dag.py
[2026-06-24T10:56:42.296+0000] {processor.py:830} INFO - Processing file /opt/airflow/dags/weekly_training_dag.py for tasks to queue
[2026-06-24T10:56:42.300+0000] {logging_mixin.py:188} INFO - [2026-06-24T10:56:42.299+0000] {dagbag.py:538} INFO - Filling up the DagBag from /opt/airflow/dags/weekly_training_dag.py
[2026-06-24T10:56:42.386+0000] {processor.py:840} INFO - DAG(s) 'xray_weekly_training' retrieved from /opt/airflow/dags/weekly_training_dag.py
[2026-06-24T10:56:42.550+0000] {logging_mixin.py:188} INFO - [2026-06-24T10:56:42.550+0000] {dag.py:3033} INFO - Sync 1 DAGs
[2026-06-24T10:56:42.642+0000] {logging_mixin.py:188} INFO - [2026-06-24T10:56:42.642+0000] {dag.py:3820} INFO - Setting next_dagrun for xray_weekly_training to 2026-06-14T02:00:00+00:00, run_after=2026-06-21T02:00:00+00:00
[2026-06-24T10:56:42.720+0000] {processor.py:183} INFO - Processing /opt/airflow/dags/weekly_training_dag.py took 0.456 seconds
[2026-06-24T10:57:13.001+0000] {processor.py:161} INFO - Started process (PID=3142) to work on /opt/airflow/dags/weekly_training_dag.py
[2026-06-24T10:57:13.003+0000] {processor.py:830} INFO - Processing file /opt/airflow/dags/weekly_training_dag.py for tasks to queue
[2026-06-24T10:57:13.005+0000] {logging_mixin.py:188} INFO - [2026-06-24T10:57:13.005+0000] {dagbag.py:538} INFO - Filling up the DagBag from /opt/airflow/dags/weekly_training_dag.py
[2026-06-24T10:57:13.048+0000] {processor.py:840} INFO - DAG(s) 'xray_weekly_training' retrieved from /opt/airflow/dags/weekly_training_dag.py
[2026-06-24T10:57:13.114+0000] {logging_mixin.py:188} INFO - [2026-06-24T10:57:13.113+0000] {dag.py:3033} INFO - Sync 1 DAGs
[2026-06-24T10:57:13.142+0000] {logging_mixin.py:188} INFO - [2026-06-24T10:57:13.142+0000] {dag.py:3820} INFO - Setting next_dagrun for xray_weekly_training to 2026-06-14T02:00:00+00:00, run_after=2026-06-21T02:00:00+00:00
[2026-06-24T10:57:13.176+0000] {processor.py:183} INFO - Processing /opt/airflow/dags/weekly_training_dag.py took 0.179 seconds
[2026-06-24T10:57:43.273+0000] {processor.py:161} INFO - Started process (PID=3150) to work on /opt/airflow/dags/weekly_training_dag.py
[2026-06-24T10:57:43.275+0000] {processor.py:830} INFO - Processing file /opt/airflow/dags/weekly_training_dag.py for tasks to queue
[2026-06-24T10:57:43.277+0000] {logging_mixin.py:188} INFO - [2026-06-24T10:57:43.276+0000] {dagbag.py:538} INFO - Filling up the DagBag from /opt/airflow/dags/weekly_training_dag.py
[2026-06-24T10:57:43.308+0000] {processor.py:840} INFO - DAG(s) 'xray_weekly_training' retrieved from /opt/airflow/dags/weekly_training_dag.py
[2026-06-24T10:57:43.354+0000] {logging_mixin.py:188} INFO - [2026-06-24T10:57:43.354+0000] {dag.py:3033} INFO - Sync 1 DAGs
[2026-06-24T10:57:43.377+0000] {logging_mixin.py:188} INFO - [2026-06-24T10:57:43.377+0000] {dag.py:3820} INFO - Setting next_dagrun for xray_weekly_training to 2026-06-14T02:00:00+00:00, run_after=2026-06-21T02:00:00+00:00
[2026-06-24T10:57:43.396+0000] {processor.py:183} INFO - Processing /opt/airflow/dags/weekly_training_dag.py took 0.130 seconds
[2026-06-24T10:58:13.787+0000] {processor.py:161} INFO - Started process (PID=3162) to work on /opt/airflow/dags/weekly_training_dag.py
[2026-06-24T10:58:13.789+0000] {processor.py:830} INFO - Processing file /opt/airflow/dags/weekly_training_dag.py for tasks to queue
[2026-06-24T10:58:13.792+0000] {logging_mixin.py:188} INFO - [2026-06-24T10:58:13.791+0000] {dagbag.py:538} INFO - Filling up the DagBag from /opt/airflow/dags/weekly_training_dag.py
[2026-06-24T10:58:13.853+0000] {processor.py:840} INFO - DAG(s) 'xray_weekly_training' retrieved from /opt/airflow/dags/weekly_training_dag.py
[2026-06-24T10:58:13.959+0000] {logging_mixin.py:188} INFO - [2026-06-24T10:58:13.959+0000] {dag.py:3033} INFO - Sync 1 DAGs
[2026-06-24T10:58:14.056+0000] {logging_mixin.py:188} INFO - [2026-06-24T10:58:14.055+0000] {dag.py:3820} INFO - Setting next_dagrun for xray_weekly_training to 2026-06-14T02:00:00+00:00, run_after=2026-06-21T02:00:00+00:00
[2026-06-24T10:58:14.138+0000] {processor.py:183} INFO - Processing /opt/airflow/dags/weekly_training_dag.py took 0.361 seconds
[2026-06-24T10:58:44.817+0000] {processor.py:161} INFO - Started process (PID=3172) to work on /opt/airflow/dags/weekly_training_dag.py
[2026-06-24T10:58:44.823+0000] {processor.py:830} INFO - Processing file /opt/airflow/dags/weekly_training_dag.py for tasks to queue
[2026-06-24T10:58:44.828+0000] {logging_mixin.py:188} INFO - [2026-06-24T10:58:44.825+0000] {dagbag.py:538} INFO - Filling up the DagBag from /opt/airflow/dags/weekly_training_dag.py
[2026-06-24T10:58:44.868+0000] {processor.py:840} INFO - DAG(s) 'xray_weekly_training' retrieved from /opt/airflow/dags/weekly_training_dag.py
[2026-06-24T10:58:44.942+0000] {logging_mixin.py:188} INFO - [2026-06-24T10:58:44.941+0000] {dag.py:3033} INFO - Sync 1 DAGs
[2026-06-24T10:58:44.975+0000] {logging_mixin.py:188} INFO - [2026-06-24T10:58:44.975+0000] {dag.py:3820} INFO - Setting next_dagrun for xray_weekly_training to 2026-06-14T02:00:00+00:00, run_after=2026-06-21T02:00:00+00:00
[2026-06-24T10:58:45.000+0000] {processor.py:183} INFO - Processing /opt/airflow/dags/weekly_training_dag.py took 0.188 seconds
